lead_time,no_of_special_requests,avg_price_per_room,arrival_month,arrival_date,market_segment_type,no_of_week_nights,no_of_weekend_nights,type_of_meal_plan,room_type_reserved,booking_status
314,0,75.0,10,12,3,3,0,0,0,0
41,2,142.2,9,1,4,1,0,0,3,1
138,0,90.95,4,23,4,2,2,0,0,1
59,1,90.51,7,24,4,4,2,0,0,1
12,0,130.0,10,20,2,2,0,0,0,1
10,0,119.5,5,18,4,2,0,0,1,0
109,1,127.8,8,9,4,5,0,0,3,1
121,0,90.0,6,24,3,2,1,0,0,0
9,0,104.8,5,31,4,3,0,0,0,1
86,1,187.85,5,15,4,2,2,0,5,1
79,1,95.2,4,4,4,3,1,0,3,1
270,0,62.8,4,20,3,4,0,0,0,0
51,0,107.1,7,6,4,1,0,3,0,0
5,0,100.0,9,20,2,0,2,0,0,1
99,0,80.0,2,19,2,1,0,0,0,1
6,2,160.0,10,20,4,3,0,0,0,1
68,1,71.33,12,31,3,3,0,0,0,1
279,0,110.0,10,12,3,3,0,0,0,0
1,0,112.2,9,30,3,1,0,1,0,1
37,1,108.9,6,20,4,2,1,0,0,1
112,1,72.25,7,7,3,3,2,0,0,1
256,1,115.0,6,15,4,2,0,1,0,0
9,2,153.0,8,14,4,0,2,3,0,1
111,0,60.0,2,23,3,7,2,0,0,0
27,0,48.33,12,22,3,5,1,0,0,1
80,0,100.0,4,10,3,1,2,1,0,0
109,0,58.0,3,20,3,1,2,0,0,1
13,0,73.0,4,26,3,3,0,1,0,1
21,1,200.0,11,7,4,2,1,0,0,1
244,1,85.5,9,3,4,1,0,3,0,0
257,0,101.5,7,1,3,2,0,1,0,0
72,1,96.3,6,26,4,0,1,0,0,1
76,0,94.0,7,24,4,1,2,3,0,1
178,0,88.77,8,25,4,3,0,0,1,0
229,0,67.5,12,9,4,2,1,3,0,0
107,0,152.1,8,24,4,4,0,0,3,0
19,0,126.0,10,12,4,2,1,0,0,1
81,1,146.6,11,6,4,2,2,0,3,1
88,1,90.0,10,7,2,2,0,0,0,1
1,0,60.0,2,28,3,1,2,0,0,0
204,0,100.0,5,5,3,3,0,0,0,0
232,2,110.7,12,5,4,2,1,0,3,1
72,2,109.8,12,3,4,1,2,0,0,1
4,0,109.0,8,1,4,1,1,3,0,0
86,1,82.45,3,31,4,3,1,0,0,1
12,1,71.87,11,12,4,6,3,3,0,0
93,2,81.5,10,29,4,1,1,0,1,1
230,1,72.75,8,29,4,3,1,0,3,1
13,2,127.0,6,23,4,1,0,0,3,1
4,2,107.0,3,22,4,2,0,0,0,1
11,0,67.0,8,18,2,2,0,0,0,0
14,0,100.0,10,15,3,2,0,0,0,1
3,0,67.0,2,1,2,2,1,0,0,1
37,0,105.3,4,11,4,1,1,0,0,0
305,0,89.0,11,4,3,2,1,0,0,0
161,1,96.9,7,15,3,2,1,0,0,1
27,1,74.33,12,4,4,2,1,0,1,1
184,2,128.7,10,17,4,3,1,0,3,0
102,1,108.0,10,9,4,0,1,3,0,0
115,0,87.0,2,27,3,2,2,0,0,1
29,2,98.98,10,13,4,4,0,0,0,1
33,0,62.2,3,8,3,2,0,0,0,1
238,0,140.4,10,6,4,3,0,0,3,0
5,0,185.33,12,3,4,1,2,0,5,1
23,1,111.33,9,30,4,3,0,0,0,1
75,2,93.6,11,18,4,2,1,0,0,1
141,1,106.5,8,30,4,3,0,0,0,1
56,0,82.45,3,6,4,5,2,0,3,0
0,1,149.0,10,24,4,1,1,0,0,1
13,0,260.5,4,25,4,3,1,1,5,0
34,0,89.7,2,24,4,3,0,0,0,0
38,1,80.3,1,23,4,1,0,0,0,1
127,1,79.2,11,12,4,1,2,3,0,0
202,2,128.85,9,6,4,4,0,0,0,0
90,1,72.25,11,20,4,2,0,0,0,0
99,0,81.0,2,19,2,1,0,0,0,1
168,0,144.9,5,21,4,1,0,0,3,0
0,0,75.0,8,10,4,0,1,3,0,0
17,0,65.0,9,20,2,1,2,0,0,1
31,0,132.6,6,16,4,1,0,0,3,0
0,1,0.0,10,2,1,1,0,0,4,1
8,1,126.67,10,29,4,1,2,3,0,1
3,0,87.7,11,8,4,3,2,0,1,1
193,1,90.95,7,25,4,3,1,0,0,1
14,1,114.0,9,15,4,3,0,0,0,1
85,0,125.0,9,30,3,3,0,1,0,1
180,0,88.77,8,27,4,1,1,0,1,0
67,3,79.2,11,11,4,2,2,3,0,1
37,0,95.0,9,20,4,2,2,0,0,1
75,0,80.0,3,17,3,3,1,0,0,0
115,1,99.45,5,4,4,4,1,0,0,1
82,0,149.4,5,17,4,2,0,0,3,1
0,0,139.0,10,16,4,0,2,3,0,1
86,0,122.0,12,8,4,3,0,0,0,0
346,1,115.0,9,13,3,2,0,1,0,0
53,3,159.3,5,6,4,2,0,0,3,1
279,0,110.0,10,12,4,3,0,0,0,0
65,0,122.65,12,21,3,4,0,1,0,1
56,3,103.5,10,21,4,3,0,0,0,1
44,1,119.38,4,26,4,4,0,0,3,1
14,0,151.0,7,1,4,1,0,0,0,0
162,0,115.0,10,14,3,2,2,0,0,0
61,0,117.0,3,23,4,2,0,0,0,0
14,0,70.88,12,5,4,3,1,0,3,1
4,0,81.0,2,19,2,1,0,0,0,1
6,0,108.0,2,5,4,2,0,0,3,1
118,2,110.0,6,6,3,5,1,0,0,1
172,1,96.3,6,27,4,2,1,0,0,1
0,0,73.9,1,6,4,1,0,0,0,1
99,1,90.95,4,25,4,3,1,0,0,1
69,2,119.8,12,31,4,2,0,0,0,1
14,2,186.0,5,12,4,3,0,0,3,1
54,1,116.1,6,17,4,3,2,0,0,1
57,1,123.3,9,1,4,3,0,0,3,0
2,0,0.0,5,1,4,0,0,3,0,1
180,0,70.0,10,16,3,1,0,0,0,0
81,0,96.0,7,16,3,1,2,0,0,1
53,1,119.1,4,25,4,2,1,0,3,0
27,0,80.75,6,20,3,3,1,0,0,1
205,0,90.95,7,22,4,3,2,0,0,0
191,0,132.0,6,3,3,2,1,0,0,0
150,0,68.0,7,4,3,4,1,0,0,1
258,0,110.0,10,16,3,0,1,0,0,0
0,1,111.0,6,14,4,1,0,0,0,1
35,0,99.0,8,31,4,3,0,3,0,1
6,2,144.57,6,10,4,5,2,0,3,1
17,1,95.0,10,9,3,3,2,0,0,1
3,0,79.75,2,7,3,3,2,1,0,1
63,2,103.95,9,4,4,2,2,0,0,1
304,0,89.0,11,3,3,3,0,0,0,0
144,1,112.2,7,23,4,5,2,0,3,0
29,0,85.0,12,2,2,2,0,0,0,1
7,2,91.0,11,16,4,0,1,0,0,1
3,2,0.0,8,9,4,1,2,0,1,1
13,1,111.6,9,20,4,3,2,0,0,1
110,0,95.0,6,26,4,1,2,0,0,0
22,0,62.0,11,17,2,1,0,0,0,1
151,0,80.0,1,19,3,3,0,0,0,1
46,0,60.0,1,22,3,2,1,0,0,1
143,0,77.03,4,22,4,2,0,0,0,1
192,0,95.0,6,24,3,2,0,0,0,1
150,1,114.66,8,30,4,5,0,0,0,1
126,1,77.03,7,25,4,2,1,0,0,1
6,1,169.0,9,28,4,3,1,0,0,1
2,0,66.88,5,15,3,2,2,0,0,1
173,0,85.5,7,8,4,2,0,3,0,0
308,0,52.0,11,25,3,2,0,0,0,0
95,1,58.0,3,11,3,2,1,0,0,1
103,0,115.0,4,19,3,2,0,0,0,0
39,1,125.1,9,8,4,1,0,3,0,1
0,0,114.0,10,18,4,0,1,3,0,1
8,1,75.81,10,31,4,5,2,0,0,1
9,1,97.02,6,1,4,1,0,0,0,1
122,0,85.0,4,15,3,2,0,0,0,1
16,0,95.0,6,16,2,1,0,0,0,1
165,2,177.3,7,16,4,1,2,0,5,0
135,0,90.0,9,14,3,2,1,0,0,1
166,0,128.7,8,29,4,0,1,0,3,0
169,0,106.0,4,22,3,2,2,1,0,0
63,2,114.3,7,18,4,1,1,0,0,1
181,1,98.1,10,11,4,1,0,3,0,0
35,1,85.0,10,28,3,2,1,0,0,1
2,0,66.0,1,14,2,1,0,0,0,1
93,1,121.5,6,20,4,1,1,0,0,0
55,1,113.4,11,11,4,2,0,0,0,0
74,0,101.5,9,18,3,2,0,1,0,1
213,0,130.0,6,7,3,3,0,0,0,0
24,0,119.25,9,17,4,3,1,0,0,1
176,3,169.88,10,24,4,3,1,0,5,1
47,1,128.0,10,27,4,1,0,0,0,1
113,0,75.0,6,4,3,1,1,0,0,1
13,0,95.0,4,19,0,4,0,0,0,1
0,0,92.5,6,8,2,1,0,0,0,1
285,0,81.81,10,16,4,3,2,0,1,0
77,1,74.61,12,24,4,3,2,0,3,1
26,0,127.2,9,5,4,3,1,0,0,0
81,1,65.0,3,25,3,2,1,0,0,1
73,1,74.15,4,26,4,2,0,0,0,1
102,0,101.5,10,16,4,2,0,1,0,0
71,0,90.0,9,9,2,2,0,0,0,1
99,2,140.4,8,8,4,2,1,0,3,0
105,0,75.0,4,6,3,1,0,0,0,0
64,0,149.4,9,16,4,1,0,0,3,0
118,0,110.0,6,6,3,1,1,0,0,1
125,2,80.75,10,20,4,5,1,0,0,1
169,2,101.25,7,30,4,3,2,0,0,0
113,1,108.0,10,13,4,1,0,3,0,1
349,0,80.0,10,4,3,5,1,0,0,0
12,1,121.0,6,8,4,2,0,0,0,0
96,1,116.1,5,23,4,0,1,3,0,1
184,1,118.0,4,30,4,1,0,0,0,0
260,1,56.94,11,16,4,4,1,0,0,1
43,0,0.0,10,23,4,1,0,0,0,1
78,0,100.0,3,25,3,2,1,0,0,0
17,1,112.57,11,6,4,3,2,0,0,1
72,2,127.65,10,20,4,4,2,0,3,1
67,0,80.75,6,12,3,1,2,0,0,1
12,1,67.0,10,12,2,1,0,0,0,1
12,0,58.0,1,5,3,1,0,0,0,1
153,2,80.75,6,30,4,3,1,3,0,1
15,0,80.0,1,26,2,1,0,0,0,1
35,2,96.3,10,20,4,4,0,0,0,1
91,0,85.5,6,26,4,0,1,3,0,0
60,0,71.6,4,11,4,3,1,0,0,1
34,0,177.33,9,23,3,3,0,1,0,1
32,1,107.1,11,14,4,4,1,0,3,0
159,1,70.0,4,9,3,1,1,0,0,1
4,1,80.79,11,27,4,4,2,0,0,1
34,0,81.0,6,19,4,1,2,0,0,0
10,1,166.0,7,3,4,1,2,0,3,1
98,3,90.97,6,5,4,3,2,0,0,1
292,0,115.0,7,21,3,2,0,1,0,0
154,0,113.4,10,7,4,2,1,0,0,0
13,0,63.58,3,13,3,3,2,0,0,1
206,1,130.5,9,8,4,3,0,0,1,0
121,1,119.85,5,31,4,5,2,0,0,1
73,0,76.5,4,3,4,1,2,3,0,0
160,0,132.3,10,3,4,3,1,0,3,0
141,1,118.8,9,19,4,5,2,3,0,0
19,0,80.0,10,6,3,3,0,0,0,1
204,0,141.3,10,7,4,2,0,0,3,0
169,0,137.7,8,22,4,1,1,0,0,0
159,0,144.0,9,19,3,2,1,0,0,0
27,0,141.0,5,10,4,3,0,0,0,0
16,0,76.0,3,8,2,3,0,0,3,1
252,0,106.3,10,15,4,1,2,0,0,0
109,0,100.5,8,5,4,2,1,3,0,0
140,0,70.0,12,29,3,5,0,0,0,1
256,0,90.0,6,15,3,2,0,1,0,1
1,0,90.0,9,9,2,2,0,0,0,1
34,1,194.85,8,8,4,2,1,1,0,0
136,0,76.16,11,28,4,4,1,0,1,0
2,0,109.0,8,3,3,4,0,0,0,1
92,0,90.0,11,11,3,1,0,0,0,1
233,0,90.0,10,14,3,2,1,0,0,0
8,0,81.7,1,10,4,6,4,0,0,1
54,1,92.0,3,14,3,4,1,1,0,1
149,0,85.5,8,26,4,2,2,3,0,0
4,2,211.0,4,9,4,1,0,0,5,1
32,0,129.15,6,27,4,3,1,0,3,1
11,0,62.0,3,16,3,3,0,0,1,1
119,0,83.0,3,29,3,2,0,0,0,1
322,0,80.0,5,19,3,3,1,0,0,0
48,0,130.0,9,14,3,2,0,0,0,1
177,0,80.75,10,14,3,2,1,0,0,1
28,0,95.0,5,19,2,2,0,0,0,0
60,1,65.0,10,12,3,3,1,0,0,1
214,1,90.95,8,7,4,3,2,0,0,1
28,1,91.63,10,18,4,3,0,3,0,1
93,0,54.24,3,7,4,3,1,0,0,1
30,0,121.0,9,30,3,2,0,1,0,1
139,1,124.5,5,21,4,1,2,0,3,0
11,2,0.0,12,11,1,2,0,0,3,1
71,0,168.3,9,11,4,0,1,0,3,1
35,0,129.87,6,27,4,2,1,0,3,0
190,1,70.0,4,9,3,1,1,0,0,1
106,1,85.7,4,28,4,3,0,0,3,1
109,1,88.01,5,2,4,2,1,0,3,1
40,0,85.5,10,10,3,2,1,0,0,1
137,1,147.9,7,29,4,7,3,1,3,1
38,1,78.3,1,14,4,3,0,0,0,1
1,1,115.89,8,17,4,1,0,0,0,1
35,0,85.5,4,4,3,3,1,0,0,1
1,2,159.38,11,8,4,4,0,3,0,1
54,0,118.6,5,16,4,1,1,0,1,1
35,2,128.7,4,18,4,1,1,0,3,1
67,1,89.24,3,26,3,1,0,0,0,1
55,0,104.0,4,6,3,1,0,1,0,1
220,1,90.95,8,9,4,5,0,0,0,0
127,0,90.0,4,28,3,3,1,0,0,0
43,1,119.0,10,25,4,1,0,0,0,1
185,0,60.0,3,25,3,2,1,0,3,1
75,0,65.0,6,15,2,1,0,0,0,1
143,0,100.0,8,25,3,3,0,0,0,1
129,2,124.2,8,16,4,5,0,0,3,1
267,0,95.0,9,30,3,2,1,0,0,0
58,1,131.4,6,28,4,4,0,0,3,1
172,1,82.45,8,21,3,1,2,0,3,1
69,0,59.5,3,24,3,3,1,0,0,1
55,1,75.0,4,3,3,1,2,0,0,1
8,0,130.0,11,5,3,1,0,0,0,1
40,0,70.0,10,5,3,1,1,0,0,1
7,1,0.0,1,29,1,2,0,0,3,1
26,2,95.0,9,5,4,1,1,0,0,1
9,3,141.0,6,17,4,2,1,0,0,1
277,2,82.17,10,18,4,5,1,3,0,1
377,1,115.0,10,14,3,2,0,1,0,0
6,0,67.0,10,6,2,1,0,0,0,1
3,1,145.0,9,22,4,3,0,0,0,1
193,1,99.45,8,18,4,3,1,0,0,1
25,4,155.67,9,16,4,2,1,0,0,1
147,1,126.9,9,14,4,5,2,0,0,1
157,0,107.95,7,6,4,4,0,0,0,0
69,2,137.7,7,27,4,3,0,0,3,1
11,1,156.0,6,20,4,1,1,0,3,0
1,1,0.0,9,1,1,1,0,0,0,1
6,0,89.0,1,7,4,3,0,0,0,1
7,1,88.4,12,4,4,3,2,0,0,1
46,0,112.5,3,18,4,2,0,0,3,0
72,0,108.0,9,18,3,1,0,1,0,1
79,0,75.0,4,27,3,3,0,0,0,1
77,1,93.6,11,19,4,1,1,0,0,1
0,0,85.0,1,19,4,1,0,0,0,1
43,0,106.8,3,17,4,3,0,0,3,1
5,0,90.0,10,19,3,2,1,0,0,1
59,0,101.1,6,27,4,2,1,3,0,0
118,1,58.9,8,26,4,4,0,0,0,0
55,0,168.3,9,20,4,3,0,0,3,0
32,1,0.0,11,7,1,0,1,3,3,1
84,1,134.1,8,4,4,2,0,0,3,1
71,2,152.1,9,2,4,2,1,0,0,1
29,2,139.0,10,21,4,2,0,0,0,1
127,1,114.3,7,10,4,0,2,0,0,1
51,0,75.0,11,16,3,4,0,0,0,1
29,0,98.0,4,12,4,3,0,3,0,0
151,0,71.0,1,19,3,2,0,0,0,1
73,1,135.9,5,18,4,2,0,0,0,1
108,3,127.38,9,24,4,3,2,0,1,1
39,0,101.5,8,14,3,2,0,1,0,1
30,1,126.9,5,15,4,2,2,0,0,0
71,0,120.0,6,14,3,3,0,0,0,1
6,0,65.0,11,17,2,2,0,0,0,1
194,0,163.2,8,26,4,2,2,0,5,0
145,0,36.25,8,29,3,1,2,1,0,1
56,0,185.0,9,25,3,2,2,0,0,1
0,0,124.0,8,21,4,2,1,0,0,0
317,1,106.2,9,1,4,3,0,0,0,0
270,0,80.0,4,20,3,4,0,0,0,1
56,0,130.05,4,23,4,2,2,0,0,0
19,1,139.0,9,23,4,2,1,0,0,1
51,0,90.9,3,29,4,1,0,0,0,0
8,0,65.0,9,15,2,1,0,0,0,1
103,0,78.3,3,18,4,2,1,0,0,1
201,1,103.5,8,9,4,2,0,3,0,0
37,1,159.3,3,25,4,1,0,0,3,0
71,0,95.0,9,22,3,3,0,0,0,1
1,1,138.5,8,15,3,1,2,1,0,1
46,1,105.3,4,21,4,2,0,0,0,1
0,0,111.6,8,11,4,1,0,0,0,1
381,1,69.5,12,23,4,2,1,0,1,0
24,0,107.1,9,26,4,1,1,3,0,0
259,0,90.0,5,5,3,3,0,0,0,0
331,2,110.78,12,27,4,5,1,0,3,0
134,0,65.0,12,4,3,2,2,0,0,1
3,0,145.0,3,17,4,2,0,0,3,0
221,0,73.0,8,12,3,1,0,1,0,1
45,2,125.1,6,1,4,1,0,0,0,1
18,1,146.0,5,10,4,3,0,0,3,1
2,0,91.38,11,25,4,4,2,0,0,1
83,0,123.9,6,3,4,2,1,0,0,1
125,1,84.58,7,18,3,5,2,1,0,1
37,0,105.0,10,13,3,3,0,0,0,1
275,0,110.0,4,17,3,0,2,1,0,0
32,0,73.0,11,20,3,2,0,0,0,1
20,1,91.63,7,19,4,2,0,0,0,1
31,1,148.69,9,26,4,3,1,0,5,1
57,1,135.9,8,10,4,2,0,0,0,1
36,1,100.95,10,9,4,1,2,0,0,1
12,0,67.0,10,12,2,1,0,0,0,1
69,0,59.5,3,20,3,2,2,0,0,1
44,0,131.58,4,10,4,3,2,0,0,0
128,1,99.9,5,12,4,1,0,0,0,1
18,0,89.0,9,12,4,0,1,3,0,1
20,0,77.6,1,29,4,2,0,0,3,1
39,2,91.45,12,27,4,2,2,0,1,1
164,0,100.0,10,2,3,2,0,0,0,1
1,0,91.0,2,13,4,1,1,0,0,1
193,0,120.0,6,20,3,2,1,0,0,0
59,0,168.3,9,24,4,1,1,0,3,0
83,1,96.3,4,7,4,2,0,0,0,1
125,1,210.6,9,2,4,2,2,0,5,0
22,2,87.78,10,21,4,3,0,3,0,1
30,1,72.0,2,28,3,1,2,0,0,1
1,0,120.0,6,2,4,1,0,0,0,1
6,0,0.0,12,10,4,2,0,1,0,1
83,1,97.75,3,21,4,3,1,3,0,1
18,1,67.22,2,9,4,2,0,0,0,1
10,0,110.0,5,29,2,5,3,0,0,1
116,0,61.0,2,28,3,1,2,0,0,0
46,1,80.3,1,22,4,2,0,0,0,1
21,0,133.5,9,29,4,4,0,0,0,0
234,1,103.7,10,25,4,4,0,0,3,0
31,1,156.15,6,30,4,3,1,0,3,1
64,0,101.52,9,28,3,3,0,0,0,1
30,0,140.0,6,2,3,2,0,0,0,1
10,2,173.0,2,27,4,1,1,0,5,1
56,0,109.8,8,28,4,1,2,0,0,0
184,1,139.5,8,17,4,1,0,1,0,0
73,1,60.98,12,3,4,1,0,3,0,1
33,0,95.0,1,25,2,1,1,0,0,1
25,2,108.0,9,12,4,0,1,0,0,1
163,0,115.0,10,15,3,1,0,0,0,0
14,0,107.0,12,27,4,2,2,0,0,1
55,0,79.0,7,7,2,1,0,0,0,1
217,2,63.75,11,20,4,2,2,3,0,0
17,0,84.0,9,14,3,2,1,0,0,1
1,1,170.0,9,19,4,1,2,0,3,1
96,0,99.45,3,24,4,3,1,0,3,1
107,0,120.0,6,10,3,2,0,0,0,1
1,0,78.5,1,8,4,2,1,3,0,1
3,1,136.0,10,11,4,0,1,0,3,1
0,0,133.0,12,10,4,1,0,0,3,1
108,1,86.4,6,26,4,2,2,0,3,1
146,0,75.0,12,29,3,3,0,0,0,1
181,0,120.0,10,11,3,2,0,0,0,0
1,2,91.38,11,20,4,2,2,0,0,1
80,0,140.4,5,21,4,1,2,0,3,0
3,0,123.0,6,20,4,0,1,3,0,1
20,0,84.0,7,4,2,1,1,0,0,1
292,0,86.7,12,13,4,4,0,0,3,0
4,0,65.0,11,17,2,3,0,0,0,1
45,0,126.0,10,3,4,2,1,0,0,0
17,2,151.0,6,30,4,7,2,0,0,1
0,0,109.0,8,14,3,2,0,1,0,1
100,1,140.0,9,28,3,4,0,1,0,1
152,2,114.63,7,21,4,5,2,0,3,0
19,1,145.0,9,5,4,1,1,0,3,0
29,0,132.05,9,9,4,2,0,3,0,0
1,0,85.0,2,12,3,2,1,0,0,1
9,0,81.0,1,16,4,11,4,0,0,1
10,0,148.5,3,26,4,2,2,0,3,0
185,0,103.5,12,16,4,2,1,0,3,1
1,2,228.0,8,24,4,1,0,0,5,1
26,2,169.52,9,28,4,4,1,0,6,0
189,0,72.25,8,8,3,3,1,0,0,1
20,1,68.85,11,11,4,5,2,0,0,1
85,1,42.5,10,6,3,3,1,0,0,1
7,1,99.2,3,16,4,3,0,0,3,1
64,0,63.75,7,12,3,2,0,3,0,1
291,0,115.0,8,19,3,2,0,1,0,0
47,0,105.3,4,11,4,1,1,0,0,0
22,3,130.9,11,16,4,4,0,0,3,1
153,1,109.8,7,22,4,2,0,0,0,0
148,1,114.3,8,9,4,3,0,0,0,1
0,1,110.0,9,27,2,1,0,0,3,1
0,0,93.0,1,17,4,0,1,0,0,1
0,2,88.0,12,28,4,1,0,3,0,1
127,1,91.48,10,2,4,3,2,0,0,1
1,0,75.0,11,1,2,1,0,0,0,1
33,1,61.6,2,23,4,4,0,0,3,1
73,0,75.0,12,1,3,3,0,0,0,1
93,2,121.5,7,12,4,2,0,0,0,1
34,0,169.2,11,7,4,2,1,0,0,1
308,2,78.3,11,23,4,3,0,0,0,0
4,1,151.0,8,5,4,2,2,0,0,1
50,1,139.5,10,8,4,1,2,0,3,0
181,2,76.5,8,17,4,0,1,0,0,1
9,1,81.0,2,12,4,2,0,3,0,1
1,0,67.0,9,6,2,2,0,0,0,1
93,0,115.0,10,15,3,1,2,0,0,0
19,0,90.0,10,6,3,3,0,0,0,1
36,0,91.0,10,13,3,3,0,1,0,1
72,1,135.9,9,10,4,1,1,0,0,1
18,1,169.0,6,30,4,3,0,0,0,1
116,0,61.0,2,28,3,2,2,0,0,0
2,0,169.33,8,15,4,2,1,3,0,1
131,1,128.7,8,25,4,3,1,0,3,1
149,0,105.9,7,20,4,3,0,0,0,0
1,0,71.7,1,27,4,2,0,0,0,1
77,1,96.3,4,25,4,1,1,0,0,1
164,0,99.45,5,2,4,3,1,0,0,0
50,2,189.9,6,3,4,2,1,0,5,1
1,0,198.0,9,22,3,3,1,0,3,1
19,0,119.0,12,31,4,2,2,0,3,1
41,3,189.9,6,27,4,1,1,0,5,1
386,0,90.0,10,23,3,0,2,1,0,1
191,0,116.0,6,3,3,2,1,0,0,0
106,0,62.0,1,5,3,5,0,0,3,1
20,1,231.0,7,6,4,1,0,0,5,1
106,1,82.45,7,27,3,3,0,0,3,1
40,0,65.0,3,13,2,1,2,0,0,1
37,0,148.95,4,27,4,4,0,0,3,0
156,0,170.28,8,17,4,4,2,0,5,0
32,0,85.0,7,18,3,1,1,0,0,1
97,0,80.75,5,29,3,3,2,0,0,1
5,1,89.0,4,5,2,1,0,0,0,1
27,0,120.0,6,9,3,1,0,0,0,1
100,0,136.0,5,19,4,3,1,0,0,0
120,0,121.5,7,14,4,2,0,0,0,0
166,0,100.12,8,18,4,6,2,0,0,0
4,0,162.0,9,2,4,3,2,0,3,1
8,1,65.0,3,30,2,5,2,0,0,1
44,0,75.0,2,17,3,3,0,0,0,1
33,3,57.6,12,1,4,3,1,3,0,1
4,1,110.11,9,12,4,0,1,0,0,1
273,0,95.0,5,13,3,2,1,0,0,0
1,0,92.11,6,12,4,3,2,0,0,1
102,0,101.5,10,16,3,2,0,1,0,0
32,1,130.0,11,11,4,2,0,0,0,0
33,0,59.0,1,25,2,1,1,0,0,1
49,1,168.3,8,20,4,3,2,0,3,0
13,0,137.0,7,8,4,1,0,3,0,0
46,0,100.62,8,29,4,4,1,3,0,1
12,0,68.0,11,2,3,5,1,0,0,1
21,2,107.42,8,30,4,1,0,0,0,1
2,0,131.0,5,30,4,0,1,0,0,1
102,0,80.0,10,16,3,2,0,1,0,0
56,1,72.76,10,15,4,3,0,0,0,0
273,0,109.0,7,17,3,2,0,1,0,0
21,0,116.1,10,4,4,3,0,3,0,0
139,1,96.3,7,4,4,0,1,0,0,1
103,0,94.5,7,18,3,1,2,1,0,0
84,1,90.9,10,26,4,3,0,0,0,1
12,1,65.0,6,14,2,2,0,0,0,1
76,1,72.25,11,1,4,2,2,0,0,1
143,0,90.0,11,12,4,1,2,0,0,0
3,0,77.77,11,2,4,1,1,0,0,1
65,0,118.8,4,16,4,1,0,0,3,0
150,1,135.0,8,17,4,2,0,0,0,1
35,1,117.0,9,25,4,1,2,0,0,1
60,1,99.9,6,21,4,3,0,0,0,1
53,1,126.9,5,17,4,1,0,0,0,1
33,0,90.95,8,30,3,3,0,0,3,1
130,0,159.3,6,9,4,2,0,0,3,0
193,0,65.0,10,15,3,3,0,0,0,0
2,1,109.61,12,29,4,2,0,0,0,1
9,0,91.0,6,23,4,1,0,0,0,0
70,0,100.0,6,3,3,2,0,0,0,1
1,2,0.0,1,22,1,1,0,0,3,1
43,4,88.4,11,30,4,4,0,0,0,1
163,0,84.15,8,23,4,5,0,3,0,0
115,1,126.9,5,13,4,2,0,0,0,1
68,0,140.4,5,13,4,2,1,0,3,0
61,1,78.9,2,29,4,2,1,0,0,0
98,2,137.7,7,24,4,1,2,0,3,1
245,0,110.0,7,6,3,4,2,0,0,0
386,1,115.0,10,23,4,0,2,1,0,0
280,0,110.0,9,19,3,2,1,0,0,0
64,1,168.3,9,16,4,2,0,0,3,1
4,1,87.0,1,8,4,2,0,0,0,1
15,1,95.0,6,14,4,1,0,0,0,1
33,0,108.9,5,25,4,1,0,0,0,1
51,0,71.22,3,13,4,7,4,0,3,1
147,2,129.6,9,25,4,2,2,0,0,1
97,0,173.7,11,16,4,2,0,1,3,0
179,0,127.8,8,31,4,2,0,0,0,0
145,2,190.8,8,17,4,2,0,0,5,1
116,0,60.0,2,28,3,1,2,0,0,0
85,1,85.0,10,6,3,3,1,0,0,1
43,2,194.3,11,1,4,3,0,1,3,1
43,0,60.0,1,21,3,3,0,0,0,1
91,1,118.8,7,13,4,4,0,0,3,1
28,0,118.15,8,29,4,3,1,0,0,0
39,0,76.5,3,11,4,2,1,0,0,0
13,0,71.0,1,20,3,1,0,0,0,1
3,1,145.0,9,21,4,3,1,0,0,1
119,0,90.9,4,15,4,2,0,0,0,0
36,0,71.0,1,19,3,2,0,0,0,1
0,1,82.45,11,3,4,4,0,0,3,1
247,1,115.0,6,6,3,1,1,1,0,0
61,0,94.78,4,26,4,4,0,3,0,0
47,1,101.7,6,21,4,1,0,0,0,1
16,1,95.0,10,31,4,1,0,0,0,1
102,0,101.34,12,26,4,3,1,0,1,0
188,0,130.0,6,15,3,2,0,0,0,0
99,0,65.0,10,30,4,2,2,0,0,0
112,1,97.75,12,6,4,4,0,0,3,0
155,2,173.25,7,7,4,3,1,1,0,0
12,0,95.0,10,12,2,3,1,0,0,1
1,2,191.0,7,20,4,1,0,0,5,1
273,0,109.0,7,17,4,2,0,1,0,0
119,1,85.5,8,13,4,3,0,0,0,1
23,0,66.0,2,7,3,1,2,0,0,1
180,1,100.0,5,2,3,1,1,0,0,1
74,0,109.0,9,18,3,2,0,1,0,1
11,1,65.0,2,15,2,0,1,0,0,1
4,1,80.0,8,8,4,1,2,3,0,1
32,0,81.9,3,17,4,2,0,0,0,1
5,0,65.0,11,23,2,0,1,0,0,1
14,1,136.0,10,5,4,2,1,0,3,1
40,3,100.8,11,4,4,2,0,0,0,1
14,0,65.0,11,16,2,1,0,0,0,1
95,1,82.07,4,27,4,4,0,0,3,0
124,0,82.13,4,12,4,5,0,0,1,1
265,1,115.0,6,24,3,2,0,1,0,0
1,0,125.0,5,31,4,1,0,0,0,1
203,0,90.95,8,29,4,3,1,0,0,0
121,4,0.0,8,31,1,1,0,0,6,1
75,0,69.53,3,14,4,2,1,0,1,1
2,0,65.0,8,7,2,1,2,0,0,1
15,0,86.0,2,18,3,3,0,0,0,1
244,0,85.85,10,30,4,3,2,0,0,0
11,0,154.0,9,5,4,1,1,0,3,0
4,2,170.0,9,12,4,1,1,0,3,1
165,0,151.2,10,7,4,2,1,0,3,0
138,1,90.95,4,20,4,4,0,0,0,0
92,0,121.8,7,28,4,3,0,0,3,0
19,0,90.0,6,22,2,2,0,0,0,1
31,0,198.9,5,6,4,2,0,0,5,0
5,0,79.0,2,20,4,1,0,3,0,1
14,0,148.5,8,17,4,4,0,0,3,0
76,1,110.15,3,20,4,3,2,0,3,1
4,0,75.51,11,26,4,2,2,0,3,1
15,1,80.3,1,22,4,2,0,0,0,1
20,1,79.0,11,28,2,1,1,0,0,1
20,0,119.0,9,19,2,2,1,0,0,1
68,0,65.0,9,29,3,2,0,0,0,1
39,0,109.0,8,14,3,2,0,1,0,1
145,0,99.45,5,3,4,4,0,0,0,1
105,0,110.97,10,28,2,2,1,0,4,1
1,0,90.0,11,12,4,1,2,0,0,1
86,2,108.0,10,10,4,2,1,3,0,1
49,1,73.95,3,9,4,4,1,0,0,1
179,1,81.25,7,19,3,3,0,0,0,1
37,0,95.0,10,13,3,3,0,0,0,1
24,1,107.1,6,13,4,3,1,0,0,1
3,0,69.84,1,15,4,3,2,0,0,1
101,1,103.5,5,1,4,0,2,3,0,1
2,0,169.0,9,21,2,1,0,0,0,0
118,0,110.0,6,6,3,3,1,0,0,1
89,0,84.9,4,9,4,1,2,0,0,1
79,0,75.0,11,13,3,2,0,0,0,1
2,1,67.5,12,24,4,1,0,3,0,1
115,0,106.92,9,17,4,2,2,3,0,0
11,1,151.0,7,2,4,2,2,0,0,0
254,0,91.0,9,16,3,2,0,1,0,1
186,0,80.0,4,22,3,2,1,0,0,1
23,1,139.0,8,2,4,2,0,3,0,1
9,2,166.0,7,13,4,3,0,0,3,1
46,1,74.8,11,22,4,4,0,3,0,0
3,1,131.0,4,25,4,2,1,0,0,1
11,2,98.0,1,17,4,0,2,0,0,1
349,0,96.67,10,4,3,5,1,0,0,1
172,0,95.0,6,24,4,2,0,0,0,0
1,1,77.03,12,5,4,5,3,3,0,1
238,1,178.2,6,18,4,1,0,0,5,0
91,0,73.74,4,4,4,3,1,0,1,1
30,0,156.9,12,22,4,3,1,0,5,1
193,2,81.82,7,4,4,10,3,0,1,0
2,0,0.0,9,21,1,1,0,0,6,1
14,0,75.47,1,18,4,10,5,0,0,1
63,0,116.0,9,4,3,2,0,1,0,1
1,1,99.0,1,4,4,0,1,0,3,1
59,1,96.99,5,28,4,5,2,0,3,1
20,0,63.2,2,10,4,4,0,3,0,0
56,1,116.1,5,13,4,2,1,3,0,1
42,1,135.9,7,18,4,3,1,0,0,1
34,0,67.5,2,9,4,4,0,3,0,0
60,1,76.58,4,11,4,3,1,0,0,1
10,1,129.0,6,19,4,1,2,3,0,1
31,1,156.42,9,18,4,2,2,0,5,0
6,0,65.0,10,12,2,0,1,0,0,1
15,0,79.0,2,12,4,2,0,3,0,0
6,0,197.12,5,20,4,4,2,0,6,0
3,1,98.33,3,29,4,3,0,0,0,1
150,1,95.82,5,31,4,3,0,0,1,1
6,1,104.2,12,28,4,4,0,3,0,1
32,0,104.0,12,3,4,2,2,0,0,0
92,0,77.6,4,2,4,2,2,0,0,1
20,0,87.0,1,22,4,1,0,0,0,1
6,2,138.57,9,20,4,5,2,3,0,1
30,0,67.0,11,13,2,0,1,0,0,1
301,1,115.0,7,30,3,1,1,1,0,0
166,0,110.0,11,1,4,3,0,0,0,0
194,1,116.45,9,7,4,4,1,0,0,0
50,0,89.1,10,20,4,1,0,3,0,0
31,0,75.0,9,16,3,2,1,0,0,1
22,1,139.0,9,26,4,1,1,0,0,1
31,0,63.0,12,3,3,1,2,3,0,1
73,1,149.4,9,19,4,3,1,0,3,0
199,1,95.4,5,2,4,3,1,3,0,0
309,0,101.0,5,13,3,2,1,1,0,0
418,0,75.0,9,26,3,2,1,0,0,0
47,0,60.0,1,23,3,1,2,0,0,1
210,0,72.75,10,8,3,3,1,0,0,1
50,1,67.5,12,13,3,2,0,0,0,1
41,0,76.5,8,15,3,2,1,0,0,1
66,0,75.0,10,9,4,2,1,0,0,0
7,0,80.0,10,12,2,0,1,3,0,1
129,0,99.45,5,10,4,4,0,0,0,1
22,1,126.04,12,28,4,10,4,0,3,1
0,0,109.0,3,5,4,1,0,0,0,1
16,0,132.33,6,13,4,2,1,0,0,0
150,1,89.4,9,9,4,2,0,3,0,1
17,2,114.5,9,17,4,2,0,0,0,1
7,1,114.75,5,24,4,1,0,0,0,1
115,0,75.0,2,27,3,3,2,0,0,1
9,1,109.0,3,16,4,2,0,0,0,1
23,0,85.0,3,2,3,4,0,0,0,1
141,1,131.47,8,1,4,5,1,0,3,1
88,1,112.01,5,29,4,2,2,0,1,1
112,0,116.28,8,24,3,4,0,0,4,0
2,2,160.0,10,8,4,1,1,0,0,1
111,0,94.78,8,8,3,2,1,0,3,1
43,3,96.3,10,29,4,3,0,0,0,1
85,1,119.85,5,16,4,3,1,0,0,1
0,0,139.0,10,20,4,1,0,0,0,1
1,0,67.5,1,8,4,2,0,3,0,1
26,1,88.4,11,16,4,4,0,0,0,1
31,1,71.52,1,3,4,0,1,0,1,1
104,1,114.0,10,6,4,2,0,1,0,0
31,2,94.5,10,11,4,2,2,0,0,1
65,0,90.9,4,1,4,2,0,0,0,0
38,0,85.5,6,18,3,1,1,0,0,1
86,1,96.3,4,17,4,1,2,0,0,1
130,2,82.59,4,16,4,3,2,0,0,1
1,0,158.0,5,6,4,2,0,0,0,1
141,0,118.06,7,3,3,2,2,1,3,0
88,0,54.63,10,31,4,5,2,0,0,1
15,2,180.0,10,21,4,2,0,0,0,1
39,0,67.5,2,13,4,1,0,3,0,1
80,1,96.3,4,8,4,2,0,0,0,1
34,1,103.5,10,12,4,2,1,0,0,1
10,0,128.86,4,16,4,5,2,0,3,0
32,1,95.0,1,24,2,1,2,0,3,1
47,2,103.05,10,1,4,3,1,0,0,1
27,1,212.1,9,20,4,3,0,0,5,0
315,0,52.0,12,2,3,2,0,0,0,1
1,0,129.56,9,22,4,1,0,3,0,1
41,3,120.0,10,28,4,1,0,0,0,1
25,0,65.0,12,27,3,1,0,0,0,1
178,1,93.08,8,24,4,4,0,0,0,1
10,1,66.0,3,5,2,2,2,0,0,1
102,2,122.85,10,30,4,2,2,0,3,1
63,1,167.45,4,13,4,4,0,0,5,1
257,0,80.0,7,1,3,2,0,1,0,1
177,1,127.8,8,12,4,2,1,0,3,0
17,1,144.84,6,1,4,4,1,0,3,1
39,0,117.9,7,3,4,1,2,0,0,0
4,0,86.0,2,9,4,1,0,0,0,1
23,1,109.0,1,2,3,1,2,1,0,1
45,1,139.5,10,7,4,2,2,0,3,0
77,2,112.5,4,25,4,1,1,0,0,1
80,1,96.3,6,23,4,1,0,0,0,1
12,0,114.0,11,7,4,1,2,0,0,1
110,0,153.0,7,9,4,3,2,1,3,0
9,0,67.5,1,14,4,2,0,3,0,1
102,0,109.0,10,16,3,2,0,1,0,1
22,1,118.58,11,17,4,3,0,0,3,1
83,1,113.5,11,13,4,2,2,0,0,1
75,3,135.9,9,26,4,2,1,0,0,1
2,0,94.32,9,17,4,1,1,3,0,1
327,0,88.0,9,9,3,4,2,1,0,1
162,1,99.45,7,5,4,4,0,0,0,1
52,0,98.82,9,4,4,0,1,0,0,0
47,2,116.5,8,28,4,3,2,1,0,1
33,0,71.1,3,13,4,2,2,3,0,0
12,2,87.78,7,19,4,2,0,3,0,1
133,0,118.8,9,3,4,1,2,3,0,0
118,2,110.8,12,28,4,4,1,0,0,1
19,1,119.0,4,13,4,1,0,3,0,1
47,1,99.4,2,29,4,3,1,0,3,1
130,0,194.85,5,5,4,3,0,0,1,1
140,1,112.5,8,12,4,2,0,3,0,1
67,1,109.8,4,3,4,1,2,0,3,1
13,1,79.0,2,12,4,2,0,3,0,1
44,0,124.46,8,29,4,5,2,0,3,1
9,1,120.0,10,19,4,3,1,0,0,1
106,2,88.4,12,21,4,5,2,0,0,1
28,0,94.35,6,13,4,1,1,0,0,0
1,1,127.0,12,30,4,3,0,0,0,1
151,1,97.75,8,11,4,3,2,0,0,1
53,3,194.4,12,31,4,3,2,1,3,1
127,3,106.2,12,22,4,2,0,0,0,1
26,0,111.35,6,14,4,3,0,0,0,0
37,0,150.3,4,3,4,0,2,0,0,0
119,2,129.6,9,22,4,3,0,0,0,1
0,0,75.0,3,20,3,0,1,0,0,1
65,2,113.55,10,26,4,2,0,0,0,1
198,0,90.0,9,9,3,2,1,0,0,0
2,1,153.0,8,12,4,2,0,3,5,1
28,1,133.75,10,3,4,3,1,0,0,1
116,1,142.2,8,4,4,3,1,0,3,1
4,0,70.0,12,16,3,1,0,0,0,1
110,0,58.0,3,20,3,1,2,0,0,1
85,2,180.3,7,18,4,5,1,0,5,1
290,0,90.95,10,20,4,3,2,0,0,0
130,0,68.0,11,26,3,1,2,0,0,1
50,0,145.69,11,9,4,2,0,3,0,0
14,1,98.67,10,30,3,2,1,0,3,1
15,0,96.9,12,5,4,3,1,0,3,1
19,2,129.0,9,25,4,0,1,3,0,1
14,1,155.83,8,19,4,4,2,0,3,1
64,0,103.5,7,25,4,0,1,3,0,1
4,2,221.39,4,8,4,2,2,0,6,1
3,0,75.0,3,11,2,1,0,0,0,1
49,1,101.51,11,16,4,5,2,0,3,1
61,1,96.9,12,7,4,4,0,0,3,1
76,1,71.4,9,16,3,5,2,0,0,1
15,0,54.75,10,23,3,2,2,0,0,1
68,0,48.0,9,29,3,2,0,0,0,1
3,1,154.0,10,11,4,2,0,0,0,1
1,4,0.0,8,12,4,2,0,0,1,1
18,0,104.0,11,25,4,2,0,0,0,0
0,0,170.0,9,29,4,1,0,3,0,1
32,0,121.5,4,11,4,0,1,0,0,0
13,1,85.0,3,20,3,0,1,0,0,1
104,1,76.5,4,15,4,2,2,0,0,0
12,0,72.0,10,4,3,0,1,0,0,1
0,0,0.0,9,18,1,0,2,0,0,1
48,1,140.4,5,10,4,5,0,0,3,1
15,0,109.0,5,31,4,3,0,3,0,0
1,0,0.0,2,6,4,0,0,0,0,1
61,1,109.8,12,2,4,2,1,0,0,1
26,0,187.0,7,2,4,1,2,0,3,0
34,0,59.0,1,26,2,1,0,0,0,1
0,0,101.0,3,21,4,0,1,0,0,0
116,1,96.0,7,16,4,4,2,3,0,1
1,1,65.0,8,2,2,1,0,0,0,1
0,0,81.0,8,6,4,1,0,3,0,1
166,1,127.8,8,12,4,2,1,0,3,0
35,1,127.44,9,5,4,3,1,0,0,1
87,0,90.0,12,17,3,1,2,0,0,1
68,2,166.35,9,9,4,2,1,1,0,1
0,0,81.55,6,17,4,1,0,3,0,1
22,1,62.0,11,17,2,1,0,0,0,1
265,0,90.0,6,24,3,2,0,1,0,1
42,0,114.3,3,12,4,1,1,0,3,1
80,1,80.3,3,3,4,3,0,0,0,1
1,0,79.0,12,29,2,1,0,0,0,1
172,0,95.0,6,24,3,2,0,0,0,0
2,1,139.0,8,31,4,3,0,0,0,1
269,0,70.0,12,29,3,3,2,0,0,1
34,0,224.67,9,23,3,3,0,1,0,0
40,1,118.0,12,31,3,3,0,0,0,1
14,1,112.0,11,3,4,1,0,0,0,0
68,0,43.43,2,20,3,5,2,0,0,1
51,1,102.6,11,4,4,2,0,0,3,1
97,2,81.25,7,8,3,2,0,0,0,1
187,0,80.75,9,12,3,4,1,0,1,1
28,0,130.33,12,31,4,3,0,0,3,0
190,0,70.0,4,9,3,1,1,0,0,0
41,2,145.2,10,15,4,1,2,0,3,1
133,1,123.25,7,6,4,4,0,0,0,0
50,0,82.45,3,11,4,2,2,0,3,0
136,0,96.3,6,28,4,3,0,0,0,0
79,1,132.3,10,20,4,3,2,0,3,1
50,2,52.0,1,14,3,3,0,0,0,1
263,0,67.0,9,21,3,0,1,0,0,1
173,0,143.1,9,10,4,1,2,0,0,0
141,1,72.76,5,23,4,0,1,3,0,1
136,1,144.9,9,21,4,4,1,0,3,0
179,0,113.4,9,30,4,2,2,0,0,0
195,1,99.0,8,7,4,1,2,3,0,0
112,0,100.0,6,2,3,2,0,0,0,1
31,0,80.3,2,3,4,4,0,0,0,1
196,0,105.3,8,1,4,0,1,0,0,0
275,0,72.25,12,28,4,4,0,3,0,0
19,0,74.64,3,4,4,2,1,0,0,0
275,0,62.8,6,4,3,1,1,0,0,0
26,0,104.0,12,16,4,2,0,0,0,0
317,0,120.0,9,15,4,2,0,0,0,0
36,1,96.3,10,20,4,1,0,0,0,1
13,3,128.5,8,19,4,2,0,3,0,1
220,0,128.0,9,17,3,1,2,1,0,0
10,1,141.0,5,6,4,2,2,0,3,1
238,1,115.2,6,18,4,1,0,0,3,0
42,0,96.3,5,17,3,3,0,0,3,1
111,0,237.6,8,7,4,3,2,1,5,0
75,2,84.96,10,30,4,3,2,0,0,1
24,0,65.0,11,1,2,0,1,0,0,1
158,0,90.95,8,25,4,3,2,0,0,0
166,0,80.75,7,5,4,5,0,3,0,0
159,2,146.2,12,22,4,8,4,0,5,1
2,0,139.0,6,28,4,1,0,0,0,0
71,2,153.0,10,18,4,1,0,1,0,1
128,3,100.29,9,16,4,2,0,3,0,1
9,1,114.0,12,7,4,1,0,0,3,1
418,0,107.0,9,26,3,2,1,1,0,0
40,1,57.6,11,20,4,2,2,3,0,1
179,2,107.1,10,28,4,3,2,0,0,0
6,0,80.0,11,9,3,2,1,0,0,1
112,1,107.95,5,2,4,3,1,0,3,1
12,1,65.0,6,14,2,2,0,0,0,1
164,0,115.0,10,16,3,0,1,0,0,0
20,0,76.0,11,1,4,3,0,3,0,1
38,2,196.46,5,27,4,2,2,0,6,1
180,0,89.25,8,2,4,4,0,3,0,0
251,1,73.35,11,21,4,1,1,3,0,1
16,0,65.45,9,21,3,1,1,0,0,1
51,1,90.9,3,15,4,3,0,0,0,1
37,1,51.05,12,9,4,3,2,3,0,1
9,0,145.0,10,7,4,3,0,0,0,1
51,0,123.3,4,14,4,2,0,0,3,0
3,1,86.0,2,1,4,1,1,0,0,1
110,0,94.5,7,25,3,1,2,1,0,0
258,0,106.2,9,15,4,3,0,0,0,0
106,0,94.5,7,15,4,1,0,3,0,0
36,2,94.99,11,25,4,4,0,0,0,1
180,1,98.1,10,10,4,0,1,3,0,0
68,2,104.76,4,28,4,3,1,3,0,1
63,0,80.5,9,4,3,2,0,1,0,1
16,0,164.0,9,26,4,0,1,0,3,0
289,0,67.0,10,17,3,1,0,0,0,1
93,3,113.4,10,6,4,3,0,0,0,1
91,0,80.0,4,4,3,2,1,0,0,0
8,0,184.0,9,17,4,1,0,0,3,1
36,1,107.1,10,16,4,0,1,0,0,0
208,0,85.5,8,30,4,3,0,3,0,0
4,0,67.0,8,30,2,1,0,0,0,1
102,2,48.67,1,3,3,1,2,0,3,1
111,1,96.3,4,26,4,1,0,0,0,1
136,1,105.3,5,6,4,2,0,0,0,1
94,1,96.13,4,8,4,2,2,3,0,1
163,0,100.0,6,5,3,2,2,0,0,0
57,0,94.5,4,24,4,0,1,3,0,0
88,1,85.0,9,12,3,0,1,0,0,1
4,2,169.0,9,4,4,3,2,0,0,1
175,1,121.5,8,10,4,2,0,0,0,0
33,1,104.4,9,2,4,1,0,0,0,1
35,2,137.34,9,25,4,3,2,0,3,1
57,1,82.44,12,8,4,3,0,0,1,1
1,1,109.0,6,26,4,0,1,0,0,1
58,0,88.0,11,11,4,2,0,3,0,0
73,0,68.0,7,7,4,4,0,0,0,0
123,1,81.5,4,12,4,5,0,0,1,1
35,1,248.49,9,18,4,0,2,0,1,1
139,0,72.25,6,19,3,2,2,3,0,1
3,0,65.0,10,12,2,0,1,0,0,0
37,1,108.11,5,21,4,1,0,0,3,1
46,2,78.0,12,26,4,3,2,0,0,1
119,0,121.5,7,23,4,1,2,0,0,1
132,1,124.8,7,29,4,2,1,0,3,1
221,0,65.0,10,10,3,1,2,0,0,1
43,0,117.9,7,1,4,2,0,0,0,0
13,2,186.0,5,14,4,1,1,0,3,1
32,2,111.3,4,14,4,3,0,0,0,1
174,0,70.0,10,10,3,1,1,0,0,0
22,0,140.0,5,20,3,2,0,0,0,1
6,0,152.0,4,16,4,1,1,0,3,0
87,1,158.4,9,21,4,2,0,0,3,1
7,1,144.0,5,5,3,3,0,0,0,1
245,0,75.0,6,17,4,2,0,0,0,0
98,0,91.5,6,26,4,1,2,3,0,0
198,3,159.3,9,22,4,3,0,0,3,1
54,0,86.58,3,1,4,4,0,0,3,1
5,1,65.0,11,15,2,3,0,0,0,1
52,0,139.5,10,10,4,9,3,0,3,0
102,1,119.0,12,2,4,2,2,0,3,0
10,3,135.0,10,3,4,2,1,3,0,1
5,3,120.0,11,21,4,0,1,0,0,1
151,1,91.48,10,6,4,3,2,0,0,1
57,1,90.67,6,10,3,2,1,0,0,1
205,0,90.0,5,29,3,1,2,0,0,0
20,1,108.99,10,3,4,2,1,0,0,1
3,0,110.0,9,18,0,2,2,0,3,1
53,2,89.4,5,18,4,1,0,3,0,1
113,2,134.3,7,10,4,2,2,0,3,1
93,1,73.95,3,17,4,3,2,0,0,1
121,2,132.18,7,19,4,6,2,0,3,1
148,0,67.0,12,30,3,4,1,0,0,1
16,1,31.0,2,26,2,1,0,0,0,1
9,0,119.2,9,22,4,1,0,3,0,1
36,0,94.35,6,26,4,0,2,0,0,1
105,0,110.0,10,12,3,2,1,1,0,0
88,1,90.9,4,26,4,3,0,0,0,0
237,0,134.73,10,13,4,3,1,0,3,0
56,0,58.0,9,17,3,2,0,1,0,1
271,0,95.2,10,22,4,2,2,0,0,0
8,0,126.0,5,10,4,2,0,0,0,1
63,0,63.75,8,22,3,0,1,3,0,1
1,0,78.41,8,17,4,1,0,3,0,1
33,2,85.5,9,15,4,2,0,0,0,1
124,0,94.5,8,8,3,1,2,1,0,1
93,1,132.6,5,19,4,4,2,0,3,1
59,1,123.98,9,5,4,3,1,0,3,1
76,0,90.95,10,16,3,5,2,0,3,1
156,0,121.5,7,25,4,2,1,0,0,0
57,1,85.85,3,28,4,3,1,0,0,1
210,0,86.0,10,8,3,3,1,1,0,0
59,0,79.2,11,23,4,3,0,3,0,0
56,1,119.75,3,20,4,2,2,0,3,1
63,0,89.25,10,10,4,3,2,0,0,1
245,0,75.0,6,17,3,2,0,0,0,0
76,1,111.3,4,28,4,3,0,0,0,0
107,0,58.0,3,17,3,3,0,0,0,1
9,1,155.08,9,27,4,1,2,0,0,1
1,1,87.0,12,12,4,1,1,3,0,1
18,2,148.0,12,30,4,2,1,0,3,1
4,0,93.8,12,2,4,2,2,0,0,1
302,0,100.0,9,16,4,2,1,0,0,0
322,0,100.8,9,1,4,3,0,0,0,0
18,0,97.02,6,13,4,0,1,0,3,1
39,0,129.7,9,25,4,0,1,0,0,1
107,1,76.69,12,21,4,5,2,3,0,1
27,1,126.0,4,12,4,3,0,0,3,1
21,0,92.0,1,4,3,5,1,1,0,1
80,1,114.9,12,27,4,3,0,0,3,1
5,2,66.3,12,14,4,4,0,3,0,1
36,2,150.3,4,4,4,0,1,0,0,1
1,0,163.5,7,24,4,2,2,0,3,1
141,0,94.56,8,22,4,2,1,0,0,1
14,1,129.0,9,20,4,1,0,3,0,1
100,0,91.5,4,27,4,3,0,3,0,0
15,1,141.68,9,15,4,2,0,0,3,0
62,1,105.3,7,17,4,1,2,0,0,1
79,2,52.85,11,18,4,4,0,0,0,1
190,0,96.3,10,26,4,4,0,0,0,0
26,1,75.0,10,19,3,3,1,0,3,1
68,0,60.0,12,2,3,4,0,0,3,1
72,2,119.0,12,20,4,4,0,0,3,1
74,0,80.0,9,18,3,2,0,1,0,1
33,1,135.9,4,3,4,4,2,0,3,1
346,1,0.0,9,13,4,0,0,1,0,1
1,1,88.0,7,21,2,1,0,0,0,1
260,2,67.5,12,25,4,0,1,3,0,1
97,1,79.8,10,30,4,1,2,3,0,0
141,0,76.5,8,7,4,3,2,0,0,1
128,1,126.9,6,6,4,2,1,0,0,1
63,0,80.1,3,28,4,1,1,3,0,0
60,0,130.9,12,23,4,2,2,0,3,0
24,1,87.3,1,29,4,2,1,0,3,1
55,0,92.0,4,6,3,1,0,1,3,1
20,2,136.67,9,29,4,3,0,0,0,1
18,1,101.25,8,31,4,3,1,0,0,0
91,1,105.3,7,23,4,3,2,0,0,1
14,0,105.0,7,21,2,2,0,0,0,1
88,2,143.1,5,11,4,3,0,0,0,1
180,0,120.0,10,10,4,2,1,0,0,0
13,0,85.0,10,18,3,1,2,0,0,1
201,2,142.56,10,3,4,2,1,0,3,0
296,1,117.0,9,21,4,4,0,1,0,0
14,0,79.25,1,21,4,3,0,0,1,1
221,2,90.95,10,22,4,3,2,0,0,1
166,1,114.3,8,3,4,3,0,0,0,0
106,1,80.75,5,29,3,1,2,0,0,1
17,1,109.0,3,16,4,1,0,0,0,1
190,0,90.9,11,3,4,3,0,0,0,0
64,2,119.51,4,1,4,3,2,0,3,1
146,0,95.0,4,24,3,0,2,0,0,0
23,2,93.82,4,9,4,1,2,3,0,1
249,0,89.25,10,22,4,2,2,0,0,0
2,0,0.0,1,27,1,1,0,0,0,1
4,0,74.69,12,4,4,2,0,0,0,1
0,0,0.0,9,22,1,1,0,0,0,1
27,0,108.0,9,30,3,2,0,0,0,1
110,0,149.4,9,22,4,3,1,0,3,0
0,1,99.0,3,31,4,3,0,3,0,1
64,0,130.0,5,17,2,2,0,0,0,1
273,1,76.46,10,21,4,2,1,0,0,1
50,0,242.9,8,19,4,2,1,0,5,0
97,0,102.3,4,16,4,1,2,0,3,1
2,1,110.5,12,24,4,2,2,0,4,1
386,1,115.0,10,23,3,0,2,1,0,0
51,2,139.5,10,17,4,5,1,0,3,0
220,1,80.75,10,20,4,3,1,3,0,1
68,0,105.3,3,18,4,2,1,0,0,1
29,1,74.8,11,15,4,4,0,3,0,0
25,1,94.35,6,12,4,0,2,0,0,1
93,1,126.9,6,20,4,1,1,0,0,1
68,0,198.9,5,13,4,2,1,0,5,0
100,0,102.34,12,26,4,4,1,0,0,0
12,2,93.0,2,7,4,0,1,0,0,1
70,0,173.35,4,8,3,2,2,0,4,1
31,3,84.03,1,30,3,5,2,0,3,1
78,0,97.33,4,5,4,4,0,0,3,0
89,3,72.25,7,17,3,2,2,0,0,1
14,0,126.0,4,7,4,3,0,0,3,0
6,3,228.0,8,28,4,1,2,0,5,1
153,0,96.3,8,26,4,2,2,0,0,0
273,0,94.5,6,24,4,2,1,0,0,0
14,0,99.5,12,26,4,2,2,0,0,1
0,0,66.0,2,23,2,3,0,0,0,1
1,0,65.0,11,19,2,1,0,0,0,1
8,0,56.0,3,2,3,2,0,0,0,1
72,2,135.9,8,18,4,3,0,0,0,1
73,0,85.67,11,24,3,3,0,0,0,1
177,0,100.0,6,3,3,2,0,0,0,0
4,0,83.93,4,15,4,2,1,3,0,0
29,0,70.0,11,2,3,4,0,0,0,1
211,0,100.0,5,20,3,2,0,0,0,0
182,1,144.5,12,27,4,4,0,0,5,0
69,0,120.0,6,12,4,4,2,0,0,0
292,0,90.0,7,21,3,2,0,1,0,1
27,1,120.12,6,22,4,2,0,0,3,1
35,1,75.0,10,26,3,2,1,0,3,1
9,0,169.0,7,23,4,1,0,0,0,0
52,1,88.0,11,5,4,1,0,3,0,1
55,0,190.8,10,6,4,3,0,0,5,0
11,0,122.33,4,29,4,2,1,3,0,0
44,1,98.8,11,19,4,1,1,0,0,0
158,1,90.95,6,30,4,3,1,0,0,0
4,0,88.0,3,7,3,3,1,1,0,1
44,1,108.0,10,2,4,1,2,3,0,0
33,1,113.0,11,26,4,1,0,0,0,1
42,2,126.0,10,3,4,2,1,0,0,1
0,0,77.6,1,30,3,1,0,0,0,1
1,2,92.0,2,3,4,2,0,0,0,1
257,0,101.5,7,1,4,2,0,1,0,0
54,0,102.0,12,27,3,1,2,1,0,1
107,2,189.0,7,13,4,4,0,1,3,1
156,1,72.25,7,16,3,2,2,0,0,1
83,0,112.2,9,30,3,1,0,1,0,1
303,1,78.0,8,19,3,3,2,0,0,1
25,0,65.0,11,22,3,3,2,0,0,1
135,0,55.08,8,19,4,4,0,3,0,0
32,1,73.0,11,20,3,2,0,0,0,1
15,1,73.15,9,5,4,1,1,0,0,1
79,0,105.61,12,26,4,3,1,0,3,0
45,2,96.9,11,24,4,3,2,0,3,1
1,0,124.0,6,26,4,0,2,0,0,1
118,2,107.25,12,11,4,2,1,0,0,1
94,0,108.0,10,6,4,3,1,3,0,0
148,0,79.53,6,25,4,5,2,0,0,0
215,2,100.8,5,4,4,4,0,0,0,0
349,0,90.0,10,4,3,5,1,0,0,0
51,1,75.0,11,12,3,2,2,0,0,1
75,2,152.1,9,16,4,1,0,0,0,1
137,0,75.0,6,20,3,3,1,0,0,1
35,2,111.42,8,29,4,4,1,0,0,0
178,1,106.25,10,24,3,3,1,1,0,0
1,0,0.0,9,4,4,2,1,0,0,1
54,0,65.0,11,18,2,1,0,0,0,1
52,0,78.3,3,3,4,3,0,0,0,0
11,2,65.0,11,4,2,2,0,0,3,1
0,0,9.0,10,11,4,0,2,0,0,1
141,0,90.0,9,20,3,0,1,0,0,0
105,3,72.25,11,26,4,3,0,0,0,1
6,0,96.4,8,21,4,3,2,0,0,1
6,0,109.0,9,27,2,1,0,0,4,1
38,1,73.2,2,27,4,1,1,0,0,1
1,1,139.0,7,19,4,1,0,3,0,0
105,0,123.3,10,26,4,3,0,0,3,0
207,2,76.5,8,21,4,3,2,0,0,1
174,1,99.45,7,26,4,6,2,0,0,1
117,1,123.3,5,6,4,2,0,0,3,1
59,1,87.0,1,28,3,2,0,0,0,1
62,1,65.66,2,15,4,3,1,0,1,1
11,1,70.3,1,24,4,0,2,0,0,1
64,1,73.95,3,13,4,2,2,0,0,1
192,0,68.23,10,31,3,2,1,0,0,1
11,0,90.0,6,14,2,3,0,0,3,1
95,1,93.08,4,5,4,4,0,0,3,1
183,1,96.3,10,20,4,3,1,0,0,1
101,1,101.18,8,11,4,1,0,0,3,1
4,2,97.1,2,9,4,3,0,0,3,1
184,1,105.3,7,10,4,0,1,0,0,0
54,0,125.1,8,26,4,1,0,3,0,0
6,0,57.75,8,13,3,6,2,0,3,1
170,1,85.0,7,19,4,4,0,3,0,1
4,0,85.5,4,7,3,3,0,0,0,1
51,1,118.8,10,4,4,3,0,0,0,1
1,2,140.0,12,31,4,1,0,3,0,1
260,2,100.3,10,7,4,4,2,0,0,0
4,3,88.0,11,2,2,2,0,0,0,1
22,1,221.0,5,13,4,2,0,0,5,0
3,0,132.0,10,19,2,2,1,0,0,1
41,0,85.67,3,13,2,1,2,0,0,1
91,0,75.0,9,30,3,2,1,0,0,1
8,1,40.0,9,13,2,1,0,0,0,1
8,1,95.0,4,5,4,1,0,0,0,1
157,1,76.5,7,6,4,3,1,0,0,0
1,0,66.7,1,14,4,1,0,3,0,1
2,0,65.0,8,12,2,1,0,0,0,1
39,1,71.1,3,4,4,2,1,3,0,0
8,0,86.0,3,2,4,1,0,0,0,1
159,0,94.5,8,5,4,1,0,3,0,0
72,0,105.3,4,16,4,1,0,0,0,0
5,0,94.5,8,15,3,1,2,1,0,1
171,0,80.75,9,20,3,5,2,0,0,0
69,2,79.2,11,4,4,1,0,3,0,1
65,1,149.4,9,9,4,2,0,0,3,0
20,1,127.0,2,14,4,1,2,0,3,0
226,1,90.95,8,8,4,5,2,0,0,1
49,0,116.1,5,6,4,2,0,3,0,0
11,0,97.0,12,6,4,1,0,3,0,1
32,1,91.05,11,10,4,3,2,0,0,1
63,1,109.8,9,3,4,1,0,0,0,1
1,0,111.0,7,20,4,1,0,0,0,1
349,0,123.33,10,4,3,5,1,0,0,0
176,0,116.1,9,8,3,3,0,0,0,0
126,1,114.3,7,8,4,1,0,0,0,1
94,0,105.3,7,14,4,3,0,0,0,0
57,0,117.9,6,8,4,3,0,0,0,0
0,2,90.0,8,7,4,4,2,0,0,1
0,0,79.0,1,19,4,2,0,0,0,1
137,0,133.2,8,23,4,4,0,0,3,0
315,0,160.0,9,30,4,2,1,1,0,0
111,1,140.4,5,21,4,1,1,0,3,0
104,0,75.0,5,16,3,2,1,0,0,1
258,3,73.41,12,28,4,5,2,0,1,1
183,1,110.0,9,8,4,3,0,0,0,0
12,0,95.0,9,27,3,2,0,0,0,1
10,0,120.0,11,10,4,1,0,0,0,0
279,1,80.75,10,10,3,2,1,0,0,1
3,0,126.0,10,4,4,0,1,0,0,1
68,1,63.0,1,2,3,1,2,0,0,1
54,2,74.15,10,3,4,3,2,0,0,1
79,1,138.56,7,3,4,8,4,0,3,0
109,0,72.25,8,26,3,2,2,0,0,1
11,0,141.0,5,7,4,1,0,0,0,0
5,1,67.05,2,21,4,5,3,0,3,1
3,0,95.0,11,10,0,1,0,0,3,0
46,1,99.0,9,1,4,2,0,3,0,1
88,1,140.0,12,6,4,5,0,0,3,1
167,0,130.05,8,12,4,2,2,0,0,0
81,0,75.0,12,16,3,2,1,0,0,1
56,0,120.0,6,8,3,1,0,0,0,1
256,1,115.0,6,15,3,2,0,1,0,0
286,0,90.0,10,16,3,0,1,0,0,0
10,1,99.2,12,2,4,2,1,0,0,1
320,1,115.0,8,18,3,2,0,1,0,0
6,1,108.99,9,8,4,3,0,3,0,1
10,2,126.5,2,10,4,4,0,0,0,0
113,0,95.0,5,31,3,3,0,0,0,1
147,0,95.0,6,2,3,3,0,0,0,0
36,1,104.49,5,7,4,1,0,3,0,1
109,0,114.25,12,26,4,3,1,0,0,0
1,2,89.0,4,17,4,0,1,3,0,1
1,1,86.0,1,4,4,1,1,3,0,1
19,0,87.2,9,11,4,0,2,0,0,1
30,1,92.9,3,8,4,4,0,0,0,1
60,1,101.99,9,5,4,5,1,0,3,1
87,1,94.5,7,14,4,3,1,3,0,1
23,3,119.36,12,30,4,3,2,0,3,1
64,0,94.5,7,25,4,0,1,3,0,1
5,2,174.0,8,13,4,1,1,0,0,1
240,0,106.2,6,9,4,3,0,0,0,0
99,0,90.95,4,25,4,3,1,0,0,0
66,1,190.8,10,20,4,2,0,0,5,1
9,0,149.0,4,22,4,2,1,0,0,0
44,0,96.3,6,18,3,1,1,0,3,1
107,1,130.0,6,10,3,2,0,0,0,1
18,1,92.4,6,13,4,4,1,0,0,1
113,1,100.75,4,25,4,3,1,0,0,1
25,0,167.0,4,6,4,3,0,0,3,0
70,0,121.5,8,31,4,2,0,0,0,0
1,2,90.0,8,8,4,2,2,0,0,1
67,0,57.0,1,29,3,2,0,0,0,1
168,0,85.0,4,22,3,2,1,0,0,0
317,0,120.0,9,15,3,2,0,0,0,0
38,0,170.1,5,30,4,1,1,0,0,0
160,0,90.0,4,27,3,4,2,0,0,0
11,1,120.12,8,20,4,2,2,0,3,1
47,0,65.0,11,11,2,1,0,0,0,1
39,2,170.1,8,13,4,3,2,1,0,1
109,1,102.28,6,26,4,4,2,0,0,1
238,0,55.08,11,13,3,0,2,0,0,0
43,0,66.43,2,23,4,5,0,0,1,0
35,1,112.5,3,21,4,2,1,0,3,1
55,0,106.24,9,11,4,3,2,0,3,1
31,0,85.0,10,14,3,2,1,0,0,1
61,0,55.96,7,11,4,1,2,0,0,1
129,0,109.8,8,25,4,2,0,0,3,1
10,1,93.0,2,24,4,4,0,0,0,1
251,0,108.8,9,22,4,4,2,0,0,0
0,0,0.0,10,31,1,1,0,0,5,1
96,1,76.5,7,22,4,4,1,0,0,0
184,2,96.3,10,17,4,3,1,0,0,1
55,0,80.0,4,6,3,1,0,0,0,1
41,1,70.0,12,27,3,5,1,0,0,1
0,0,88.25,1,7,4,1,0,0,1,1
17,0,97.2,11,20,4,14,6,0,0,0
159,0,122.0,9,19,3,2,1,0,0,0
62,1,111.6,10,25,4,4,0,0,3,0
8,2,108.67,11,24,4,3,0,0,0,1
80,0,168.3,9,12,4,2,1,0,3,0
19,0,172.0,3,26,4,2,2,0,0,0
89,1,132.6,5,16,4,3,1,0,3,1
4,0,149.0,9,5,4,1,1,3,0,0
174,0,85.5,7,4,4,2,1,3,0,0
54,0,79.2,11,11,4,2,0,3,0,0
68,3,132.3,10,10,4,2,1,0,3,1
278,0,73.95,12,23,4,5,2,0,0,0
80,0,72.25,7,15,3,2,2,0,0,1
88,0,112.2,10,5,3,1,1,1,0,1
92,0,85.5,8,17,4,1,1,0,0,1
199,1,68.0,11,4,3,2,1,0,0,1
13,1,75.0,8,7,4,1,0,0,0,1
291,0,68.0,12,28,3,5,2,0,0,1
1,1,111.0,7,20,4,1,0,0,0,1
1,1,106.0,1,4,4,0,1,0,3,1
57,2,82.45,3,11,4,2,2,0,3,1
86,0,105.0,9,24,3,2,0,0,0,1
110,0,94.5,7,25,4,1,2,1,0,0
91,0,80.0,9,30,3,2,1,0,0,1
156,1,116.82,6,5,4,4,2,0,3,0
1,0,105.0,5,6,2,2,1,0,0,1
67,0,80.75,4,4,4,4,1,3,0,0
220,1,156.0,9,17,3,1,2,1,0,0
4,1,65.0,11,8,2,3,0,0,0,1
123,0,105.3,8,1,4,3,1,0,0,0
137,0,105.3,5,5,4,3,0,0,0,0
86,2,140.0,12,8,4,3,0,0,3,1
3,1,194.0,9,22,4,1,0,0,3,1
8,2,79.0,1,20,4,4,0,3,0,1
137,2,93.0,2,7,3,1,2,0,3,1
151,0,104.25,10,27,4,4,2,0,3,0
229,0,116.95,7,4,4,3,1,0,3,0
0,1,80.3,1,6,4,2,0,0,0,1
16,2,31.0,2,26,2,1,0,0,0,1
10,0,91.0,2,13,4,2,2,0,0,1
5,1,58.88,2,8,4,3,1,3,0,1
101,0,103.5,7,3,4,5,2,3,0,0
209,0,111.35,9,29,4,3,1,0,0,0
180,0,108.9,10,1,4,1,2,0,0,0
113,0,100.0,5,31,2,3,0,0,0,0
24,2,87.78,9,19,4,1,1,0,0,1
168,1,62.18,7,2,4,5,2,3,0,1
42,1,102.0,12,31,4,2,2,0,0,1
118,1,118.8,9,17,4,2,2,3,0,1
230,0,137.0,9,6,4,5,0,1,0,0
1,2,0.0,8,26,4,1,0,0,0,1
17,0,80.0,3,17,3,3,0,0,0,1
1,2,113.6,8,20,4,3,2,0,0,1
115,1,90.95,5,2,3,3,1,0,3,1
0,0,99.14,8,29,4,5,2,3,0,1
185,1,94.5,7,23,4,1,1,3,0,0
113,0,85.0,6,30,4,3,1,0,0,0
75,0,89.28,6,4,4,1,1,3,0,1
11,0,77.25,1,15,4,2,2,0,1,1
63,1,88.4,11,29,4,4,0,0,0,0
87,0,62.18,3,24,4,3,1,3,0,0
7,0,72.8,4,18,2,1,1,0,3,1
138,0,94.5,8,22,3,1,2,1,0,0
47,1,92.28,5,11,4,4,0,0,0,1
72,0,115.5,4,24,4,1,2,0,0,0
49,0,112.2,4,10,4,2,2,0,3,0
0,0,119.0,4,15,4,2,1,0,0,1
17,1,80.0,3,17,2,2,0,0,0,1
142,1,129.6,9,20,4,5,1,0,0,0
0,0,165.0,10,1,4,1,1,0,0,1
46,2,97.2,11,6,4,0,1,0,0,1
186,0,83.83,8,26,4,2,2,0,1,0
31,1,90.0,4,9,2,1,0,0,3,1
8,1,129.0,10,20,4,3,0,0,0,1
147,0,130.0,9,13,3,1,0,0,0,0
230,1,137.0,9,6,3,5,0,0,0,0
97,1,116.1,5,19,4,1,0,3,0,1
43,2,99.0,10,15,4,3,1,3,0,1
30,0,82.0,11,16,4,2,0,3,0,1
54,0,94.0,11,6,2,3,2,0,3,1
57,1,117.73,4,26,4,4,0,0,3,1
2,1,104.0,4,11,4,1,1,3,0,1
38,0,95.2,12,27,4,4,0,3,0,1
9,0,82.92,3,30,4,1,0,0,0,1
2,0,79.0,3,9,2,1,0,0,0,1
59,0,127.8,4,15,4,2,0,0,3,0
49,0,76.33,3,1,4,5,0,0,0,0
8,2,101.0,6,14,4,1,0,0,0,1
35,0,95.4,3,5,4,1,1,0,3,0
44,0,107.1,4,2,4,1,1,3,0,0
2,2,89.5,12,18,4,0,1,0,0,1
43,2,80.39,6,8,4,1,0,0,0,1
140,0,89.75,4,16,3,5,2,0,0,1
174,0,95.67,9,22,3,3,0,0,0,1
55,1,79.2,12,9,4,2,1,3,0,1
77,1,107.1,7,5,4,2,0,3,0,1
39,2,74.8,11,17,4,3,1,3,0,1
15,0,85.0,4,13,3,3,0,3,0,1
95,0,79.56,7,15,3,2,2,0,0,1
224,0,80.75,8,21,4,2,2,3,0,0
95,1,103.29,5,6,3,2,0,0,3,0
19,1,58.0,12,22,3,4,0,0,0,1
63,0,105.3,7,23,4,5,2,0,0,0
114,0,75.0,6,3,3,2,1,0,0,0
207,1,85.5,8,5,4,2,1,3,0,1
5,2,175.0,10,14,4,2,0,0,3,1
135,0,89.25,10,7,4,4,0,0,0,0
0,1,65.0,3,9,2,1,0,0,0,1
41,0,70.0,12,27,3,5,1,0,0,1
27,2,104.0,12,7,4,1,0,0,0,1
12,0,104.0,5,11,3,4,0,0,0,1
80,2,86.47,11,6,4,2,0,0,0,1
56,1,136.35,8,27,4,1,1,0,3,0
213,0,109.66,8,13,4,5,2,0,3,0
88,0,76.5,4,7,4,2,0,3,0,0
95,1,185.4,11,7,4,2,1,0,3,1
29,2,109.0,5,29,4,0,1,3,0,1
33,1,135.9,8,8,4,2,1,0,0,0
133,2,70.04,8,21,4,3,2,3,0,1
23,0,95.0,10,26,3,1,0,0,0,1
1,0,98.1,9,30,3,2,0,0,0,1
5,2,141.0,4,1,4,3,2,0,3,1
145,2,123.3,8,17,4,2,0,0,3,1
30,2,88.0,12,11,4,0,2,3,0,1
111,1,109.65,6,17,4,2,2,0,0,1
94,0,90.08,4,15,4,2,1,0,3,1
4,1,124.0,9,8,4,4,0,0,0,1
213,0,130.0,6,7,4,3,0,0,0,0
1,0,149.0,4,24,4,0,1,0,0,0
1,1,116.0,10,10,3,1,1,0,0,1
56,0,162.9,7,3,4,1,2,1,0,0
47,1,72.76,9,22,4,1,0,0,0,1
56,1,132.6,5,14,4,2,2,0,3,1
192,2,140.4,9,15,4,3,0,0,3,0
2,1,95.0,11,11,2,1,0,0,5,1
7,0,65.0,8,19,2,2,0,0,0,1
185,0,79.2,12,16,4,2,1,3,0,0
244,1,176.04,12,29,3,3,1,0,0,1
215,1,106.25,8,29,4,3,1,0,0,0
12,0,79.0,11,23,2,2,0,0,0,1
47,1,89.08,11,12,4,3,2,0,0,1
40,0,85.0,10,24,3,2,1,0,0,1
265,0,100.3,10,9,4,3,2,0,0,0
57,2,111.6,5,18,4,2,0,3,0,1
135,1,130.5,8,13,4,1,0,0,0,1
53,0,93.6,11,21,4,1,1,0,0,0
95,2,77.86,12,7,4,4,0,0,1,1
59,1,94.5,7,24,4,2,2,3,0,1
43,0,86.75,1,14,4,3,0,0,1,0
19,2,82.8,2,7,4,1,2,0,3,1
189,3,76.5,8,11,4,4,0,0,0,1
49,0,85.0,12,30,3,4,0,0,0,1
2,1,96.0,12,18,4,0,2,0,0,1
29,0,104.73,3,4,4,2,1,0,0,0
123,2,139.5,8,11,4,3,0,0,0,0
141,1,96.3,7,1,4,2,0,0,0,1
3,1,0.0,8,2,1,0,1,0,0,1
156,1,115.25,8,14,4,3,2,0,0,0
3,0,138.5,7,11,3,1,2,1,0,1
10,2,102.33,9,7,4,2,1,3,0,1
192,1,137.7,8,7,4,1,2,0,3,0
34,1,75.54,5,22,4,0,1,3,0,1
21,0,74.48,11,16,4,3,0,0,3,1
157,0,127.0,5,5,4,3,0,0,3,0
115,0,92.12,6,26,4,2,2,0,1,0
17,2,141.0,6,18,4,2,2,0,0,1
178,1,137.25,8,1,4,4,1,0,3,0
87,0,126.9,5,22,4,1,2,0,0,0
28,0,95.0,4,18,4,0,1,0,0,0
1,0,65.0,4,1,2,1,0,0,0,1
96,1,84.15,4,10,4,3,2,0,0,1
160,0,130.67,12,30,3,3,0,0,0,1
22,1,48.5,11,15,4,5,0,3,0,1
230,1,98.6,10,30,4,3,2,0,3,0
69,0,120.0,6,12,3,4,2,0,0,0
10,0,76.59,12,2,4,7,3,0,0,1
12,0,58.0,12,19,3,2,2,0,0,1
44,0,2.0,1,2,1,1,1,0,0,1
43,2,108.0,11,3,4,1,0,0,0,1
91,1,83.87,4,3,4,4,2,0,0,1
21,0,151.0,8,15,4,2,1,0,0,0
67,1,78.3,3,10,4,3,0,0,0,1
13,2,126.0,10,18,4,2,2,0,0,1
66,2,81.9,11,19,4,1,0,0,3,1
4,0,84.0,8,18,2,1,0,0,0,0
9,1,133.5,4,28,4,3,1,0,0,1
114,0,266.3,8,2,4,2,0,0,6,0
14,1,98.67,10,30,3,2,1,0,3,1
8,2,179.0,10,7,4,2,2,0,3,1
10,0,79.0,2,13,4,1,2,3,0,0
118,0,63.75,8,20,3,1,0,0,0,0
23,0,91.67,3,8,4,3,0,0,0,1
210,0,167.95,8,2,4,4,0,0,5,0
16,0,129.33,4,5,4,3,0,0,3,0
205,0,80.75,8,4,4,3,1,3,0,0
11,2,81.0,8,28,4,2,0,3,0,1
18,1,109.0,1,2,4,1,0,0,0,1
159,0,70.5,12,29,3,4,0,0,0,1
10,1,99.0,7,29,4,1,0,3,0,1
28,2,130.9,12,15,4,3,1,0,3,1
58,1,78.3,3,14,4,2,1,0,0,1
106,1,118.8,10,7,4,2,1,0,0,0
37,0,96.3,6,17,3,2,0,0,3,1
2,1,94.35,11,14,4,3,1,0,0,1
99,3,127.71,12,26,4,3,1,0,3,1
0,1,65.0,3,14,2,0,1,0,0,1
44,0,94.5,10,12,4,2,1,0,0,1
8,0,64.0,2,16,3,3,0,0,0,1
1,1,115.0,6,7,4,2,0,0,0,1
48,0,158.4,10,15,4,2,2,0,3,1
19,2,69.0,12,5,4,1,2,0,0,1
1,0,74.93,1,2,4,1,2,0,0,1
6,0,78.2,11,4,3,4,1,0,3,1
0,1,101.7,6,21,4,2,0,0,0,1
11,1,0.0,1,22,4,0,0,3,0,1
30,2,94.5,9,13,4,2,2,0,0,1
0,0,119.0,7,24,4,0,2,3,0,1
199,2,168.3,7,23,4,1,2,0,5,0
37,0,115.32,6,26,4,1,2,0,0,0
1,0,102.6,9,30,3,2,0,0,0,1
40,0,65.0,10,5,3,1,1,0,0,1
105,0,75.0,10,12,3,3,0,0,0,0
78,2,142.2,7,20,4,2,0,0,3,1
21,0,85.0,10,25,3,3,0,3,0,1
0,0,78.42,8,19,4,2,2,3,0,1
228,2,115.6,10,5,4,4,2,0,3,0
187,1,99.45,8,6,4,6,4,0,0,0
193,0,70.44,7,9,4,1,2,0,0,0
123,0,105.3,5,4,4,3,0,0,0,1
35,1,89.1,6,21,4,1,0,3,0,0
36,0,92.88,5,22,3,0,2,3,0,0
35,1,94.5,4,22,4,2,1,3,0,1
50,0,145.69,11,9,4,2,0,0,0,0
94,1,96.3,4,12,4,2,0,0,0,1
0,0,126.0,10,1,4,1,0,0,0,1
150,0,101.0,1,2,3,1,2,1,0,1
78,0,125.1,9,10,4,1,1,3,0,0
96,0,138.0,9,28,3,1,1,1,4,0
120,1,104.4,10,28,4,1,0,0,3,0
44,1,134.4,11,3,4,3,0,0,3,1
79,0,89.25,9,2,4,3,0,0,0,0
19,0,85.0,3,9,4,3,0,3,0,0
4,2,127.0,6,29,4,4,0,3,0,1
56,0,118.95,9,5,4,5,1,0,0,1
179,1,72.25,7,19,3,3,0,0,0,1
131,0,94.5,8,15,3,1,2,1,0,0
10,0,85.0,10,2,3,1,2,0,0,1
204,1,119.85,9,7,4,10,4,0,0,0
85,0,73.95,3,17,4,3,2,0,0,1
97,2,104.96,7,23,4,1,2,0,3,1
100,0,73.95,3,17,4,3,1,0,0,1
116,2,172.85,12,24,4,3,2,1,3,1
16,1,68.0,11,16,3,4,0,0,0,1
70,0,80.0,7,11,3,5,1,0,0,0
3,0,120.0,9,19,2,1,2,0,0,1
13,0,66.7,2,22,4,0,1,3,0,1
131,0,129.6,9,9,4,2,0,0,0,0
302,0,100.0,9,16,3,2,1,0,0,0
67,1,94.5,7,23,4,1,1,3,0,1
30,1,159.0,10,20,4,3,0,0,0,0
116,0,76.0,2,28,3,2,2,0,0,1
124,0,94.5,8,8,3,1,2,1,0,0
0,0,159.0,7,5,4,1,0,0,0,1
154,1,114.3,8,24,4,1,0,0,0,0
200,0,150.45,9,20,4,5,1,0,0,0
8,0,63.4,12,16,4,2,0,3,0,1
87,1,94.25,5,27,4,1,0,0,0,1
2,0,68.5,8,15,3,1,2,0,0,0
47,1,74.8,12,7,4,4,0,3,0,1
88,0,75.0,5,8,3,3,2,0,0,1
2,0,86.32,1,2,4,4,2,1,0,1
20,2,104.0,11,14,4,2,1,0,0,1
131,0,108.0,10,10,4,0,1,3,0,0
3,0,128.8,6,11,4,1,0,0,4,1
1,1,131.0,6,11,4,2,2,0,3,1
35,1,100.1,3,2,4,2,0,0,0,0
0,0,95.0,10,10,2,0,1,0,0,1
19,0,147.0,3,18,4,2,0,1,0,0
134,1,146.7,8,12,4,2,1,0,3,1
17,2,129.0,7,29,4,1,0,0,0,1
67,1,82.45,3,29,4,5,0,0,0,1
99,0,81.0,2,19,2,2,0,0,0,1
32,0,109.8,4,14,4,3,1,0,0,0
261,0,68.51,12,26,4,7,3,3,0,0
6,0,167.0,4,22,4,2,0,0,3,1
15,0,77.88,1,28,4,4,2,0,1,1
34,2,103.05,10,11,4,0,2,0,0,1
49,1,134.1,6,29,4,4,2,0,0,1
78,0,154.7,3,21,4,5,1,0,5,1
99,1,137.1,9,5,4,2,1,0,0,1
107,1,76.5,8,12,4,1,0,0,1,1
22,2,89.0,9,12,4,0,1,3,0,1
12,0,65.0,10,7,2,1,0,0,0,1
0,0,117.0,12,30,4,1,0,0,0,1
24,1,130.0,2,27,4,1,0,0,3,1
13,1,0.0,6,1,1,2,0,0,0,1
95,1,140.4,5,6,4,2,1,0,3,1
110,0,70.0,12,9,3,1,0,0,0,1
37,0,94.5,9,16,4,2,0,0,0,1
15,1,38.67,12,5,3,1,2,0,0,1
119,0,90.9,4,15,4,2,0,0,0,1
42,0,118.16,3,24,4,3,1,0,0,1
135,0,80.0,9,14,3,2,1,0,0,1
28,0,67.0,7,14,2,1,0,0,0,1
68,0,80.75,6,18,3,1,2,0,0,1
14,0,77.6,1,19,4,3,0,0,3,1
68,0,80.3,2,26,4,2,1,0,0,1
9,2,87.0,1,4,4,2,1,0,0,1
15,1,236.14,9,18,4,10,4,0,5,0
7,1,112.0,5,21,3,1,1,1,0,1
14,0,65.0,11,29,2,1,0,0,0,1
145,0,95.4,6,2,4,3,0,0,0,0
79,0,125.38,4,28,4,3,1,0,3,1
284,0,67.5,12,12,4,0,1,3,0,0
30,1,15.0,1,3,4,0,1,0,1,1
31,0,77.0,2,4,2,1,0,0,0,1
95,0,80.75,5,6,3,2,1,0,0,1
135,1,101.7,5,28,4,1,2,3,0,1
0,1,98.0,8,7,4,0,1,3,0,0
52,0,60.0,11,9,3,3,1,0,3,1
44,2,189.9,7,9,4,1,0,0,5,1
65,0,98.1,9,6,4,1,0,0,0,1
22,2,105.0,9,1,4,3,0,0,0,1
233,0,90.0,10,14,4,2,1,0,0,0
166,0,110.0,11,1,3,3,0,0,0,0
28,1,148.91,11,5,4,6,4,0,3,0
62,0,135.9,9,11,4,1,2,0,0,0
86,1,114.3,7,17,4,0,1,0,0,1
141,0,135.45,8,22,4,3,1,0,3,1
1,0,0.0,5,5,1,1,0,0,3,1
151,0,204.0,8,17,4,3,0,1,3,0
92,0,72.25,11,11,4,3,0,0,0,1
0,1,120.0,10,10,4,0,1,0,0,1
3,2,157.0,6,10,4,2,0,0,3,1
85,3,90.9,10,26,4,1,0,0,0,1
18,0,107.0,12,6,4,0,2,0,0,1
20,1,136.0,4,30,4,1,1,0,0,1
100,0,119.85,5,4,4,4,0,0,0,0
3,3,129.0,9,2,4,1,0,3,0,1
115,0,76.0,2,27,3,2,2,0,0,1
14,1,142.64,11,7,4,0,1,0,0,1
17,1,87.5,8,29,4,4,2,0,0,0
153,0,81.0,10,16,3,2,2,0,0,1
69,1,153.05,10,16,4,3,2,0,5,1
9,0,95.0,4,7,4,2,0,0,0,0
118,0,105.4,9,11,3,1,2,0,0,1
55,1,133.65,6,17,4,2,2,0,3,1
166,1,103.7,8,17,4,4,0,0,0,0
55,2,207.0,10,18,4,5,1,0,5,1
202,2,127.22,8,24,4,4,2,0,3,0
25,0,129.0,5,10,4,3,0,3,0,1
41,0,85.5,9,11,3,1,2,0,0,1
35,2,112.5,4,18,4,1,1,0,0,1
101,0,80.0,4,4,3,2,1,0,0,0
4,0,169.0,9,15,4,3,2,0,0,1
63,2,125.1,9,12,4,1,1,3,0,1
107,2,137.7,7,13,4,3,0,0,3,1
9,1,197.0,7,15,4,1,0,0,3,0
144,0,92.55,5,25,4,4,1,0,3,1
25,0,104.0,12,23,4,2,1,0,0,0
104,0,80.75,4,28,3,4,2,0,0,1
3,0,0.0,10,14,4,0,0,3,0,1
3,0,106.0,2,16,4,4,0,0,3,0
2,1,89.0,10,19,2,1,0,0,0,1
7,0,97.0,5,16,4,0,1,0,0,0
244,1,78.54,9,16,4,5,2,3,0,1
240,0,140.4,9,30,4,2,0,0,3,0
271,0,78.3,12,3,3,1,2,0,0,1
160,0,94.5,7,14,4,3,0,3,0,0
0,1,98.0,8,8,4,1,0,0,0,1
191,2,131.75,8,8,4,3,1,1,0,0
77,0,90.95,10,20,3,3,1,0,3,1
37,1,76.5,10,19,3,1,0,3,0,1
47,0,119.17,4,25,4,4,1,0,0,0
146,0,116.45,7,4,4,5,1,0,3,0
4,2,12.0,12,3,3,1,2,0,3,1
41,0,159.3,3,25,4,2,0,0,3,0
147,1,118.88,8,3,4,10,4,0,3,0
11,2,90.0,8,29,4,1,0,0,0,1
5,1,250.0,5,27,4,1,0,0,5,1
56,2,99.71,10,9,4,3,2,0,0,1
141,1,137.7,7,16,4,1,1,0,0,1
45,0,88.55,10,23,4,1,0,0,0,1
116,0,113.56,8,6,3,1,2,0,4,0
42,0,74.0,2,26,3,2,0,0,0,1
99,0,65.0,10,30,3,2,2,0,0,0
42,1,127.5,10,31,4,1,1,0,0,1
133,1,121.5,6,9,4,3,0,0,0,1
151,0,200.0,6,27,3,0,1,0,4,0
43,0,69.52,2,5,4,2,1,0,1,0
0,1,78.42,3,25,4,2,2,0,5,1
15,0,177.0,4,29,4,2,0,0,3,0
143,1,120.0,6,3,4,2,1,0,0,1
5,0,89.32,4,20,4,1,0,0,3,1
4,2,220.0,6,16,4,2,0,0,5,1
75,1,151.2,10,8,4,1,1,0,3,1
58,1,116.1,6,17,4,2,1,3,0,1
110,0,63.75,8,14,3,1,2,3,0,1
80,1,130.2,4,28,4,3,0,0,3,1
7,0,153.0,8,17,4,1,1,3,5,1
15,2,278.0,6,19,4,2,2,1,5,1
237,0,80.75,9,14,4,2,1,0,0,0
19,2,162.0,8,26,4,2,1,0,3,1
11,1,150.0,11,5,4,1,0,0,0,0
304,0,89.0,11,3,4,3,0,0,0,0
107,1,118.8,9,5,4,3,1,3,0,0
50,1,51.0,1,14,3,3,0,0,0,1
13,0,79.0,2,5,4,4,2,3,0,0
0,1,109.0,6,7,4,1,0,3,0,1
34,0,85.0,8,21,3,3,2,0,0,1
29,1,67.5,11,16,3,3,0,0,0,1
45,0,85.5,9,18,4,2,2,0,0,1
4,1,87.63,11,18,4,2,2,3,0,1
1,0,140.0,10,31,4,0,1,3,0,1
0,0,124.2,3,20,4,3,2,0,0,1
132,0,90.95,6,10,3,3,2,0,3,1
52,2,148.91,12,29,4,2,0,0,3,1
80,1,79.2,11,20,4,1,2,3,0,0
68,0,149.1,7,7,4,3,0,0,3,0
0,0,77.71,8,30,4,2,0,3,0,1
17,1,60.0,1,30,4,1,1,3,0,1
0,0,65.0,9,21,2,2,1,0,0,1
50,1,78.85,2,22,4,4,1,0,0,1
87,0,78.3,3,20,4,1,2,0,0,0
141,1,90.0,9,20,3,0,1,0,0,1
36,2,203.02,4,15,4,2,1,0,6,1
170,1,108.3,8,18,4,3,0,0,0,0
203,1,137.7,8,27,4,1,0,0,3,0
76,1,69.52,3,14,4,2,1,0,1,1
82,0,109.37,4,16,4,4,2,0,3,0
46,2,159.3,4,29,4,2,1,0,3,1
301,1,115.0,7,30,4,1,1,1,0,0
37,0,87.78,10,24,4,5,2,3,0,1
39,0,65.0,11,27,2,2,2,0,0,1
56,0,65.49,3,6,4,2,2,0,3,1
48,0,104.0,9,11,3,1,0,1,0,1
8,0,108.57,5,10,4,2,0,0,3,0
151,2,217.6,8,19,4,3,2,1,5,0
2,1,171.0,8,6,4,1,0,0,0,1
99,0,86.0,2,19,2,2,0,0,0,1
4,0,98.1,9,26,3,0,1,0,0,0
1,0,89.0,5,24,2,1,0,0,0,1
322,0,52.0,12,9,3,2,0,0,0,1
80,0,63.46,7,31,4,7,2,0,0,1
5,1,73.9,1,14,4,2,0,0,0,1
2,0,94.0,10,30,0,1,2,0,3,1
3,1,79.0,11,26,2,1,0,0,0,1
11,1,106.35,11,5,4,4,2,0,0,1
34,0,85.5,10,18,3,4,0,0,0,1
62,2,207.9,9,15,4,3,0,0,5,1
102,3,74.8,12,13,4,4,0,3,0,1
14,2,97.02,10,15,4,2,0,0,0,1
25,0,85.0,7,8,3,2,1,0,0,1
17,1,114.73,9,12,4,1,1,0,3,1
154,0,75.0,7,1,4,2,1,0,0,0
7,1,103.0,3,7,4,3,1,0,0,1
139,2,99.45,5,5,4,3,1,0,0,1
6,0,85.0,2,15,4,2,1,0,0,0
3,0,128.0,4,28,4,1,0,3,0,1
273,0,106.2,9,30,4,2,1,0,0,0
18,0,132.8,8,14,3,1,2,0,3,1
172,0,80.75,10,23,3,3,2,0,0,1
25,0,87.0,3,7,3,3,1,0,0,1
58,0,109.8,12,8,4,2,0,0,0,0
23,0,128.0,4,10,4,4,2,0,3,0
263,0,110.0,10,21,3,2,0,0,0,0
110,2,138.55,7,7,4,3,1,0,3,1
29,0,87.0,3,4,3,2,1,0,0,1
5,2,90.0,8,24,4,3,1,0,0,1
172,1,72.84,7,18,4,5,2,0,0,1
58,1,75.0,11,20,3,1,2,0,0,1
0,0,79.0,12,6,2,1,0,0,0,1
106,2,117.3,11,21,4,3,1,1,0,0
20,1,115.0,6,22,4,2,0,0,0,1
67,1,104.0,11,18,4,2,0,0,0,1
45,2,177.3,4,11,4,2,1,0,5,1
116,1,113.09,9,29,4,5,2,0,1,1
193,0,86.5,7,15,4,1,0,0,1,0
238,0,80.75,9,9,3,1,0,0,0,1
82,0,139.5,7,25,4,2,1,0,3,0
276,0,61.0,5,13,3,3,2,0,0,0
1,2,101.0,4,4,4,0,1,0,0,1
46,0,60.0,11,13,3,2,1,0,3,1
113,0,85.0,6,30,3,3,1,0,0,0
71,1,96.9,8,9,3,3,0,0,0,1
7,0,144.0,5,5,3,3,0,0,0,1
6,0,116.0,11,6,4,2,0,0,0,1
7,1,74.8,12,13,4,8,2,3,0,1
33,2,117.33,9,15,4,2,0,0,0,1
2,1,134.75,10,4,4,2,0,0,3,1
35,2,104.3,4,17,4,2,2,0,0,1
22,0,0.0,12,16,4,0,0,3,0,1
0,1,150.0,10,1,4,1,2,0,0,1
6,1,70.0,12,27,3,5,1,0,0,1
10,0,137.0,3,29,4,1,0,0,3,0
6,0,104.0,4,18,4,1,1,0,0,1
2,1,65.0,3,30,2,3,0,0,0,1
115,1,119.85,6,11,4,4,2,0,0,1
6,1,109.0,2,4,4,3,1,0,0,0
39,0,68.76,2,22,4,4,1,0,1,1
5,2,106.21,11,10,4,4,2,3,0,1
53,0,94.5,10,9,4,2,1,0,0,1
30,2,109.8,8,30,4,4,0,0,0,1
1,0,56.47,5,8,4,0,1,3,0,1
256,0,76.67,9,14,3,2,1,0,0,1
0,1,113.0,6,22,4,2,0,3,0,1
36,0,159.3,6,4,4,1,0,0,3,0
253,2,115.2,9,19,4,0,1,0,3,0
62,1,155.52,11,6,4,3,2,0,0,1
56,0,135.9,9,10,4,1,2,0,0,0
30,2,152.3,2,8,4,4,1,0,5,1
44,1,83.39,11,18,4,2,0,0,3,1
57,1,79.2,11,1,4,4,0,3,0,1
65,2,137.7,4,24,4,0,2,0,3,1
60,1,156.6,12,23,4,1,0,0,5,1
7,0,117.0,12,31,4,4,2,0,3,1
175,0,123.68,8,24,4,4,0,0,0,0
16,0,89.22,4,8,4,3,2,0,3,1
346,0,90.0,9,13,3,2,0,1,0,1
150,2,41.43,3,19,3,5,2,0,0,1
11,2,144.0,10,3,4,2,1,3,0,1
327,0,0.0,9,9,4,4,2,1,0,1
39,2,98.94,2,8,3,1,1,0,0,1
6,1,114.0,9,20,4,0,1,3,0,1
3,1,0.0,7,2,1,1,0,0,1,1
63,1,99.9,6,20,4,2,1,0,0,1
101,0,102.25,7,4,3,3,1,1,0,1
164,0,100.0,10,2,3,2,0,0,0,0
17,2,157.5,12,2,4,2,0,0,3,1
135,2,90.0,11,5,4,1,1,0,0,1
193,0,120.0,6,20,4,2,1,0,0,0
195,1,82.45,6,30,3,2,0,0,3,1
6,0,86.5,12,18,4,1,0,0,1,1
0,1,178.33,8,18,4,3,0,0,3,1
47,1,125.1,9,9,4,2,0,3,0,1
6,0,65.0,10,26,2,1,1,0,0,1
11,0,111.35,6,2,4,1,0,0,0,0
42,0,140.58,8,25,4,3,2,0,3,1
1,0,96.0,10,21,2,1,0,0,0,1
0,1,67.5,1,23,4,1,0,3,0,1
11,0,88.5,10,23,3,2,2,0,0,1
18,1,97.0,8,31,3,2,0,0,3,1
36,1,78.3,2,13,4,2,2,0,0,1
254,0,90.95,10,25,4,5,0,0,0,0
75,0,105.0,10,30,4,0,2,1,0,0
5,1,115.67,5,15,4,1,2,3,0,1
190,0,119.85,9,26,4,3,1,0,0,0
13,0,85.0,2,16,4,1,0,0,0,1
2,0,95.0,11,24,3,1,0,0,0,1
323,0,70.0,5,17,3,4,0,0,0,0
271,1,101.33,9,21,4,3,0,0,0,0
134,1,114.96,6,2,4,3,1,0,1,1
14,0,117.3,11,6,4,2,2,0,0,1
15,0,84.33,3,5,4,1,2,3,0,1
122,1,85.5,6,30,4,1,0,3,0,1
22,0,115.0,10,5,3,2,0,0,0,1
39,1,74.88,12,18,4,0,1,0,0,1
66,0,108.11,6,17,4,1,0,0,3,0
27,0,129.5,12,31,3,3,1,0,0,1
59,0,112.0,12,27,3,1,2,0,0,1
17,0,75.0,10,5,3,2,1,0,3,1
262,2,146.7,11,4,4,2,0,0,3,0
100,2,219.6,5,14,4,1,1,1,3,0
47,1,117.45,9,4,4,2,2,0,3,1
92,1,105.3,4,28,4,1,0,0,0,1
38,2,157.5,10,14,4,2,0,0,3,1
15,1,130.9,11,8,4,3,0,3,0,1
207,0,99.45,8,7,4,2,2,0,3,0
8,1,72.38,12,6,4,2,0,0,0,1
112,0,120.0,6,2,3,3,0,0,0,0
127,2,80.1,10,30,4,0,1,3,0,1
2,1,81.62,4,1,4,1,0,0,0,1
93,0,60.67,12,30,3,3,0,0,3,1
27,1,139.0,7,11,4,1,1,3,0,1
112,0,131.13,12,27,4,3,0,0,3,0
57,1,86.4,11,18,4,2,1,0,0,0
35,1,92.9,3,2,4,2,0,0,0,1
71,0,128.0,12,7,4,4,0,0,3,1
35,1,125.1,6,26,4,2,2,0,0,1
7,2,177.0,5,22,4,1,2,0,3,1
23,1,120.12,5,18,4,1,0,0,3,1
61,1,93.6,12,8,4,3,0,0,0,1
79,0,150.45,5,16,4,3,1,0,0,0
69,1,117.9,6,29,4,1,0,0,0,1
27,1,151.0,7,8,4,2,0,0,0,1
72,0,79.65,10,30,4,2,2,3,0,0
377,1,90.0,10,14,3,2,0,1,0,0
161,1,87.13,7,16,4,2,2,3,0,1
243,2,116.45,10,30,4,3,2,0,0,0
28,3,109.7,9,5,4,2,1,0,0,1
162,0,96.3,8,27,4,1,0,0,0,0
226,1,70.0,10,29,3,2,2,0,0,1
100,1,150.3,8,25,4,3,1,0,3,1
43,2,146.33,10,20,4,3,0,0,0,1
176,1,108.45,7,28,4,4,2,0,0,0
230,0,80.75,6,19,3,3,2,0,0,1
2,0,150.33,4,6,4,3,0,0,3,1
12,0,65.0,11,25,2,1,0,0,0,1
111,0,120.0,10,10,4,0,1,0,0,0
40,1,131.4,3,22,4,1,0,0,3,0
11,2,135.0,4,27,4,4,1,0,0,0
0,0,65.0,7,19,2,1,0,0,0,1
13,1,130.5,10,29,4,2,2,0,0,0
169,1,158.95,7,3,4,3,2,0,5,0
219,0,108.0,9,4,3,1,0,1,0,0
116,1,111.92,5,12,4,3,2,0,0,1
101,0,78.3,3,15,4,3,0,0,0,0
8,0,65.0,3,1,2,5,0,0,0,1
193,1,93.09,9,29,4,3,0,0,0,0
68,2,133.2,4,24,4,0,2,0,3,1
2,1,119.0,3,22,4,1,0,0,0,1
69,0,76.08,7,7,3,2,0,0,0,1
123,0,93.08,4,21,4,3,1,0,0,1
150,0,123.3,7,30,4,2,2,0,3,0
109,0,90.95,5,22,3,1,2,0,3,1
31,0,147.72,8,22,3,2,1,1,0,1
3,0,88.0,12,5,4,1,1,3,0,1
208,2,112.5,8,21,4,0,2,0,0,0
1,0,87.82,7,11,4,0,1,3,0,1
60,1,106.2,4,27,4,2,0,0,0,1
95,2,67.5,12,18,4,3,2,0,0,1
309,0,101.0,5,13,4,2,1,1,0,0
277,1,89.14,9,5,3,5,2,1,0,1
13,0,173.0,2,9,4,6,2,0,5,1
2,1,118.0,5,8,4,0,2,0,3,1
20,0,149.0,10,4,4,3,0,0,0,1
67,2,79.2,11,12,4,1,2,3,0,1
14,2,129.0,5,23,4,0,1,3,0,1
6,0,89.0,10,3,2,0,1,0,0,1
37,1,75.0,10,30,3,1,2,0,0,1
15,0,182.14,10,1,4,1,2,0,5,1
78,0,80.75,10,18,3,3,0,0,0,1
219,0,76.67,9,4,3,2,1,0,0,1
19,1,94.35,6,12,4,0,1,0,0,1
241,1,81.76,10,29,4,2,2,0,1,1
0,0,114.0,9,9,2,1,0,0,0,1
4,1,112.0,5,21,3,1,1,1,0,1
0,0,138.0,8,12,4,3,0,0,0,1
203,1,102.08,9,5,3,3,1,0,0,0
1,0,70.0,6,17,3,2,1,0,0,1
4,1,72.07,2,4,4,2,0,0,0,1
34,0,73.9,2,8,4,4,1,0,0,1
127,0,90.0,4,28,3,3,1,0,0,1
7,1,91.0,6,23,4,1,0,0,0,0
100,1,136.0,5,19,4,3,1,0,0,1
56,0,152.1,7,30,4,2,2,0,3,0
194,1,94.25,10,6,4,2,0,0,3,0
26,0,197.78,4,25,4,4,1,0,5,0
164,1,108.11,9,17,4,3,2,0,3,0
5,1,122.0,6,22,4,2,0,3,0,1
49,0,75.0,11,4,3,2,0,0,0,1
37,0,74.25,12,10,4,3,1,3,0,1
186,1,96.3,7,28,4,2,0,0,0,0
38,0,126.0,10,2,4,2,2,0,0,1
28,1,115.37,8,28,4,4,2,0,0,0
16,1,89.0,11,17,4,2,0,3,0,1
184,0,98.1,10,12,4,1,0,3,0,0
50,0,98.55,10,19,3,2,0,0,0,1
9,0,116.04,9,7,3,4,1,1,0,0
18,0,88.8,5,9,3,1,1,0,0,1
25,0,76.5,8,15,3,1,1,0,0,1
271,0,71.64,12,3,4,1,2,0,0,1
275,0,90.0,10,5,3,4,1,0,0,0
94,0,95.25,3,25,4,2,1,0,4,1
55,2,159.3,5,13,4,2,1,0,3,1
151,0,71.0,1,19,3,3,0,0,0,1
110,0,108.3,7,11,4,2,1,0,0,1
17,0,73.92,9,10,4,2,0,3,0,1
110,0,105.3,5,9,4,1,1,0,0,0
254,0,106.0,7,9,4,1,0,0,0,0
16,2,98.0,10,19,2,1,0,0,0,1
14,2,149.67,9,11,4,1,2,0,3,1
10,0,109.5,5,21,3,1,1,0,0,1
31,0,72.9,2,8,4,2,1,0,0,0
2,0,77.0,11,24,2,1,0,0,0,1
152,1,114.3,8,6,4,1,0,0,0,0
10,0,65.0,10,18,2,0,1,0,0,1
29,0,90.95,4,14,3,3,0,0,3,1
173,0,105.3,8,2,4,2,0,0,0,0
9,0,221.0,5,11,4,4,0,0,5,0
0,0,45.0,4,8,3,1,0,0,0,1
83,2,112.59,9,28,4,1,0,3,0,1
181,0,120.0,10,11,3,1,0,0,0,0
161,0,128.7,5,19,4,3,0,0,3,0
76,2,99.73,7,4,4,3,1,0,0,1
124,0,114.3,8,7,4,1,2,0,0,0
112,2,92.65,8,24,3,4,0,0,4,1
119,2,146.7,6,29,4,2,0,0,0,1
346,2,146.59,12,26,4,8,3,0,5,0
100,0,108.0,10,16,3,1,0,1,0,0
14,1,0.0,8,13,4,1,1,0,6,1
200,2,152.15,9,19,4,3,1,1,0,0
1,0,110.19,8,4,4,1,0,0,0,1
214,1,100.51,8,18,4,6,2,0,3,0
45,0,75.0,10,30,3,2,2,0,0,1
31,2,112.59,9,8,4,2,0,3,0,1
3,0,89.0,4,17,4,0,1,3,0,1
212,2,96.3,10,16,4,1,2,0,0,1
104,0,76.5,4,15,4,2,2,0,0,0
7,3,143.0,9,20,4,1,0,0,0,1
3,0,86.35,9,2,4,1,0,3,0,1
323,1,112.0,5,17,4,4,0,1,0,0
52,0,140.4,5,11,4,3,0,0,3,0
73,0,150.3,7,4,4,4,1,0,3,0
12,1,92.0,1,2,4,2,2,0,0,1
213,0,106.0,9,26,2,2,1,0,4,0
116,1,76.0,5,4,3,4,0,0,0,1
112,1,146.7,8,9,4,3,0,0,3,1
0,0,106.0,8,31,4,0,1,0,0,1
9,2,99.88,12,9,4,2,2,0,3,1
160,1,128.35,5,27,4,2,0,0,3,0
85,0,143.1,8,29,4,3,1,0,3,1
117,0,66.14,3,2,4,1,0,0,0,1
110,0,93.3,4,9,4,1,2,0,0,1
0,0,0.0,8,25,1,2,0,0,0,1
0,0,0.0,5,31,1,1,0,0,0,1
111,0,120.0,10,10,3,0,1,0,0,0
11,1,121.0,11,17,4,2,0,0,3,1
12,0,105.0,6,13,3,2,1,0,0,1
3,2,93.63,12,23,4,2,2,0,3,1
35,2,199.0,11,7,4,3,1,0,0,1
37,2,207.9,8,22,4,2,1,0,5,1
15,3,93.0,2,17,4,2,0,0,0,1
119,0,94.5,5,6,4,2,0,3,0,0
106,0,68.0,7,4,4,1,1,0,0,0
109,0,75.0,5,30,3,2,1,0,0,1
59,1,67.91,11,21,4,1,1,0,0,0
6,1,106.07,9,22,4,3,0,0,0,1
1,2,159.0,5,2,4,0,1,0,0,1
71,4,0.0,10,15,1,1,0,0,6,1
4,2,97.0,12,13,4,1,0,0,0,1
100,1,101.15,4,28,4,3,2,0,0,1
230,0,111.0,9,6,4,5,0,0,0,0
171,1,123.3,10,30,4,0,2,0,3,0
94,0,137.7,7,13,4,2,0,0,3,1
0,2,196.0,10,7,4,3,0,0,5,1
97,0,89.25,9,3,4,3,0,0,0,1
151,0,72.25,8,5,3,2,1,0,0,1
1,1,124.0,8,1,4,1,1,0,0,1
225,0,71.91,12,29,4,3,2,3,0,0
2,1,102.0,1,31,4,2,2,0,0,1
88,0,71.0,10,7,2,2,0,0,0,1
0,2,65.0,12,20,3,1,0,0,0,1
79,0,76.5,3,21,4,2,1,3,0,1
6,0,65.0,3,1,3,3,0,0,0,1
179,1,90.9,10,28,4,2,2,0,0,1
38,1,58.0,10,1,3,3,2,0,0,1
28,0,141.67,12,30,3,2,1,0,0,1
24,1,95.0,5,8,2,3,2,0,0,1
231,1,63.75,12,30,4,3,2,0,0,1
35,1,151.5,10,11,4,3,0,0,3,0
61,0,125.1,9,12,4,1,1,3,0,0
301,0,52.0,11,18,3,2,0,0,0,0
22,0,67.0,10,13,2,1,0,0,0,1
105,0,119.85,5,22,4,2,2,0,0,0
19,1,75.0,1,21,4,1,0,3,0,1
1,0,95.0,4,12,0,1,0,0,0,0
44,3,113.8,10,31,4,1,0,0,0,1
146,0,100.3,6,1,4,4,0,0,0,0
103,0,80.0,5,4,3,3,0,0,0,1
71,0,72.25,7,24,3,1,2,0,0,1
80,0,107.1,6,26,4,3,2,0,0,1
10,1,129.0,6,16,4,3,0,3,0,0
12,1,89.32,8,29,4,5,2,0,3,1
1,1,105.0,9,11,3,0,2,0,0,1
107,0,76.5,8,12,4,1,0,0,1,1
14,1,109.0,8,17,4,1,0,3,0,0
111,0,150.3,8,14,4,4,2,0,3,0
34,0,71.1,3,14,4,3,1,3,0,1
103,0,89.25,9,9,4,1,0,0,0,1
85,0,86.36,7,5,3,3,0,0,0,1
221,1,72.75,8,12,4,2,2,0,3,1
41,0,85.6,6,28,3,1,0,0,0,1
31,1,152.81,9,7,4,4,0,0,5,0
53,3,135.9,9,9,4,2,0,0,0,1
12,0,55.0,12,5,3,1,1,0,0,1
1,0,211.0,3,23,4,3,0,0,5,0
4,2,230.0,5,4,4,2,0,0,5,1
301,0,90.0,7,30,3,1,1,1,0,1
186,1,106.25,8,26,4,2,2,0,0,0
28,0,85.5,6,20,3,2,1,0,0,1
116,0,76.0,2,28,3,1,2,0,0,1
271,0,0.0,9,21,4,3,0,0,0,1
160,0,106.75,8,8,4,5,2,3,0,0
45,0,86.4,11,19,4,1,1,0,0,0
145,2,134.3,7,30,4,2,2,0,0,1
30,3,109.0,9,7,4,1,0,0,0,1
138,2,122.4,8,17,4,4,1,0,3,1
0,0,126.0,10,12,4,1,1,0,0,1
83,1,108.9,7,1,4,3,2,0,0,1
443,0,65.0,4,29,3,1,0,0,0,0
75,0,105.0,10,30,3,0,2,1,0,0
3,0,135.15,9,18,3,1,2,0,0,1
230,0,158.95,8,25,4,3,1,0,5,0
6,1,137.0,12,31,4,2,0,0,3,1
2,0,148.2,12,1,4,2,0,0,5,1
87,0,77.29,6,26,3,1,2,0,0,1
17,0,85.0,10,8,3,1,1,0,0,1
118,0,125.0,9,18,3,0,1,0,0,0
45,1,67.5,2,24,4,3,0,3,0,0
107,0,116.1,6,14,4,2,0,3,1,0
106,2,91.6,12,25,4,1,2,0,1,1
141,2,108.29,5,29,4,3,2,0,3,1
14,0,85.0,2,18,4,2,0,0,0,0
5,1,121.0,12,8,4,3,0,0,3,1
18,2,121.0,6,8,4,2,0,0,0,1
49,0,85.0,5,6,3,2,0,3,0,1
33,1,144.9,9,10,4,1,1,0,0,1
29,0,46.54,10,4,3,2,2,0,0,1
30,2,114.0,12,4,4,0,2,0,3,1
11,0,83.55,2,13,4,1,1,0,0,0
330,0,172.8,8,31,4,2,0,0,5,0
49,0,76.5,9,2,3,3,0,0,0,1
0,0,108.11,7,28,4,1,0,0,0,1
204,0,100.0,5,5,4,3,0,0,0,0
11,1,91.0,2,13,4,1,0,0,0,1
0,2,0.0,12,19,1,1,1,0,6,1
238,1,106.2,9,13,4,3,0,0,0,0
61,1,152.1,9,25,4,1,2,0,0,0
4,1,174.67,9,13,4,3,0,0,3,1
145,0,65.0,1,3,3,1,2,0,0,1
35,1,108.0,11,2,4,3,0,0,0,1
16,0,135.0,9,7,4,3,1,0,0,1
2,0,90.78,11,26,4,3,2,0,0,1
191,1,99.95,7,16,4,5,2,0,0,1
104,0,94.5,7,16,4,1,0,3,0,0
96,0,138.0,9,28,4,1,1,1,4,0
5,0,64.4,2,16,3,3,0,0,0,1
125,2,177.3,8,20,4,1,1,0,5,1
88,1,68.0,7,18,4,2,2,0,0,0
133,0,88.5,4,29,4,2,1,3,0,0
125,1,79.2,11,16,4,2,0,3,0,1
96,0,70.0,12,29,3,3,0,0,0,1
266,0,104.55,12,26,4,3,1,0,3,1
6,1,87.7,1,10,4,14,6,0,0,1
129,2,114.3,7,8,4,2,0,0,0,1
37,0,76.5,3,11,4,2,2,0,0,0
184,0,122.4,10,4,4,3,0,0,3,0
33,1,91.48,4,16,4,1,2,0,3,1
33,0,126.9,3,24,4,3,0,0,0,0
84,2,76.5,7,25,4,1,0,0,0,1
116,0,86.21,4,26,4,10,4,3,0,0
130,0,105.3,7,27,4,3,0,0,0,1
12,1,90.0,6,8,3,2,0,0,0,1
247,0,115.0,6,6,3,1,1,1,0,0
32,1,54.71,11,18,4,2,2,3,0,1
4,1,151.0,7,5,4,1,0,0,0,1
1,1,80.0,8,5,4,3,0,3,0,1
6,0,88.2,4,7,2,1,0,0,0,1
46,0,149.4,6,20,4,3,1,1,3,1
282,0,0.0,10,10,4,1,2,0,0,1
10,0,129.0,6,29,4,2,0,3,0,0
28,2,110.65,10,12,4,1,1,0,0,1
4,1,139.0,7,16,4,1,0,3,0,1
111,1,99.45,6,26,4,2,2,0,0,1
49,0,74.8,11,19,4,5,2,3,0,0
59,0,122.83,4,27,4,4,0,0,3,0
7,0,79.0,12,13,2,2,0,0,0,1
21,1,64.22,2,11,4,3,0,0,3,1
3,0,95.0,11,10,0,1,0,0,3,1
0,0,108.57,6,11,4,1,1,0,0,1
6,1,88.0,12,12,4,0,1,3,0,1
22,0,129.0,3,21,4,1,1,3,0,0
35,0,74.8,12,1,4,3,1,3,0,0
100,1,79.2,11,12,4,1,0,3,0,1
0,0,0.0,4,19,1,1,0,0,0,1
54,1,118.2,12,30,4,4,1,0,3,1
49,0,63.75,3,8,4,4,0,3,0,0
157,2,217.6,8,19,4,3,2,1,5,0
336,0,70.0,9,21,3,4,1,0,0,1
171,1,99.45,8,11,4,4,2,0,0,1
3,0,67.5,12,22,4,7,2,0,0,1
34,0,81.0,6,19,3,1,2,0,0,0
150,1,90.0,6,16,3,3,0,1,0,1
185,3,116.77,5,6,4,2,0,0,0,1
21,2,102.85,6,9,4,1,0,0,0,1
74,0,127.8,7,9,4,1,0,0,3,0
249,0,80.75,10,22,4,2,2,0,0,0
7,0,75.0,10,12,2,0,1,0,0,1
171,1,106.13,7,20,4,5,2,0,3,0
31,2,129.0,10,26,4,3,0,0,0,1
256,1,115.0,6,15,3,1,0,1,0,0
72,0,105.3,4,12,4,3,0,0,0,0
141,1,111.15,6,5,4,0,2,0,0,1
0,2,155.0,10,19,4,0,1,0,3,1
145,0,94.5,7,16,4,1,0,3,0,0
50,0,101.15,3,28,4,3,1,0,0,0
149,1,178.67,12,28,4,4,1,0,6,0
19,0,120.0,5,2,4,2,1,0,0,1
17,0,85.0,10,3,3,2,1,0,0,1
0,0,126.0,10,11,4,0,1,0,0,1
349,0,90.0,10,4,3,5,1,0,0,1
48,1,94.97,10,31,4,2,1,0,3,1
173,1,365.0,7,25,3,2,1,1,0,0
11,3,159.0,5,22,4,0,2,0,0,1
89,4,74.8,12,17,4,6,2,3,0,1
117,0,72.25,8,24,3,4,1,0,0,0
2,0,67.0,12,21,2,2,0,0,0,1
60,0,65.0,4,25,2,0,1,0,0,1
11,0,95.0,3,10,4,2,0,3,0,1
188,1,123.75,8,1,4,5,2,0,0,0
46,1,140.4,5,12,4,5,2,0,3,1
152,0,108.12,6,19,4,3,2,0,0,0
39,0,88.0,11,22,4,2,0,3,0,1
173,0,85.0,9,8,4,3,0,0,0,0
0,2,175.0,9,21,4,1,0,3,0,1
10,1,127.0,3,19,4,1,1,0,0,1
40,2,85.5,9,13,4,3,2,0,0,1
56,0,82.0,9,17,3,2,0,1,0,1
335,0,80.0,10,13,3,3,0,0,0,1
18,0,98.6,5,29,4,2,2,0,0,0
90,0,75.0,5,10,3,3,0,0,0,1
10,1,89.0,4,3,4,0,2,3,0,1
4,0,169.0,9,15,4,1,0,0,0,0
3,2,194.0,9,22,4,1,0,0,3,1
133,0,82.45,8,19,4,2,1,0,3,0
1,1,101.0,4,8,4,1,0,0,0,1
49,0,93.15,7,11,4,0,1,3,0,0
10,1,155.0,9,3,4,1,0,0,5,1
197,1,168.3,10,28,4,1,0,0,5,0
8,0,80.0,3,8,2,1,0,0,0,1
24,1,74.8,12,15,4,8,2,3,0,1
51,1,135.9,7,26,4,3,0,0,0,1
125,0,85.5,7,26,4,0,1,0,0,0
11,1,124.0,9,2,4,2,0,3,0,1
133,3,118.8,9,27,4,4,0,3,0,1
0,2,147.0,6,22,4,1,0,0,3,1
255,0,123.75,12,30,4,2,2,0,3,1
2,0,109.0,6,2,2,1,0,0,4,1
67,0,105.0,11,25,3,2,0,0,0,1
6,0,104.0,4,16,4,1,1,3,0,0
30,0,85.5,6,19,3,2,2,0,0,1
3,0,110.0,5,9,0,10,5,0,3,0
3,1,101.68,7,4,4,1,1,3,0,1
5,1,0.0,5,9,1,0,1,0,0,1
81,0,92.1,2,24,3,3,0,0,0,1
108,0,65.96,3,13,4,2,2,0,0,1
213,2,102.85,10,1,4,2,2,0,0,0
38,0,75.3,2,22,4,2,1,0,0,0
231,0,69.58,12,27,4,5,2,0,0,0
1,0,91.2,9,29,4,2,0,3,0,1
20,1,99.0,1,29,4,2,1,0,3,1
1,0,100.0,10,2,3,2,0,0,0,1
23,0,109.0,1,2,3,1,2,1,0,1
124,1,94.5,5,5,4,3,0,3,0,0
24,1,142.0,9,11,4,0,2,0,3,1
37,1,67.5,2,15,4,3,1,3,0,1
195,0,75.0,4,10,3,1,2,0,3,1
11,0,79.5,11,1,3,6,2,3,0,1
85,1,72.25,3,28,4,5,1,3,0,1
24,1,137.83,11,7,4,2,1,3,0,1
0,0,89.0,4,13,4,1,0,3,0,1
186,0,115.0,4,22,3,2,1,0,0,0
276,0,116.33,9,22,3,3,0,0,0,0
17,1,136.0,12,28,4,3,1,0,3,1
135,2,151.2,10,6,4,2,0,0,3,1
17,0,118.0,9,2,4,1,0,3,0,1
70,0,85.0,10,22,3,1,0,0,0,1
4,0,64.4,3,16,3,1,0,0,0,1
9,0,77.25,1,17,4,0,2,0,1,1
294,0,58.5,9,21,3,4,0,1,0,1
8,3,140.0,9,3,4,3,0,0,0,1
91,2,134.1,8,1,4,3,1,0,0,1
26,0,133.8,4,18,3,4,1,1,0,1
203,0,126.9,9,10,4,1,2,0,0,0
70,0,170.1,9,3,4,4,2,1,0,0
102,1,159.3,5,21,4,1,0,0,3,1
22,1,199.82,8,30,4,2,0,0,6,1
1,1,67.0,11,29,2,1,0,0,0,1
51,1,152.1,8,22,4,2,1,0,0,1
6,2,187.0,9,15,4,1,0,0,0,1
123,1,126.3,5,6,4,2,0,0,3,1
0,1,0.0,12,9,1,1,0,0,0,1
36,1,88.0,12,9,4,2,1,3,0,1
7,1,150.15,9,22,4,1,0,0,3,0
46,2,168.3,8,24,4,3,0,0,3,1
6,1,67.0,12,8,2,1,0,0,0,1
59,0,93.6,11,18,4,2,0,0,0,0
188,0,130.0,6,15,4,2,0,0,0,0
188,1,164.25,8,8,4,1,1,1,0,0
5,0,129.65,10,28,4,4,2,0,3,1
20,0,117.2,9,24,4,2,2,0,0,0
42,0,113.6,3,20,4,2,2,0,0,0
245,0,0.0,9,17,4,1,2,1,0,1
24,0,116.1,10,3,4,2,1,3,0,0
11,1,94.71,9,20,4,1,0,3,0,1
0,0,79.0,2,10,4,1,0,0,0,1
29,0,76.81,10,4,4,0,2,0,0,1
50,1,94.5,10,18,4,3,2,0,0,1
1,0,111.0,4,18,4,0,1,0,0,1
111,0,72.25,7,18,3,6,3,0,0,1
128,0,103.5,7,7,4,3,0,3,0,0
60,3,89.25,10,6,4,7,2,0,0,1
157,0,75.27,8,21,4,3,2,0,0,0
195,1,99.45,7,25,4,5,2,0,3,1
219,1,76.67,9,4,3,2,1,0,0,1
13,2,139.0,9,9,4,1,0,0,0,1
180,0,120.0,10,10,3,2,1,0,0,0
0,0,89.0,5,4,2,1,0,0,0,1
18,0,123.5,9,7,4,3,1,0,0,1
26,0,158.33,5,20,4,2,1,0,3,0
18,1,143.0,9,7,4,5,1,0,0,0
36,1,114.3,3,11,4,2,1,0,3,0
64,0,140.0,5,17,2,2,0,0,0,0
38,1,99.9,6,20,4,3,1,0,0,1
103,0,107.55,7,11,4,3,1,0,0,1
34,1,107.55,10,15,4,3,1,0,0,1
43,2,123.3,9,2,4,2,1,0,3,1
10,1,77.6,1,16,3,1,0,0,0,1
126,1,139.88,12,30,4,2,0,0,3,0
67,0,149.4,9,15,4,6,2,0,3,0
5,1,65.0,8,2,2,1,0,0,0,1
1,1,76.25,1,4,4,1,1,0,1,1
83,2,105.3,4,25,4,2,1,0,0,1
91,0,80.0,4,4,4,2,1,0,0,0
0,0,135.0,5,17,4,1,0,0,0,1
0,1,126.0,10,30,4,2,1,0,3,1
116,1,96.05,9,18,4,2,1,1,0,0
5,0,110.0,10,11,0,5,2,0,3,1
70,0,126.9,6,9,4,3,0,0,0,1
94,0,60.0,12,27,3,3,2,0,3,1
32,1,70.0,12,27,3,5,1,0,0,1
14,0,125.8,12,28,4,4,0,0,3,1
35,0,140.4,5,21,4,1,1,0,3,0
3,1,161.7,9,22,4,1,0,0,3,1
45,0,67.0,11,28,2,0,1,0,0,1
15,2,127.0,9,12,4,0,1,0,0,1
0,0,80.0,3,7,2,0,1,0,0,1
58,0,75.0,11,10,3,3,0,0,0,1
26,0,147.0,4,13,4,1,0,0,3,0
133,1,114.63,7,16,4,5,2,0,3,1
14,2,126.0,10,19,4,1,1,0,0,1
177,0,82.88,8,24,4,4,0,3,0,0
247,0,73.95,12,26,4,3,1,0,0,0
159,1,119.85,5,26,4,3,0,0,0,0
64,1,94.5,4,13,4,2,0,3,0,1
191,0,132.0,6,3,4,2,1,0,0,0
12,2,162.33,9,18,4,1,2,0,0,1
87,1,166.85,7,5,4,2,0,0,3,1
11,1,182.75,6,17,4,2,0,0,3,0
60,1,123.3,9,3,4,1,1,0,3,0
237,0,89.25,9,14,4,2,1,0,0,0
263,0,72.08,8,13,3,1,2,0,0,0
7,0,90.0,4,13,3,1,0,0,0,1
0,0,216.0,10,6,4,1,0,0,5,0
27,0,177.0,4,29,4,2,1,0,3,0
35,1,129.0,10,28,4,2,1,0,0,1
146,2,132.3,10,19,4,4,1,0,3,0
25,1,152.1,7,23,4,3,2,0,0,0
176,1,80.75,7,5,4,6,2,3,0,1
105,1,108.0,10,21,4,2,2,3,0,0
18,0,111.0,6,14,4,1,0,0,0,0
0,1,142.67,9,8,4,3,0,0,0,1
131,2,72.77,8,5,4,2,0,3,0,1
33,0,121.5,3,26,4,1,1,0,0,0
58,0,131.4,6,28,4,5,1,0,3,0
47,1,105.3,4,19,4,2,0,0,0,1
119,0,127.8,8,16,4,2,0,0,3,0
55,1,101.38,12,8,4,3,0,0,3,1
69,0,140.4,4,30,4,1,1,0,3,0
8,0,65.0,11,5,2,4,2,0,0,1
1,1,99.33,7,5,4,2,0,3,0,1
12,1,178.5,9,24,4,3,1,3,0,1
74,0,90.95,5,2,3,4,1,0,3,1
26,0,99.45,11,3,4,5,1,0,0,1
41,0,66.29,2,28,3,5,2,0,0,1
5,0,95.0,10,25,0,2,0,0,0,1
99,0,73.95,3,15,4,4,0,0,0,0
105,1,107.1,8,6,4,1,1,3,0,1
71,1,74.8,12,7,4,4,1,3,0,1
143,0,114.3,8,13,4,1,1,0,0,0
4,0,64.0,1,25,2,0,1,0,0,1
98,1,140.0,12,17,4,2,2,0,3,1
110,2,119.0,12,16,4,3,2,0,3,0
67,0,119.16,9,4,4,3,2,0,3,0
56,0,185.0,9,25,3,2,2,0,0,1
11,1,139.0,6,30,4,3,0,3,0,0
74,0,59.37,4,1,4,2,2,0,0,1
210,1,90.95,8,15,4,3,1,0,0,1
47,1,93.6,12,2,4,1,0,0,0,1
11,1,76.29,11,27,4,2,2,3,0,0
268,0,78.0,4,8,3,3,2,0,0,1
40,0,72.0,4,27,4,1,0,3,0,1
36,1,72.9,2,24,4,1,0,0,0,1
1,0,176.0,5,21,4,1,0,0,3,1
109,0,102.25,7,10,3,3,2,1,0,1
192,0,102.0,9,25,3,3,2,0,0,0
24,1,147.9,12,21,4,4,0,0,5,1
36,1,105.3,4,11,4,1,1,0,0,1
141,2,137.7,7,16,4,1,1,0,4,1
143,1,79.2,12,8,4,3,0,3,0,1
129,1,114.3,8,6,4,1,0,0,0,1
9,1,85.0,10,2,3,1,2,0,0,1
31,0,126.9,3,23,4,1,0,0,0,0
10,0,109.0,3,17,4,3,0,0,0,0
8,0,81.0,2,12,4,2,0,3,0,1
11,1,80.3,1,20,4,2,0,0,0,1
62,2,150.3,7,2,4,2,2,0,3,1
23,0,85.0,10,9,3,1,2,0,0,1
41,0,110.0,9,4,3,1,0,1,0,1
16,0,117.0,4,22,4,1,0,0,0,0
31,0,74.88,12,8,3,3,0,0,0,1
1,1,106.2,9,29,4,1,0,0,0,1
9,2,243.0,10,7,4,2,0,1,3,1
3,1,112.0,5,21,3,1,1,1,0,1
4,2,78.0,12,16,4,1,0,3,0,1
38,0,177.3,4,21,4,3,1,0,5,0
44,0,98.8,12,2,4,2,0,0,0,0
0,0,89.0,5,9,4,0,1,3,0,1
265,1,115.0,6,24,4,2,0,1,0,0
38,0,109.8,9,2,4,1,0,0,0,1
61,1,149.4,9,11,4,3,2,0,3,1
0,2,140.0,10,29,4,1,1,3,0,1
48,0,94.5,10,23,4,2,2,0,0,1
12,1,103.84,10,31,4,2,2,0,3,1
7,0,195.7,9,29,4,1,0,0,0,1
160,0,94.5,8,4,4,2,0,3,0,0
1,0,70.0,2,28,4,2,2,0,0,0
82,0,67.83,7,24,4,4,2,3,0,1
9,1,125.27,8,14,4,1,2,0,0,1
85,0,165.3,8,22,4,5,1,0,3,1
0,0,148.67,9,7,4,2,1,0,0,1
38,0,125.1,9,18,4,0,2,3,0,0
2,1,0.0,9,10,1,1,0,0,0,1
41,0,80.75,9,18,3,2,2,0,0,1
0,0,139.0,8,20,4,1,0,3,0,1
130,2,139.5,9,29,4,3,0,0,3,1
66,0,92.7,9,7,4,1,0,0,0,0
274,1,99.45,10,19,4,4,0,0,3,0
131,0,92.25,8,22,4,3,1,3,0,0
13,0,235.94,10,7,4,3,2,0,6,0
62,0,106.65,6,19,4,2,2,0,0,0
2,0,75.0,1,6,2,1,0,0,0,1
239,3,101.58,10,29,4,2,2,0,3,1
10,0,97.0,3,11,4,2,1,3,0,1
58,0,90.0,1,27,3,3,0,0,0,1
23,1,90.95,11,4,4,4,0,0,0,1
6,0,162.33,9,18,4,1,2,0,0,0
86,1,65.0,5,20,3,2,1,0,0,1
37,2,100.1,3,5,4,1,0,0,0,1
16,0,77.25,1,18,4,3,1,0,1,1
58,0,79.2,11,3,4,3,0,3,0,0
26,2,148.0,5,22,4,0,2,0,0,1
190,2,103.5,8,8,4,2,1,3,0,0
283,2,110.7,12,23,4,2,1,0,3,1
73,1,67.5,3,17,4,1,0,3,0,1
213,0,78.3,12,27,4,3,0,0,0,1
110,0,94.5,7,25,3,1,2,1,0,1
103,0,115.0,4,19,4,2,0,0,0,0
45,0,76.5,7,5,3,1,0,0,0,1
69,3,139.5,7,16,4,2,2,0,3,1
2,0,91.0,10,9,3,1,0,1,0,1
174,1,130.0,7,25,3,2,1,0,0,0
180,2,82.08,8,15,4,5,2,0,3,1
12,0,171.0,2,3,4,2,0,0,5,0
7,0,169.17,3,7,4,5,1,1,0,0
92,2,72.25,11,10,4,4,0,0,0,0
1,1,149.0,9,5,4,1,1,3,0,1
1,0,60.0,8,5,2,3,0,0,0,0
38,0,159.6,8,22,4,6,3,0,3,1
11,1,0.0,12,11,1,2,0,0,3,1
3,0,70.0,12,19,4,0,1,0,0,1
12,0,0.0,8,17,1,1,0,0,0,1
54,0,88.2,3,18,4,2,1,3,0,0
5,1,156.0,5,2,4,3,1,0,3,1
19,1,86.75,12,26,4,1,1,0,1,1
25,1,80.85,10,4,4,1,2,0,0,1
32,0,130.5,9,9,4,2,0,0,0,0
0,1,65.0,5,17,2,3,0,0,0,1
18,1,73.92,9,15,4,3,0,3,0,1
213,0,90.95,9,4,3,1,2,0,3,1
26,1,114.0,12,4,4,4,2,0,3,1
338,1,90.67,10,7,3,2,1,0,0,1
137,1,85.16,11,28,4,4,1,0,1,0
48,0,85.5,9,11,3,0,2,0,0,1
16,1,123.33,10,1,4,3,0,0,3,1
0,2,0.0,7,29,1,1,0,0,4,1
65,1,177.3,4,12,4,3,0,0,5,0
129,0,132.88,7,26,4,5,1,0,3,0
8,1,87.78,9,8,4,3,0,0,3,1
14,0,125.2,4,7,4,3,2,0,3,0
8,0,83.0,11,4,4,1,0,0,0,1
128,1,80.75,5,4,3,3,0,0,0,1
74,0,72.25,8,29,3,4,1,3,0,1
211,2,121.55,8,22,4,4,1,0,3,0
51,0,123.3,8,29,4,5,2,0,3,1
15,1,75.0,12,10,2,2,0,0,0,1
3,0,75.0,12,19,4,1,0,3,0,1
168,1,81.2,4,21,3,3,2,0,0,1
18,1,0.0,11,7,4,0,0,0,0,1
95,1,95.2,4,26,4,4,0,0,0,1
19,1,116.0,8,30,4,2,0,0,0,0
195,0,98.1,9,3,4,1,1,3,0,0
245,0,80.75,9,28,3,4,0,0,0,1
9,0,79.0,2,21,4,1,2,3,0,0
19,0,69.0,12,5,4,1,2,0,0,1
1,0,90.0,3,8,4,1,0,3,0,1
46,0,125.55,10,6,4,3,0,0,3,0
18,0,99.0,6,12,4,0,2,3,0,0
108,0,92.4,5,4,4,3,0,0,0,1
40,0,139.5,10,5,4,2,0,0,3,0
9,0,111.0,11,25,4,1,0,0,0,1
12,0,75.0,10,5,3,2,1,0,3,1
19,0,85.5,10,7,2,1,0,0,0,1
40,1,72.76,10,14,4,2,0,0,0,1
0,1,0.0,6,9,4,1,0,3,0,1
84,0,132.6,5,24,4,4,0,0,3,0
186,0,64.56,11,24,4,3,0,0,0,0
63,1,63.75,3,10,4,3,1,3,0,1
1,0,12.0,8,7,4,0,1,0,0,1
38,0,71.1,3,14,4,3,1,3,0,1
55,0,137.7,4,12,4,1,0,0,3,0
195,1,121.5,8,17,4,3,0,0,0,0
11,0,94.5,8,15,3,1,2,1,0,1
31,0,126.0,9,27,4,1,0,0,0,1
80,2,72.25,11,20,4,2,0,0,0,1
1,0,121.0,9,23,3,1,0,3,0,1
0,0,106.67,8,22,4,1,2,0,0,1
17,0,166.0,7,9,4,1,1,0,3,0
280,0,100.0,9,19,3,2,1,0,0,0
263,0,100.3,9,29,4,4,2,0,0,0
28,0,98.2,9,5,4,3,1,0,0,1
161,0,130.0,3,25,3,2,1,1,1,0
42,0,134.98,4,24,4,3,2,0,3,0
90,0,46.66,7,20,4,1,1,3,0,1
33,1,154.8,3,25,4,2,2,0,3,1
239,1,96.3,10,28,4,2,0,0,0,0
18,1,78.5,1,30,4,1,0,3,0,1
68,0,118.8,4,10,4,0,2,0,3,0
7,1,86.0,2,4,4,1,0,0,0,1
4,0,97.41,8,2,4,1,0,3,0,1
0,1,79.0,11,12,4,1,0,0,0,1
116,2,135.0,12,22,4,3,0,0,3,1
184,3,139.05,8,16,4,4,0,0,3,1
104,0,75.0,12,3,3,3,0,0,0,1
30,1,117.9,5,23,4,1,1,0,0,1
51,1,75.95,3,7,4,3,1,0,0,1
72,0,108.11,6,1,4,3,0,0,3,1
1,1,75.0,6,17,3,2,1,0,0,1
275,0,90.0,10,5,4,4,1,0,0,0
163,1,99.45,6,29,4,4,0,0,3,1
78,0,82.45,3,31,4,3,2,0,0,1
198,1,90.95,7,18,4,3,1,0,0,1
199,1,65.45,3,18,4,2,1,0,0,1
17,1,151.0,6,30,4,3,0,0,0,0
76,3,168.3,9,15,4,3,0,0,3,1
122,0,40.5,4,15,3,2,0,0,0,1
41,0,70.33,3,13,2,1,2,0,0,1
100,0,136.0,5,19,4,3,1,0,0,1
8,0,79.0,12,14,2,1,0,0,0,1
20,0,95.0,9,18,3,1,2,0,0,1
197,0,113.4,12,21,3,4,1,1,0,1
13,0,86.0,2,3,2,4,0,0,4,1
70,0,99.3,4,17,4,1,2,0,0,1
172,1,108.3,7,22,4,2,1,0,0,0
4,1,0.0,8,23,1,1,2,0,0,1
40,0,75.6,10,19,3,2,1,0,0,0
28,1,122.0,9,1,4,2,0,0,0,0
1,0,162.0,8,11,4,2,0,3,5,1
37,1,80.3,2,10,4,4,1,0,0,1
142,0,85.5,7,1,4,2,0,3,0,0
4,2,90.78,12,31,4,7,2,3,0,1
15,2,225.2,7,26,4,3,0,0,6,1
59,1,81.3,3,17,4,3,0,3,0,1
50,2,144.0,10,5,4,2,0,0,0,1
131,1,105.74,6,17,4,3,2,0,0,1
290,1,72.0,6,17,3,2,1,0,0,1
91,0,198.9,5,13,4,2,1,0,5,0
208,1,96.3,9,1,4,1,0,0,0,0
72,0,78.0,3,19,4,1,0,0,1,0
282,0,76.67,10,10,3,1,2,0,0,1
60,0,130.48,4,25,4,3,1,0,3,1
7,0,68.0,6,27,3,3,1,0,0,1
189,1,90.95,7,30,4,3,2,0,0,1
58,1,90.9,3,31,4,3,0,0,0,0
101,0,84.58,7,11,3,2,1,0,0,1
62,1,109.8,9,1,4,3,0,0,0,1
130,1,76.5,8,1,4,1,2,0,0,0
73,1,76.5,4,3,4,1,2,3,0,1
49,0,43.5,3,28,3,3,1,0,0,1
2,1,85.03,2,11,4,3,0,0,1,0
41,0,116.1,5,9,4,3,1,3,0,0
120,2,132.3,10,13,4,3,0,0,3,1
1,0,107.0,10,18,3,1,0,0,3,1
31,3,157.5,10,7,4,1,0,0,3,1
0,0,62.73,5,16,4,0,1,3,0,1
121,1,65.45,11,16,4,4,2,0,0,1
16,0,165.67,3,25,4,2,1,0,0,0
111,1,159.3,5,20,4,2,0,0,3,0
195,0,174.3,8,26,4,2,1,0,5,0
93,1,80.75,9,21,4,2,1,0,0,1
5,0,65.0,8,18,2,2,0,0,0,1
5,1,107.5,12,10,4,1,1,0,0,1
155,0,130.5,8,16,4,2,0,0,0,0
24,0,79.0,2,20,4,1,0,3,0,0
48,1,40.67,3,6,3,1,2,0,0,1
41,0,65.0,12,27,3,1,0,0,0,1
22,0,75.0,11,6,3,2,0,0,0,1
10,0,156.5,9,3,4,2,2,0,3,0
60,2,135.9,8,8,4,3,1,0,0,1
41,1,65.0,12,27,3,1,0,0,0,1
51,0,65.0,5,22,2,0,1,0,0,1
36,0,112.0,10,13,3,3,0,1,0,1
3,0,6.0,9,19,4,2,2,0,0,1
54,1,96.0,11,11,4,2,1,0,0,1
433,0,70.0,9,8,4,3,0,0,0,0
102,0,80.0,10,16,4,2,0,1,0,0
34,0,99.9,4,12,3,1,0,0,0,1
8,0,142.67,12,29,4,3,0,0,3,1
5,1,84.0,3,28,4,1,1,3,0,1
56,0,75.0,11,14,3,2,1,0,0,1
249,0,89.75,10,14,3,6,2,0,0,1
102,1,132.6,5,5,4,3,1,0,3,1
48,1,149.4,8,24,4,4,0,0,3,1
93,1,89.25,10,7,4,4,0,0,0,1
131,2,137.7,8,26,4,2,1,0,3,1
69,1,161.9,5,18,4,2,0,0,0,1
124,2,143.7,8,5,4,2,1,0,3,1
19,1,58.45,11,14,4,3,1,0,0,1
250,0,90.95,10,28,4,2,2,0,0,0
0,0,95.0,9,16,3,2,0,0,0,1
23,0,80.0,3,16,3,1,0,0,0,1
5,0,106.0,5,4,2,2,0,0,4,1
61,1,72.24,10,26,3,1,1,0,0,1
63,0,159.3,6,11,4,1,0,0,3,0
179,1,80.1,10,26,4,4,0,3,0,1
58,1,66.53,10,30,4,2,0,3,0,1
5,0,66.0,2,3,2,1,0,0,0,1
102,2,86.4,12,6,4,2,0,0,0,0
106,1,96.3,3,24,4,3,0,0,0,0
108,0,67.15,4,28,4,1,0,0,0,1
76,1,76.5,7,7,4,3,0,0,0,0
99,0,150.3,8,24,4,4,0,0,3,0
119,0,120.0,6,7,3,3,0,0,0,1
98,1,78.35,8,14,4,2,2,3,0,1
6,3,159.0,9,22,4,1,0,3,0,1
21,0,76.0,11,5,4,2,0,0,0,1
105,0,99.28,8,7,3,0,1,0,3,0
134,1,63.75,8,20,3,1,0,0,0,1
70,0,89.25,4,14,4,3,1,3,0,0
12,0,65.0,8,5,2,3,0,0,0,1
5,1,89.0,5,29,4,0,1,3,0,1
64,0,92.48,9,14,3,4,1,0,0,1
95,1,131.4,8,25,4,3,0,0,3,1
26,1,119.0,10,19,4,3,0,3,0,1
61,1,120.7,11,21,4,3,1,1,0,1
81,0,90.9,6,23,4,1,0,0,0,0
15,1,85.85,11,12,4,2,2,0,0,1
160,0,94.5,7,25,4,2,1,3,0,0
14,2,127.0,3,17,4,3,0,0,0,1
0,1,97.0,8,19,4,2,0,3,0,1
15,2,90.0,12,27,3,1,0,0,0,1
3,0,110.0,10,27,0,2,0,0,3,1
12,1,127.0,2,26,4,2,0,0,3,0
76,1,79.2,11,27,4,0,2,3,0,0
79,0,126.9,5,2,4,2,1,0,0,1
4,0,151.5,10,7,4,2,0,0,0,1
101,1,165.6,12,8,4,3,0,0,5,1
11,2,141.95,6,1,4,2,0,0,3,1
5,0,98.0,1,23,4,1,0,0,0,1
31,0,116.55,10,3,4,1,1,3,0,1
116,0,87.0,2,28,3,1,2,0,0,1
4,0,99.0,3,11,2,1,0,0,0,1
247,0,90.0,6,6,3,1,1,1,0,1
56,1,125.1,7,27,4,1,0,3,0,1
5,0,135.5,9,19,4,1,1,0,0,1
38,1,120.7,12,21,4,4,1,1,0,1
29,3,143.03,10,3,4,2,1,0,0,1
4,1,160.0,10,3,4,2,1,0,0,1
77,0,98.41,6,28,4,1,0,0,3,0
42,0,116.1,4,30,4,1,2,3,0,0
32,0,58.0,1,25,3,2,1,0,0,1
82,0,124.6,7,24,4,1,2,0,0,0
192,0,110.0,6,24,3,2,0,0,0,0
32,2,208.66,5,26,4,3,1,0,6,1
196,0,139.5,8,21,4,0,2,1,0,0
39,0,149.4,9,15,4,2,0,0,3,0
37,1,90.95,11,11,4,4,0,0,0,1
182,0,98.1,10,12,4,1,0,3,0,0
5,1,110.0,5,24,2,2,0,0,0,1
0,2,0.0,3,17,1,1,0,0,3,1
0,1,84.7,10,25,4,1,0,3,0,0
35,0,153.3,5,27,4,2,1,0,3,0
85,2,89.7,11,14,4,3,1,0,0,1
144,1,99.45,7,23,4,5,2,0,0,0
59,0,81.0,1,28,3,1,0,0,0,1
118,0,110.0,6,6,3,2,1,0,0,1
15,1,87.33,12,27,3,5,1,0,3,1
204,0,72.75,10,9,3,2,2,0,0,1
87,2,181.16,7,9,4,5,2,0,5,1
7,1,111.4,11,6,4,4,2,0,0,1
6,3,111.67,10,16,4,1,2,3,0,1
36,0,85.05,12,6,3,3,0,0,0,1
33,2,207.9,9,10,4,2,2,0,5,1
80,0,136.0,10,9,3,2,0,1,3,1
173,2,114.75,7,31,4,2,2,0,0,0
177,1,99.45,7,31,4,2,2,0,0,1
22,0,221.0,6,16,4,3,0,0,5,0
18,1,120.0,11,1,4,2,0,0,0,1
3,1,65.0,11,13,2,1,2,0,0,1
30,0,85.0,12,3,2,1,0,0,0,1
5,0,64.8,12,1,3,3,0,0,0,1
47,2,91.8,11,1,4,4,0,0,0,1
71,1,101.87,10,21,4,2,1,0,3,1
172,1,90.95,9,18,3,1,2,0,3,1
292,1,81.82,10,23,4,4,2,0,1,1
61,0,102.0,3,21,4,3,1,0,3,1
54,3,139.5,10,13,4,3,0,0,3,1
35,1,104.85,10,17,4,1,1,0,0,1
111,2,198.9,5,27,4,2,1,0,5,1
20,1,110.15,5,29,4,3,2,0,0,1
61,0,73.0,10,4,3,0,2,0,0,1
96,1,84.58,4,17,4,2,2,0,0,1
98,0,105.0,5,16,3,2,1,1,0,1
28,0,101.78,2,5,4,7,2,0,3,0
72,0,126.64,10,31,4,5,2,0,3,0
5,0,100.0,6,14,2,3,0,0,0,0
8,1,67.5,11,26,4,3,0,0,0,1
82,1,107.1,8,14,4,2,2,3,0,0
6,0,65.0,12,8,2,2,0,0,0,1
56,1,103.28,3,28,3,3,1,0,3,1
3,1,98.56,8,22,4,3,1,3,0,1
0,0,95.0,3,23,4,1,0,0,0,1
64,1,117.9,6,19,4,1,2,0,0,1
24,0,85.5,9,26,3,0,1,0,0,1
124,0,87.55,4,14,4,3,1,0,0,0
160,0,130.05,8,1,4,4,1,0,3,0
5,0,174.0,11,28,4,0,1,0,5,1
47,1,114.33,4,12,4,4,0,0,3,1
1,0,46.0,1,30,3,1,0,0,3,1
133,0,80.0,4,14,3,3,0,0,0,1
215,0,106.25,10,9,4,3,2,0,0,0
96,0,94.5,7,11,3,1,2,1,0,1
113,1,108.0,10,13,4,1,0,3,0,0
10,1,140.0,4,22,4,2,0,0,0,1
0,0,75.0,8,11,4,1,0,0,0,1
0,0,141.0,5,24,4,1,0,0,0,1
58,0,81.0,1,27,3,3,0,0,0,1
31,0,75.0,9,16,4,2,1,0,0,0
35,0,67.5,2,12,4,2,0,3,0,0
228,0,93.3,10,30,4,1,2,0,0,0
165,0,94.5,7,8,4,2,0,3,0,0
0,1,0.0,9,5,1,2,1,0,5,1
61,0,91.0,10,4,3,0,2,0,0,1
336,0,81.88,9,21,3,6,2,0,0,1
41,1,107.41,10,5,4,2,0,0,3,1
47,1,94.5,9,23,4,2,0,0,0,1
7,1,89.59,11,27,4,3,2,0,0,1
5,0,158.0,10,3,4,1,1,0,0,1
18,0,64.0,2,12,3,2,1,0,0,1
0,0,65.0,9,7,2,2,1,0,0,1
230,1,76.85,7,29,4,2,1,0,1,1
68,1,99.45,3,20,4,3,2,0,3,1
127,0,53.25,4,18,4,3,1,3,0,1
56,1,98.4,12,27,4,3,0,3,0,1
25,0,78.3,1,29,4,2,0,0,0,0
82,0,95.0,9,6,3,5,1,0,0,1
18,0,80.0,12,11,3,0,1,0,0,1
154,1,90.95,6,27,4,3,1,0,0,1
77,1,99.9,10,30,4,0,2,0,0,1
178,0,112.01,9,2,4,5,2,0,1,0
157,0,84.24,5,19,4,1,0,0,0,0
86,1,109.8,11,30,4,2,0,0,0,0
3,0,85.0,10,15,3,3,0,0,3,1
35,2,137.7,4,18,4,1,1,0,3,1
128,1,118.8,9,2,4,2,1,3,0,1
38,0,75.8,2,21,3,2,2,0,3,1
135,0,99.45,7,24,4,3,2,0,0,0
188,0,105.3,8,13,4,1,1,0,0,0
8,3,87.98,12,22,4,3,1,0,0,1
25,1,81.0,12,12,2,1,0,0,0,1
0,1,85.92,8,19,4,9,4,3,0,1
3,0,162.0,8,10,4,1,1,0,5,1
38,0,60.0,1,10,3,3,2,0,0,1
54,2,79.2,11,11,4,2,1,3,0,1
386,1,90.0,10,23,4,0,2,1,0,0
7,0,125.8,12,29,4,2,0,0,3,1
178,0,128.7,8,25,4,1,0,0,0,0
19,0,58.0,12,26,3,1,2,0,0,1
151,2,91.48,10,6,4,3,2,0,0,1
103,0,146.7,8,1,4,4,1,0,3,1
205,0,143.1,9,6,4,1,0,0,0,0
44,1,60.0,11,11,3,3,0,0,3,1
305,0,89.0,11,4,4,2,1,0,0,0
117,1,105.74,6,17,4,3,2,3,0,1
3,0,185.57,4,7,4,2,0,0,6,1
186,2,102.6,9,30,4,2,2,3,0,0
31,1,127.94,11,5,4,3,2,0,3,0
48,0,175.0,9,14,3,2,0,0,4,1
147,0,97.75,8,8,4,3,1,3,0,0
40,0,88.2,3,20,4,0,1,3,0,1
90,1,72.25,12,4,4,2,2,0,0,1
0,0,77.5,1,7,4,1,0,3,0,1
43,0,118.0,12,31,3,3,0,0,0,1
58,0,120.0,4,28,4,3,0,0,0,0
181,2,90.9,10,28,4,2,0,0,0,0
5,0,95.0,8,23,2,3,0,0,3,1
31,2,135.9,9,8,4,2,0,0,0,1
16,1,86.0,2,21,4,0,1,0,0,1
14,2,105.0,9,1,4,1,0,0,0,1
47,0,80.75,10,16,3,2,2,0,0,1
4,0,65.0,5,10,2,1,0,0,0,1
9,2,130.0,2,6,4,1,2,0,3,1
4,0,0.0,2,23,4,2,0,0,0,1
1,0,139.33,10,9,4,2,1,0,0,1
140,3,128.7,7,2,4,1,1,0,3,1
152,0,96.3,8,25,4,3,2,0,0,0
11,1,90.0,4,10,2,0,1,0,3,1
5,0,84.8,12,28,4,1,0,0,0,1
42,0,94.5,4,11,4,1,1,3,0,1
7,2,0.0,2,26,1,2,0,0,3,1
155,2,143.07,8,26,4,2,0,0,5,0
8,0,85.0,10,20,3,5,1,0,3,1
83,1,106.38,10,31,4,4,1,0,0,1
180,2,54.75,11,13,4,0,1,3,0,1
24,1,104.0,12,15,4,3,0,0,0,1
3,0,142.33,6,14,4,3,0,0,0,1
271,1,101.33,9,21,3,3,0,0,0,0
141,1,111.68,7,3,4,5,2,0,0,1
56,0,68.64,3,15,4,4,0,3,0,0
138,1,97.33,7,3,4,2,2,0,0,0
90,0,135.9,8,27,4,1,0,0,0,0
96,0,99.45,3,24,4,3,1,0,3,1
9,1,106.26,5,17,4,1,0,0,0,1
57,2,137.7,4,21,4,3,0,0,3,1
1,0,120.0,4,12,3,5,0,1,0,1
81,0,134.1,8,12,4,2,1,0,0,0
60,0,49.5,9,21,3,1,1,0,0,1
320,1,115.0,8,18,4,2,0,1,0,0
32,0,85.5,10,9,3,1,2,0,0,1
85,1,90.9,10,30,4,0,2,0,0,0
74,0,75.0,12,9,3,2,0,0,0,1
144,1,112.8,8,23,4,5,1,0,3,1
10,0,43.5,11,14,3,2,2,0,0,1
28,0,94.05,8,30,4,4,0,3,0,0
125,1,128.69,6,17,4,3,2,0,3,1
54,1,96.0,11,11,4,2,1,0,0,0
50,2,157.9,7,20,4,2,0,0,3,1
60,0,71.4,9,12,4,2,2,0,0,1
37,0,37.33,11,6,4,2,1,0,0,0
3,0,110.0,5,1,0,6,4,0,3,0
32,0,95.0,10,10,2,0,1,0,0,1
92,2,135.15,5,15,4,2,2,0,0,1
55,0,79.0,7,7,2,1,0,0,0,0
72,1,68.4,3,14,4,3,1,3,0,0
0,1,0.0,12,7,1,0,1,0,0,1
46,0,85.0,3,21,3,3,1,0,0,1
0,0,84.0,3,2,3,1,0,3,0,1
0,0,138.0,8,13,4,1,0,0,0,1
117,0,150.45,6,16,4,3,1,0,3,0
153,0,189.9,6,12,4,1,2,0,5,0
1,1,98.0,8,7,4,0,1,3,0,1
30,0,88.4,3,4,4,2,0,0,0,1
13,3,76.5,12,6,3,0,2,0,0,1
3,1,118.0,6,8,4,2,0,3,0,1
18,1,159.0,9,23,4,1,0,0,0,0
13,2,153.0,8,27,4,1,0,0,5,1
0,0,120.0,6,3,4,1,0,0,0,1
4,1,67.0,10,3,2,0,1,0,0,1
101,0,123.3,7,22,4,2,0,0,3,0
129,0,120.6,7,31,4,3,2,0,3,0
58,1,76.92,6,5,4,0,1,0,0,1
44,1,207.9,9,15,4,3,0,0,5,1
338,0,80.0,10,7,4,2,1,0,0,0
79,0,120.6,6,16,4,4,2,3,0,1
110,0,70.0,12,9,3,4,0,0,0,1
37,0,131.4,6,4,4,1,1,0,3,0
75,0,131.4,7,1,4,2,1,0,3,0
309,0,65.0,5,13,3,2,1,0,0,1
94,0,146.7,6,30,4,2,0,0,3,0
198,3,116.1,9,15,4,1,0,3,0,1
220,0,95.62,8,11,4,1,0,0,1,0
57,2,115.04,9,21,4,1,0,0,3,1
107,1,95.2,4,15,4,2,2,0,3,1
73,1,100.0,9,15,2,1,0,3,0,0
24,1,108.5,4,11,4,3,1,0,0,1
0,0,115.0,7,31,4,0,1,0,3,1
141,1,163.8,9,23,4,2,0,0,3,1
45,0,128.4,6,8,4,3,0,0,3,1
14,0,62.5,5,27,3,1,0,0,0,1
7,0,59.14,12,23,4,5,2,3,0,1
48,1,6.0,10,19,4,3,1,0,1,1
71,0,198.9,4,29,4,2,1,0,5,0
136,1,138.76,12,26,4,3,1,1,3,0
74,1,109.28,6,16,4,3,0,0,3,1
37,1,95.4,3,14,4,3,1,0,3,0
23,2,87.0,1,7,4,3,1,0,0,1
34,0,111.96,10,26,3,4,1,1,1,1
18,2,119.1,12,31,4,1,2,3,0,1
40,0,115.2,9,5,4,4,1,0,4,1
67,1,57.83,3,5,4,1,1,0,0,1
51,0,126.36,5,28,4,1,1,0,3,0
44,0,121.61,4,30,4,2,2,0,0,1
3,1,133.0,9,7,4,0,1,0,0,1
74,1,134.31,12,25,4,1,2,0,6,1
49,2,118.8,10,3,4,3,1,0,0,1
32,0,152.3,2,8,4,4,1,0,5,1
75,0,168.3,8,13,4,1,2,0,3,0
61,3,155.52,11,6,4,3,2,0,0,1
38,1,108.0,11,4,4,1,0,0,0,1
157,1,132.9,6,14,4,3,0,0,3,0
28,1,104.0,9,26,4,0,1,3,0,1
50,1,108.0,10,19,4,1,0,3,0,0
41,0,99.0,9,2,4,1,0,3,0,1
225,0,67.5,11,25,4,1,0,3,0,0
5,0,101.0,4,5,0,3,0,0,0,1
7,0,119.0,3,30,4,1,0,0,0,1
3,1,109.73,11,4,4,2,0,0,0,1
130,2,139.5,9,29,4,3,0,0,3,0
97,2,168.3,9,27,4,3,0,0,3,0
94,2,135.9,9,11,4,1,2,0,0,1
30,0,68.71,11,12,4,2,2,0,0,0
1,0,65.0,3,29,2,1,0,0,0,1
49,1,94.51,12,7,4,4,0,1,3,1
96,0,112.01,5,22,4,2,2,0,1,0
132,0,114.75,7,14,4,4,2,0,0,0
2,0,107.0,11,18,4,2,0,0,0,1
35,1,89.3,2,11,4,3,0,0,3,1
31,1,95.0,5,15,2,4,2,0,0,1
219,0,102.85,10,3,4,3,1,0,0,0
178,1,92.94,6,27,4,3,1,0,0,1
19,1,68.0,11,13,3,4,2,0,0,1
290,0,73.95,12,1,4,3,1,0,0,0
220,1,143.1,9,3,4,1,1,0,0,0
315,0,160.0,9,30,3,2,1,1,0,0
3,0,89.0,4,17,4,1,2,3,0,0
33,0,62.0,1,25,2,1,1,0,0,0
42,0,85.0,7,19,3,3,0,0,0,1
149,0,92.03,7,28,3,3,0,0,3,1
96,0,63.75,8,27,3,1,2,3,0,1
57,2,112.2,11,11,4,2,1,0,0,1
1,1,184.0,9,13,2,1,0,0,0,1
1,2,206.0,5,20,4,1,0,0,3,1
259,2,140.43,12,28,4,4,1,0,0,1
229,0,80.75,10,22,4,2,2,0,0,0
2,0,65.0,8,26,2,1,0,0,0,1
75,0,78.15,3,21,4,1,1,0,1,1
1,0,221.0,6,3,4,1,0,0,5,0
109,2,80.75,4,25,4,4,1,3,0,1
16,1,169.6,11,6,4,3,2,0,0,1
6,0,106.4,9,12,4,0,1,0,0,1
161,0,130.05,12,26,4,3,1,1,3,1
4,1,131.75,11,3,4,3,1,0,0,1
114,0,75.0,7,1,3,2,1,0,0,0
116,1,137.7,7,28,4,1,0,0,3,1
38,0,81.0,6,19,3,1,2,0,0,0
141,0,77.62,8,22,4,2,1,0,0,1
21,0,91.0,2,6,4,1,0,0,0,0
2,2,142.0,12,1,4,2,0,1,0,1
207,1,99.45,8,23,4,4,0,0,0,0
7,2,241.0,5,25,4,2,0,0,5,1
122,2,198.9,8,25,4,3,0,0,5,1
0,0,58.0,12,27,3,1,2,0,0,1
60,0,198.9,5,14,4,1,1,0,5,0
1,3,109.0,2,11,4,3,0,0,0,1
2,2,164.5,10,9,4,2,0,0,3,1
124,0,87.95,5,30,4,5,2,3,0,1
119,2,129.96,10,16,4,3,2,0,3,1
75,0,82.45,3,28,4,3,1,0,0,1
54,2,93.6,12,5,4,1,1,0,0,1
13,1,129.0,8,23,4,2,0,3,0,0
235,0,106.25,10,27,4,3,1,0,0,0
88,0,96.0,5,3,3,3,0,1,0,1
47,1,71.1,3,11,4,2,1,3,0,1
47,2,159.75,10,25,3,4,2,1,0,1
16,1,103.36,9,27,4,3,0,3,0,1
221,1,96.0,8,12,3,1,0,1,0,1
120,0,74.8,11,27,4,5,2,3,0,0
4,2,97.0,1,2,4,1,1,0,0,1
3,0,110.0,10,19,3,3,1,0,0,1
62,1,63.49,3,13,4,2,2,0,3,1
4,2,61.5,12,26,3,2,2,3,0,1
31,0,107.1,6,20,4,1,1,0,3,0
210,1,90.9,8,18,4,1,0,0,0,0
33,0,138.0,10,9,4,1,2,0,0,0
64,1,214.2,4,17,4,3,2,1,5,1
16,0,97.5,8,31,4,1,1,0,0,1
98,1,95.0,5,3,3,4,0,0,0,1
3,2,113.0,6,26,4,0,2,3,0,1
88,0,180.63,4,28,4,3,1,0,5,0
177,0,90.9,10,30,3,1,2,0,0,1
27,0,105.49,4,20,4,2,0,0,3,0
0,1,0.0,11,26,1,1,0,0,0,1
24,3,89.0,9,12,4,0,1,3,0,1
80,0,151.2,10,21,4,2,2,0,3,1
5,2,166.5,12,2,4,2,0,0,3,1
36,2,102.6,10,13,4,1,0,3,0,1
1,1,12.0,10,10,3,1,1,0,0,1
4,0,110.0,9,11,0,1,2,0,3,1
93,1,150.56,10,22,4,5,2,1,3,0
32,1,130.5,7,25,4,2,1,0,0,0
97,1,110.5,4,25,4,3,1,3,0,1
129,0,114.3,8,6,4,4,2,0,0,0
17,2,138.0,9,4,4,0,1,0,0,1
64,0,139.5,7,12,4,4,0,0,3,0
177,2,104.4,10,29,4,1,2,0,3,0
12,0,106.25,5,31,4,1,0,0,0,1
2,0,110.0,4,20,0,2,0,0,3,1
78,0,100.0,5,19,3,3,1,0,0,1
130,2,90.0,11,25,4,2,0,0,0,1
0,0,121.33,9,3,4,3,0,3,3,1
53,0,116.1,5,6,4,2,0,3,0,0
256,1,72.25,8,26,3,2,0,0,0,1
41,0,85.0,10,24,3,3,1,0,0,1
21,1,91.25,8,31,4,3,1,0,0,0
159,2,94.25,9,28,4,2,0,0,0,0
6,0,88.0,12,1,4,1,0,3,0,1
179,2,126.9,9,24,4,1,2,0,0,0
45,2,90.64,10,31,4,5,2,0,3,1
1,1,88.0,2,25,4,1,0,3,0,1
7,0,174.0,4,21,4,3,0,1,3,1
78,1,120.28,5,23,4,3,1,3,0,1
80,0,75.0,12,3,3,1,2,0,0,1
92,1,81.9,4,4,4,1,1,0,0,0
101,0,95.88,6,17,3,2,0,0,0,0
1,0,0.0,8,20,1,1,0,0,0,1
47,0,131.4,6,4,4,1,1,0,3,0
162,0,86.82,7,14,4,5,2,3,0,0
97,0,112.01,5,22,4,2,2,0,1,0
22,3,109.1,11,18,4,2,0,0,1,1
55,1,118.33,4,6,4,3,0,0,0,0
155,0,91.38,7,31,4,2,2,3,0,0
87,0,96.3,4,14,4,3,0,0,0,0
92,0,70.0,10,7,3,4,0,0,0,1
111,1,73.74,4,1,4,4,2,0,1,1
16,0,107.0,8,28,3,3,2,0,3,1
200,0,72.25,7,15,3,2,1,0,0,1
5,0,0.0,10,21,4,1,0,0,0,1
46,0,124.46,8,28,4,5,2,0,3,1
174,1,85.5,6,29,4,3,0,3,0,1
94,0,117.9,8,23,4,2,0,0,0,0
25,1,81.86,3,8,4,5,2,3,0,0
53,1,96.3,2,28,4,0,2,0,3,0
5,0,76.58,11,10,4,4,0,0,3,1
54,1,89.46,3,17,4,3,1,0,0,0
74,0,58.0,2,15,3,2,1,0,0,1
2,0,95.0,11,25,4,2,0,3,0,1
75,0,74.68,3,19,4,5,2,0,0,1
4,1,90.0,10,6,3,3,0,0,0,1
273,1,90.3,10,31,4,2,1,0,0,1
301,0,109.0,7,30,4,1,1,1,0,0
81,0,95.0,9,5,3,4,1,0,0,0
1,0,183.0,6,8,4,2,0,1,3,1
0,0,129.0,8,18,4,1,0,3,3,1
6,1,206.0,9,27,4,0,1,0,0,1
103,1,114.3,5,1,4,0,2,0,0,0
263,0,63.75,12,26,4,3,1,3,0,0
126,1,80.75,6,26,4,4,2,3,0,1
135,2,119.85,6,16,4,3,1,0,0,1
30,1,162.35,6,20,4,0,1,0,5,1
176,1,90.0,3,20,4,4,2,0,0,1
22,1,174.0,12,17,4,1,0,0,5,1
74,0,123.3,10,31,4,0,1,0,3,1
85,0,94.5,7,13,4,4,0,3,0,0
0,0,66.42,8,2,4,1,0,3,0,1
122,1,118.8,8,2,4,3,0,0,3,1
95,1,102.1,5,12,4,3,2,0,3,1
53,1,88.0,11,4,4,2,0,3,0,0
68,1,130.9,4,1,4,3,2,1,3,1
30,1,126.9,5,21,4,1,0,0,0,1
1,0,127.0,2,26,4,1,0,0,3,1
10,2,176.0,7,20,4,2,0,0,3,1
1,1,78.0,12,13,4,3,0,3,0,1
36,1,55.09,12,10,4,2,0,3,0,1
175,1,99.45,7,10,4,6,4,0,3,1
126,0,93.17,8,6,4,1,2,3,0,0
35,2,96.0,11,15,4,3,0,0,0,1
3,2,101.0,11,6,4,2,0,0,0,1
100,0,100.0,9,28,3,4,0,0,0,0
253,0,90.0,5,4,3,4,0,0,0,0
167,1,114.04,9,29,4,5,2,0,0,0
96,0,135.9,9,26,4,2,1,0,0,0
60,1,83.3,2,26,4,2,1,0,0,1
303,0,78.0,8,19,3,3,2,0,0,0
120,3,80.75,6,18,3,3,2,0,0,1
156,0,130.05,8,20,4,2,2,0,3,0
3,0,80.8,2,25,4,3,0,0,0,1
66,1,114.3,3,19,4,1,1,0,3,1
61,2,109.8,9,1,4,3,1,0,0,1
255,0,72.0,11,12,4,5,2,0,1,0
93,1,85.5,6,26,4,0,1,3,0,1
14,0,105.0,7,21,2,2,0,0,0,0
11,3,156.8,6,26,3,2,2,0,3,1
104,1,109.8,12,4,4,0,2,0,0,0
13,0,75.0,11,21,3,0,1,0,0,1
33,0,149.4,8,26,4,1,0,0,3,0
56,1,85.85,3,29,4,4,0,0,0,1
6,0,139.0,6,30,4,1,0,3,0,0
37,1,74.8,12,7,4,4,0,3,0,1
40,0,149.4,8,23,4,5,0,0,3,1
109,0,129.6,9,1,4,3,0,0,0,0
0,0,60.0,3,1,3,1,0,0,0,1
155,0,113.4,10,3,4,1,1,0,0,0
152,2,119.0,7,11,4,1,1,0,0,0
191,1,130.5,8,23,4,2,0,0,0,0
45,1,46.9,2,6,4,2,2,3,0,1
195,0,71.22,12,2,4,2,0,0,1,0
181,1,120.0,10,11,4,2,0,0,0,0
125,1,110.93,8,3,4,6,2,0,0,1
80,1,126.9,5,2,4,1,1,0,0,1
276,0,95.67,9,22,3,3,0,0,0,1
26,2,180.0,10,17,4,2,1,1,0,1
4,2,151.0,7,11,4,0,1,0,0,1
99,0,80.5,2,19,2,2,0,0,0,1
89,1,75.0,5,9,3,2,1,0,0,1
12,0,47.92,1,16,4,3,2,3,0,1
148,0,72.25,8,21,3,1,2,0,0,1
13,2,130.0,2,6,4,1,2,0,0,1
21,0,119.0,4,13,4,1,0,3,0,1
17,0,81.0,2,25,4,1,0,3,0,1
107,1,132.6,5,26,4,3,2,0,3,1
8,0,79.0,2,11,4,1,0,0,0,1
60,0,74.8,12,23,4,2,2,3,0,0
36,0,134.46,9,10,4,1,2,0,3,0
48,2,100.8,4,17,4,0,2,0,0,1
91,1,90.45,10,30,4,2,2,0,0,1
5,1,110.71,8,30,4,5,2,0,0,1
51,0,79.2,11,12,4,1,1,3,0,0
85,1,132.6,5,15,4,2,2,0,3,1
5,2,230.0,5,19,4,3,0,0,5,1
47,1,63.75,12,20,4,2,2,3,0,1
163,0,110.0,9,8,3,3,0,0,0,0
14,0,160.0,10,22,4,1,0,0,0,0
89,1,119.0,12,22,4,3,2,0,3,1
134,0,133.2,8,23,4,4,0,0,3,0
86,0,93.6,11,13,4,0,1,0,0,0
212,0,128.7,10,17,4,1,1,0,3,0
6,0,81.0,8,23,4,0,1,3,0,1
64,1,126.9,4,29,4,2,1,0,0,0
116,2,79.2,12,17,4,1,2,3,0,1
0,0,65.0,2,22,2,2,1,0,0,1
38,0,67.5,2,11,4,3,2,3,0,0
60,2,80.1,10,27,4,1,0,3,0,1
5,2,122.48,12,30,4,2,2,0,0,1
39,2,94.5,9,13,4,2,2,0,0,1
83,0,132.6,5,7,4,2,2,0,3,0
36,0,145.8,6,19,4,0,2,0,3,0
49,1,75.95,3,8,4,4,0,0,0,1
123,1,143.1,9,20,4,5,1,0,3,0
44,2,104.63,10,29,4,3,1,0,3,1
3,1,133.0,10,19,4,2,1,3,0,1
5,0,167.0,8,21,4,0,1,0,0,0
62,1,68.0,7,15,4,7,2,0,0,0
119,0,128.85,6,15,4,4,0,0,0,1
206,3,109.8,10,28,4,2,2,0,3,1
15,1,90.0,8,27,4,2,0,0,0,1
143,0,140.7,8,18,4,3,0,0,3,0
90,0,73.95,3,7,4,4,1,0,0,0
36,1,81.62,10,21,4,4,1,0,1,1
45,0,86.4,11,20,4,0,1,0,0,0
189,1,70.44,10,22,4,2,2,0,0,1
2,1,136.85,5,24,4,2,0,0,0,1
76,2,126.9,6,19,4,1,2,0,0,1
35,1,69.5,2,6,4,1,1,0,1,1
17,0,95.0,10,30,3,1,0,0,0,1
120,0,110.59,5,12,4,3,1,0,0,0
75,0,80.75,9,17,3,2,2,0,0,1
9,0,70.0,12,27,3,5,2,0,0,1
55,4,102.04,10,13,4,3,0,0,3,1
139,0,104.21,4,30,4,5,2,0,4,1
0,0,84.0,7,25,2,1,1,0,0,1
22,1,0.0,7,27,4,0,0,3,0,1
153,0,102.3,6,8,4,3,0,0,0,0
85,0,98.0,12,3,4,1,1,0,0,1
41,1,131.4,5,28,4,1,1,0,3,1
1,0,65.0,11,19,2,1,0,0,0,1
5,2,136.0,6,10,4,2,0,0,3,1
64,0,63.75,3,12,4,2,2,3,0,0
20,1,231.0,8,10,4,2,0,0,5,1
61,0,105.0,11,26,3,1,2,0,0,1
0,1,123.0,10,22,4,1,0,3,0,1
73,1,96.9,12,25,4,2,2,0,3,1
73,1,76.5,4,3,4,1,2,3,0,1
25,0,91.0,2,13,4,1,0,0,0,0
87,1,95.7,12,29,4,3,0,0,1,1
120,2,72.25,12,29,4,3,0,0,0,1
156,1,106.25,8,14,4,3,2,0,0,0
78,0,168.3,4,14,4,3,0,0,5,0
4,0,59.0,1,25,2,0,1,0,0,1
150,2,129.6,9,24,4,5,2,0,0,0
48,0,65.83,10,23,4,1,0,0,0,1
49,1,126.9,5,13,4,2,2,0,0,1
68,0,0.0,9,29,4,2,0,1,0,1
38,0,69.52,2,13,4,1,0,0,1,1
47,2,79.0,10,2,4,3,2,3,0,1
90,0,84.45,3,6,4,3,2,0,3,1
24,1,108.0,9,12,4,0,1,0,0,1
49,1,161.1,8,21,4,0,2,0,0,1
1,0,79.0,1,23,4,1,2,3,0,1
49,0,71.0,12,30,3,4,0,0,0,1
87,1,152.1,8,1,4,6,3,0,3,1
67,1,100.81,3,26,3,1,2,0,0,1
63,1,110.7,6,26,4,3,2,0,0,1
18,0,90.0,6,21,2,3,0,0,0,1
4,2,89.0,3,4,4,2,1,3,0,1
64,0,94.78,4,26,4,4,0,3,0,0
6,0,85.0,8,28,3,1,2,0,0,1
104,0,74.8,11,22,4,5,0,0,0,0
102,0,87.0,10,16,3,2,0,1,0,1
11,1,155.0,8,25,4,1,0,0,3,1
84,0,65.0,9,7,2,1,0,0,0,1
311,2,9.0,11,10,1,2,0,0,3,1
221,1,65.0,10,17,3,1,2,0,0,1
120,1,72.25,12,29,4,2,0,0,0,1
38,2,105.12,10,17,4,3,2,0,0,1
57,1,158.4,10,17,4,3,1,0,3,0
2,1,104.0,11,25,4,2,0,3,0,1
2,1,67.0,5,11,2,1,0,0,0,1
59,2,89.25,10,15,4,4,2,0,0,1
24,1,109.33,2,26,4,2,1,0,3,0
10,1,82.39,11,3,4,1,0,0,0,1
104,1,105.3,7,19,4,1,0,0,0,1
61,0,97.71,4,30,4,1,1,0,0,1
148,0,105.3,4,28,4,1,0,0,0,1
29,2,101.52,3,5,4,3,2,0,3,1
120,1,76.5,7,14,4,5,0,0,0,0
4,0,90.78,12,9,4,3,2,0,0,1
56,2,162.0,8,26,4,2,2,0,3,1
7,2,111.0,2,23,4,4,0,0,0,1
97,1,96.3,4,8,4,2,0,0,0,1
30,2,117.0,9,25,4,1,2,0,0,1
129,0,47.2,12,29,3,5,0,0,0,1
0,1,150.0,8,17,4,1,0,0,0,1
55,2,139.5,10,20,4,3,0,0,3,1
21,1,85.0,3,14,4,3,1,0,0,1
73,1,131.4,8,6,4,1,1,0,3,0
124,1,105.3,6,30,4,2,0,0,0,1
3,0,55.6,12,19,4,0,1,3,0,1
64,0,137.7,7,25,4,0,1,0,3,1
144,0,96.9,7,22,3,2,2,0,0,1
39,1,140.4,5,17,4,3,0,0,3,1
6,1,80.0,3,2,4,2,0,3,0,1
137,1,145.2,8,13,4,4,2,0,3,1
105,2,15.0,7,24,4,4,2,0,0,1
137,2,132.3,10,3,4,4,1,0,3,1
285,0,100.0,10,3,3,3,1,0,0,0
14,0,132.0,4,4,4,10,4,0,3,0
2,1,205.0,9,30,4,1,0,0,3,1
35,2,88.4,12,3,4,3,2,0,0,1
152,0,84.52,9,30,4,4,0,3,0,0
15,0,81.0,2,19,2,1,0,0,0,1
16,2,131.0,9,9,4,3,0,0,0,1
8,0,54.75,9,9,3,4,0,0,0,1
60,1,76.0,11,15,4,4,2,3,0,1
50,1,62.29,2,12,4,2,0,0,0,1
125,2,136.0,9,7,4,4,0,0,0,1
77,1,109.93,12,31,4,3,0,0,0,1
76,1,94.5,4,14,4,3,0,3,0,1
115,0,91.12,12,23,4,2,2,0,4,1
7,0,95.0,4,4,4,0,1,0,0,1
1,1,81.0,8,7,4,2,0,3,0,1
68,1,96.6,10,30,4,1,2,0,0,1
159,1,82.44,8,2,3,3,0,0,0,1
2,1,45.0,4,20,2,1,0,0,0,1
137,1,90.0,11,15,4,2,0,0,0,0
32,0,85.5,4,17,4,1,2,0,0,0
142,1,68.8,8,22,4,5,2,3,0,1
11,2,140.0,10,29,4,1,2,0,0,1
163,0,159.3,9,23,4,1,0,0,3,0
2,0,116.0,4,13,4,1,0,0,3,1
1,1,97.0,11,28,4,0,1,3,0,1
275,0,106.2,10,1,4,1,2,0,0,0
75,1,146.7,7,30,4,1,0,0,3,1
12,0,111.14,3,3,4,5,2,0,3,0
11,2,90.0,8,22,4,2,2,0,0,1
50,0,99.0,8,30,4,4,0,3,0,0
1,1,210.0,9,22,4,1,0,0,3,1
42,1,81.73,4,24,4,5,2,0,0,1
11,0,77.0,10,19,3,2,1,0,0,1
0,1,200.0,9,17,4,1,0,0,3,0
144,2,91.26,10,23,4,3,2,3,0,1
31,1,114.9,5,21,4,1,2,0,0,1
56,1,93.6,11,25,4,2,0,0,0,0
100,1,150.3,8,26,4,2,2,0,3,1
122,1,106.0,7,15,4,2,1,3,0,1
131,0,126.36,9,28,4,4,0,0,3,0
41,1,60.0,11,8,3,3,2,0,3,1
58,0,88.2,3,24,4,1,0,3,0,0
9,0,143.6,4,12,4,5,0,0,3,0
73,0,59.8,1,10,3,1,2,0,0,1
69,0,149.4,9,17,4,1,0,0,3,0
9,1,83.0,1,17,4,4,2,0,0,1
41,0,82.45,2,4,4,3,0,0,3,0
30,1,79.6,1,31,4,0,2,0,3,1
151,0,300.0,7,3,3,3,2,1,0,0
14,0,75.0,11,18,3,2,1,0,0,1
80,1,85.5,4,12,4,3,0,3,0,0
26,1,99.0,2,1,4,3,1,0,3,1
7,1,201.0,4,20,4,3,0,0,5,0
3,1,120.0,10,13,4,1,0,0,0,1
112,0,105.3,7,18,4,2,1,0,0,0
186,0,125.1,10,2,4,5,2,0,0,0
3,2,84.0,4,7,4,2,0,3,0,1
52,1,158.4,10,17,4,1,1,0,3,0
9,0,89.0,6,13,4,0,1,3,0,1
111,3,154.5,9,23,4,2,1,0,0,1
122,0,86.0,3,27,3,1,2,1,0,1
19,0,151.2,9,26,4,1,1,0,4,1
49,2,126.0,11,16,4,3,0,0,3,1
161,0,130.0,3,25,3,2,1,1,0,0
1,0,65.0,11,11,3,5,2,0,0,1
55,0,149.4,9,20,4,3,0,0,3,0
44,1,80.74,3,11,4,2,2,0,0,1
17,0,81.0,1,24,4,6,4,0,0,1
1,1,169.0,9,15,4,1,0,0,0,1
14,0,153.03,10,4,4,5,2,1,0,1
0,0,89.0,4,15,4,2,1,3,0,1
224,0,65.0,10,2,3,2,1,0,0,1
7,2,0.0,6,3,1,1,0,0,6,1
38,0,0.0,12,16,1,2,0,0,0,1
251,1,73.35,11,21,4,1,1,3,0,1
42,1,80.3,2,21,4,0,1,0,0,1
0,1,0.0,1,19,1,1,0,0,0,1
1,0,65.0,7,27,2,2,0,0,0,1
80,0,89.25,9,3,4,3,0,0,0,1
433,0,70.0,9,8,3,3,0,0,0,0
13,1,95.0,4,18,4,0,1,0,0,1
36,2,125.1,3,23,4,4,2,0,3,0
79,3,151.2,10,20,4,3,1,0,3,1
29,0,104.0,12,23,4,2,1,0,0,1
171,0,111.59,8,30,4,5,2,0,0,0
145,0,115.32,8,15,4,2,1,0,1,1
2,1,0.0,9,10,1,1,0,0,0,1
55,0,75.95,2,1,4,3,1,0,0,1
121,0,80.75,5,26,3,3,0,0,0,1
8,1,105.0,7,20,4,1,0,0,0,1
18,0,95.0,9,25,3,3,2,0,0,1
40,1,135.33,11,7,4,2,1,3,0,1
36,1,88.4,12,18,4,2,2,0,0,1
47,2,79.2,11,11,4,2,1,3,0,1
15,0,138.5,10,6,4,3,0,0,0,1
5,0,80.0,2,24,2,4,0,0,0,1
39,2,174.25,11,7,4,3,1,0,0,1
70,0,87.3,3,13,4,1,2,0,3,0
44,3,85.5,8,28,3,3,2,0,0,1
5,0,77.0,11,28,2,0,1,0,0,1
110,0,117.9,8,15,4,3,1,0,0,0
20,1,128.2,3,19,4,3,2,0,0,1
250,0,95.0,9,26,4,3,1,0,0,0
82,2,185.03,7,2,4,1,0,0,6,1
152,0,119.28,7,5,4,5,1,0,3,0
30,1,75.15,1,15,4,2,0,0,5,1
22,1,75.0,11,3,3,2,0,0,0,1
33,1,110.0,11,11,4,2,0,3,0,1
140,0,99.45,7,15,4,2,2,0,0,1
32,0,80.08,11,16,4,3,0,0,0,0
224,0,86.62,7,24,4,1,2,0,1,0
157,0,113.1,6,7,4,3,0,0,0,0
38,1,125.1,7,26,4,2,0,3,0,0
1,1,116.27,7,12,4,3,0,0,0,1
0,0,67.0,11,25,2,1,0,0,0,1
153,1,106.2,6,4,4,1,2,0,0,0
17,1,88.0,11,17,4,1,0,3,0,1
170,0,300.0,7,29,3,3,2,1,0,0
18,1,116.8,3,9,4,4,1,0,3,1
32,0,161.33,10,15,4,1,2,0,3,0
211,0,100.0,5,20,4,2,0,0,0,0
44,0,135.4,5,27,2,2,2,0,4,0
229,1,96.3,8,5,4,2,1,0,0,1
335,1,90.0,10,13,3,3,0,0,0,0
93,0,127.15,6,1,4,4,1,0,0,1
286,1,117.0,9,16,4,2,0,1,0,0
0,0,75.42,4,1,4,2,0,3,0,1
20,1,109.0,3,19,4,1,1,0,0,1
1,1,161.0,12,26,4,1,1,0,3,1
139,0,118.8,10,8,4,1,2,0,0,0
7,2,133.83,4,9,4,1,2,0,0,1
86,0,117.9,8,12,4,2,1,0,0,1
42,1,124.79,3,17,4,5,2,0,3,0
175,0,130.05,8,15,4,3,1,0,3,0
43,1,92.4,11,12,4,1,2,3,0,1
28,0,109.0,5,19,2,2,0,0,0,1
183,1,110.0,9,8,3,3,0,0,0,0
101,4,100.2,10,24,4,2,1,0,0,1
277,4,60.29,11,13,4,1,2,0,0,1
90,1,90.95,4,14,4,3,2,0,0,1
17,1,138.0,9,18,4,2,2,0,0,1
359,1,78.0,10,14,3,3,2,0,0,1
95,2,90.0,11,20,4,0,2,0,0,0
3,1,67.0,6,20,2,1,1,0,0,1
182,1,112.2,8,15,4,3,1,0,3,0
40,1,149.4,8,13,4,1,1,0,3,1
84,2,125.1,9,4,4,1,2,3,0,1
338,0,80.0,10,7,3,2,1,0,0,0
83,1,85.5,8,5,4,4,1,0,0,1
34,1,67.5,2,6,4,2,2,0,0,0
34,1,161.5,11,6,4,3,2,0,0,1
36,0,135.9,8,20,4,1,2,0,0,0
32,1,159.3,3,26,4,1,1,0,3,0
91,2,132.3,10,20,4,3,0,0,3,0
9,0,182.0,2,25,4,3,1,0,5,1
221,0,90.0,10,17,3,1,2,0,0,1
132,1,90.9,7,3,4,0,2,1,0,1
43,1,96.3,9,17,3,1,2,0,3,1
17,1,153.62,10,30,4,2,2,0,5,1
160,1,90.95,6,30,4,3,1,0,0,1
296,0,81.0,9,21,3,4,0,1,0,1
2,0,65.0,7,24,2,0,2,0,0,1
110,1,70.0,12,9,3,4,0,0,0,1
180,2,51.28,11,13,4,0,1,3,0,1
80,1,88.0,12,2,4,2,0,3,0,1
87,1,183.6,9,6,4,5,2,1,3,1
38,1,67.6,3,5,4,1,0,3,0,1
2,2,211.0,4,30,4,1,1,0,5,1
42,0,91.5,12,28,4,1,1,0,1,1
5,0,119.0,5,22,3,0,2,0,4,1
64,1,126.0,11,18,4,2,1,0,3,1
14,0,140.0,3,31,4,3,2,0,3,1
17,0,75.0,3,9,2,1,0,0,3,1
9,0,139.0,9,19,4,1,1,3,0,1
162,0,115.0,10,14,4,2,2,0,0,0
180,1,85.0,7,28,4,3,1,3,0,1
86,0,140.4,5,26,4,2,0,0,3,0
42,0,116.26,3,31,4,3,1,0,0,0
13,0,131.6,4,14,3,1,0,1,0,1
181,0,71.1,11,18,4,2,0,3,0,0
273,0,87.0,7,17,3,2,0,1,0,1
77,1,69.84,2,8,4,5,1,0,0,1
153,0,119.28,7,5,4,5,1,0,3,0
78,0,105.0,4,26,3,4,0,1,0,1
10,2,153.0,8,21,4,2,1,0,5,1
167,1,60.0,3,13,3,2,2,0,3,1
179,0,82.18,8,26,4,2,2,0,0,0
1,0,104.0,4,23,4,1,1,3,0,1
12,1,89.0,1,16,4,5,2,0,0,1
1,0,80.27,12,4,3,2,1,0,0,1
135,0,90.0,9,14,3,2,1,0,0,0
31,0,81.5,2,4,2,2,0,0,0,1
217,1,80.75,8,7,4,4,2,3,0,1
79,1,183.6,9,15,4,3,2,1,3,0
86,2,87.3,3,10,4,3,0,0,3,1
71,0,80.0,5,10,3,3,0,0,0,1
443,0,60.0,4,29,3,1,0,0,0,0
18,0,74.8,12,17,4,2,2,3,0,1
86,0,87.5,9,24,3,2,0,0,0,1
186,2,90.95,7,12,4,5,0,0,0,0
83,2,105.3,7,14,4,3,1,0,0,1
15,0,75.0,3,7,2,3,1,0,3,1
195,2,108.9,10,2,4,1,2,0,0,0
51,1,63.75,3,10,4,3,1,3,0,1
53,1,60.0,1,24,3,1,2,0,0,1
5,1,71.84,2,24,4,1,0,0,0,1
207,0,95.0,12,30,3,2,1,0,0,1
71,0,142.5,10,22,3,1,1,1,3,1
9,1,67.22,2,24,4,2,0,0,0,1
22,0,124.0,9,20,4,2,2,0,0,0
34,0,138.7,11,7,4,2,1,0,0,1
18,1,78.54,10,31,4,1,2,0,1,1
39,1,68.61,6,21,4,3,0,3,0,1
14,0,76.78,12,6,4,5,1,0,0,1
100,1,80.75,4,17,3,2,2,0,0,1
31,0,66.29,12,3,4,11,5,3,0,0
19,1,57.98,2,17,4,1,0,3,0,1
3,1,67.0,9,19,2,1,1,0,0,1
12,1,177.0,5,7,4,1,0,0,3,1
38,1,0.0,11,28,1,1,1,0,0,1
116,0,61.0,2,28,4,1,2,0,0,0
177,1,72.25,6,30,3,3,0,0,0,1
9,0,78.0,12,16,4,2,1,3,0,1
36,3,171.9,10,9,4,2,2,0,3,1
82,2,90.45,10,30,4,2,2,0,0,1
17,1,119.0,1,9,4,1,1,0,0,1
2,2,135.0,9,12,4,0,1,3,0,1
175,2,112.5,7,23,4,1,1,0,0,0
169,2,167.45,7,5,4,4,0,0,5,0
86,0,100.0,9,9,2,2,0,0,0,1
62,1,60.29,3,14,4,2,1,0,0,1
41,1,112.0,11,3,3,3,1,0,0,1
6,1,0.0,11,11,4,0,0,0,0,1
291,0,115.0,8,19,4,2,0,1,0,0
68,1,60.0,11,30,3,3,1,0,3,1
1,1,151.0,8,4,4,1,0,0,0,1
109,0,89.4,10,24,4,2,1,3,0,0
4,1,86.0,1,27,4,4,1,0,0,1
57,0,152.1,8,15,4,3,1,0,0,1
11,1,69.5,1,20,4,4,0,3,0,1
82,1,117.9,8,5,4,2,2,0,0,1
12,0,72.0,10,4,3,0,1,0,0,1
0,0,95.0,5,2,0,3,1,0,0,1
45,0,0.0,11,24,1,3,1,0,0,1
133,0,94.5,8,20,4,1,0,3,0,0
2,0,62.8,12,5,3,1,1,0,0,1
151,1,120.7,7,6,4,4,1,0,3,0
12,1,64.0,12,5,3,1,2,0,0,1
46,0,71.0,1,1,4,2,0,0,0,1
11,0,66.0,1,23,3,2,2,0,0,1
108,0,81.25,7,30,3,3,2,0,0,1
161,0,59.5,10,31,3,3,1,3,0,1
28,2,94.5,10,5,4,0,1,0,0,1
205,0,116.1,9,15,4,1,0,3,0,0
338,0,87.3,12,15,4,3,0,0,3,0
84,1,87.3,4,1,4,2,1,0,0,1
89,1,83.66,3,21,4,5,2,0,0,1
95,0,140.4,5,19,4,3,0,0,3,1
141,1,147.6,9,23,4,2,0,0,0,1
32,1,60.0,1,1,3,3,2,0,0,1
92,2,81.5,10,29,4,1,1,0,1,1
39,0,121.5,5,21,4,1,0,0,0,0
15,1,84.0,9,8,3,3,0,0,0,1
0,0,138.0,8,17,4,0,1,0,0,1
2,2,130.0,2,3,4,4,0,0,3,1
66,1,104.85,10,31,4,3,1,0,3,1
97,1,64.98,3,24,4,3,1,0,0,1
61,2,89.25,10,19,4,4,1,0,0,1
7,0,161.0,3,25,4,2,2,0,3,0
184,2,107.1,10,27,4,3,2,0,0,0
38,0,73.1,3,4,4,4,2,3,0,0
23,0,84.7,9,11,4,0,2,0,0,1
103,0,126.72,10,21,4,3,2,0,3,0
66,0,126.0,7,19,4,3,0,0,3,0
7,0,79.0,3,15,2,1,0,0,0,1
175,2,93.5,9,11,4,2,2,0,0,1
86,2,119.0,12,24,4,3,2,0,3,1
209,1,66.53,7,2,4,4,2,0,0,1
33,1,97.4,3,4,4,2,2,0,3,1
4,0,59.5,3,15,3,5,0,3,0,1
49,0,159.3,7,20,4,2,0,0,3,0
56,0,142.2,8,29,4,4,1,0,3,0
31,0,72.31,2,21,4,2,2,0,0,1
259,1,104.55,12,7,4,4,0,0,3,1
93,0,108.9,7,3,4,5,2,0,0,0
42,0,0.0,11,7,4,0,0,0,0,1
225,1,72.9,11,18,4,1,0,0,0,0
193,0,160.2,12,29,4,3,0,0,5,1
111,1,107.1,8,12,4,2,0,3,0,1
19,0,121.0,5,7,4,1,2,0,0,0
157,0,92.65,12,8,3,3,0,0,0,1
10,1,121.0,6,9,4,1,0,0,0,1
2,1,65.0,12,14,2,2,0,0,0,1
239,0,128.7,10,28,4,2,0,0,0,0
47,2,83.16,10,2,4,0,2,3,0,1
40,0,100.16,8,28,4,5,2,0,0,1
24,1,85.0,8,12,3,2,1,0,0,1
48,1,85.5,8,31,3,4,1,0,0,1
26,0,67.87,3,3,4,3,0,3,0,1
138,1,79.2,11,12,4,1,0,3,0,0
159,0,114.3,8,7,4,1,2,0,0,0
9,0,81.0,2,23,4,2,0,3,0,1
7,0,83.0,1,4,4,2,1,0,0,1
33,0,127.05,8,15,4,2,1,1,0,0
60,1,82.45,3,14,4,3,1,0,3,1
4,1,75.08,12,7,4,2,0,0,0,1
37,1,146.33,10,20,4,3,0,0,0,0
0,1,103.0,5,9,4,2,1,0,0,1
19,2,156.0,8,23,4,3,0,0,3,1
2,2,80.75,11,13,4,2,2,3,0,1
47,1,118.8,10,4,4,3,0,0,0,1
141,0,90.0,9,20,3,0,1,0,0,1
32,2,135.9,9,9,4,1,0,0,0,1
76,2,76.5,7,7,4,3,0,0,0,1
13,0,76.0,4,4,3,1,1,0,0,1
75,0,123.3,7,23,4,5,2,0,0,0
65,0,100.0,10,2,3,2,0,0,0,1
212,0,78.0,5,20,3,3,2,0,0,1
6,1,154.0,8,19,4,1,0,0,3,1
29,0,100.33,3,12,4,4,2,0,3,1
47,1,86.4,9,5,4,1,1,0,0,1
26,1,77.0,2,5,4,2,0,3,0,1
125,0,103.05,8,22,4,3,1,0,0,1
6,2,107.0,2,19,4,2,0,0,3,1
7,0,95.0,3,29,4,2,0,0,0,1
121,0,91.5,4,30,4,1,2,3,0,1
92,1,134.1,8,20,4,3,2,0,0,0
4,1,65.0,11,21,2,2,1,0,0,1
103,1,150.3,8,7,4,1,2,0,3,1
0,0,85.93,5,12,4,1,0,3,0,1
152,2,74.8,12,18,4,2,2,3,0,1
0,1,170.0,8,9,4,5,1,0,0,1
2,0,77.0,11,23,2,3,0,0,0,0
75,0,65.0,6,15,2,1,0,0,0,1
26,0,65.0,10,21,2,1,0,0,0,1
142,1,96.3,7,4,4,0,1,0,0,1
79,1,192.03,12,30,3,2,0,0,0,1
0,0,71.25,12,9,4,7,4,3,0,1
48,2,79.2,11,4,4,2,1,3,0,1
31,1,135.9,7,9,4,1,1,0,0,1
18,1,131.0,8,20,4,1,0,0,0,1
13,0,126.28,9,27,4,2,0,0,3,1
203,0,87.99,8,17,4,3,0,0,0,0
5,1,187.0,3,25,4,2,0,0,3,1
22,1,90.95,11,17,4,3,0,0,0,1
231,1,90.95,8,21,4,2,2,0,0,1
134,0,103.5,8,10,4,2,0,3,0,0
3,0,143.0,7,10,2,2,2,0,4,1
3,1,65.0,4,11,2,0,1,0,0,1
12,0,71.8,3,19,3,2,2,3,0,1
47,1,78.3,2,7,4,0,2,0,0,0
0,0,85.03,9,11,4,0,1,3,0,1
89,3,107.1,6,26,4,3,2,0,0,1
25,1,68.0,11,10,3,5,2,0,0,1
55,0,63.0,3,13,3,0,2,0,0,1
418,0,107.0,9,26,4,2,1,1,0,0
142,0,175.65,8,31,4,3,0,1,0,0
76,1,85.5,4,25,4,1,1,3,0,1
39,0,192.95,12,28,4,4,0,1,0,1
56,1,85.85,3,28,4,5,1,0,0,0
10,0,107.0,5,21,3,1,1,0,3,1
28,1,137.2,10,3,4,5,1,0,3,1
17,0,75.0,1,22,4,3,2,3,0,1
141,0,109.2,6,4,4,1,2,3,0,0
171,1,93.84,7,25,4,3,1,0,3,1
0,0,208.0,7,13,4,1,0,0,3,0
8,0,98.0,4,20,2,1,0,0,0,1
72,0,87.3,4,3,4,1,2,0,0,0
21,2,139.2,9,7,4,4,1,0,0,1
197,2,82.45,8,16,3,5,2,0,3,1
26,0,127.2,9,5,4,3,1,0,0,0
88,1,127.8,7,5,4,5,2,0,3,1
73,0,126.9,5,7,4,1,0,0,0,0
111,2,88.4,12,24,4,2,2,0,0,1
36,2,149.4,8,19,4,3,2,0,3,1
3,3,106.0,8,20,4,1,0,0,0,1
47,0,207.9,8,8,4,1,1,0,5,0
4,0,79.0,2,16,4,1,0,3,0,1
74,1,112.5,4,6,4,3,0,0,0,0
4,0,89.0,4,11,4,0,1,3,0,1
156,2,96.3,7,2,4,1,2,0,0,1
148,0,96.3,8,22,4,4,1,0,0,0
276,3,60.29,11,13,4,1,2,0,0,1
127,2,128.88,6,17,4,2,1,1,0,1
65,1,125.1,9,27,4,3,0,3,0,1
21,0,129.58,12,28,4,4,0,0,3,1
46,2,122.4,11,2,4,4,0,0,3,1
72,0,109.65,5,29,4,2,2,3,0,0
49,2,84.45,2,6,4,2,2,0,3,1
206,0,133.45,10,3,4,4,1,0,3,0
36,0,140.4,4,30,4,2,2,0,3,0
6,0,62.8,2,2,3,3,0,0,0,1
323,1,112.0,5,17,3,4,0,1,0,0
42,0,75.56,2,18,4,3,2,0,0,0
62,0,106.2,4,1,4,2,1,0,3,1
1,0,80.0,2,19,2,1,0,0,0,1
17,3,92.91,12,29,4,5,2,3,0,1
162,1,112.0,7,14,3,3,0,0,0,0
69,1,80.1,10,25,4,2,0,3,0,0
74,0,139.95,7,11,4,3,1,0,3,0
59,2,117.0,10,17,4,3,1,0,0,1
58,0,140.4,6,1,4,3,0,0,3,0
35,2,74.8,12,2,4,2,2,3,0,1
64,1,112.48,4,23,4,4,2,0,3,1
151,1,90.9,10,25,4,4,0,0,0,1
79,1,96.62,4,4,4,5,1,0,3,0
6,2,110.5,12,28,4,4,0,0,0,1
250,0,95.0,9,26,3,3,1,0,0,0
170,2,114.75,8,10,4,4,1,0,0,0
115,1,116.1,6,6,4,2,1,0,0,1
136,0,198.0,8,8,4,3,1,1,3,0
13,2,152.0,9,17,4,1,0,0,0,1
1,1,135.0,12,31,4,1,0,0,0,1
28,2,207.63,5,20,4,2,1,0,5,1
17,2,114.4,9,10,4,3,2,0,0,1
99,2,141.75,7,18,4,3,1,1,0,1
59,2,89.25,10,8,4,3,2,0,0,1
210,0,0.0,10,8,4,3,1,1,0,1
89,0,82.45,4,4,4,3,1,0,0,1
45,0,72.9,1,23,4,1,1,0,0,0
128,0,80.75,9,15,3,1,0,0,0,1
1,1,125.0,4,21,4,2,0,0,0,1
115,2,170.63,12,27,4,5,0,0,6,1
8,0,94.0,10,28,0,2,2,0,3,1
170,0,72.25,8,10,3,5,2,0,0,1
26,1,134.0,10,2,4,0,2,3,0,1
102,1,105.0,5,13,3,2,1,0,0,1
6,2,104.0,8,17,4,5,1,0,0,1
36,1,142.45,11,8,4,2,0,3,0,1
160,2,110.5,7,18,4,3,1,0,0,0
11,1,126.0,9,30,4,1,0,0,0,1
209,0,133.2,8,19,4,2,0,0,0,0
129,0,103.5,8,11,4,3,2,3,0,0
56,1,93.6,11,23,4,3,0,0,0,0
26,1,117.67,9,17,4,3,0,0,0,0
0,0,66.13,9,4,3,2,1,0,0,1
23,0,154.0,11,25,4,2,2,0,3,0
169,1,0.0,7,9,4,2,2,0,0,1
144,2,129.6,9,23,4,3,2,0,0,1
3,1,104.0,4,8,4,2,0,3,0,1
94,1,132.6,5,17,4,4,0,0,3,1
163,2,122.4,12,26,4,2,1,0,3,1
3,2,122.33,5,13,4,4,2,3,0,1
6,1,114.0,9,21,4,3,1,0,0,1
10,0,206.55,12,31,3,2,0,0,0,1
17,0,48.0,10,16,3,2,0,0,0,1
19,1,96.0,11,29,4,1,0,0,0,1
141,0,90.95,9,16,3,4,2,0,3,1
196,1,80.75,5,12,3,3,1,0,0,1
15,2,116.2,3,12,4,3,2,0,0,1
69,2,180.3,7,19,4,3,0,0,5,1
19,2,174.0,9,15,4,2,0,0,3,1
175,1,129.2,7,10,4,6,4,0,3,0
9,2,90.0,8,23,4,4,2,0,0,1
119,0,139.95,7,31,4,2,2,0,3,1
34,1,109.0,10,29,4,1,1,3,0,0
4,0,100.0,12,4,3,0,1,0,0,1
47,2,125.1,9,9,4,2,0,3,0,1
5,1,65.0,10,3,2,0,1,0,0,1
4,2,0.0,12,5,1,1,0,0,0,1
2,1,124.5,6,28,4,4,0,3,0,1
59,0,112.2,4,22,4,2,2,0,3,0
39,2,140.0,11,19,4,1,1,0,3,1
43,0,126.6,4,27,4,3,0,0,3,1
3,1,228.33,8,15,4,2,1,1,0,1
19,0,124.0,9,21,4,1,1,0,0,1
112,1,87.3,4,11,4,2,1,0,0,1
144,1,97.85,8,31,4,4,1,0,0,1
138,1,139.5,8,9,4,2,0,0,0,1
0,0,62.8,12,24,3,3,2,0,0,1
8,0,62.57,11,21,3,5,2,0,3,1
28,0,41.43,11,2,3,5,2,0,0,1
53,1,149.4,5,13,4,2,1,0,3,1
38,1,81.9,3,8,4,4,0,0,0,0
103,3,130.5,7,9,4,1,2,0,0,1
95,2,90.95,4,25,4,3,1,0,0,1
25,0,136.0,3,26,4,2,2,0,0,1
1,0,195.0,9,26,4,0,1,3,4,1
6,1,77.57,9,7,4,3,1,0,3,1
65,1,67.81,4,1,4,2,1,0,0,1
1,1,120.0,6,2,4,3,0,0,0,1
93,0,116.1,5,2,4,0,1,3,0,0
1,0,65.0,9,30,2,1,0,0,0,1
31,0,89.3,2,3,4,4,0,0,3,1
138,1,117.91,5,21,4,5,2,0,3,0
224,1,96.3,10,29,4,1,2,0,0,0
15,0,81.0,2,19,2,1,0,0,0,1
34,1,66.0,2,17,3,4,1,0,0,1
0,1,108.0,10,9,4,0,1,0,0,1
5,1,79.0,2,2,4,1,0,0,0,1
273,0,95.0,5,13,4,2,1,0,0,0
152,0,91.93,8,20,4,5,2,3,0,0
6,0,65.0,12,8,2,2,0,0,0,1
33,1,78.2,11,12,3,2,2,0,3,1
92,1,80.3,3,7,4,2,1,0,0,1
7,0,65.0,8,28,2,1,0,0,0,1
83,0,78.3,3,12,4,1,2,0,0,1
7,0,65.0,10,22,2,1,0,0,0,1
22,0,75.0,10,20,3,3,0,0,3,1
24,2,85.0,2,24,4,1,0,0,0,1
91,0,140.4,5,13,4,2,1,0,3,0
106,0,102.39,4,27,4,9,2,0,0,0
0,0,95.0,6,22,0,1,0,0,0,1
199,0,85.5,8,28,4,0,1,3,0,0
298,0,93.0,5,10,3,2,0,0,0,1
45,2,86.4,12,8,4,3,0,0,0,1
133,0,120.7,7,6,4,4,0,0,3,0
9,0,65.0,10,19,2,1,0,0,0,1
12,0,129.8,10,4,3,3,2,1,0,1
156,0,45.87,11,2,3,2,1,0,0,1
10,1,95.0,9,1,3,1,0,0,0,1
5,0,116.0,4,20,4,2,0,0,3,0
96,0,119.85,5,7,4,3,2,0,0,0
36,1,109.0,10,28,4,2,1,3,0,1
0,1,100.0,1,25,4,3,1,0,0,1
2,0,85.0,10,13,3,1,0,0,0,1
37,1,131.03,7,20,4,4,0,3,0,1
149,1,114.3,7,4,4,1,1,0,3,0
193,1,108.45,8,12,4,2,2,0,0,0
35,0,93.9,4,17,4,1,2,0,0,0
47,2,123.3,9,1,4,3,0,0,3,1
62,1,76.91,4,25,4,3,1,0,0,1
4,0,111.0,4,1,4,2,0,0,0,0
188,1,90.95,7,25,4,3,1,0,0,1
320,0,90.0,8,18,3,2,0,1,0,1
1,0,67.0,3,30,2,3,0,0,0,1
71,1,82.45,3,28,4,3,1,0,0,1
92,0,65.0,10,7,3,4,0,0,0,1
33,0,64.0,1,25,2,1,1,0,0,1
206,0,58.14,7,28,4,3,1,3,0,0
75,1,115.5,7,8,4,2,1,0,0,1
217,2,126.9,9,15,4,2,0,0,0,0
145,0,72.76,7,1,3,1,0,0,0,1
104,2,123.3,7,21,4,3,1,0,3,1
2,0,71.0,2,10,2,1,0,0,0,1
202,0,86.75,7,21,4,1,0,0,1,0
229,0,89.25,10,22,4,2,2,0,0,0
27,0,136.0,9,19,3,0,1,0,0,0
21,1,90.1,12,6,4,5,2,0,0,1
1,0,139.0,8,20,4,1,1,3,0,1
125,0,99.45,4,12,4,5,0,0,3,1
29,0,57.0,3,1,3,3,0,0,0,1
82,0,96.3,4,1,4,2,0,0,3,0
14,0,58.0,12,14,3,4,1,0,0,1
27,1,93.0,2,18,4,3,0,0,0,1
61,0,105.3,7,23,4,1,1,0,0,0
61,1,97.0,11,11,4,2,1,3,0,1
3,0,65.0,4,25,2,0,1,0,0,1
30,2,125.1,9,15,4,1,0,3,0,1
41,0,65.0,3,4,3,2,1,0,0,1
95,1,65.83,4,14,4,1,0,3,0,1
238,2,114.48,6,18,4,1,0,0,1,0
168,2,116.55,6,18,4,1,1,0,0,0
36,2,119.5,10,20,4,2,0,3,0,1
0,1,89.0,10,19,4,1,1,0,3,1
256,0,64.33,9,14,3,2,1,0,0,1
55,2,81.0,7,7,4,4,0,0,0,0
155,0,177.35,5,22,4,5,3,0,5,0
160,1,114.3,8,2,4,3,0,0,0,0
106,0,72.25,7,13,3,4,1,0,0,1
58,0,81.0,1,27,3,2,0,0,0,1
35,1,81.9,3,8,4,5,2,0,0,0
104,0,150.3,8,24,4,4,0,0,3,0
154,0,80.75,9,12,3,4,1,0,0,1
96,0,94.5,7,11,3,1,2,1,0,0
17,0,65.0,11,12,2,1,0,0,0,0
54,0,54.46,3,28,4,4,1,3,0,1
24,1,71.69,9,11,4,0,2,3,0,1
38,0,52.39,3,5,4,3,2,3,0,1
32,0,143.28,11,8,4,2,0,0,0,0
9,0,89.0,4,8,4,1,0,3,0,0
101,0,222.17,10,23,4,5,2,1,5,0
5,1,128.0,3,21,4,4,1,0,0,1
31,0,50.6,2,6,4,2,2,3,0,1
54,0,140.4,6,3,4,1,0,0,3,1
13,0,169.0,4,28,4,1,0,1,0,0
4,0,104.0,4,16,4,1,1,3,0,1
18,2,69.0,12,1,4,2,0,0,0,1
6,2,90.0,8,12,4,4,0,0,0,1
15,0,99.0,8,23,4,0,1,0,0,0
147,0,99.45,5,3,4,4,0,0,0,1
186,0,80.75,9,2,3,2,2,0,0,1
86,0,182.53,9,25,3,3,2,1,3,1
127,1,143.1,9,18,4,2,2,0,3,1
94,1,110.75,3,28,3,5,1,1,0,1
22,2,112.25,8,28,4,2,2,3,0,1
62,0,65.66,2,18,4,3,2,0,1,0
95,0,109.65,5,21,4,2,2,3,0,0
332,2,77.23,9,22,4,3,1,0,0,1
32,3,94.5,9,5,4,1,2,0,0,1
1,1,67.0,12,20,2,3,0,0,0,1
159,0,114.3,8,8,4,2,1,0,0,0
135,2,85.0,11,16,4,4,0,0,0,1
57,1,79.2,11,21,4,2,1,3,0,0
1,3,167.0,6,4,4,1,1,0,3,1
161,2,108.8,10,2,4,3,2,0,0,0
148,2,133.45,7,21,4,3,2,0,0,1
38,1,81.9,3,11,4,2,2,0,0,0
20,2,96.9,12,21,4,4,1,0,3,1
42,1,152.1,8,16,4,2,0,0,0,1
191,0,95.0,6,23,3,3,0,0,0,1
39,3,152.1,8,15,4,1,1,0,0,1
0,0,133.0,9,7,4,0,1,0,0,1
10,0,129.0,5,15,2,9,4,0,0,1
66,1,231.0,11,17,4,3,0,1,5,0
101,0,78.3,3,18,4,2,0,0,0,1
8,0,119.0,5,25,4,1,0,3,0,1
4,2,99.0,6,13,4,0,1,3,0,1
18,1,62.83,2,22,4,5,1,3,0,1
41,0,71.53,2,22,4,2,1,0,1,1
286,0,91.0,9,16,3,2,0,1,0,1
284,0,81.82,10,16,4,3,2,0,1,0
43,0,85.5,8,31,3,4,0,0,0,1
38,1,111.8,10,15,4,1,2,0,3,1
49,3,109.8,9,2,4,1,0,0,0,1
98,0,124.8,7,21,4,3,0,0,3,0
63,1,89.53,11,10,4,3,0,0,0,0
62,3,126.0,11,18,4,2,0,0,3,1
1,1,81.0,2,6,4,1,0,3,0,1
86,0,100.0,9,9,2,2,0,0,0,0
1,0,95.0,4,12,0,6,2,0,0,0
1,0,88.0,3,30,2,1,0,0,0,1
191,1,106.2,5,15,4,0,1,0,0,0
62,2,89.25,10,8,4,3,1,0,0,1
121,0,113.05,5,14,4,2,2,0,3,0
0,0,85.0,2,24,4,1,0,3,0,1
30,0,137.52,8,25,3,3,0,0,4,1
68,2,220.0,11,7,4,3,1,0,4,1
88,0,76.5,8,14,4,2,0,0,0,1
90,1,130.5,7,5,4,3,0,0,0,1
28,0,99.0,9,1,4,2,0,3,0,1
18,0,156.0,6,11,4,1,0,0,3,0
1,1,120.0,3,10,4,1,0,0,0,1
2,0,94.0,12,11,4,1,0,3,0,1
31,0,218.0,8,28,4,1,2,1,3,0
71,1,63.49,2,15,4,4,1,0,3,1
155,1,83.12,8,9,4,4,0,0,0,1
67,1,79.2,11,21,4,1,1,0,0,1
11,1,80.85,9,9,4,3,0,0,0,1
200,1,105.4,8,31,4,4,0,0,0,0
69,1,90.95,10,17,3,3,1,0,3,1
186,2,137.7,8,8,4,2,1,0,3,0
0,2,81.6,12,14,4,5,2,0,0,1
32,0,198.9,9,2,4,1,0,0,1,0
7,1,90.0,8,12,4,4,1,0,0,0
104,1,91.48,10,18,4,4,0,0,0,1
142,1,76.5,8,9,4,1,2,0,0,1
2,0,99.5,11,26,4,1,1,0,0,0
58,3,124.67,11,11,4,2,1,0,0,1
46,0,107.1,6,28,4,2,0,3,0,0
79,1,86.4,12,22,4,1,0,0,0,1
49,0,150.3,6,3,4,2,1,0,3,0
17,0,67.0,11,17,2,1,0,0,0,0
56,1,140.4,5,13,4,2,0,0,3,1
185,0,107.1,11,4,4,2,1,0,0,0
138,0,58.9,7,29,4,3,0,0,0,1
4,0,184.0,8,29,4,0,1,0,3,1
8,1,108.33,6,13,4,2,1,0,0,1
98,2,59.5,12,29,3,3,0,0,0,1
160,0,114.5,8,22,4,2,1,0,0,0
19,2,104.0,12,5,4,2,1,0,0,1
70,2,113.87,12,8,4,3,0,0,0,1
72,0,75.82,11,14,4,10,3,3,0,0
0,2,90.0,10,10,3,2,1,0,0,1
187,1,86.5,7,7,4,2,0,0,1,0
13,2,160.0,10,15,4,1,2,0,0,1
107,1,124.2,11,4,4,2,1,1,0,0
92,0,100.0,3,26,3,1,2,0,0,0
99,0,62.37,4,2,4,4,2,0,0,1
28,1,108.42,6,14,4,3,0,0,3,1
12,0,72.0,10,4,3,0,1,0,0,1
76,0,75.0,12,7,3,3,0,0,0,1
10,1,139.0,8,8,4,0,1,3,0,0
190,1,175.1,9,30,4,2,2,0,5,0
39,0,40.67,3,4,3,2,1,0,0,1
143,1,126.9,9,5,4,2,1,0,0,1
286,0,117.0,9,16,3,2,0,1,0,0
221,0,60.0,10,17,3,1,2,0,3,1
38,0,122.4,6,18,3,1,1,0,3,1
79,1,92.65,4,2,4,3,2,0,3,1
12,3,124.0,9,14,4,2,1,0,0,1
124,2,96.3,6,27,4,2,1,0,0,1
47,2,198.9,5,26,4,1,0,0,5,1
7,1,145.0,7,11,4,0,1,0,0,1
50,1,52.0,1,14,3,3,0,0,0,1
15,0,111.8,2,12,3,2,1,1,0,1
39,1,117.98,4,21,4,5,2,0,3,1
60,0,74.8,11,21,4,3,1,0,0,0
22,2,0.0,12,8,1,3,0,0,0,1
0,0,98.0,8,7,4,1,0,0,0,0
30,4,139.0,10,21,4,2,0,0,0,1
0,2,68.85,7,23,4,1,0,0,3,1
227,0,92.29,8,30,4,5,2,0,0,0
2,0,110.0,5,19,0,2,0,0,3,0
17,1,80.3,1,21,4,1,0,0,0,1
264,0,96.3,10,28,4,2,1,0,0,0
21,2,98.0,9,11,4,0,2,3,0,1
6,0,75.0,11,23,3,2,0,0,0,1
3,0,100.0,8,22,2,1,1,0,0,1
2,0,141.0,6,16,4,2,0,0,0,1
1,0,108.0,12,27,2,2,0,0,3,1
113,0,105.3,7,12,4,5,2,0,0,0
43,0,107.1,4,2,4,1,1,0,0,0
168,1,76.58,7,26,4,4,0,0,0,1
51,1,151.2,10,2,4,0,2,0,3,1
40,0,131.4,3,18,4,2,0,0,3,1
276,0,61.0,5,13,4,3,2,0,0,0
61,0,140.4,6,17,4,2,0,0,3,0
13,1,87.78,9,20,4,0,2,0,0,1
104,0,90.95,4,8,4,2,2,0,3,0
65,1,68.0,7,1,4,4,0,0,0,0
18,2,101.0,11,11,4,1,0,0,0,1
201,2,96.3,10,16,4,1,2,0,0,0
1,0,65.0,8,4,2,2,0,0,0,0
2,1,96.0,1,7,4,3,0,0,0,1
118,1,90.0,11,3,4,3,0,0,0,1
0,1,139.0,8,20,4,1,0,3,0,1
3,1,99.1,11,12,4,3,2,3,0,1
40,2,98.1,3,10,4,3,1,0,0,1
46,1,89.2,11,18,4,2,0,0,0,1
18,0,93.0,9,9,4,4,0,3,0,0
104,1,82.45,4,3,4,2,2,0,0,1
54,0,89.46,3,17,4,3,1,0,0,0
39,0,72.9,2,1,4,3,1,0,0,0
49,0,80.75,6,3,3,2,0,0,0,1
7,0,89.89,12,2,4,2,2,0,0,1
5,2,120.33,9,19,4,1,2,3,0,1
84,1,105.4,4,27,4,4,0,0,0,1
7,0,85.0,2,15,4,1,1,0,0,1
36,0,206.0,12,30,4,1,0,0,5,1
4,0,181.79,9,19,2,3,1,0,4,1
53,2,118.8,10,4,4,3,0,0,0,1
87,0,85.5,6,26,4,0,2,3,0,0
6,0,41.0,2,3,2,1,0,0,0,1
12,3,99.0,8,23,4,2,2,0,0,1
34,1,160.2,10,4,4,3,0,0,3,1
39,1,69.22,1,27,4,3,0,0,3,1
19,2,120.12,5,3,4,3,0,0,3,1
0,0,65.0,5,4,2,1,0,0,0,1
124,0,114.3,8,8,4,4,1,0,0,0
4,1,115.0,2,13,4,1,0,0,3,1
60,1,92.7,4,1,4,2,1,0,0,0
35,1,152.1,8,9,4,1,0,0,0,1
21,2,105.0,9,3,4,3,0,0,0,1
109,0,94.35,5,7,4,2,2,3,0,0
201,3,82.28,11,1,4,4,0,0,0,1
0,2,0.0,8,11,1,2,0,0,3,1
32,1,85.0,10,25,3,5,0,0,0,1
179,0,182.26,6,8,4,5,2,0,5,0
111,1,121.5,7,16,4,1,0,0,0,1
0,1,65.0,3,16,2,1,0,0,0,1
12,0,85.0,2,16,3,4,0,0,0,1
37,1,146.7,7,2,4,2,2,0,0,1
35,0,135.9,7,8,4,1,0,0,0,1
151,0,198.59,8,19,4,3,2,0,1,0
10,0,72.9,1,15,4,1,0,0,0,1
8,2,134.75,9,1,3,3,0,1,0,1
74,1,124.04,9,20,4,3,0,0,3,1
59,1,106.2,11,28,4,4,2,0,0,1
1,1,110.0,6,2,2,2,0,0,0,1
103,2,187.25,11,7,4,3,1,0,0,1
13,2,92.0,8,31,4,4,1,0,0,0
85,1,96.3,4,17,4,1,2,0,0,1
145,2,90.95,6,26,4,4,2,0,0,0
7,0,80.0,3,9,2,2,0,0,0,1
50,0,80.1,4,2,4,1,0,3,0,0
189,0,109.8,10,28,4,2,1,0,3,0
16,2,116.4,9,16,4,4,1,0,0,1
15,0,151.0,7,6,4,3,0,0,0,1
6,1,61.0,4,4,4,1,1,0,0,1
6,1,95.0,1,26,4,1,0,0,0,1
41,0,103.05,10,1,4,2,0,0,0,1
92,0,140.4,6,1,4,3,0,0,3,0
14,0,0.0,9,17,4,2,0,1,0,1
0,0,138.0,8,12,4,1,0,0,0,0
216,2,128.7,8,27,4,1,2,0,3,0
41,0,76.9,2,19,4,2,1,0,0,1
134,1,113.7,10,24,4,2,1,0,3,1
67,1,86.4,11,26,4,1,1,0,0,1
169,0,106.0,4,22,4,2,2,1,0,0
56,0,126.9,5,21,4,1,2,0,0,0
120,0,79.05,3,27,4,3,2,0,0,0
199,1,74.8,12,23,4,2,2,3,0,0
37,0,67.0,3,13,2,0,1,0,0,1
5,2,77.25,12,19,4,1,0,0,1,1
40,0,95.0,7,26,3,1,0,1,0,1
15,1,141.0,5,2,4,1,1,0,0,1
236,1,84.43,9,27,4,4,0,3,0,0
7,0,0.0,5,31,1,1,0,0,0,1
47,0,65.75,3,7,4,3,1,3,0,1
124,3,146.03,11,6,4,2,2,0,0,1
36,1,117.3,3,2,4,3,0,0,3,1
6,2,105.0,9,13,4,0,1,0,0,1
17,1,95.0,6,23,4,1,0,0,0,0
100,0,100.63,11,13,4,2,2,0,3,0
173,1,73.37,6,19,4,2,2,0,0,1
200,2,106.2,5,2,4,3,1,0,0,0
3,0,65.0,10,18,2,0,2,0,0,1
26,1,139.0,10,16,4,4,2,0,0,1
99,2,198.9,5,29,4,0,1,0,5,1
169,1,89.25,7,25,4,3,1,3,0,1
19,2,140.0,10,21,4,1,0,3,0,1
6,2,69.5,1,12,4,2,0,3,0,1
178,0,124.5,8,18,4,3,0,0,0,0
37,0,99.9,6,26,4,0,2,0,0,1
3,0,162.5,9,19,4,4,2,0,3,1
8,1,88.0,2,16,4,2,0,3,0,1
0,0,67.0,12,13,2,1,0,0,0,1
24,3,224.0,10,24,4,1,0,0,5,1
11,0,97.4,12,5,4,3,1,0,0,1
161,0,130.0,3,25,3,2,1,1,0,0
51,0,139.28,9,3,4,2,2,0,3,0
84,0,104.4,10,25,4,5,0,0,3,0
35,0,73.1,3,2,4,2,0,3,0,0
33,0,83.9,3,5,4,1,1,0,0,1
91,1,58.9,4,9,4,1,1,3,0,1
0,0,75.0,12,21,2,0,1,0,0,1
136,1,86.36,8,11,4,3,2,0,0,1
16,2,140.0,10,29,4,1,2,0,0,1
92,0,63.75,8,28,3,3,2,3,0,0
0,0,149.0,8,27,4,1,1,3,0,1
53,2,151.2,10,10,4,3,1,0,3,1
9,0,105.0,4,10,4,0,1,3,0,1
40,1,113.4,10,27,3,3,0,1,1,1
2,0,155.81,9,22,4,1,0,3,3,1
109,1,159.3,6,21,4,2,0,0,0,1
212,0,75.23,10,9,4,2,2,0,0,0
155,0,119.24,6,14,3,2,0,1,0,0
85,0,119.7,8,3,4,3,0,0,0,0
2,2,89.0,8,21,4,2,2,3,0,1
165,0,138.9,8,30,4,3,0,0,3,0
65,0,214.83,6,10,4,7,3,0,5,0
4,0,95.0,10,25,3,3,0,0,0,1
9,0,68.0,12,16,3,2,1,0,0,1
11,0,83.58,1,2,4,1,2,0,1,1
118,0,183.3,7,29,4,2,1,0,5,0
16,0,89.0,11,25,3,2,0,0,0,1
21,0,95.0,9,5,4,1,2,0,0,1
13,1,127.0,2,23,4,1,0,0,3,0
219,1,106.25,12,22,4,3,2,1,0,1
205,1,89.25,8,22,4,3,1,3,0,1
83,0,104.4,6,27,4,3,1,0,0,0
0,0,142.0,9,9,4,1,0,0,0,1
12,0,109.33,3,2,4,3,0,0,3,0
3,1,87.78,10,5,4,0,1,3,0,1
134,1,116.36,10,22,4,5,2,0,3,1
3,1,135.0,10,16,4,2,2,3,0,1
2,0,181.0,5,19,3,1,0,0,4,1
3,1,115.5,10,31,4,0,1,0,0,1
124,0,96.9,7,14,3,5,2,0,0,1
33,1,89.1,8,30,4,2,0,3,0,0
49,2,74.8,11,16,4,4,0,3,0,0
47,0,99.9,4,12,4,1,0,0,0,0
79,0,168.3,9,11,4,0,2,0,3,0
90,0,75.0,5,8,3,1,2,0,0,1
31,1,80.3,2,4,4,3,0,0,0,1
134,0,118.8,10,8,4,1,1,0,0,0
7,2,169.0,7,11,4,0,1,0,0,1
121,0,85.0,6,16,3,3,0,3,0,1
66,1,96.3,9,3,4,1,0,3,0,1
0,0,65.0,7,27,2,2,1,0,0,1
162,1,105.83,8,15,4,3,1,0,0,0
52,1,78.3,2,19,4,2,0,0,0,0
53,2,79.2,11,11,4,2,0,3,0,1
179,1,108.9,10,1,4,1,2,0,0,0
9,1,109.33,12,28,4,3,0,3,0,1
76,1,98.5,4,24,3,3,2,1,0,1
30,1,110.88,10,28,4,1,0,0,3,1
14,1,80.0,8,18,4,2,0,3,0,1
41,1,110.09,10,23,4,2,2,0,3,1
67,0,109.1,4,1,4,1,0,0,0,1
50,2,126.0,10,16,4,2,2,0,0,1
21,2,89.14,12,1,4,6,2,0,0,1
39,0,116.1,5,12,4,2,0,3,0,0
3,0,95.0,5,10,3,2,0,0,0,1
17,2,238.15,9,17,4,2,2,0,6,1
125,0,72.25,7,20,3,2,0,0,1,0
14,1,71.6,1,15,4,1,0,0,0,1
81,2,125.1,8,16,4,1,0,3,0,1
32,1,214.75,8,17,4,2,0,0,6,1
150,3,96.3,4,22,4,2,1,0,0,1
0,0,12.0,12,29,3,3,1,0,0,1
0,1,0.0,7,29,1,1,0,0,0,1
126,0,55.0,3,24,3,3,0,0,0,1
70,2,137.7,4,9,4,1,2,0,3,1
150,1,94.5,7,27,4,2,0,3,0,1
0,0,75.0,2,10,2,2,0,0,0,1
17,0,102.15,5,30,4,2,1,0,3,0
11,0,90.0,6,14,2,3,0,0,3,0
34,2,166.8,10,15,4,3,2,0,3,1
54,0,161.1,7,4,4,3,1,1,0,1
155,0,130.05,8,1,4,4,1,0,0,0
11,0,160.0,5,24,3,3,0,1,0,1
271,0,85.67,9,21,3,3,0,0,0,1
48,1,126.0,9,4,4,0,2,0,1,1
40,0,85.5,8,31,3,4,0,0,0,1
127,0,80.0,4,28,3,3,1,0,0,0
18,1,142.43,8,27,4,5,2,0,3,0
224,0,0.0,10,2,4,2,1,0,0,1
94,0,55.96,7,14,4,7,2,0,0,0
4,0,91.0,2,13,4,1,2,0,0,1
215,1,91.13,7,12,4,4,0,0,1,0
89,1,96.3,3,25,4,2,1,0,0,1
13,0,88.0,12,17,4,1,1,3,0,1
189,1,90.95,7,5,4,4,0,0,0,0
35,1,94.05,10,8,4,2,0,0,0,1
77,2,132.3,10,7,4,2,1,0,3,1
34,1,129.6,3,15,4,5,0,1,3,1
1,1,111.0,8,1,4,0,1,0,0,1
2,1,102.8,8,19,4,4,1,0,0,1
95,2,121.5,7,13,4,3,0,0,0,1
13,0,95.0,4,19,0,3,0,0,0,1
8,0,103.69,8,16,4,3,0,3,0,0
17,2,128.0,9,15,4,2,0,3,0,1
4,1,0.0,2,27,1,0,0,0,0,1
4,2,88.26,12,7,4,4,0,3,0,1
29,2,96.3,11,6,4,2,1,0,0,1
155,1,85.0,11,25,4,2,2,0,0,0
0,0,103.18,7,10,4,0,2,3,0,1
29,0,139.6,5,20,4,2,1,0,3,0
122,1,121.5,5,12,4,3,0,0,3,1
14,1,114.0,9,16,4,1,0,0,0,1
73,1,60.29,3,29,4,2,0,3,0,1
14,1,83.0,3,3,4,3,2,3,0,1
167,1,72.25,8,4,3,3,2,0,0,1
33,0,64.0,1,25,2,2,1,0,0,1
4,1,84.7,10,25,4,3,0,3,0,1
28,0,97.0,1,8,3,2,0,1,0,1
270,0,68.0,12,7,3,4,1,0,0,1
19,0,130.0,5,2,4,2,1,0,0,1
185,0,150.4,10,2,3,5,3,1,0,0
0,0,97.0,8,25,4,1,0,3,0,1
8,1,148.0,8,9,4,4,0,3,0,1
7,1,97.0,8,19,4,2,0,0,5,1
27,2,106.02,10,5,4,4,1,0,0,1
22,1,114.0,12,14,4,2,0,0,3,1
1,1,95.48,6,22,4,1,0,3,0,1
101,1,105.3,6,27,4,1,1,0,0,1
10,0,85.0,2,13,3,2,2,0,0,1
2,1,119.0,7,24,4,0,1,3,0,1
117,2,130.05,7,16,4,2,2,0,3,1
138,0,94.5,8,22,3,1,2,1,0,1
179,0,114.3,8,22,4,0,1,0,0,0
25,0,146.2,11,7,4,3,1,0,3,1
25,0,77.77,11,16,4,0,1,0,0,1
204,1,94.59,8,18,4,5,2,0,0,0
0,0,100.37,9,27,4,1,0,3,0,1
90,1,105.3,4,11,4,0,1,0,3,1
67,0,75.0,12,2,3,2,2,0,0,1
0,1,103.32,7,23,4,1,0,3,0,1
4,0,67.5,1,16,4,1,1,3,0,1
55,2,74.8,12,13,4,4,0,0,0,1
44,0,75.43,2,23,4,5,0,0,1,0
59,1,80.75,9,20,4,1,2,0,0,1
57,1,88.4,12,2,4,2,2,0,0,1
22,0,58.0,12,25,3,2,0,0,0,1
26,0,77.0,11,16,2,2,0,0,0,1
157,2,114.3,5,23,4,2,1,0,3,0
37,0,107.1,3,31,4,4,2,3,0,0
92,2,148.7,7,18,4,6,3,0,3,1
0,0,65.0,5,23,2,0,1,0,0,1
182,2,117.9,9,30,4,2,0,0,0,0
92,1,81.95,6,20,4,3,1,3,0,1
5,0,62.8,12,5,3,1,2,0,0,1
107,0,90.0,11,24,4,2,0,0,0,1
117,2,136.85,7,8,4,3,2,0,3,1
43,2,114.3,3,11,4,1,0,0,3,1
3,3,155.0,9,11,4,0,1,0,0,1
10,0,100.0,6,26,4,0,1,0,0,0
68,1,96.3,4,4,4,2,1,0,0,1
97,2,159.3,8,20,4,1,2,0,3,1
265,1,112.0,6,24,3,2,0,1,0,0
0,0,69.84,6,23,4,1,0,0,0,1
40,1,96.0,11,28,4,2,1,0,0,1
13,1,100.0,9,15,2,1,0,3,0,1
152,0,136.68,9,16,3,4,2,1,3,0
39,1,115.6,12,28,4,4,0,0,0,1
22,0,89.0,3,16,2,2,0,0,0,1
49,1,112.8,3,4,4,2,1,0,0,1
9,1,149.0,10,6,4,2,0,3,0,1
36,0,104.0,12,9,4,2,0,0,0,0
6,0,98.0,8,14,4,1,0,0,0,1
57,2,228.6,9,26,4,1,1,1,3,1
72,0,79.56,4,11,4,4,1,0,0,1
175,0,112.63,8,31,4,4,0,0,0,0
0,0,60.0,2,27,3,1,0,0,0,1
11,2,67.0,12,17,2,1,2,0,0,1
13,2,88.4,12,18,4,4,2,0,0,1
83,2,123.9,6,3,4,2,1,0,0,1
15,1,151.0,7,2,4,1,2,0,0,1
186,0,80.0,4,22,3,1,0,0,0,1
47,1,170.1,8,14,4,2,2,1,0,1
14,2,102.41,5,23,4,2,1,0,0,1
2,0,86.0,2,17,4,1,0,0,0,1
1,1,88.0,12,15,4,2,0,0,0,1
16,0,93.0,2,18,4,3,0,0,0,1
114,0,81.26,7,11,4,3,1,0,0,1
41,2,139.5,10,4,4,5,0,0,3,1
38,1,107.1,7,2,4,1,0,3,0,1
12,1,93.5,11,1,4,4,0,3,0,1
32,1,64.22,2,22,4,2,1,0,3,1
3,1,96.8,5,12,3,3,2,3,0,1
5,2,139.0,7,8,4,1,0,3,0,1
35,1,157.5,10,7,4,2,0,0,3,1
39,0,161.1,3,31,4,2,0,1,0,1
1,1,0.0,10,13,1,1,0,0,0,1
55,1,108.9,6,26,4,2,2,0,0,0
180,0,137.7,8,23,4,2,0,0,3,0
58,0,87.3,7,8,3,1,0,0,3,1
11,1,122.67,12,27,4,1,2,0,3,1
14,0,80.0,11,28,3,2,1,0,0,1
188,1,186.3,7,16,4,1,2,0,5,0
109,1,94.5,7,27,4,1,0,3,0,0
39,0,120.6,4,20,4,4,1,0,3,0
2,0,90.09,11,1,4,3,2,0,3,1
87,0,72.25,7,19,3,4,0,0,0,1
80,1,160.65,10,28,4,2,2,0,5,0
44,0,90.0,11,2,3,4,0,0,0,1
20,1,74.8,12,22,4,3,1,3,0,1
43,1,88.2,3,20,4,1,2,3,0,1
0,1,76.47,6,27,4,4,1,0,0,1
76,1,87.3,4,2,4,1,2,0,0,1
37,1,89.1,6,21,4,3,0,3,0,1
54,1,88.4,11,17,4,3,2,0,0,0
6,1,136.0,10,19,4,2,1,0,3,1
59,1,87.3,8,28,4,3,2,3,0,1
37,1,69.5,2,12,4,2,1,0,1,1
185,0,96.3,8,30,4,1,0,0,0,0
31,0,117.9,4,2,4,1,0,0,0,0
87,2,126.0,12,16,4,2,0,0,3,1
5,1,104.0,11,10,4,3,0,0,0,1
1,0,77.25,12,19,4,1,0,0,1,1
187,0,96.05,8,28,4,5,2,0,0,0
39,2,94.5,10,4,4,2,2,0,0,1
71,0,98.0,5,10,3,3,0,1,0,1
28,1,89.0,5,9,2,2,1,0,0,1
117,1,85.0,12,13,4,5,0,0,0,0
67,1,29.0,9,6,1,2,2,1,3,1
4,0,108.0,2,26,4,2,1,0,3,1
70,0,93.6,7,12,3,6,2,0,0,0
118,0,119.0,6,6,3,2,1,0,0,1
55,2,142.2,10,18,4,2,0,0,0,1
45,0,101.03,8,29,4,3,1,3,0,1
87,2,118.8,10,6,4,3,0,0,0,1
43,0,85.5,10,27,3,3,0,0,0,1
0,1,0.0,12,2,1,1,0,1,3,1
24,2,107.0,10,8,4,2,0,0,0,1
40,2,150.12,10,21,4,4,1,3,5,1
150,1,107.95,8,8,4,5,2,0,0,1
0,0,89.0,2,27,4,1,0,0,0,1
0,0,75.0,8,11,4,1,0,0,0,0
10,0,110.0,9,30,0,1,0,0,3,0
80,1,93.6,11,19,4,1,2,0,0,1
97,0,75.0,5,15,3,3,2,0,0,1
307,1,158.4,8,14,4,3,2,0,5,0
206,0,132.77,9,23,4,3,2,1,0,0
36,0,0.0,12,8,4,0,0,0,0,1
0,2,106.0,2,10,4,1,0,0,3,1
16,1,154.4,9,18,4,3,2,0,0,0
59,0,67.5,3,13,4,1,2,3,0,1
73,0,207.9,8,8,4,3,1,0,5,0
62,0,80.3,3,4,4,2,1,0,0,0
28,0,70.0,10,5,3,1,1,0,0,0
12,0,95.0,4,19,4,1,0,0,0,1
192,1,99.45,8,18,4,5,2,0,0,0
7,1,90.0,8,24,4,2,1,0,0,1
31,1,77.47,6,26,4,1,2,0,0,1
47,1,93.5,3,21,4,3,1,0,0,1
2,1,82.9,1,12,4,2,0,0,0,1
87,0,134.1,8,14,4,2,2,0,0,0
20,2,215.0,3,28,4,4,1,0,5,1
142,0,85.5,6,28,4,2,0,3,0,0
104,1,114.0,10,6,3,2,0,1,0,0
0,0,138.67,10,1,4,3,0,0,0,1
82,0,76.5,7,16,4,3,0,0,0,0
31,1,53.19,3,4,4,2,1,3,0,1
89,0,76.5,3,30,4,3,0,3,0,1
9,2,147.0,5,25,4,1,0,0,3,1
86,0,132.6,5,10,4,4,0,0,3,1
115,1,90.0,11,18,4,2,0,0,0,0
84,0,71.28,11,20,4,0,2,3,0,0
1,2,119.67,3,17,4,3,0,0,0,1
28,1,74.8,12,4,4,3,2,3,0,1
158,1,93.0,2,27,3,2,2,0,3,1
15,1,58.35,9,9,3,4,0,3,0,1
76,0,120.0,10,10,3,0,1,0,0,0
46,0,73.9,3,3,4,3,0,0,0,0
34,1,80.75,6,19,3,3,2,0,0,1
9,1,91.0,2,22,4,2,1,0,0,1
0,2,77.25,11,28,4,1,0,0,1,1
30,0,85.5,6,2,3,2,0,0,0,1
8,0,119.0,5,25,4,1,0,3,0,0
11,2,205.0,11,7,4,2,1,0,0,1
377,0,90.0,10,14,3,2,0,1,0,0
14,1,147.0,5,29,4,0,1,0,3,1
15,0,66.0,12,27,4,1,2,3,0,1
1,1,179.0,9,15,4,2,0,0,0,1
238,2,96.48,6,18,4,1,0,0,1,0
12,1,92.0,12,26,3,3,1,0,3,1
3,0,65.0,9,27,2,0,2,0,0,1
172,0,102.3,8,23,4,3,0,0,0,0
278,2,78.3,12,9,4,2,1,0,0,1
10,2,114.0,9,22,4,2,0,3,0,1
266,0,73.95,12,26,4,3,1,0,0,0
262,0,73.95,12,26,4,3,1,0,0,0
14,3,94.0,8,21,4,11,4,0,0,1
6,0,65.0,8,8,2,0,1,0,0,0
83,0,76.38,3,18,4,5,2,0,0,0
118,2,121.55,6,27,4,3,1,0,0,1
111,0,96.67,6,1,3,3,0,0,0,1
5,0,80.0,12,18,3,2,2,0,0,1
17,1,126.0,10,5,4,0,1,0,0,1
209,1,152.1,11,6,4,2,2,0,0,0
93,1,112.5,8,13,4,1,0,0,0,1
5,0,0.0,8,24,1,1,0,0,0,1
222,1,99.6,9,3,4,1,2,0,0,1
26,1,151.0,7,15,4,2,1,0,0,1
144,1,116.1,9,7,4,5,2,3,0,1
41,0,169.2,11,7,4,2,1,0,0,1
78,1,60.0,2,20,3,2,2,0,0,1
14,1,100.0,11,2,4,1,0,3,0,1
2,1,103.0,11,14,4,3,2,0,0,1
123,0,93.9,4,29,4,2,1,0,0,0
115,0,146.7,8,6,4,1,0,0,3,0
118,1,88.01,7,8,4,1,0,0,0,1
0,1,100.0,11,9,4,2,1,0,0,1
50,2,114.0,11,13,4,1,2,0,3,1
72,0,78.15,3,19,4,1,0,0,1,0
51,1,102.7,6,2,4,2,0,0,3,1
92,0,87.3,3,18,4,2,0,0,3,1
24,1,58.0,12,26,3,2,2,0,0,1
44,2,168.3,8,14,4,2,2,0,3,1
228,1,106.2,5,22,4,0,2,0,0,0
74,0,69.4,7,27,4,7,3,0,0,1
125,1,76.5,8,7,4,2,2,0,0,0
20,0,100.0,11,4,4,1,0,3,0,0
1,0,0.0,8,14,1,2,1,0,1,1
20,0,101.2,9,24,4,2,2,3,0,1
44,1,78.49,3,13,4,2,2,0,0,0
1,0,129.0,5,24,4,1,0,3,0,1
85,0,116.1,8,29,4,3,1,3,0,1
15,0,136.0,6,22,3,1,0,0,0,1
64,0,105.93,8,23,3,8,2,0,0,1
1,0,140.0,10,5,4,1,0,3,0,1
4,0,62.0,3,18,3,1,0,0,0,1
13,2,89.0,1,15,4,2,0,0,0,1
8,1,84.7,10,27,4,1,0,3,0,1
70,2,79.2,12,8,4,1,0,3,0,1
75,3,79.2,11,17,4,3,0,3,0,1
122,0,116.1,6,9,4,3,0,3,0,0
56,2,105.75,12,30,4,4,1,3,3,1
16,0,80.0,1,27,2,1,0,0,0,1
14,2,151.0,7,2,4,3,2,0,0,1
54,2,146.92,10,9,4,1,2,0,5,1
20,0,67.0,10,13,2,1,0,0,0,1
180,1,0.0,5,2,4,1,1,0,0,1
75,0,150.45,5,9,4,6,3,0,3,1
99,1,101.58,4,28,4,3,1,0,0,1
26,2,145.0,4,15,4,2,0,0,0,1
11,0,119.0,11,2,4,4,0,0,3,1
144,1,105.3,7,23,4,1,1,0,0,1
156,1,94.91,7,11,3,5,2,0,0,1
9,1,160.0,10,4,4,2,0,0,0,1
125,5,99.79,9,4,4,6,4,0,0,1
82,1,97.54,7,23,4,1,2,0,1,1
68,0,90.95,4,5,4,4,0,0,0,0
67,0,108.3,3,17,4,3,0,0,3,1
104,0,65.0,12,3,3,3,0,0,0,1
132,1,70.44,6,27,4,2,1,0,0,1
1,2,120.0,12,25,4,0,2,0,5,1
59,0,104.65,3,25,4,2,2,0,4,1
94,0,76.5,4,16,4,2,2,3,0,0
29,1,85.0,12,2,2,2,0,0,0,1
27,0,128.28,9,17,4,2,2,3,0,1
115,0,76.0,2,27,3,3,2,0,0,1
64,0,144.5,4,9,4,2,2,1,3,1
96,1,114.3,7,6,4,3,0,0,0,1
8,1,110.46,6,30,4,3,0,0,0,1
166,2,118.8,8,2,4,3,0,0,3,0
120,0,95.2,4,23,4,1,1,0,0,1
131,1,99.45,8,1,4,3,1,0,0,1
3,0,104.0,7,11,3,1,0,0,0,1
1,0,140.0,10,21,4,2,0,0,0,1
0,0,96.0,10,5,3,0,1,0,0,1
7,1,82.66,6,26,4,0,2,3,0,1
73,1,87.3,4,5,4,1,0,0,0,1
84,1,118.15,4,27,4,4,0,0,3,1
8,0,81.0,2,19,2,1,0,0,0,1
7,0,143.0,5,11,4,3,0,0,0,0
1,1,230.0,11,10,4,1,0,0,5,1
1,0,59.03,11,25,4,1,0,3,0,1
84,0,159.3,8,28,4,1,2,0,3,0
90,0,105.3,7,13,4,1,0,0,0,0
95,0,132.3,10,20,4,3,0,0,3,0
73,0,76.5,7,13,4,2,1,0,0,0
6,0,106.0,7,20,3,1,0,0,0,1
0,0,137.0,6,28,4,1,0,3,0,1
13,0,119.0,9,7,4,1,0,3,0,0
139,0,86.92,7,13,4,7,2,0,0,0
60,2,88.4,12,8,4,3,1,0,0,1
207,0,161.67,12,30,3,2,1,0,0,1
8,2,80.75,11,16,4,4,0,0,0,1
17,0,95.0,6,13,3,3,1,0,0,0
159,0,146.7,7,7,4,1,0,0,3,0
10,2,130.0,2,7,4,0,2,0,3,1
15,2,138.0,9,2,4,2,0,0,0,1
87,1,85.0,9,2,3,7,2,0,0,1
117,1,145.8,9,16,4,2,1,0,0,0
39,1,65.0,12,27,3,1,0,0,0,1
1,1,77.77,4,16,4,1,1,0,0,1
266,0,75.0,12,2,3,2,0,0,0,1
49,0,124.3,5,6,4,2,0,0,3,1
88,1,119.85,4,29,4,3,2,0,0,0
4,1,101.0,4,7,4,2,0,0,0,1
59,1,153.09,6,4,4,1,1,1,3,0
66,1,149.4,9,8,4,3,1,0,3,0
43,0,85.0,10,13,3,1,0,0,0,1
55,2,113.4,6,21,4,2,0,0,3,1
54,1,105.0,4,5,3,3,0,0,0,1
16,0,64.22,2,5,4,2,1,0,3,1
19,1,104.0,12,5,4,2,1,0,0,1
68,1,92.35,8,29,4,5,2,0,0,1
286,0,90.0,10,16,4,0,1,0,0,0
60,1,87.3,3,3,4,3,0,0,3,0
22,2,139.0,9,15,4,2,0,3,0,1
73,1,69.7,3,28,3,3,1,0,3,1
52,0,130.0,9,11,4,0,2,0,0,0
130,0,102.58,3,25,4,2,1,0,1,1
0,1,129.0,5,14,4,1,0,3,0,1
193,0,90.95,7,13,4,7,2,0,0,0
1,0,89.0,8,9,4,0,1,3,0,1
135,0,72.42,8,22,4,5,1,0,0,1
139,0,130.99,7,13,4,7,2,0,3,0
12,0,91.0,2,18,4,3,1,0,0,1
193,0,93.58,7,8,3,2,2,0,0,1
230,1,119.85,9,18,4,2,2,0,0,0
152,1,76.58,5,2,4,3,1,0,0,0
15,1,65.0,12,27,3,1,0,0,0,1
95,2,89.25,9,18,4,2,1,0,0,1
29,0,104.77,2,3,4,3,0,0,3,1
57,1,85.85,3,29,4,4,0,0,0,1
87,1,102.3,6,26,4,1,2,0,0,1
51,1,60.0,11,11,3,4,0,0,3,1
14,2,104.0,12,18,4,0,1,0,0,1
147,2,89.75,9,16,3,2,1,0,0,1
119,1,170.1,11,10,4,1,0,3,0,1
45,1,126.0,11,25,4,2,1,0,3,1
2,2,0.0,12,10,1,1,0,0,6,1
8,1,99.0,8,16,4,0,1,0,0,0
42,1,131.48,3,24,4,3,1,0,3,1
2,1,168.0,11,17,4,3,0,1,3,0
49,0,105.3,7,9,4,1,1,3,0,0
109,3,146.7,8,6,4,1,0,0,3,1
290,0,72.0,6,17,3,2,1,0,0,0
252,1,53.47,12,29,4,3,1,3,0,1
6,0,75.0,12,27,2,0,2,0,0,1
257,0,90.95,7,31,4,2,2,0,0,0
5,0,65.0,10,5,2,0,1,0,0,1
26,0,104.0,12,17,4,1,1,0,0,1
130,2,153.3,10,31,4,2,1,0,5,1
26,2,172.0,3,26,4,2,2,0,0,1
76,1,90.95,4,10,4,2,2,0,0,1
89,0,76.5,8,11,4,4,0,0,0,0
26,2,99.17,11,12,4,4,2,0,3,1
131,0,177.3,7,15,4,1,0,0,5,0
100,1,105.3,5,1,4,1,2,0,0,1
3,0,65.0,9,26,2,7,3,0,0,1
19,3,139.0,9,23,4,2,1,3,0,1
0,0,95.0,6,15,2,1,0,0,0,1
80,0,84.95,2,24,4,2,0,0,0,1
1,1,91.0,6,13,4,1,1,0,0,1
61,1,139.34,7,18,3,8,3,0,4,0
64,0,93.5,3,18,4,2,2,0,0,1
53,0,75.0,11,18,3,2,1,0,0,1
26,1,126.0,4,13,4,1,0,0,3,1
38,0,107.1,7,1,4,3,2,3,0,1
2,1,110.6,2,26,4,3,2,0,3,1
160,1,97.56,7,18,4,6,3,0,0,1
38,2,99.9,6,20,4,3,1,0,0,1
12,0,60.0,8,5,2,3,0,0,0,1
36,0,80.0,1,19,3,2,0,0,0,1
35,0,540.0,3,25,3,1,0,0,0,0
283,2,72.25,12,28,4,4,0,3,0,1
79,0,64.64,1,30,4,1,2,0,0,1
192,0,100.0,8,25,3,3,0,0,0,1
80,1,76.5,7,16,4,2,0,0,0,0
210,1,67.42,8,15,4,5,2,0,0,1
107,0,141.0,7,11,4,5,1,1,0,0
44,0,192.9,6,9,4,3,0,0,5,0
70,1,127.8,4,22,4,2,0,0,3,0
15,2,146.0,12,30,4,2,0,0,3,1
51,0,85.5,3,16,2,1,0,0,0,1
196,0,99.45,8,22,4,5,1,0,0,0
92,0,49.74,7,5,4,3,2,0,0,0
6,1,127.82,7,11,4,1,1,0,3,0
4,0,166.0,3,20,4,0,2,0,3,1
28,0,100.0,5,19,2,2,0,0,0,0
62,0,63.75,3,9,4,4,0,3,0,0
2,1,80.0,1,19,4,4,0,3,0,1
116,1,88.4,12,23,4,4,2,0,0,1
2,3,123.5,8,28,4,2,0,0,0,1
0,2,152.0,9,9,4,3,0,0,0,1
20,0,122.6,7,28,4,2,0,0,0,1
53,0,101.1,6,27,4,2,1,3,0,0
2,1,115.0,9,2,4,1,0,3,3,1
3,0,87.78,10,22,4,1,0,3,0,1
90,0,48.6,7,7,4,15,5,3,0,0
34,1,174.0,12,8,4,3,0,0,5,1
6,0,162.0,8,16,4,0,1,0,5,0
2,0,95.0,4,7,0,1,0,0,0,1
46,2,86.4,11,23,4,1,0,0,0,1
15,1,116.0,8,31,4,4,0,0,3,1
9,0,56.0,3,2,2,2,0,0,0,1
120,0,104.4,10,31,4,0,1,0,3,1
270,0,110.0,4,20,3,4,0,0,0,0
0,0,82.66,10,10,4,0,1,3,0,1
5,0,67.0,8,30,2,3,0,0,0,1
47,0,134.1,6,22,4,2,0,0,3,0
15,1,81.0,12,27,3,1,0,0,0,1
30,0,87.27,11,11,4,2,1,3,0,1
4,1,149.0,8,25,4,1,0,0,0,1
99,1,150.67,12,31,3,1,2,0,0,1
137,0,75.9,11,14,4,3,1,3,0,0
74,0,142.5,7,22,4,2,1,0,3,1
30,0,127.15,10,28,3,1,0,0,3,1
8,1,103.0,11,14,4,1,1,0,0,1
110,1,149.4,9,21,4,4,1,0,3,0
65,2,93.08,10,29,4,3,1,0,0,1
106,0,95.2,4,27,4,4,0,0,0,1
54,0,87.5,2,28,4,0,1,3,0,1
10,0,215.0,5,13,4,3,2,0,5,0
122,0,68.0,12,8,4,3,0,0,0,1
0,1,96.0,12,1,4,2,0,0,0,1
23,0,55.0,12,4,3,2,2,0,0,1
110,1,101.58,5,5,4,3,1,3,0,1
19,2,187.0,7,3,4,2,2,0,3,1
2,0,109.65,10,13,3,1,0,0,0,1
45,0,108.79,4,24,4,3,2,0,0,1
19,2,150.43,4,15,4,5,2,0,3,0
60,0,80.75,9,4,4,3,2,0,0,1
3,0,69.0,3,13,2,1,2,0,0,1
5,0,110.0,9,12,0,1,1,0,3,1
224,1,65.0,10,2,3,2,1,0,1,1
114,0,128.7,8,27,4,1,0,0,0,0
177,1,80.75,7,26,4,4,0,3,0,0
93,1,90.3,4,6,4,3,0,0,0,1
4,0,134.0,3,24,4,2,0,3,0,0
30,1,126.9,5,15,4,2,2,0,0,1
69,1,162.3,8,27,4,1,2,0,3,0
1,1,80.0,1,27,4,1,0,0,0,1
120,1,136.8,8,9,4,5,0,0,3,1
51,3,108.0,10,9,4,0,2,3,0,1
27,0,85.5,10,9,3,1,2,0,0,1
38,1,207.9,9,11,4,3,2,0,5,0
1,1,81.0,2,27,4,1,0,3,0,0
58,1,54.05,12,24,4,1,0,3,0,1
7,1,103.0,3,7,4,1,1,0,0,1
39,2,94.5,6,20,4,2,1,0,0,1
117,0,94.5,8,1,3,1,2,1,0,1
5,1,139.0,8,29,4,3,1,0,0,1
0,1,130.0,10,12,4,2,0,3,0,1
256,0,100.75,10,16,4,3,2,0,0,0
0,0,112.0,10,20,2,1,0,0,0,1
39,0,118.0,10,3,4,2,1,0,0,1
0,1,155.0,9,11,4,0,2,0,0,1
2,0,71.6,1,3,4,0,1,0,0,1
9,2,109.0,8,31,4,4,1,0,0,0
27,0,85.0,10,16,3,0,2,0,0,1
31,1,67.6,3,7,4,3,1,3,0,1
144,2,140.4,6,15,4,2,0,0,3,1
2,1,119.0,4,25,4,0,1,3,0,1
36,0,102.0,12,26,4,3,1,0,0,0
1,0,0.0,11,20,4,2,0,0,0,1
41,0,150.3,6,8,4,4,0,0,3,0
23,2,109.0,3,18,4,1,0,0,0,1
132,0,79.56,7,13,3,4,2,0,0,1
65,2,143.7,7,21,4,3,0,0,3,1
103,0,116.1,6,14,4,2,0,3,1,0
10,2,100.38,11,22,4,5,1,0,0,1
154,0,90.95,5,20,3,2,1,0,3,1
2,2,99.0,8,9,4,0,2,0,0,1
1,0,92.0,2,5,4,2,0,0,0,1
30,2,88.4,11,17,4,3,1,0,0,1
93,0,143.23,6,20,4,3,1,0,3,0
177,1,99.3,7,19,4,3,0,0,0,1
213,1,118.15,8,31,4,4,0,0,3,0
21,0,104.05,3,1,4,2,0,0,0,1
102,2,85.05,10,30,4,2,2,0,0,1
20,0,95.0,4,3,3,1,2,0,0,1
13,2,169.5,5,5,4,3,1,0,3,1
0,1,195.0,9,8,4,4,0,0,5,1
1,0,0.0,10,20,1,2,0,0,0,1
215,2,96.3,8,8,4,2,1,0,0,1
18,1,148.0,12,31,4,1,1,0,3,1
60,2,86.4,11,20,4,0,1,0,0,1
284,1,74.15,10,21,4,2,1,0,0,1
120,2,140.59,5,12,4,3,1,0,0,1
162,2,85.17,9,4,3,2,1,1,0,1
60,1,107.1,3,31,4,3,0,0,0,0
155,0,112.0,7,14,3,3,0,0,0,0
175,1,85.5,7,23,4,1,1,3,0,1
46,1,243.9,9,20,4,3,0,0,6,0
168,1,171.9,11,7,4,3,1,0,0,0
274,2,107.0,8,9,4,3,0,0,0,0
128,0,90.0,11,19,4,1,1,0,0,0
4,1,73.92,9,2,4,2,0,3,0,1
176,0,131.26,8,14,4,5,2,0,3,0
29,1,102.8,4,16,4,3,2,0,0,1
1,2,80.0,8,4,4,5,1,0,0,1
20,1,132.67,5,30,4,2,1,0,3,1
129,1,80.75,6,27,4,4,1,3,0,0
49,0,65.0,9,22,2,1,0,0,0,1
7,1,96.0,3,7,4,1,1,0,0,1
11,2,225.0,4,30,4,1,1,0,5,1
13,0,90.0,5,9,3,2,1,0,0,1
250,2,84.15,12,30,4,2,2,0,0,0
0,3,0.0,11,29,1,1,0,1,6,1
4,0,137.0,3,22,4,2,0,0,3,1
53,0,75.0,4,3,3,3,2,0,0,1
1,0,94.0,7,7,2,1,0,0,3,1
150,2,121.83,6,14,4,5,1,0,3,1
116,1,136.0,5,19,4,3,1,0,0,0
89,2,96.0,12,10,4,1,1,0,0,1
13,0,119.2,9,20,4,1,0,0,0,1
90,0,88.74,12,26,4,4,1,3,0,0
116,0,70.0,1,26,3,5,0,0,0,1
79,1,102.6,12,18,4,1,2,0,0,1
0,2,146.0,8,17,3,1,0,0,0,1
3,1,130.0,6,28,4,2,0,0,0,1
0,0,95.0,2,14,4,0,1,0,0,1
65,1,149.4,9,9,4,1,0,0,3,0
174,0,70.0,10,10,4,1,1,0,0,0
76,1,106.5,4,27,4,3,0,0,0,0
103,1,93.6,12,2,4,2,1,0,0,0
98,1,79.2,12,2,4,2,0,3,0,1
50,0,193.5,9,2,4,2,1,1,3,1
2,0,103.0,11,9,2,1,0,0,3,0
200,0,90.0,10,23,3,0,2,1,0,1
12,1,67.0,12,8,2,2,0,0,0,1
9,2,140.0,8,19,4,1,0,0,0,1
24,0,74.8,3,17,3,3,0,0,0,1
132,2,114.75,7,2,4,5,2,0,0,0
3,1,102.0,1,19,4,4,0,0,3,1
84,0,126.9,5,16,4,2,1,0,0,0
63,1,97.2,11,4,4,2,0,0,0,0
21,1,77.0,10,7,3,1,0,0,0,1
85,2,114.3,7,2,4,1,1,0,0,1
11,1,87.0,11,1,4,1,2,0,0,1
181,0,124.2,12,14,4,2,0,1,0,1
111,0,262.7,8,26,4,2,0,0,6,0
54,1,90.1,11,11,4,2,2,0,0,1
66,1,85.0,2,8,3,2,1,0,0,1
30,2,110.77,10,19,4,3,0,0,0,1
100,0,80.1,4,25,4,2,1,3,0,1
15,1,95.48,9,17,4,1,0,0,0,1
28,1,134.37,8,21,4,1,2,3,0,1
1,1,0.0,10,10,4,1,1,3,0,1
85,0,162.3,8,19,4,2,1,0,3,0
1,0,60.0,2,28,4,1,2,0,0,0
91,1,136.43,12,27,4,4,0,0,3,1
0,0,105.0,1,1,4,1,0,0,0,1
177,0,84.39,8,22,4,5,2,3,0,0
133,0,105.3,5,17,4,3,0,0,0,1
88,1,132.3,10,2,4,0,2,0,3,0
3,0,123.0,10,19,2,2,1,0,0,0
221,0,86.75,8,10,4,3,0,0,1,0
47,1,127.0,10,2,4,0,2,0,0,0
30,3,198.9,6,18,4,1,2,0,5,1
52,0,73.95,2,4,4,3,2,0,0,0
18,1,160.0,10,21,4,1,0,0,0,1
1,0,90.0,1,29,4,1,0,0,0,1
79,0,152.4,6,16,4,4,2,0,3,1
133,0,189.0,7,23,4,1,0,1,3,0
100,0,38.67,3,25,3,2,1,0,0,1
0,0,89.0,5,9,4,0,1,3,0,0
1,1,89.0,4,16,4,1,0,3,0,1
14,0,84.0,6,23,3,1,0,3,0,1
61,0,35.2,10,4,4,0,2,1,0,0
39,1,175.08,9,23,4,4,1,0,0,1
9,2,184.0,10,7,4,2,0,0,3,1
15,2,152.0,4,26,4,2,0,0,3,1
163,2,161.1,9,5,4,2,1,1,0,0
84,2,79.43,10,31,4,3,1,3,0,1
36,0,110.0,9,11,2,3,2,0,3,1
27,0,166.0,6,28,4,2,0,0,3,0
0,0,79.0,1,11,2,0,1,0,0,1
65,1,82.13,11,19,4,1,2,3,0,0
42,2,216.9,8,20,4,1,1,0,5,1
57,0,78.3,3,11,4,2,1,0,0,0
56,2,99.9,6,20,4,2,1,0,0,1
58,1,132.3,10,10,4,3,1,0,3,0
4,2,143.38,4,20,4,4,0,0,5,1
65,1,149.4,9,14,4,4,0,0,3,1
3,0,65.0,12,6,2,0,1,0,0,1
21,2,129.0,9,28,4,1,0,3,0,1
142,1,90.9,10,27,4,1,0,0,0,0
22,1,240.0,7,21,4,2,0,0,5,1
10,0,105.0,10,3,3,2,1,0,0,0
151,0,136.12,8,4,4,5,2,0,0,0
65,1,137.7,4,11,4,2,1,0,3,1
8,1,159.33,6,29,4,3,0,0,3,0
47,0,116.1,5,22,4,0,2,3,0,1
2,0,122.75,6,17,3,3,2,1,3,1
11,0,67.4,1,31,4,0,2,0,0,1
131,0,94.5,8,15,3,1,2,1,0,1
0,1,110.0,6,6,3,2,1,0,0,1
153,0,186.3,8,19,4,1,0,0,5,0
117,0,76.0,2,29,3,1,1,0,0,1
7,2,165.67,8,15,4,2,1,0,0,1
167,1,104.4,10,26,4,5,2,0,3,0
61,0,80.75,9,15,4,1,0,0,0,1
28,1,134.37,7,7,4,3,0,3,0,1
29,1,100.28,3,10,4,3,2,0,0,1
132,2,92.02,6,28,4,8,2,0,0,1
127,1,91.48,10,8,4,1,0,0,0,1
4,2,194.33,3,27,4,1,2,0,5,1
60,0,177.3,7,14,4,2,0,0,5,0
19,0,85.0,10,2,3,2,2,0,0,1
174,0,131.75,8,16,4,8,2,1,0,0
18,0,78.17,10,3,4,5,2,3,0,1
21,1,96.0,12,24,4,1,2,0,0,1
95,0,127.8,7,6,4,4,0,0,3,0
16,0,83.03,3,8,4,1,0,0,1,0
11,1,89.0,1,15,4,2,0,0,0,1
10,0,89.3,1,14,4,1,0,0,0,1
89,2,72.25,11,23,4,2,1,0,0,1
23,2,112.0,11,11,4,1,0,0,0,1
231,1,115.2,6,8,4,4,0,0,3,0
32,1,134.78,9,25,4,2,2,0,3,1
81,0,190.8,10,15,4,4,2,0,5,0
60,0,76.5,3,10,4,1,0,3,0,0
121,0,76.5,8,10,4,2,1,0,0,0
74,0,89.25,10,7,4,4,0,0,0,1
184,1,90.95,8,27,4,2,2,0,0,1
3,0,153.0,8,13,4,1,0,3,5,1
17,2,124.0,9,17,4,2,0,0,0,1
57,0,75.0,9,16,3,2,0,0,0,1
280,0,86.7,12,31,4,1,2,0,0,0
4,1,95.0,9,28,2,2,1,0,0,1
15,0,103.0,3,12,4,1,2,0,0,0
166,1,100.3,6,19,4,2,2,0,0,0
35,0,99.0,9,26,3,0,1,0,0,1
142,0,108.0,10,5,4,3,0,3,0,0
17,0,80.0,3,17,2,2,0,0,0,0
19,0,0.0,12,16,4,0,0,3,0,1
94,1,76.5,7,14,4,3,0,0,0,0
90,1,90.95,4,13,4,4,0,0,0,1
52,3,99.0,8,28,4,0,1,3,0,1
4,1,113.96,8,28,4,3,2,0,3,1
29,2,77.5,3,9,4,3,0,0,1,1
82,1,181.7,7,9,4,1,0,0,3,1
31,2,87.41,12,4,4,10,5,3,0,0
24,2,159.0,5,29,4,0,1,0,3,1
86,0,85.5,4,14,4,3,0,3,0,0
9,1,76.0,11,7,4,1,0,3,0,1
10,2,156.0,8,13,4,1,1,0,0,1
13,1,87.0,2,18,3,3,0,0,0,1
8,0,91.45,1,2,4,1,2,0,0,1
133,0,99.9,5,17,4,3,0,0,0,1
48,1,60.0,1,17,3,3,2,0,0,1
130,0,116.1,6,2,4,3,0,3,0,0
143,1,88.69,12,4,4,0,2,0,3,1
48,0,73.51,10,2,4,2,1,0,0,1
139,0,114.33,7,31,4,2,2,0,3,0
149,0,129.0,6,9,4,3,0,0,3,0
57,0,60.0,11,17,3,3,0,0,3,1
305,2,79.5,12,29,4,3,0,3,0,0
60,0,65.0,9,21,3,1,1,0,0,1
150,0,125.8,6,28,4,8,2,0,3,0
28,0,205.0,10,6,4,3,1,1,3,0
104,0,104.55,4,27,4,4,1,0,3,0
167,2,105.3,8,5,4,2,0,0,0,0
51,1,109.8,8,29,4,2,1,0,0,0
91,1,109.8,7,10,4,2,2,0,0,1
71,1,75.54,10,30,4,0,1,0,0,1
6,1,67.0,7,6,2,2,0,0,0,1
61,1,120.6,7,17,4,3,2,0,3,1
27,1,107.03,9,24,4,1,0,0,3,1
84,0,106.25,5,19,3,5,2,1,0,0
252,2,95.4,9,16,4,1,0,3,0,0
163,2,74.65,10,23,4,3,2,0,0,1
18,0,109.0,3,19,4,1,1,0,0,0
24,1,95.2,12,25,4,2,2,0,0,1
92,1,107.1,8,20,4,3,2,3,0,0
3,0,110.0,4,21,4,1,0,0,0,1
14,1,138.25,2,17,4,4,0,0,3,1
4,0,106.0,3,7,3,3,1,1,0,1
133,1,80.75,4,25,3,2,1,0,0,1
62,1,97.2,11,4,4,2,0,0,0,1
104,1,72.25,4,18,4,3,1,3,0,0
59,2,101.27,3,29,4,5,2,0,3,1
282,1,109.23,12,25,4,5,3,0,3,0
221,0,65.0,10,17,3,1,2,0,0,1
173,0,72.25,7,12,3,3,0,0,0,1
28,1,332.57,6,2,4,3,0,0,5,1
9,2,175.0,10,7,4,2,0,0,3,1
32,2,149.4,9,10,4,2,2,0,3,1
234,0,106.0,10,17,2,2,1,0,4,0
51,0,106.2,4,1,4,2,1,0,3,1
10,1,135.5,10,5,4,3,1,0,0,1
66,0,122.72,6,26,4,3,2,0,3,1
204,0,90.0,5,5,3,3,0,0,0,0
0,0,79.0,2,18,4,1,0,3,0,1
26,1,96.9,11,13,4,2,2,0,3,0
145,0,118.8,9,16,4,2,2,3,0,0
174,0,115.2,6,5,4,0,2,0,3,0
55,1,112.5,10,28,3,4,0,0,3,1
2,0,72.0,2,10,2,2,0,0,0,1
3,0,78.3,1,8,4,1,0,0,0,1
116,0,96.05,9,18,4,2,1,1,0,0
20,1,151.0,8,19,4,2,2,0,0,1
2,2,162.47,4,27,4,4,1,0,5,1
159,0,72.25,8,20,3,2,2,0,0,1
5,0,100.0,6,14,2,1,0,0,0,1
49,0,159.3,5,7,4,1,1,0,3,0
40,0,98.0,10,5,3,1,1,0,0,1
155,3,132.3,10,3,4,3,1,0,3,1
207,0,80.75,7,28,4,4,2,3,0,0
29,0,96.9,11,14,4,3,1,0,3,1
65,0,148.5,7,9,4,1,1,0,3,0
82,2,146.7,7,1,4,4,2,0,3,1
1,0,80.0,8,8,4,1,0,0,0,1
114,1,87.05,5,14,4,2,2,0,3,1
102,3,156.0,7,10,4,4,2,1,3,1
90,1,119.0,12,24,4,3,2,0,3,1
25,0,69.0,12,4,4,2,1,0,0,1
276,0,95.0,9,22,3,3,0,0,0,0
0,0,103.1,3,6,4,0,1,0,0,1
26,0,87.0,3,7,3,4,1,0,0,1
111,1,82.45,4,4,4,3,1,0,0,1
50,0,74.0,2,24,3,3,0,0,0,1
45,1,98.1,11,30,4,2,0,0,0,1
101,0,142.2,7,22,4,2,0,0,3,0
7,3,103.18,10,3,4,2,1,3,0,1
7,0,93.0,2,10,4,4,0,0,0,1
46,1,124.1,3,21,4,3,1,0,3,0
199,0,119.0,12,28,4,4,2,0,3,1
239,0,112.2,6,15,3,2,0,1,0,0
68,1,89.25,10,11,4,2,2,0,0,0
146,1,81.25,8,5,3,1,0,0,0,1
199,1,63.75,11,4,3,2,1,0,0,1
123,0,97.33,7,2,4,2,2,0,0,0
125,0,155.7,8,12,4,2,1,0,3,1
64,0,130.0,5,17,2,3,0,0,0,1
43,1,149.4,5,18,4,1,0,0,3,1
5,0,65.8,1,20,3,1,0,0,0,1
0,1,149.0,6,20,4,1,1,0,3,1
101,0,165.6,8,9,4,2,0,1,3,0
1,2,92.0,8,31,4,4,1,0,0,1
82,0,76.5,4,11,3,2,1,0,0,1
49,0,75.95,3,6,4,2,2,0,0,1
143,1,137.7,7,4,4,2,1,0,3,0
5,2,0.0,8,24,1,1,0,0,0,1
35,3,103.05,10,8,4,2,0,0,0,1
275,2,82.45,12,28,4,4,0,0,0,1
66,0,73.5,3,16,4,3,0,3,0,0
4,1,139.0,8,28,4,0,1,0,0,1
128,0,114.3,8,8,4,2,1,0,0,0
2,0,94.5,8,1,3,1,2,1,0,0
117,0,99.85,4,29,4,2,0,0,4,0
6,1,87.27,10,30,4,2,1,0,0,1
44,0,78.26,3,12,4,3,2,0,0,0
98,1,90.45,10,30,4,2,2,0,0,1
12,1,79.0,2,13,4,1,2,3,0,1
99,2,79.5,2,14,4,2,2,0,1,1
133,2,117.3,11,26,4,2,2,1,0,1
173,1,94.5,8,13,4,1,2,3,0,0
89,0,76.5,7,27,4,1,1,0,0,0
198,0,90.0,9,9,4,2,1,0,0,0
8,1,95.0,4,29,3,2,1,0,0,1
32,0,88.0,11,26,4,1,0,3,0,0
138,1,114.3,5,7,4,1,0,0,0,1
101,2,144.45,11,11,4,2,0,0,3,1
127,0,80.0,4,28,3,3,1,0,0,1
0,0,66.0,1,19,2,1,0,0,0,1
5,1,115.0,9,9,4,1,0,3,0,1
88,1,76.5,7,1,4,4,0,0,0,0
13,0,89.39,12,3,4,4,2,0,0,1
2,0,127.0,6,30,4,1,0,3,0,1
205,1,137.7,8,19,4,1,0,0,3,0
105,0,152.55,12,2,4,2,0,1,0,0
0,0,159.0,5,24,2,1,0,0,4,1
46,2,138.6,12,8,4,3,0,0,3,1
96,1,118.8,10,7,4,2,1,0,0,0
63,0,137.7,7,17,4,0,1,0,3,1
4,2,159.0,9,15,4,1,0,0,0,1
99,1,118.0,10,8,4,2,2,0,0,1
160,0,70.67,12,30,3,3,0,0,0,1
144,0,162.0,9,15,4,3,0,0,3,0
253,3,89.25,9,12,4,5,2,0,0,1
178,0,96.3,8,25,4,3,0,0,0,0
2,0,81.0,1,20,4,2,0,3,0,1
129,2,139.99,7,22,4,2,0,0,5,1
4,1,111.0,11,22,4,1,0,0,0,0
165,2,99.45,7,21,4,3,2,0,0,1
0,0,88.0,8,11,2,1,0,0,0,1
0,0,65.0,5,2,2,0,1,0,0,1
65,1,89.25,10,14,4,4,0,0,0,1
12,0,65.0,10,19,2,1,0,0,0,1
101,0,114.3,7,4,4,5,2,0,0,0
106,0,111.3,4,28,4,3,0,0,3,1
152,2,110.65,8,5,4,2,1,0,0,0
114,1,85.5,6,26,4,0,2,3,0,1
62,0,75.0,11,21,3,3,1,0,0,1
70,0,93.6,11,4,4,2,1,0,0,0
230,1,96.3,9,2,4,2,1,0,0,1
20,0,58.4,2,14,3,0,1,3,0,1
8,2,96.0,12,12,4,0,1,0,0,1
48,1,73.1,3,2,4,3,0,3,0,0
3,2,89.0,4,19,4,1,0,3,0,1
32,0,159.3,3,24,4,3,0,0,3,0
0,0,92.98,10,5,4,1,0,3,0,1
324,0,87.3,11,21,4,2,1,0,3,0
78,0,105.3,7,18,4,1,1,0,0,0
27,0,87.0,3,6,3,3,2,0,0,1
37,0,89.0,5,18,2,2,0,0,0,0
53,1,119.7,6,30,4,2,0,0,0,1
38,1,145.8,9,21,4,2,1,0,0,1
55,2,135.9,9,26,4,3,1,0,0,1
0,0,89.89,12,10,4,2,2,0,0,1
240,0,80.75,10,27,4,3,1,3,0,0
117,1,112.5,8,12,4,2,0,3,0,1
106,2,139.95,7,11,4,3,1,0,3,1
24,0,95.0,10,3,2,0,1,0,0,1
4,1,156.67,3,24,4,3,0,0,0,1
40,1,125.0,7,26,3,1,0,1,0,1
34,1,87.32,10,29,4,3,0,0,0,1
0,0,91.0,2,25,4,2,0,0,0,0
35,1,82.45,1,29,4,2,1,0,3,1
60,0,72.25,7,10,3,0,2,0,0,1
8,0,0.0,10,22,1,1,0,0,3,1
14,0,65.0,4,29,3,1,0,0,0,1
4,1,179.0,9,12,4,3,1,0,3,1
5,0,99.75,8,15,4,2,2,0,0,0
1,0,69.5,1,14,3,2,0,0,0,1
123,0,201.6,9,25,4,0,2,0,5,0
188,0,90.95,7,28,4,5,2,0,0,0
114,1,129.6,9,12,4,4,1,0,0,1
56,0,72.25,8,15,3,2,1,0,0,1
282,1,88.83,10,29,4,2,2,0,0,0
93,0,115.0,10,15,4,1,2,0,0,0
27,0,120.9,9,18,4,2,2,0,0,0
223,1,85.5,8,15,4,0,1,3,0,0
4,0,141.0,7,23,4,1,1,0,0,0
94,0,111.6,4,28,4,2,0,0,0,1
25,0,64.64,2,7,4,2,2,0,0,1
23,0,89.0,4,18,4,1,1,3,0,0
75,0,135.9,8,14,4,0,2,0,0,0
32,0,149.4,3,25,4,2,0,0,3,0
79,2,79.2,12,9,4,2,1,3,0,1
8,1,169.0,5,21,3,1,0,3,4,1
13,0,96.0,4,26,3,3,0,1,0,1
103,0,96.05,4,6,4,4,1,0,3,1
19,0,48.0,9,21,3,1,1,0,0,0
43,3,124.1,11,1,4,4,0,1,0,1
50,0,79.56,7,13,3,4,2,0,0,0
143,0,90.0,8,25,3,3,0,0,0,1
13,1,115.0,8,1,4,0,1,0,0,1
41,2,98.67,10,6,4,3,0,0,0,1
209,1,72.75,7,2,4,4,2,0,3,1
0,1,113.0,10,19,4,1,1,0,3,1
8,1,41.0,3,1,2,3,0,0,0,1
4,0,81.0,2,1,4,1,1,3,0,1
47,0,106.2,4,1,4,2,1,0,3,1
17,1,88.0,11,13,4,1,2,3,0,0
3,0,116.4,10,10,4,1,2,3,0,1
13,0,88.0,12,8,4,1,0,3,0,1
53,1,83.92,3,15,4,5,2,0,0,1
20,2,93.0,2,7,4,1,2,0,0,1
14,0,43.43,2,15,3,5,2,0,0,1
4,0,65.0,11,9,2,0,1,0,0,1
36,1,68.07,12,1,4,3,2,0,0,1
18,1,129.0,12,31,4,1,1,3,0,1
51,2,228.6,7,23,4,1,0,1,3,1
86,0,122.0,12,8,4,3,0,0,0,0
187,1,90.95,8,25,4,4,2,0,0,1
34,1,68.7,2,25,4,3,0,3,0,0
0,0,160.0,9,27,2,1,0,0,0,1
0,2,45.0,3,15,3,1,0,0,3,1
0,0,89.0,3,3,4,1,0,3,0,1
71,1,137.1,5,13,4,2,2,0,3,1
172,1,137.7,8,11,4,3,0,0,3,0
60,1,137.7,7,15,4,1,0,0,3,0
57,1,40.0,7,20,2,3,0,0,0,1
5,1,95.0,4,18,4,1,1,0,0,1
40,0,85.0,10,25,3,3,0,0,0,1
7,2,56.0,5,21,3,1,1,1,0,1
6,0,138.0,12,30,4,2,0,0,0,1
0,0,61.68,7,29,4,1,0,3,0,1
56,1,76.92,6,21,4,3,0,0,0,1
49,0,75.0,11,9,3,3,0,0,0,1
308,1,78.3,11,23,4,3,0,0,0,0
34,0,76.5,6,28,3,3,0,0,0,1
106,1,104.0,12,27,4,2,0,0,0,1
123,2,107.95,5,22,4,2,2,0,3,1
4,2,120.0,2,5,4,2,0,0,0,1
116,0,75.75,2,28,3,2,2,0,0,1
56,0,67.32,12,16,4,2,2,3,0,0
8,1,40.0,6,15,2,1,0,0,0,1
88,1,156.6,11,26,4,1,0,0,5,0
53,2,79.2,12,16,4,1,0,3,0,1
27,0,99.2,9,23,3,1,0,0,0,1
93,1,80.75,6,3,3,2,0,0,0,1
3,2,81.6,12,12,4,3,1,0,0,1
109,0,152.1,8,24,4,4,0,0,3,0
164,2,90.0,3,13,4,2,2,0,0,1
15,0,106.33,12,7,4,3,0,0,0,1
16,0,134.7,5,31,4,4,0,0,3,1
113,1,116.1,6,13,4,2,1,3,0,1
111,0,58.0,3,27,3,2,2,0,0,1
0,0,138.0,8,17,4,1,0,0,0,1
49,0,86.28,3,29,4,4,0,0,4,0
74,0,126.9,5,17,4,3,0,0,0,1
81,1,103.7,4,25,4,3,1,0,3,1
4,1,76.0,1,4,4,0,1,0,0,1
4,1,180.0,9,25,4,1,2,0,0,1
77,0,75.0,12,8,3,3,0,0,0,1
11,0,189.0,3,18,4,2,0,0,5,0
11,1,130.0,11,5,4,1,0,0,0,0
135,1,126.0,7,5,4,2,0,0,0,1
130,1,105.3,5,5,4,3,0,0,0,0
15,0,154.33,4,15,4,2,1,0,3,0
272,0,90.1,7,28,4,3,2,0,0,0
290,0,72.0,6,17,3,2,1,0,0,1
111,0,137.7,7,24,4,1,2,0,3,0
65,1,109.9,7,27,4,2,0,0,0,1
118,0,116.1,6,2,4,3,0,3,0,0
7,1,134.0,10,26,3,3,1,0,3,1
51,1,125.1,9,9,4,2,0,3,0,1
268,0,95.4,10,1,4,1,1,3,0,0
77,1,94.5,4,15,4,2,0,3,0,1
83,0,80.75,4,20,3,5,2,0,0,1
81,1,135.15,5,16,4,3,1,0,0,1
208,2,88.77,10,23,4,2,2,0,1,1
190,0,123.75,8,2,4,6,2,0,0,0
153,0,143.1,9,24,4,3,2,0,3,0
64,1,149.4,9,24,4,2,2,0,3,0
20,0,121.0,6,2,4,1,0,0,0,0
3,1,218.72,9,22,4,3,0,0,6,1
9,0,65.0,12,10,2,1,0,0,0,1
22,0,124.0,9,19,4,1,1,0,0,1
75,0,157.6,4,14,4,3,0,0,5,0
13,0,87.0,2,21,3,0,2,0,0,1
103,0,63.58,3,24,3,3,0,0,0,1
57,1,63.55,3,30,4,4,1,0,0,1
8,2,117.67,9,3,4,3,0,0,0,1
86,1,93.08,4,6,4,4,0,0,3,1
128,1,94.5,8,3,4,3,0,3,0,1
99,1,109.5,7,9,4,1,2,3,0,1
65,0,137.7,6,26,4,2,2,0,0,0
0,1,0.0,10,25,1,1,0,0,0,1
175,2,83.01,11,12,4,2,2,0,0,0
182,1,122.4,10,6,4,3,1,0,3,0
37,1,88.39,12,14,4,5,2,0,0,1
24,2,115.0,9,19,4,1,0,3,0,1
167,0,90.9,8,26,4,2,1,0,0,0
275,1,77.62,11,3,4,2,0,0,0,0
261,0,67.5,12,10,4,1,0,3,0,0
4,1,111.2,9,22,3,3,0,0,0,1
25,0,159.0,10,19,4,3,0,0,0,0
5,0,113.0,8,17,4,1,0,3,0,1
16,1,0.0,10,8,4,0,0,0,0,1
4,0,79.0,2,13,4,1,0,3,0,1
1,1,105.0,8,11,4,4,0,0,0,1
0,3,97.0,8,19,4,2,0,3,0,1
25,0,0.0,11,11,1,2,0,0,0,1
100,0,110.0,9,28,3,4,0,1,0,1
72,0,75.0,11,24,3,3,0,0,0,1
26,1,117.0,4,21,4,1,0,0,0,1
27,2,124.0,9,18,4,2,0,0,0,1
130,2,104.4,10,29,4,1,2,0,3,1
19,1,107.0,1,1,4,2,0,0,0,1
112,1,58.0,3,25,3,2,2,0,0,1
87,2,185.85,6,2,4,3,0,1,0,1
110,0,118.06,7,3,3,2,2,1,3,1
141,0,90.0,11,25,4,2,0,0,0,1
160,0,70.0,12,30,3,3,0,0,0,1
18,2,139.0,11,3,4,3,0,0,3,1
70,2,156.6,12,8,4,3,0,0,5,1
0,0,79.0,7,20,0,1,0,0,0,1
89,0,128.85,5,8,4,2,2,0,0,1
8,0,79.0,12,9,2,1,0,0,0,1
182,1,97.71,9,3,4,1,0,0,0,0
47,2,132.6,4,29,4,2,2,0,3,1
41,1,135.9,9,25,4,0,2,0,0,0
17,0,88.0,11,25,4,2,0,3,0,0
27,1,234.35,9,23,4,2,1,0,6,1
17,3,73.88,10,1,4,2,0,0,0,1
1,0,158.0,9,22,4,1,0,0,0,1
75,0,60.0,12,7,3,2,1,0,3,1
222,1,102.85,10,2,4,3,2,0,0,0
296,1,117.0,9,21,3,4,0,1,0,0
34,0,224.67,9,23,4,3,0,1,0,0
45,0,75.0,11,10,3,3,0,0,0,1
7,1,120.0,10,25,4,1,0,3,0,1
81,0,60.0,2,19,3,2,1,0,0,1
31,1,114.3,10,2,4,1,2,3,0,0
73,0,60.0,12,6,3,1,2,0,3,1
60,0,110.5,4,18,4,4,1,0,3,1
183,1,112.0,8,3,4,4,1,0,0,0
261,2,161.25,10,22,4,1,2,1,0,0
1,0,80.0,1,18,4,0,1,0,0,1
147,1,123.3,8,14,4,1,2,0,0,1
115,0,108.0,10,13,4,1,0,3,0,0
149,2,120.7,8,12,4,4,2,0,3,1
119,1,162.0,9,19,4,0,1,0,3,1
176,0,150.45,9,1,4,3,1,0,3,0
129,1,127.8,8,11,4,3,2,0,3,1
4,0,147.0,7,19,2,3,0,0,4,1
96,3,79.2,11,2,4,2,0,3,0,1
144,2,114.3,7,30,4,1,1,0,0,1
172,1,90.5,7,29,3,3,2,1,0,1
117,0,71.4,11,6,2,2,2,0,0,1
6,2,164.2,11,6,4,3,2,0,0,1
152,1,62.0,2,20,3,1,2,0,3,1
175,0,104.4,10,28,4,2,2,0,3,0
45,1,158.4,10,3,4,0,1,0,3,1
38,1,118.58,3,19,4,2,2,0,3,0
33,1,80.3,2,5,4,2,1,0,0,1
2,2,106.0,8,21,4,2,0,0,0,1
55,2,90.0,7,7,4,4,0,0,0,0
36,1,126.0,9,1,4,1,0,0,0,0
18,0,91.38,12,8,4,3,1,0,0,1
21,0,92.0,11,4,3,1,0,0,3,1
60,1,88.0,11,11,4,1,0,3,0,1
29,2,119.0,10,19,4,4,0,3,0,0
3,0,150.33,6,12,4,1,2,0,3,1
21,1,144.0,4,13,4,2,0,0,3,1
133,1,86.43,5,27,4,2,2,0,3,1
105,0,58.0,3,18,3,2,1,0,0,1
175,0,82.28,10,4,3,4,0,0,0,0
1,1,90.0,10,7,2,2,0,0,0,1
21,1,80.3,1,29,4,2,0,0,0,1
361,0,91.0,11,4,4,1,0,0,0,0
38,0,63.75,6,27,3,3,1,3,0,1
199,1,98.1,10,1,4,1,1,3,0,1
20,0,146.2,9,24,4,2,2,0,0,0
3,2,156.0,3,28,4,3,1,0,3,1
174,1,115.2,3,25,4,2,1,0,0,0
25,1,162.25,10,6,4,4,0,0,5,1
85,1,126.9,8,13,4,2,2,0,0,1
16,0,108.67,12,8,4,3,0,0,0,1
36,1,61.75,2,12,4,2,1,0,3,1
31,0,67.5,2,5,4,2,0,3,0,0
16,1,89.89,12,3,4,2,2,0,0,1
1,1,211.0,4,29,4,2,1,0,5,1
13,2,265.44,7,13,4,7,2,0,6,1
219,0,74.0,9,4,3,3,2,0,0,1
119,1,177.3,7,14,4,2,0,0,5,1
170,1,85.0,7,19,4,4,0,3,0,1
13,1,85.47,5,9,4,1,1,0,0,1
2,0,89.0,3,22,4,1,0,3,0,1
0,0,95.94,5,17,4,1,0,3,0,1
50,1,72.75,4,11,4,3,1,0,0,1
253,1,140.4,10,7,4,2,1,0,3,0
17,0,142.0,4,15,4,2,0,0,3,0
19,1,65.1,9,11,4,0,2,3,0,0
162,0,60.0,9,17,3,3,0,0,0,1
88,0,70.0,3,1,4,1,0,3,0,0
111,0,123.3,8,11,4,2,0,0,0,1
85,1,106.54,7,26,4,3,0,0,1,1
217,2,90.1,5,25,4,4,0,0,0,0
280,0,110.0,9,19,4,2,1,0,0,0
16,0,95.0,10,2,2,1,2,0,0,1
8,0,177.5,12,3,4,1,1,0,5,1
5,2,105.25,8,31,4,3,1,0,0,1
103,0,116.38,6,28,4,11,4,0,0,0
145,0,128.34,8,29,4,4,1,0,0,1
78,0,65.58,3,7,3,2,1,0,0,1
3,2,253.67,3,30,4,3,0,1,5,1
204,0,81.81,7,12,4,4,0,0,1,0
0,1,117.04,9,22,4,2,0,3,0,1
134,1,119.85,6,9,4,5,2,0,0,0
79,1,96.3,4,16,4,1,2,0,0,1
186,0,123.3,11,3,4,1,0,0,3,0
83,0,117.1,7,25,3,2,1,0,0,1
7,0,138.0,4,9,4,4,2,0,3,0
248,0,80.75,10,24,4,5,3,3,0,0
64,4,120.15,9,5,4,1,1,0,0,1
101,0,80.0,4,4,4,2,1,0,0,0
62,0,112.2,4,11,4,4,1,0,3,1
65,2,89.25,10,22,4,3,0,0,0,1
1,0,124.0,6,7,4,1,0,0,0,1
195,1,66.53,7,27,4,6,2,0,0,1
127,0,128.7,8,26,4,2,0,0,3,0
14,0,115.0,9,5,4,1,1,3,0,1
120,0,146.53,9,28,3,3,0,0,3,1
44,0,91.58,2,18,3,3,1,1,0,1
4,2,0.0,4,18,4,0,1,0,4,1
200,1,89.25,10,2,4,2,1,0,0,1
8,1,151.0,7,2,4,1,0,0,0,0
171,0,126.9,9,16,4,2,1,0,0,0
1,0,90.0,9,9,2,3,0,0,0,1
141,1,115.61,5,18,3,2,0,0,3,1
147,0,151.2,10,7,4,2,1,0,3,1
40,1,130.0,11,11,4,2,0,0,0,1
158,2,89.5,12,23,4,2,2,0,0,1
119,1,161.1,11,10,4,1,0,3,0,1
101,2,85.28,4,9,4,4,2,0,0,1
20,0,48.33,1,4,3,5,1,0,0,1
116,1,99.45,5,15,4,3,2,0,0,1
45,0,143.65,3,28,4,3,1,0,3,0
24,2,128.0,9,10,3,2,2,0,0,1
141,3,129.86,9,19,4,5,2,0,0,1
7,0,89.0,4,11,4,0,1,3,0,1
11,0,79.0,2,1,4,5,2,3,0,0
208,2,80.24,6,11,3,2,2,0,0,1
10,0,89.0,4,17,4,0,1,3,0,0
10,0,89.0,10,10,2,0,1,0,0,1
63,1,105.3,7,23,4,1,0,0,0,1
18,0,191.0,8,15,4,2,1,0,3,1
4,1,109.0,6,26,4,0,1,0,0,1
170,0,95.63,8,16,4,4,0,3,0,0
28,0,100.0,5,19,2,2,0,0,0,1
0,1,98.0,8,22,4,1,1,3,0,1
165,2,123.3,10,27,4,3,1,0,3,0
24,0,55.0,12,4,3,2,0,0,0,1
11,2,141.5,4,23,4,2,2,0,0,1
32,0,72.9,2,5,4,2,1,0,0,0
12,1,85.0,9,11,3,0,1,0,0,1
13,0,65.0,11,29,2,1,0,0,0,1
56,1,74.8,11,12,4,3,2,3,0,1
92,1,89.25,7,15,4,4,0,0,3,0
38,3,77.23,11,2,4,4,0,0,3,1
95,1,106.71,6,4,4,1,0,0,0,1
48,0,127.03,8,27,4,5,2,0,3,0
11,2,187.0,9,19,4,0,1,0,0,1
91,1,118.8,10,8,4,2,2,0,0,0
8,2,170.0,8,16,4,1,0,0,0,1
89,1,79.5,4,9,4,1,2,3,0,1
57,0,101.52,9,21,3,2,0,0,0,1
219,1,102.85,10,3,4,3,1,0,0,0
42,2,88.0,11,2,4,2,0,3,0,1
54,1,95.19,1,10,4,2,2,0,3,1
3,2,118.0,3,11,4,2,0,0,0,1
37,1,95.4,3,1,4,4,0,0,3,0
99,0,107.1,8,29,4,1,1,3,0,0
21,0,129.0,3,4,4,1,0,1,0,0
112,0,132.6,6,1,4,4,0,0,3,0
39,0,117.9,7,2,4,2,2,0,0,0
26,2,110.0,10,28,4,1,0,3,0,1
68,0,135.15,5,7,4,4,2,0,0,0
2,2,147.0,3,27,4,2,2,0,3,1
64,0,140.4,5,27,4,2,0,0,3,0
0,0,65.0,8,29,2,2,1,0,0,1
102,0,59.5,11,7,3,2,1,3,0,0
179,1,96.3,7,1,4,1,0,0,0,0
53,1,100.5,7,10,4,1,2,3,0,1
377,1,115.0,10,14,4,2,0,1,0,0
204,3,76.5,8,12,4,4,0,0,0,1
70,0,107.1,7,7,4,1,0,3,0,0
12,2,101.0,4,17,4,1,2,0,0,1
64,1,105.3,4,25,4,1,1,0,0,1
10,1,160.16,8,22,4,4,1,0,6,1
244,0,90.95,8,2,4,4,0,0,0,0
5,0,146.0,3,26,4,5,2,0,3,0
53,0,120.0,10,14,3,1,0,0,0,1
53,2,77.86,11,29,4,4,0,0,1,1
166,0,99.45,6,29,4,4,0,0,3,0
10,0,160.0,3,22,4,5,0,0,3,1
30,0,149.4,5,11,4,4,0,0,3,0
65,1,100.0,10,2,3,2,0,0,0,1
35,0,137.7,4,22,4,1,0,0,3,1
6,0,0.0,12,10,4,2,0,0,0,1
22,0,75.0,9,16,2,2,0,0,0,1
101,1,148.9,8,8,4,5,3,0,3,1
27,0,62.8,3,21,3,3,1,3,0,1
11,1,68.5,1,22,4,1,0,3,0,1
182,0,137.7,8,7,4,1,2,0,3,0
92,1,93.3,4,7,4,3,0,0,0,1
146,1,85.5,6,27,4,1,1,3,0,0
62,0,117.9,6,9,4,3,0,0,0,1
117,0,143.1,9,20,4,3,0,0,3,0
7,1,78.5,2,11,3,3,0,1,0,1
0,1,50.0,12,15,2,1,0,0,0,1
51,0,119.7,4,27,4,1,0,0,3,0
3,0,72.5,7,11,3,1,2,1,0,1
247,0,109.0,6,6,3,1,1,1,0,0
28,2,164.5,10,7,4,4,2,0,3,1
2,2,118.0,6,23,4,1,0,0,0,1
6,0,65.0,8,12,2,1,0,0,0,1
2,1,101.0,4,3,4,0,2,0,0,1
26,0,108.0,10,12,3,3,1,3,3,1
211,0,90.95,8,25,4,3,1,0,0,0
48,0,159.3,5,29,4,0,2,0,3,0
130,1,110.7,10,21,4,2,0,0,1,1
12,1,112.42,8,6,4,1,2,0,0,1
104,0,119.7,8,21,4,1,2,0,0,1
13,0,77.25,1,21,4,3,0,0,1,1
26,0,75.0,10,17,3,1,2,0,3,1
10,0,93.0,2,25,4,3,0,0,0,0
1,1,128.0,5,31,4,2,0,3,0,1
66,0,89.1,4,2,4,1,2,0,0,0
23,0,87.0,1,2,3,1,2,1,0,1
0,1,144.67,7,8,4,2,1,3,0,1
117,0,76.0,2,29,3,2,1,0,0,1
200,3,82.92,10,31,4,2,1,0,1,1
65,0,105.9,4,26,4,3,0,0,0,0
28,1,125.77,2,26,4,2,1,0,3,0
11,1,140.0,4,24,4,0,2,0,0,1
197,1,72.25,8,24,3,3,0,0,0,1
50,1,83.66,2,22,4,5,2,0,3,0
17,1,91.0,2,15,4,3,1,0,0,1
85,2,151.2,10,7,4,2,0,0,3,1
48,0,67.5,3,5,4,1,2,3,0,0
49,1,130.9,3,30,4,4,0,1,3,0
72,1,100.0,9,14,2,2,0,3,0,0
7,0,130.67,8,13,4,1,2,0,0,0
128,1,96.3,6,26,4,0,2,0,0,1
136,0,107.95,5,16,4,3,1,0,3,1
8,0,75.2,11,23,4,1,0,0,0,1
75,0,80.0,3,17,4,3,1,0,0,0
30,2,76.1,3,5,4,1,2,3,0,1
23,0,72.8,2,12,4,2,1,0,0,0
7,1,86.78,1,28,4,3,0,0,3,1
164,0,108.0,10,17,4,2,1,3,0,0
107,2,135.15,5,22,4,2,2,0,0,1
62,0,103.5,4,7,4,2,0,3,0,1
9,0,149.0,8,17,4,2,0,0,4,1
0,0,115.0,8,10,4,0,1,3,0,1
98,1,90.45,10,30,4,2,2,0,0,1
4,1,65.0,9,19,2,2,1,0,0,1
57,2,108.8,3,21,4,3,1,0,0,1
101,0,126.9,5,19,4,1,0,0,0,1
0,1,89.0,8,8,4,1,0,3,0,1
81,0,65.0,3,25,3,2,2,0,0,0
265,0,83.33,6,24,3,2,1,0,0,1
1,2,80.0,2,11,4,1,0,3,0,1
13,1,59.33,11,12,4,5,2,3,0,1
11,1,136.0,10,4,4,0,2,0,3,1
15,0,93.17,5,7,4,1,2,0,0,1
39,2,94.5,10,18,4,2,2,0,0,1
27,2,90.84,5,22,4,2,2,0,0,1
0,1,80.3,1,5,4,2,0,0,0,1
62,0,68.0,12,25,3,3,2,0,0,1
7,0,134.0,8,27,4,1,1,0,0,1
13,1,105.0,11,17,4,3,0,0,0,1
63,0,168.3,8,9,4,3,0,0,3,1
151,2,104.85,10,23,4,2,2,0,0,0
28,0,167.0,3,27,4,0,1,0,0,0
111,0,80.24,6,7,3,4,0,0,0,1
33,2,197.0,11,7,4,2,1,0,0,1
148,1,79.2,7,19,4,5,0,0,0,1
66,0,58.9,7,11,4,1,2,0,0,1
14,1,131.7,5,30,4,5,2,0,3,1
3,2,133.0,9,21,4,2,1,3,0,1
5,0,100.0,5,24,2,2,0,0,0,1
3,0,110.0,9,19,0,2,1,0,3,1
56,1,107.1,7,1,4,2,1,3,0,1
106,0,108.3,7,11,4,2,1,0,0,0
6,0,65.0,6,8,2,1,0,0,0,1
83,0,159.3,4,1,4,2,0,0,5,0
15,1,148.0,9,20,4,1,0,0,0,1
4,0,107.0,6,20,3,3,1,0,3,1
254,0,100.3,9,29,4,3,1,0,0,0
0,0,138.99,9,27,4,1,0,0,0,1
105,0,131.4,8,26,4,2,1,0,3,0
27,1,151.0,8,22,4,2,1,0,0,0
0,0,85.0,10,30,3,1,0,0,0,1
62,0,106.88,9,3,4,2,2,0,0,0
270,1,108.8,9,29,4,3,1,0,3,0
33,4,147.25,9,26,4,1,1,0,3,1
123,1,114.69,9,18,4,4,2,0,3,1
150,0,80.1,10,30,4,0,2,3,0,0
28,0,74.8,12,20,4,5,0,0,0,0
59,3,189.0,4,22,4,2,1,1,3,1
69,0,125.1,9,10,4,1,0,3,0,1
33,2,125.1,5,24,4,2,0,0,0,1
4,1,169.0,9,20,4,1,0,0,0,1
239,0,112.2,6,15,4,2,0,1,0,0
21,2,145.0,9,15,4,3,2,0,0,1
4,1,161.0,5,28,4,1,0,0,0,1
107,0,52.36,7,17,4,2,0,0,0,0
123,1,119.85,6,7,4,5,1,0,0,1
115,0,104.4,10,27,4,2,0,0,3,0
0,2,103.5,10,4,4,3,0,0,0,1
9,1,79.0,2,13,4,1,0,3,0,1
137,0,89.75,9,12,3,1,1,0,0,1
150,1,76.5,8,14,4,2,1,0,0,1
31,0,71.0,2,4,2,2,0,0,0,0
54,1,117.0,12,30,4,4,1,0,3,1
57,1,125.1,9,9,4,2,1,0,0,1
53,1,88.4,11,13,4,4,2,0,0,1
194,1,81.82,7,10,4,2,2,0,1,1
3,0,160.8,6,11,4,1,0,0,5,1
109,0,114.3,7,9,4,1,2,0,0,1
14,1,139.0,2,14,4,5,2,0,3,1
235,1,90.95,8,12,4,3,2,0,0,0
248,0,80.75,12,27,4,5,0,0,0,1
115,0,72.25,8,22,3,3,1,0,0,1
35,1,109.8,8,30,4,4,0,0,0,0
197,1,116.1,9,15,4,3,0,3,0,0
76,1,79.2,12,3,4,1,2,3,0,1
13,0,96.0,12,5,4,0,1,0,0,1
39,1,71.1,3,11,4,2,0,3,0,0
12,2,119.0,8,1,4,2,1,3,0,1
127,1,101.13,7,26,4,6,2,0,3,1
16,2,129.0,8,21,4,1,2,3,0,1
59,1,108.0,10,10,4,0,1,3,0,0
17,0,92.53,3,1,4,4,0,1,0,0
279,0,73.95,12,21,4,4,0,0,0,0
3,0,65.0,12,14,2,0,1,0,0,1
47,1,65.0,11,11,2,2,0,0,0,1
275,1,90.95,10,28,4,2,2,0,0,0
76,2,120.9,11,10,4,3,0,0,0,1
47,0,119.52,9,18,4,2,2,0,3,1
79,1,146.7,7,9,4,1,2,0,3,0
90,1,82.45,4,4,4,3,1,0,0,1
110,1,76.5,4,9,4,2,2,3,0,0
153,1,72.25,7,3,3,3,2,0,0,1
39,0,85.0,3,14,3,2,1,0,0,1
49,2,157.76,11,6,4,3,2,0,0,1
0,0,210.0,7,13,4,1,0,1,0,0
21,0,93.5,3,9,4,4,0,0,0,0
37,1,104.0,12,7,4,3,0,0,0,1
54,0,66.5,10,16,3,2,2,0,0,1
56,1,82.44,12,8,4,3,0,0,1,1
31,1,94.5,9,15,4,2,0,0,0,1
32,2,103.5,9,7,4,1,1,0,0,1
208,1,72.25,11,28,4,1,2,0,0,0
64,0,110.08,4,18,4,3,1,0,3,0
27,1,115.0,9,18,4,2,1,3,0,1
1,0,108.0,7,20,4,1,0,3,0,1
11,0,157.67,12,29,3,3,0,0,4,1
112,0,96.3,4,9,4,1,0,0,0,1
86,0,120.0,9,24,3,2,0,1,0,1
24,1,58.0,12,24,3,3,2,0,0,1
1,1,98.56,5,10,4,3,0,0,0,1
63,1,74.8,11,17,4,3,1,3,0,0
84,1,76.5,8,6,4,3,0,0,0,0
21,1,139.0,7,5,4,5,0,3,0,1
7,1,119.0,4,15,4,2,0,3,0,1
55,0,149.4,7,27,4,4,0,0,3,0
64,1,115.77,3,28,4,4,1,0,3,1
27,0,64.8,1,5,3,1,0,3,0,1
2,0,67.0,5,11,2,1,0,0,0,1
71,0,107.1,6,26,4,3,2,0,0,0
20,2,199.33,12,28,4,2,1,0,5,1
1,0,67.22,1,14,4,1,0,0,0,1
74,1,116.1,6,10,4,2,0,3,0,1
57,1,112.2,11,11,4,2,1,0,0,0
294,1,82.11,12,29,4,3,2,0,0,1
44,1,93.6,6,1,4,2,0,3,0,1
13,2,109.0,2,13,4,1,2,0,0,1
7,2,124.0,12,13,4,2,0,0,0,1
29,1,183.67,12,4,4,2,1,0,5,1
90,0,80.75,4,13,4,4,0,3,0,0
55,1,78.08,3,1,4,4,0,0,0,1
152,1,80.75,7,1,4,2,2,3,0,1
59,2,93.6,12,2,4,2,0,0,0,1
23,1,91.5,11,18,4,2,0,3,0,0
2,0,127.0,6,28,4,1,0,3,0,1
5,0,80.0,10,19,2,1,1,0,0,1
60,1,41.76,4,9,3,3,2,0,0,1
89,1,169.58,6,14,4,4,0,0,3,0
11,0,109.0,2,14,4,0,1,3,0,1
117,0,94.5,8,1,3,1,2,1,0,0
76,0,72.25,3,18,4,2,2,3,0,1
78,2,114.3,7,12,4,4,0,0,0,1
18,0,74.0,12,18,2,1,0,0,0,1
2,1,256.0,8,15,4,0,1,0,3,0
0,0,90.0,8,25,3,1,0,1,0,1
3,0,65.0,7,21,2,1,0,0,0,1
1,1,95.48,6,15,4,1,0,3,0,1
35,0,98.1,5,22,4,2,2,3,0,0
53,1,126.9,5,19,4,1,0,0,0,1
9,2,159.0,8,15,4,2,1,0,0,1
88,1,136.06,11,7,4,3,1,0,0,0
34,1,116.0,12,24,4,1,0,0,0,1
170,2,86.24,7,28,4,3,0,3,0,1
132,2,162.0,9,22,4,3,0,0,3,1
0,0,53.3,4,8,4,1,0,3,0,1
36,0,130.32,5,22,3,0,2,0,4,1
144,2,129.6,9,22,4,3,1,0,0,0
208,0,150.45,9,12,4,12,5,0,3,0
17,1,135.0,10,7,4,2,0,3,0,1
33,1,111.6,5,3,4,2,0,3,0,1
28,0,110.0,11,2,4,1,0,3,0,0
104,0,91.44,5,15,4,0,2,0,0,1
112,1,90.0,11,24,4,3,0,0,0,1
14,0,116.0,8,8,3,5,2,1,0,0
44,2,83.6,11,23,4,2,0,3,0,1
96,1,87.3,4,18,4,2,1,0,0,1
43,3,90.9,10,29,4,3,0,0,0,1
1,2,169.0,7,11,4,1,1,0,0,1
9,0,65.0,10,1,2,1,0,0,0,1
62,0,118.8,4,9,4,1,2,0,3,1
14,0,191.5,4,18,4,3,1,0,5,0
38,0,135.9,8,15,4,0,1,0,0,0
0,1,90.9,10,27,4,1,0,0,0,1
5,2,183.67,3,24,4,3,0,0,3,1
36,1,82.7,2,22,4,2,1,0,0,1
44,1,107.5,3,20,4,3,2,0,3,1
11,0,75.0,9,20,3,3,2,0,3,1
292,0,115.0,7,21,4,2,0,1,0,0
5,0,64.0,2,2,3,3,0,0,0,1
34,1,102.3,12,27,4,1,2,3,0,1
204,0,73.65,8,26,4,2,1,0,0,0
5,0,65.0,11,8,2,0,1,0,0,1
164,2,93.5,9,8,4,5,1,0,0,0
87,1,70.03,3,24,4,3,1,0,0,1
151,0,80.0,1,19,3,1,0,0,0,1
46,0,75.0,11,11,3,2,1,0,0,1
40,0,65.0,2,27,3,1,0,0,0,1
71,1,126.0,5,10,3,3,0,1,0,1
24,0,141.0,4,22,4,1,0,0,3,1
23,1,74.8,12,1,4,3,1,3,0,1
125,0,68.0,7,18,3,5,2,1,0,1
99,3,89.25,10,10,4,1,2,0,0,1
48,0,80.0,9,11,3,1,0,1,0,1
144,0,97.75,7,6,4,4,0,3,0,0
33,0,124.25,9,12,4,4,1,0,1,0
95,3,86.7,4,17,4,2,2,0,0,1
30,0,81.0,11,25,3,2,0,0,0,1
64,2,65.36,1,19,4,2,0,3,0,1
38,1,118.8,4,21,4,3,1,0,3,1
0,0,125.1,5,24,2,1,0,0,0,1
97,2,143.14,12,26,4,4,1,1,3,1
92,1,103.5,6,30,4,3,1,3,0,1
180,1,97.54,8,20,4,1,0,0,1,1
17,0,38.0,1,16,3,1,2,0,0,1
73,1,135.0,10,12,4,4,1,0,0,0
221,2,115.5,9,29,4,3,0,0,0,0
65,0,126.9,6,20,4,1,1,0,0,0
2,1,67.0,12,14,2,2,0,0,0,1
6,1,106.25,5,23,4,2,1,0,0,1
2,0,131.0,4,23,4,1,0,0,0,1
91,0,75.0,5,10,3,2,0,0,0,0
60,0,167.04,9,6,4,5,2,1,3,1
72,1,78.2,3,16,4,4,0,0,0,0
205,2,76.5,7,25,4,1,2,0,0,1
2,1,141.0,6,4,4,1,0,0,0,1
16,0,221.0,6,11,4,1,0,0,5,0
27,0,85.0,5,4,3,1,0,0,0,1
28,0,219.0,10,16,4,1,2,0,5,0
1,2,170.0,9,27,3,2,0,0,4,1
56,2,108.0,11,2,4,3,0,0,0,1
63,1,109.0,6,9,4,1,0,3,0,1
3,0,63.88,2,10,4,4,1,0,0,1
1,0,159.0,8,2,2,1,0,0,0,1
199,2,70.44,8,2,4,4,0,0,0,0
10,0,72.1,2,19,3,1,0,0,0,1
122,0,109.65,6,11,4,2,2,3,0,1
140,0,116.1,9,7,4,2,0,3,0,0
23,1,118.0,9,6,4,2,0,0,0,1
23,1,85.0,8,12,3,2,1,0,0,1
30,0,187.04,6,12,4,1,2,0,6,0
0,0,69.01,6,9,4,1,0,3,0,1
87,0,89.25,9,18,4,2,1,0,0,0
37,0,85.5,9,10,3,1,2,0,0,1
130,1,116.1,6,6,4,2,1,3,0,1
115,0,61.0,2,27,3,2,2,0,0,0
13,1,85.0,2,18,4,2,0,0,0,1
14,0,95.04,10,5,4,2,1,0,0,1
188,1,84.82,8,25,4,3,2,0,1,1
25,0,40.67,1,12,3,3,0,0,0,1
4,3,122.0,8,17,4,3,1,0,0,1
166,0,99.45,8,5,4,2,2,0,0,0
87,1,105.3,3,24,4,3,0,0,0,0
13,1,94.35,5,29,4,0,1,0,0,1
244,1,68.25,10,30,4,1,2,0,0,1
0,2,85.0,11,14,4,1,0,3,0,1
0,0,114.0,3,28,4,4,1,0,0,1
21,2,105.0,9,4,4,2,2,0,0,1
8,1,83.0,1,19,4,4,0,0,0,1
137,0,100.8,8,23,4,4,0,0,0,0
6,0,79.0,2,26,4,2,0,3,0,0
203,0,112.5,12,8,4,3,0,1,0,1
0,2,77.0,12,12,2,0,1,0,0,1
25,0,91.0,3,18,4,1,0,0,0,0
59,0,85.0,10,29,3,2,0,0,0,1
45,2,96.3,10,30,4,2,0,0,0,1
33,0,143.1,3,24,4,2,0,0,0,0
56,0,185.0,9,25,3,2,1,0,0,1
22,0,133.5,12,1,4,3,2,0,0,1
51,0,110.0,6,5,2,5,2,0,3,0
94,1,79.2,11,3,4,3,1,3,0,1
119,0,144.45,8,5,4,2,2,0,3,0
48,0,80.4,4,24,3,0,1,3,0,1
2,1,113.57,12,28,4,5,2,0,0,1
301,0,109.0,7,30,3,1,1,1,0,0
5,0,89.0,4,19,4,1,0,3,0,1
123,1,63.75,8,9,3,4,2,0,0,1
3,1,180.0,8,13,4,1,1,0,0,1
16,2,90.0,8,29,4,1,1,0,0,1
132,0,96.3,6,30,4,3,0,0,0,0
50,0,126.9,5,21,4,1,0,0,0,0
10,1,94.91,11,4,4,2,2,3,0,1
153,0,111.78,6,7,4,6,2,0,0,0
116,0,96.0,2,28,3,1,2,0,0,1
29,0,95.0,5,20,2,1,0,0,0,1
7,1,116.0,2,11,3,3,0,1,0,1
4,0,233.33,10,28,4,2,1,0,5,0
82,0,85.5,6,23,4,1,0,3,0,0
180,0,112.5,7,23,4,1,1,0,1,0
152,2,130.05,7,13,4,5,2,0,3,0
13,2,116.0,7,20,4,1,0,0,3,1
13,0,67.0,9,5,2,2,1,0,0,1
6,0,98.0,5,18,2,1,0,0,0,1
193,1,102.85,12,28,4,4,0,0,3,0
37,1,134.1,6,17,3,2,0,1,4,1
104,1,98.64,9,5,4,5,2,0,0,1
45,0,71.1,3,11,4,2,0,0,0,0
191,0,95.0,6,23,3,3,1,0,0,1
56,2,126.0,11,2,4,3,0,0,0,1
86,1,88.83,3,23,4,4,0,0,0,0
9,2,88.4,12,4,4,2,2,0,0,1
102,2,130.5,7,9,4,1,0,0,0,1
17,1,69.5,1,23,4,1,0,3,0,1
68,1,112.2,4,21,4,3,0,0,3,1
64,1,106.2,11,3,4,3,1,0,3,0
104,1,65.67,4,11,4,5,1,0,0,1
101,2,109.83,8,20,4,1,2,0,1,1
44,1,99.1,6,19,4,0,1,0,0,1
10,1,126.0,10,20,4,3,0,0,0,1
98,0,141.75,7,11,4,3,1,1,0,1
22,0,85.0,10,5,3,2,0,0,0,1
174,2,98.1,10,5,4,4,0,3,0,1
99,0,92.48,10,24,4,3,1,0,0,0
97,0,130.9,5,18,4,4,0,3,0,0
4,1,144.0,5,23,3,0,1,3,0,1
40,1,135.9,7,27,4,2,0,0,0,0
88,1,117.0,5,3,3,3,0,1,0,1
41,0,157.28,8,26,4,2,2,0,3,1
93,0,84.0,7,2,2,4,2,0,0,1
62,1,99.45,4,5,4,4,0,0,0,1
72,0,149.4,9,12,4,5,2,0,3,1
50,0,67.66,3,5,4,2,2,0,1,0
43,1,81.9,3,14,4,1,1,0,0,0
155,0,94.5,8,22,4,2,1,3,0,0
278,1,89.25,12,7,4,4,0,0,0,0
28,0,66.0,2,8,4,3,1,0,0,1
22,0,164.33,6,27,4,5,1,0,3,0
141,2,85.5,8,29,4,2,1,3,0,1
71,0,132.6,5,1,4,2,2,0,3,0
179,0,85.5,8,26,4,2,1,3,0,0
83,0,75.0,5,1,3,1,2,0,0,1
3,0,123.0,10,19,2,2,1,0,0,1
34,2,125.1,8,17,4,3,0,3,0,1
35,0,108.0,8,31,4,3,0,3,0,1
4,0,95.0,9,13,3,3,0,0,0,1
103,0,72.5,7,18,3,1,2,1,0,1
16,2,140.0,10,21,4,2,0,3,0,1
22,0,95.0,10,11,3,3,0,0,0,1
3,0,79.0,12,5,2,2,1,0,0,1
5,0,110.0,9,12,0,0,1,0,3,0
52,0,117.9,7,4,4,1,1,0,0,0
0,2,0.0,1,13,1,2,0,0,0,1
12,1,139.0,10,7,4,3,0,0,0,1
14,0,100.0,10,15,3,1,0,0,0,1
4,1,88.0,8,12,4,2,0,0,0,0
24,0,135.0,5,22,4,0,2,0,0,0
44,1,112.0,11,6,3,1,2,0,0,1
5,2,140.75,9,19,4,2,2,0,3,1
2,0,63.75,6,26,3,3,2,3,0,1
32,1,85.5,11,2,4,0,1,3,0,1
0,2,98.0,12,21,4,1,0,0,0,1
30,1,117.3,3,2,4,4,0,0,3,1
155,0,105.3,7,25,4,1,1,0,0,0
9,1,80.47,10,30,4,0,2,3,0,1
1,0,166.0,7,2,4,1,1,0,3,1
115,0,89.25,5,2,4,3,1,3,0,0
42,2,143.1,4,29,4,2,1,0,0,1
65,2,103.5,3,28,4,2,1,0,0,1
83,1,111.6,12,26,4,2,1,0,3,1
129,0,131.75,7,25,4,4,1,1,0,0
15,1,142.67,6,21,4,3,0,0,3,1
15,2,242.33,3,3,4,3,0,1,5,1
6,0,67.0,9,26,2,0,1,0,0,1
53,1,134.4,6,9,4,3,0,0,3,0
108,0,98.25,9,19,4,1,2,0,0,0
25,0,91.0,1,2,3,3,2,0,0,1
5,0,105.0,9,1,4,2,0,0,0,1
56,0,123.84,10,5,4,4,0,0,4,1
32,0,85.0,11,20,3,2,0,0,0,1
39,0,60.1,2,29,4,2,1,0,0,1
22,3,139.0,9,15,4,3,0,3,0,1
34,0,153.0,10,6,4,3,0,0,4,1
3,0,156.0,8,29,4,1,0,0,5,1
115,0,109.65,5,11,4,4,0,0,0,0
174,2,166.7,8,2,4,2,0,0,3,0
78,2,151.2,10,7,4,2,1,0,3,1
100,1,90.3,3,26,4,1,2,0,0,1
23,1,108.57,5,2,4,2,1,0,0,1
11,1,62.37,12,13,4,1,2,0,0,1
122,1,103.5,5,17,4,3,0,3,0,1
1,2,221.0,5,14,4,1,0,0,5,1
58,0,61.5,3,2,3,4,1,0,0,1
128,1,96.3,7,2,4,1,2,0,0,1
64,1,168.3,9,16,4,2,0,0,3,1
5,0,82.35,11,28,4,1,1,3,0,1
191,0,90.9,10,20,4,2,0,0,0,0
4,1,98.0,3,28,4,0,1,3,0,1
31,0,99.0,8,30,4,4,0,3,0,0
34,0,147.93,11,7,4,2,1,0,0,1
1,0,65.0,3,2,2,1,0,0,0,1
126,0,79.2,11,5,4,1,1,3,0,1
29,2,111.67,9,25,4,1,2,3,0,1
64,2,150.45,5,9,4,3,1,0,0,1
15,1,105.0,11,19,4,1,0,0,0,1
35,2,117.0,9,25,4,1,2,0,0,1
29,1,75.95,1,4,4,0,1,0,0,1
89,1,76.5,7,9,4,3,0,0,0,0
196,1,66.53,7,26,4,5,2,0,0,1
2,0,156.0,7,30,4,1,0,0,3,1
96,0,94.5,7,11,4,1,2,1,0,0
56,0,135.9,7,27,4,2,0,0,0,0
79,0,120.6,8,26,4,2,2,3,0,0
290,0,86.7,12,1,4,3,1,0,3,0
97,1,79.2,11,5,4,1,1,3,0,0
6,3,110.5,12,28,4,4,0,0,0,1
201,0,82.45,8,6,3,3,2,0,3,1
48,1,107.1,4,4,4,1,1,3,0,0
62,2,111.6,12,25,4,1,2,0,0,1
43,2,79.48,11,12,4,2,2,3,0,1
62,1,116.1,5,25,4,1,0,3,0,1
1,0,6.0,8,5,1,1,0,0,0,1
5,0,85.0,2,20,4,5,2,0,0,0
39,1,99.9,6,26,4,0,2,0,0,1
13,1,125.0,6,26,4,0,2,0,0,0
103,1,119.0,12,9,4,2,2,0,3,0
1,1,92.0,2,22,4,0,1,0,0,1
28,0,108.42,6,14,4,3,0,0,3,0
141,2,128.85,6,15,4,4,0,0,0,1
318,0,80.75,9,16,3,2,1,0,0,1
133,0,114.3,8,9,4,4,0,0,0,0
95,2,84.6,11,20,4,0,2,0,0,0
189,0,108.9,10,6,4,3,1,0,0,0
23,1,95.0,9,5,4,1,2,0,0,1
9,0,166.0,7,21,4,1,0,0,3,0
116,1,90.0,11,17,4,3,0,0,0,1
1,0,90.0,12,16,4,1,0,0,0,1
22,1,139.0,8,21,4,0,2,3,0,0
134,0,105.3,5,5,4,2,0,0,0,0
0,1,116.1,6,1,4,1,0,3,0,1
118,0,120.0,6,6,3,2,1,0,0,1
12,1,125.8,12,28,4,4,0,0,3,1
13,0,113.0,9,13,3,3,2,1,0,1
50,0,87.84,8,29,3,3,1,0,0,1
114,1,85.0,12,1,4,3,1,0,0,0
84,0,176.3,10,12,4,2,0,0,3,1
3,0,0.0,11,18,1,2,0,0,0,1
79,2,109.8,12,15,4,3,0,0,0,1
126,2,125.45,5,15,4,3,2,0,3,1
99,1,89.3,3,23,4,2,0,0,0,1
3,1,55.5,3,1,1,5,1,0,0,1
146,2,106.25,6,28,4,5,0,0,0,1
66,0,75.0,10,9,3,2,1,0,0,0
80,1,142.07,7,10,4,5,2,1,0,1
31,2,94.0,9,25,4,3,2,0,3,1
4,1,113.0,6,26,4,0,2,3,0,1
24,0,166.0,6,27,4,0,1,0,3,0
12,0,93.0,5,16,2,0,1,0,0,1
63,2,106.88,9,3,4,2,2,0,0,1
17,0,81.0,1,23,4,1,2,0,0,1
36,2,117.9,4,2,4,1,1,0,0,1
20,0,122.2,3,19,4,3,2,0,0,1
86,2,205.06,7,15,4,2,0,0,6,1
24,0,110.0,8,31,4,3,0,3,0,1
11,1,151.0,8,13,4,1,2,0,0,0
335,1,90.0,10,13,3,3,0,0,0,1
72,1,116.1,5,7,4,1,1,3,0,1
332,3,63.75,12,23,4,4,2,3,0,1
54,3,190.8,10,6,4,2,0,0,5,1
103,2,79.2,12,9,4,2,0,3,0,1
223,0,86.2,8,31,4,9,3,3,0,0
14,0,178.8,8,19,4,3,2,1,0,0
47,0,98.1,11,22,3,1,0,0,0,1
99,2,166.4,8,8,4,2,1,0,3,0
16,0,84.0,3,5,4,1,1,3,0,0
166,2,118.8,10,6,4,3,1,0,0,0
92,0,123.5,7,17,4,2,2,0,0,1
188,1,80.75,7,23,4,5,2,3,0,1
186,0,121.5,8,2,4,2,0,0,0,0
56,1,60.0,11,19,3,3,0,0,3,1
8,2,84.0,12,4,2,2,2,0,0,1
2,2,121.0,8,2,4,1,0,0,0,1
92,1,49.07,11,26,3,3,0,0,0,1
28,1,101.0,4,17,4,0,2,0,0,1
37,1,84.45,1,12,4,2,0,0,3,1
180,0,96.3,7,23,4,1,1,0,1,0
91,1,90.95,4,25,4,3,1,0,0,1
145,0,69.56,4,29,4,4,2,0,0,1
42,0,131.4,4,5,4,3,0,0,3,0
33,1,57.92,9,26,3,3,2,0,0,1
81,2,143.1,5,12,4,3,0,0,0,1
4,1,85.03,2,12,4,2,1,0,1,1
87,1,117.9,8,14,4,1,2,0,0,0
140,2,103.42,5,28,4,4,2,0,3,1
28,1,135.0,5,19,4,1,0,0,0,1
88,0,93.6,12,1,4,2,0,0,0,0
65,0,0.0,3,23,4,0,0,0,0,1
122,2,72.26,8,21,3,5,3,0,0,1
66,0,150.3,6,29,4,3,0,0,3,0
13,1,94.0,2,18,4,2,0,0,0,1
3,1,75.0,1,5,4,1,0,3,0,1
14,0,95.0,5,12,0,5,2,0,0,1
47,1,142.65,6,19,4,2,2,1,0,1
19,1,151.0,7,1,4,2,1,0,0,1
110,2,190.8,10,14,4,2,0,0,5,1
136,0,90.9,8,26,4,2,0,0,0,1
65,0,76.5,3,10,4,1,0,3,0,1
10,0,120.8,8,13,4,1,2,0,0,1
7,1,134.0,9,21,2,1,0,0,4,1
155,1,96.3,6,26,4,1,2,0,0,1
5,0,58.0,12,14,3,3,1,0,0,1
111,1,146.7,8,8,4,3,1,0,3,0
55,0,159.3,5,8,4,1,2,0,3,1
1,0,79.0,2,14,4,0,1,3,0,0
53,0,120.0,10,14,3,1,0,0,0,1
69,1,149.4,9,8,4,3,1,0,3,1
8,1,77.5,1,19,4,2,0,0,0,1
248,0,70.55,12,27,4,5,0,3,0,0
119,1,80.75,9,1,3,5,2,0,0,1
9,1,249.0,9,14,4,3,0,0,5,1
64,0,67.0,12,17,2,1,1,0,0,1
124,1,117.1,5,13,4,2,1,0,0,1
4,0,198.0,2,6,4,1,2,1,5,1
1,1,150.0,6,15,4,4,0,0,0,1
46,0,123.3,8,30,4,5,1,0,3,0
110,0,72.8,4,20,4,2,0,0,0,1
58,1,98.6,3,29,4,4,0,0,3,1
0,0,0.0,9,17,1,1,0,0,0,1
113,2,137.21,5,16,4,5,2,0,3,1
28,0,120.0,11,2,4,1,0,3,0,1
38,1,118.0,12,31,3,3,0,0,0,1
1,0,85.0,9,29,2,2,0,0,0,1
40,2,94.5,10,5,4,2,1,0,0,1
50,0,98.64,9,1,4,3,0,0,3,1
0,1,90.0,8,6,4,2,0,0,0,1
124,0,94.5,8,1,4,3,1,3,0,0
86,1,90.95,4,25,4,3,1,0,0,1
70,0,75.0,11,25,3,2,0,0,0,1
9,0,54.74,3,11,3,2,2,0,0,1
53,1,88.0,11,4,4,2,0,3,0,1
3,1,31.0,2,26,2,2,0,0,0,1
46,2,102.6,12,7,4,3,0,0,0,1
171,2,110.5,7,15,4,8,4,0,0,0
98,2,114.3,7,3,4,1,2,0,0,1
77,3,127.38,9,21,4,3,0,0,1,1
254,1,98.25,10,13,4,2,0,0,0,0
377,0,90.0,10,14,3,2,0,1,0,1
221,0,80.0,8,12,4,1,0,0,0,0
170,0,78.0,4,8,3,3,2,0,0,1
93,0,72.25,7,23,3,1,0,0,0,1
13,2,114.0,11,16,4,1,0,0,0,1
161,1,60.98,3,15,4,3,0,3,0,1
30,1,135.9,9,15,4,2,0,0,0,0
66,0,80.75,9,18,3,1,2,0,0,1
39,2,109.49,6,17,4,2,0,0,3,1
207,0,98.1,10,4,4,1,0,3,0,0
49,0,65.75,3,2,4,4,1,3,0,1
38,1,136.8,9,7,4,3,0,0,3,1
295,1,79.5,12,29,4,3,0,3,0,0
2,0,65.0,4,11,2,1,1,0,0,1
2,0,74.0,12,2,2,1,0,0,0,1
3,1,135.8,5,23,4,0,1,3,0,1
177,1,103.5,8,16,4,2,0,3,0,0
8,0,66.0,1,14,2,1,0,0,0,1
89,2,137.7,7,25,4,2,1,0,3,1
2,1,103.0,11,17,4,2,0,0,0,0
124,0,114.3,8,8,4,5,1,0,0,0
8,2,105.67,8,28,4,4,2,0,0,1
5,0,78.03,9,7,4,2,1,0,0,1
15,1,91.0,2,16,4,2,0,0,0,0
44,0,107.1,6,30,4,3,0,3,0,0
58,0,167.45,4,21,4,3,1,0,5,0
0,0,80.1,3,30,4,1,0,3,0,1
59,2,71.1,11,2,4,3,0,0,0,1
44,2,219.6,8,10,4,1,0,1,3,1
4,1,95.2,12,25,4,2,2,0,3,1
66,2,105.3,4,23,4,1,0,0,0,1
41,1,87.54,10,14,4,4,0,0,3,1
178,2,122.4,10,6,4,3,0,0,3,0
71,1,155.49,11,8,4,5,1,0,5,1
39,0,87.0,8,14,3,2,0,1,0,1
163,0,94.5,7,22,4,2,0,3,0,0
270,0,62.8,4,20,4,4,0,0,0,0
8,1,85.96,3,4,4,2,2,0,1,0
20,1,85.5,9,1,3,5,2,0,1,1
39,0,75.0,11,1,3,4,0,0,0,1
104,2,87.67,6,7,4,4,0,0,0,1
11,0,90.0,2,5,4,1,0,3,0,1
172,0,104.4,10,28,4,2,2,0,3,0
162,0,70.0,9,17,3,3,0,0,0,1
93,0,103.5,6,28,4,2,0,3,0,0
2,1,101.0,4,7,4,1,0,0,0,1
129,1,88.01,8,10,4,3,0,0,0,1
0,0,124.0,8,18,4,1,0,0,0,1
169,0,72.25,7,13,3,4,2,0,0,1
132,1,114.3,5,15,4,1,2,0,3,1
8,0,259.0,9,24,4,1,1,0,5,0
2,1,91.68,12,23,4,4,2,0,0,1
18,0,65.0,12,27,3,1,0,0,0,1
5,0,95.0,4,4,0,3,1,0,0,0
19,1,88.0,11,18,4,2,0,3,0,1
2,1,134.0,10,5,4,1,0,3,0,1
12,0,136.0,6,12,4,2,2,0,3,0
133,1,84.33,3,11,3,2,1,0,0,1
18,2,88.0,11,28,4,0,1,3,0,1
45,0,147.6,11,7,4,2,1,0,0,1
51,0,116.1,4,28,4,3,2,0,1,0
34,0,69.82,2,19,4,9,4,3,0,0
155,2,85.5,8,26,4,2,1,3,0,1
46,1,122.4,12,29,4,1,0,0,0,1
29,1,79.54,1,8,4,5,2,0,0,1
7,1,116.8,10,21,4,2,0,3,0,1
105,2,168.3,9,16,4,2,0,0,3,1
19,0,89.0,9,12,4,0,1,3,0,1
33,2,138.0,10,25,4,5,0,0,0,1
70,0,80.75,8,31,3,3,0,0,0,1
74,0,102.68,9,18,3,0,2,0,0,1
64,1,69.5,2,9,4,3,0,0,1,1
4,0,93.0,2,20,4,1,0,0,0,1
173,0,52.0,1,27,3,5,2,0,3,1
79,2,146.96,7,6,4,5,2,0,3,1
13,0,96.0,2,3,2,4,0,0,4,1
79,1,183.6,9,15,4,3,2,1,3,0
77,1,72.25,11,12,4,3,0,0,0,1
4,0,85.98,2,3,3,4,0,0,4,1
227,0,72.9,12,8,4,3,0,0,0,0
30,1,186.22,11,2,4,9,4,0,5,0
44,0,108.0,10,5,4,1,0,3,0,1
26,1,80.85,10,4,4,1,2,0,0,1
35,2,118.0,10,27,4,3,0,3,0,1
152,1,90.67,8,19,4,4,2,3,0,0
193,1,100.8,6,22,4,2,0,0,0,0
7,1,66.0,8,5,3,3,0,0,0,1
127,0,89.25,7,25,4,3,1,3,0,0
13,0,149.0,8,26,4,3,2,0,3,0
216,1,69.38,5,2,4,3,1,0,0,1
18,0,136.0,5,9,4,2,1,0,3,0
3,1,67.0,10,23,2,0,2,0,0,1
194,2,111.11,8,24,4,5,2,0,0,0
27,1,126.0,10,19,4,4,1,0,0,1
36,3,207.9,9,15,4,3,0,0,5,1
20,1,100.1,11,6,4,0,1,0,3,1
9,2,122.33,9,3,4,4,2,0,0,1
55,2,79.2,11,9,4,4,1,0,0,0
98,0,65.0,9,21,2,1,0,0,0,1
58,0,125.1,9,8,4,1,0,3,0,0
8,1,116.78,8,17,4,3,0,0,3,1
118,1,107.95,7,1,4,5,2,0,0,1
17,0,55.0,1,26,4,4,0,3,0,1
8,0,59.16,1,8,4,3,2,0,0,1
4,1,160.0,10,17,4,4,1,0,0,1
215,0,97.71,9,28,4,2,0,0,0,0
120,2,92.87,8,18,4,3,2,0,3,1
23,0,72.8,2,10,4,4,0,0,0,0
12,1,90.0,6,8,3,1,0,0,0,1
203,1,65.49,8,8,4,4,1,0,0,1
85,1,157.25,3,24,4,3,2,0,5,0
2,1,45.0,4,5,2,1,0,0,0,1
14,0,82.4,3,16,3,1,0,0,0,1
68,2,87.3,9,4,4,0,2,3,0,1
3,2,65.0,11,20,2,3,2,0,0,1
19,1,78.6,1,26,4,2,0,0,3,1
63,0,54.46,3,30,4,4,0,3,0,1
12,2,130.0,10,25,4,3,0,0,0,1
77,1,125.1,5,7,4,1,0,3,0,1
38,1,77.86,12,2,4,2,2,0,1,1
88,0,106.25,10,22,3,4,2,1,0,1
5,1,64.68,4,18,4,0,1,3,0,1
180,1,98.1,10,10,4,0,1,3,0,1
3,1,98.0,1,22,4,2,0,0,0,1
25,2,187.0,7,26,4,2,0,0,3,1
59,2,171.0,9,6,4,5,1,1,3,1
228,1,118.9,8,16,4,3,0,0,0,0
11,0,83.5,10,23,3,1,0,0,0,1
15,3,115.0,9,17,4,1,0,3,3,1
42,0,100.5,12,28,4,1,1,0,1,1
12,0,97.02,5,30,4,2,1,0,0,0
80,1,85.5,4,13,4,1,0,3,0,1
129,0,132.3,10,10,4,5,1,0,3,0
115,1,132.6,5,29,4,4,2,0,3,0
64,0,73.95,3,11,4,2,2,0,0,0
2,0,79.6,1,3,4,0,1,0,3,1
132,1,100.87,7,22,4,4,2,0,0,1
30,2,94.5,10,7,4,3,0,0,0,1
17,0,97.0,3,19,4,1,0,3,0,1
30,0,88.4,3,4,4,2,0,0,0,1
138,1,121.5,7,25,4,2,1,0,0,1
109,2,97.75,11,21,4,4,1,0,3,1
250,1,128.7,10,24,4,2,1,0,3,0
17,0,109.0,12,24,3,3,1,0,5,1
59,0,60.0,2,4,3,3,0,0,0,1
1,1,138.0,5,6,4,2,0,3,0,1
169,0,80.75,9,9,3,2,0,0,0,1
129,1,80.5,8,4,4,3,2,0,0,1
41,1,112.0,11,2,3,4,1,0,0,1
25,0,133.0,10,19,4,3,0,0,0,0
164,0,116.1,9,4,4,2,2,3,0,0
0,0,93.81,8,8,4,0,1,3,0,1
0,0,6.0,10,7,1,1,0,0,0,1
151,0,70.75,1,19,3,4,0,0,0,1
3,1,177.5,9,19,4,1,1,0,3,1
175,2,90.9,10,30,4,4,2,0,0,0
84,1,149.18,10,31,4,3,1,1,0,1
0,1,89.0,4,13,4,1,0,3,0,1
18,0,93.0,8,26,4,3,0,0,0,1
70,0,85.5,4,5,4,3,0,3,0,1
62,0,71.6,3,3,4,3,2,0,0,1
73,1,79.2,12,2,4,2,0,3,0,1
22,1,159.0,8,1,4,3,1,0,0,1
110,0,149.4,9,23,4,2,0,0,3,0
16,1,96.25,12,5,4,1,1,0,1,1
3,1,215.6,10,7,4,2,2,0,6,1
0,0,79.0,7,20,2,1,0,0,0,1
159,1,99.45,8,1,4,3,1,0,0,1
26,0,65.0,8,8,2,0,1,0,0,1
236,2,106.25,10,20,4,3,2,0,0,0
7,1,121.0,4,27,4,4,1,3,0,1
80,3,121.55,4,25,4,3,1,0,3,1
25,1,101.0,4,11,4,0,1,0,0,1
51,1,93.0,12,25,4,3,2,0,0,1
121,1,103.5,5,17,4,1,0,3,0,1
88,1,85.51,3,17,4,7,2,0,0,1
111,2,105.0,5,29,3,3,2,0,0,1
210,2,96.3,10,19,4,4,0,0,0,0
44,2,82.44,11,19,4,1,0,0,1,1
24,0,161.5,11,1,4,4,0,0,5,0
27,0,75.0,10,18,3,3,2,0,3,1
47,1,81.5,2,26,4,2,1,3,0,1
144,0,72.25,7,16,3,5,2,0,0,1
173,1,126.9,9,30,4,2,2,0,3,0
4,0,79.0,2,12,4,1,0,3,0,1
126,4,110.7,10,9,4,2,2,0,1,1
10,1,75.0,1,17,4,0,2,3,0,1
0,0,82.66,7,23,4,1,0,3,0,1
128,1,118.8,10,11,4,3,0,0,0,0
39,3,64.67,11,13,4,5,2,0,0,1
0,1,90.1,12,6,4,5,2,0,0,1
269,1,67.77,10,18,4,8,2,0,0,1
12,3,131.5,8,14,4,2,2,3,0,1
55,0,60.0,11,15,3,3,2,0,3,1
9,2,177.0,6,17,4,2,0,0,3,1
27,1,135.0,2,27,4,1,1,0,3,1
36,1,116.1,5,21,4,1,1,3,0,1
130,0,79.2,11,12,4,1,1,3,0,0
203,2,102.85,12,29,4,3,1,0,3,1
5,0,70.0,10,28,3,4,0,0,0,1
0,1,65.0,10,17,2,1,1,0,0,1
23,0,79.0,1,2,3,1,2,1,0,1
39,1,89.3,1,17,4,0,2,0,3,1
2,3,194.0,9,22,4,1,0,0,0,1
13,1,65.0,6,14,2,3,0,0,0,1
3,2,45.0,5,19,3,1,0,0,0,1
1,0,71.84,1,2,4,1,2,0,0,1
25,0,72.93,12,4,4,5,2,0,0,1
51,0,94.5,7,15,4,1,0,3,0,1
10,0,119.0,10,14,3,2,1,0,0,1
42,0,131.4,3,22,4,1,0,0,3,1
11,1,62.83,1,28,4,1,0,3,0,1
40,1,87.3,9,6,4,2,0,3,0,1
28,0,130.0,10,29,3,1,0,0,0,1
0,0,89.0,3,29,4,1,0,3,0,1
5,2,140.0,11,4,4,2,0,3,0,1
141,1,128.8,9,23,4,2,0,0,0,1
180,2,100.08,10,28,3,2,1,1,0,0
6,0,93.0,3,10,4,2,0,3,0,0
0,1,89.0,4,15,4,2,0,3,0,1
187,0,105.3,7,19,4,2,0,0,3,0
133,2,121.5,7,12,4,3,0,0,0,1
0,0,110.0,6,8,3,2,0,0,0,1
0,0,149.0,4,30,4,1,0,0,0,1
130,2,125.51,6,28,4,5,1,0,0,1
22,1,91.63,9,26,4,3,1,3,0,1
28,1,74.8,12,15,4,3,2,3,0,1
101,3,87.67,6,8,4,4,0,0,0,1
42,2,147.9,8,27,4,4,2,0,3,1
43,1,107.1,7,3,4,1,2,3,0,1
128,0,119.7,8,8,4,4,1,0,0,0
96,2,94.67,11,18,4,2,1,0,0,1
10,2,122.0,9,5,4,3,2,0,0,1
19,1,139.0,9,23,4,2,1,3,0,1
13,0,96.0,12,5,4,0,1,0,0,1
11,0,124.0,12,6,4,1,0,0,0,1
139,2,93.0,2,11,3,3,0,0,3,1
26,0,119.7,3,28,4,5,1,3,0,0
75,1,79.2,11,12,4,1,1,3,0,1
113,0,121.5,7,12,4,3,0,0,0,1
77,2,150.3,8,3,4,5,2,0,3,1
88,0,90.6,10,5,3,1,1,1,0,1
27,3,110.0,8,31,4,2,0,0,0,1
122,0,85.0,4,15,3,1,0,0,0,1
9,1,97.0,3,17,4,1,0,3,0,1
45,1,102.04,10,4,4,3,0,0,3,1
40,1,98.1,6,5,4,0,1,3,0,1
1,1,0.0,12,15,1,1,0,1,5,1
13,0,65.0,11,15,2,0,1,0,0,1
55,2,139.5,10,13,4,3,2,0,3,1
49,1,121.13,4,1,4,2,2,0,3,1
44,0,89.1,6,22,4,2,0,3,0,0
6,0,114.4,7,5,3,1,0,0,0,1
11,0,107.0,10,10,3,1,1,0,3,1
346,1,115.0,9,13,4,2,0,1,0,0
0,0,80.75,4,10,3,3,2,0,0,1
6,0,140.0,3,4,4,1,0,0,0,1
40,1,81.0,1,25,2,1,1,0,0,1
152,1,76.58,5,7,4,2,2,0,0,1
71,1,108.0,10,18,4,3,0,3,0,1
97,0,85.5,4,25,4,2,1,3,0,1
56,0,78.3,3,9,4,2,0,0,0,1
12,1,77.25,12,24,4,2,0,0,1,1
2,1,176.0,5,26,4,3,0,0,3,1
85,0,88.4,11,24,4,3,1,0,0,0
210,0,86.0,10,8,4,3,1,1,0,0
37,1,119.0,10,27,4,3,0,0,0,1
23,0,125.0,4,10,4,2,2,0,3,1
22,2,159.0,9,24,4,4,2,0,3,1
67,0,51.97,2,13,4,1,2,3,0,1
33,0,83.16,10,21,3,3,0,0,1,1
81,0,134.1,8,1,4,6,3,0,0,0
1,0,180.0,9,26,4,1,0,0,0,1
16,1,160.0,7,14,4,2,0,0,0,1
18,0,129.0,4,13,2,1,0,0,0,1
122,2,105.83,7,9,4,2,2,0,0,1
26,1,130.0,10,29,4,1,0,0,0,1
171,1,76.08,12,31,3,2,2,0,0,1
245,0,128.7,10,28,4,2,1,0,0,0
195,0,158.95,7,18,4,3,1,0,5,0
24,1,67.0,8,29,2,1,1,0,0,1
49,1,99.0,3,23,4,2,0,0,0,0
69,1,110.08,4,18,4,3,1,0,3,1
14,0,79.0,12,2,2,1,0,0,0,1
43,0,90.9,2,28,4,0,2,0,3,0
1,0,107.0,4,19,3,2,0,0,0,1
274,2,0.0,11,4,4,0,0,0,0,1
192,0,102.0,9,25,3,3,2,0,0,0
2,1,72.38,4,20,4,3,0,3,0,1
7,0,87.0,2,12,3,2,1,0,0,1
1,1,149.0,9,3,4,1,0,3,0,1
96,0,80.7,7,19,4,5,3,0,0,0
13,0,85.32,5,30,4,3,1,0,0,1
29,1,102.8,4,15,4,3,2,0,0,1
7,1,124.0,12,9,4,2,0,0,0,1
99,0,90.95,6,4,3,1,0,0,3,1
89,3,79.2,11,19,4,1,1,3,0,1
21,1,165.0,5,4,4,1,0,0,3,1
140,0,114.63,7,31,4,5,2,0,3,1
89,1,168.3,9,20,4,3,0,0,3,1
4,0,87.0,1,2,3,1,2,1,0,1
60,1,106.2,4,1,4,2,1,0,3,1
9,1,87.0,2,14,3,2,2,0,0,1
109,0,143.1,5,23,4,2,1,0,0,0
2,0,120.0,9,29,2,1,0,0,0,1
2,2,201.0,7,20,4,2,0,0,5,1
16,0,104.0,12,6,4,3,0,0,0,1
131,1,121.5,7,2,4,1,2,0,3,1
46,1,90.55,10,2,4,2,2,0,3,1
115,1,104.55,4,29,4,3,2,0,3,0
119,1,71.0,4,4,3,3,1,0,0,1
0,0,65.0,10,26,2,0,1,0,0,1
137,0,135.9,9,30,4,2,1,0,3,0
1,1,41.0,1,21,2,1,0,0,3,1
34,1,6.5,2,28,1,0,2,0,0,1
76,0,51.09,2,11,4,3,1,3,0,1
1,1,112.0,2,27,4,1,0,0,0,1
11,0,85.0,7,25,3,4,1,0,0,1
256,0,90.95,8,31,4,4,0,0,0,0
6,1,166.0,8,5,4,2,0,0,3,1
209,1,96.3,10,21,4,3,2,0,0,1
6,1,116.62,9,1,4,10,3,0,0,0
52,1,192.59,10,28,4,2,1,0,6,1
9,0,0.0,4,6,4,1,0,1,0,1
32,0,137.52,9,13,4,5,2,0,4,0
64,0,121.5,7,24,4,2,2,0,0,0
12,1,164.0,8,26,4,1,0,0,3,1
53,1,124.1,3,20,4,2,2,0,3,0
26,1,89.0,4,11,4,0,1,3,0,1
64,2,105.61,12,26,4,3,1,0,3,1
2,2,148.37,3,28,4,2,1,0,5,1
42,0,72.0,11,22,3,3,0,0,0,1
13,0,65.0,12,15,2,4,0,0,0,1
111,1,221.4,10,6,4,1,0,0,1,0
141,1,85.5,8,5,4,2,0,0,0,1
111,1,122.1,5,4,4,4,0,0,4,1
7,0,83.58,12,26,4,1,2,0,1,1
137,2,77.0,2,7,3,1,2,0,3,1
209,0,106.25,8,21,4,5,2,0,0,0
157,0,85.5,6,30,4,3,0,3,0,0
96,1,87.55,4,8,4,3,2,0,0,1
109,1,174.6,10,28,4,2,1,1,3,0
12,0,77.0,1,29,4,2,2,0,0,1
58,1,80.67,1,27,3,3,0,0,0,1
98,0,130.5,7,4,4,5,1,0,0,0
6,0,78.69,11,17,4,5,2,3,0,0
4,0,87.78,11,21,4,3,1,0,0,1
14,0,89.0,4,19,4,1,0,3,0,0
1,2,182.0,3,24,4,2,0,0,3,1
62,0,149.4,9,18,4,3,2,0,3,1
155,1,119.71,8,1,4,9,3,0,0,0
185,1,122.4,10,5,4,2,0,0,3,0
83,1,123.3,7,5,4,2,0,0,0,1
7,1,106.36,11,8,4,4,0,3,0,1
186,1,90.95,7,21,4,3,1,0,0,1
182,0,126.9,9,20,4,4,0,0,0,0
76,1,76.5,3,21,4,5,1,3,0,1
12,0,93.0,2,23,4,2,0,0,0,1
179,1,76.5,8,23,4,3,2,0,0,1
166,2,89.25,10,12,4,3,1,0,0,1
3,1,65.0,7,11,2,1,1,0,0,1
86,1,61.68,10,30,4,0,2,3,0,0
20,0,164.0,10,2,4,1,2,0,3,1
3,1,138.5,8,22,3,1,2,1,0,1
3,1,130.0,1,29,4,2,1,1,0,1
196,1,93.6,10,1,4,1,0,3,0,0
238,0,54.09,12,26,4,3,1,0,0,0
24,0,59.5,2,25,3,3,1,0,0,1
53,0,94.5,9,18,3,0,2,0,0,1
17,1,88.0,3,9,4,2,0,3,0,1
9,0,104.0,6,19,3,3,2,0,0,1
0,0,185.0,9,19,2,1,1,0,0,1
57,1,79.2,11,1,4,3,0,3,0,1
7,1,119.0,4,22,4,2,0,3,0,0
36,0,131.4,3,24,4,1,0,0,3,0
117,1,72.25,7,27,3,4,1,0,0,1
14,0,89.0,6,26,4,0,1,3,0,0
25,0,72.25,7,1,3,2,2,0,0,1
19,1,109.0,3,18,4,2,0,0,0,1
59,1,93.5,3,19,4,2,2,0,0,1
87,1,89.25,9,18,4,2,1,0,0,1
0,0,0.0,6,24,4,2,0,0,0,1
12,1,139.0,7,10,4,1,2,3,0,1
14,1,109.0,11,2,4,1,0,3,0,1
16,4,159.0,12,3,4,1,0,1,3,1
1,0,107.0,9,22,3,1,0,0,3,1
0,0,200.0,9,16,4,1,0,0,0,1
147,0,99.0,7,11,4,1,1,3,0,1
2,1,102.0,2,12,3,2,2,0,0,1
0,0,135.0,3,21,2,0,1,0,4,1
12,1,89.0,1,15,4,2,1,0,0,1
0,1,108.0,1,4,4,0,1,0,3,1
180,2,66.49,10,26,4,4,0,0,0,1
107,1,92.28,5,12,4,3,2,0,0,1
8,3,176.34,5,27,4,2,2,0,3,1
13,0,179.5,3,26,4,2,2,0,3,0
5,0,65.0,1,13,3,1,0,0,0,1
175,1,123.25,7,24,4,2,2,1,0,0
19,1,138.0,2,12,4,2,1,1,0,0
82,0,80.75,5,17,3,2,0,0,0,1
203,3,135.15,10,6,4,3,2,1,0,1
77,1,115.8,4,18,4,2,1,0,3,1
217,0,96.3,8,10,4,2,0,0,0,0
96,0,99.45,4,27,4,4,2,0,0,0
17,0,100.38,12,8,4,3,1,0,0,1
2,0,75.0,1,4,4,3,1,3,0,1
7,0,133.0,3,2,4,3,0,0,3,0
73,0,62.5,10,28,3,1,0,0,0,1
0,1,129.0,6,3,4,1,0,3,0,1
103,1,132.3,10,21,4,2,1,0,3,0
7,1,82.4,3,17,3,1,0,0,0,1
75,0,67.5,3,15,4,2,0,3,0,1
12,0,0.0,8,5,1,3,0,0,0,1
94,1,146.7,7,8,4,2,2,0,3,1
121,0,90.0,6,24,4,2,1,0,0,0
10,0,95.0,9,11,3,1,2,0,0,1
0,0,162.0,10,1,4,1,2,0,0,1
118,1,104.4,10,29,4,1,2,0,3,1
35,0,75.0,10,26,3,3,1,0,3,1
2,0,77.5,1,13,4,2,0,0,0,1
124,1,143.1,5,31,4,3,0,0,0,0
0,0,75.0,12,21,4,0,1,3,0,1
36,0,135.9,8,18,4,3,0,0,0,0
92,0,177.3,7,14,4,2,0,0,5,0
43,0,68.0,11,19,3,2,2,0,0,1
20,1,95.0,9,18,3,2,2,0,0,1
161,0,80.0,4,22,3,2,1,0,1,1
16,2,85.78,12,2,4,2,1,3,0,1
7,0,67.0,5,23,2,2,1,0,0,1
3,1,96.5,11,5,4,3,0,0,1,1
30,1,88.56,7,14,3,3,1,3,0,1
5,0,144.0,7,1,4,1,0,0,3,1
150,1,0.0,4,9,4,1,2,3,1,1
95,2,151.2,10,7,4,2,1,0,3,1
48,1,133.74,8,26,4,3,2,0,3,0
288,0,55.63,10,17,4,3,2,0,0,0
180,0,80.75,5,23,3,5,1,0,0,1
41,1,71.1,3,15,4,3,0,3,0,1
34,0,113.85,3,24,4,3,1,3,0,0
247,1,70.03,10,28,4,2,2,0,0,0
105,1,126.9,6,11,4,1,1,0,0,1
12,1,0.0,8,16,4,0,0,0,0,1
66,0,125.1,8,16,4,2,0,3,0,0
52,1,100.33,12,28,4,2,1,0,0,1
23,2,117.0,10,8,4,2,0,0,3,1
64,1,162.4,11,18,4,2,1,0,5,1
24,1,74.8,11,17,4,3,1,3,0,1
30,0,65.0,9,6,2,1,2,0,0,1
63,2,144.5,4,13,4,4,0,1,3,0
96,2,178.65,8,12,4,2,1,1,0,1
33,2,159.75,10,6,4,4,0,0,5,0
4,0,110.0,10,10,0,2,1,0,3,1
68,1,108.38,4,24,4,2,2,0,0,0
31,0,84.9,3,5,4,1,2,0,0,0
7,1,129.0,9,20,4,1,0,3,0,0
79,1,126.9,6,9,4,3,0,0,0,1
0,2,126.0,10,1,4,1,0,0,0,1
32,1,92.83,5,8,4,2,2,0,0,1
59,1,90.9,3,31,4,3,0,0,0,1
13,0,91.0,2,14,4,4,2,0,0,1
269,1,70.0,12,29,3,3,2,0,0,1
73,0,149.4,7,6,4,4,0,0,3,0
105,0,70.0,10,12,3,3,0,0,0,1
99,0,140.4,5,26,4,3,0,0,3,1
38,1,126.9,5,23,4,2,1,0,0,0
219,0,84.0,9,4,3,1,0,1,0,1
40,1,105.3,4,11,4,2,1,0,0,1
49,1,107.1,3,27,4,2,2,0,3,1
35,2,103.5,11,26,4,3,0,3,0,1
69,1,135.9,9,4,4,3,2,0,0,0
84,0,122.0,12,22,4,1,0,0,0,0
138,1,110.08,6,5,4,2,2,0,0,1
208,2,90.95,8,29,3,2,1,0,3,1
123,0,126.86,6,28,4,6,2,0,0,0
16,0,109.33,3,3,4,3,0,0,3,0
59,0,76.5,7,12,4,4,2,0,0,0
0,1,111.0,6,13,4,1,1,0,0,1
57,1,95.3,2,29,4,2,1,0,3,1
188,1,105.5,10,18,4,2,0,0,0,0
51,0,65.0,5,22,2,0,1,0,0,1
236,0,90.95,9,3,3,2,2,0,3,1
128,1,114.3,8,8,4,3,1,0,0,1
2,1,120.0,10,1,4,1,0,0,0,1
25,1,79.9,12,13,4,4,0,0,0,1
167,0,137.7,7,29,4,2,0,0,3,0
69,0,82.45,3,28,4,3,1,0,0,1
14,1,97.67,3,4,4,2,1,0,0,0
61,2,140.4,5,28,4,1,1,0,3,1
0,0,110.12,9,20,4,1,0,3,0,1
9,1,121.0,6,12,4,2,2,0,0,1
12,0,134.33,7,18,4,2,1,0,0,1
6,1,101.13,4,8,4,2,1,0,3,1
43,1,81.9,3,14,4,3,1,0,0,1
126,1,76.5,7,27,4,2,1,0,0,1
50,0,107.1,6,29,4,3,0,3,0,0
31,1,80.3,2,5,4,1,0,0,0,1
24,2,88.0,12,4,4,1,2,3,0,1
222,2,72.9,12,2,4,2,1,0,0,0
4,1,149.0,9,8,4,3,0,0,0,1
140,0,94.5,7,17,4,0,2,3,0,0
181,2,129.7,8,4,4,5,2,0,3,0
11,2,90.0,11,19,4,1,1,3,0,1
55,1,60.0,11,18,3,4,0,0,3,1
13,2,0.0,2,17,1,2,0,0,3,1
22,1,200.75,9,15,4,2,0,0,0,0
0,0,65.0,10,12,2,2,1,0,0,1
9,0,95.0,3,31,2,1,0,0,0,0
117,0,86.33,2,29,3,2,1,0,0,1
8,3,92.4,9,8,4,2,0,0,3,1
35,0,38.67,3,9,3,3,0,0,0,1
0,0,88.0,11,26,2,1,0,0,0,1
0,3,0.0,1,27,1,1,0,0,0,1
15,0,76.5,1,23,4,1,1,3,0,1
28,2,130.0,11,11,4,1,0,0,3,1
107,1,80.75,5,29,3,1,2,0,0,0
262,0,63.75,12,14,4,4,2,3,0,0
75,0,123.3,7,11,4,1,1,0,3,0
1,0,102.41,9,20,4,3,2,3,0,1
34,2,120.7,12,3,4,6,2,1,0,1
2,0,67.0,11,25,2,1,0,0,0,1
43,0,116.1,3,25,4,2,1,3,0,1
1,1,0.0,12,17,1,1,0,0,5,1
67,2,151.2,10,17,4,3,1,0,3,1
163,0,115.0,10,15,3,1,2,0,0,0
51,2,135.9,9,26,4,1,1,0,0,1
66,2,118.8,4,8,4,1,0,0,3,1
151,1,110.58,7,11,4,3,1,0,0,0
75,0,135.15,4,29,4,3,2,0,0,0
94,0,131.4,8,24,4,4,0,0,3,0
41,3,151.5,10,11,4,3,0,0,3,1
27,0,57.88,2,21,4,2,2,3,0,1
60,0,75.0,11,18,3,2,0,0,0,1
53,2,74.8,12,17,4,5,2,3,0,1
8,2,0.0,12,28,4,1,0,3,0,1
24,0,0.0,5,13,1,2,0,0,0,1
1,0,73.61,2,24,4,3,0,0,0,1
16,2,165.6,11,6,4,3,2,0,0,1
45,0,72.9,2,19,4,2,0,0,0,0
77,1,146.93,4,17,4,5,2,1,3,0
17,0,85.0,10,9,3,1,2,3,0,1
8,2,113.0,9,1,3,3,0,0,0,1
78,1,132.3,10,7,4,2,0,0,3,0
69,1,76.5,3,31,4,2,0,0,0,1
9,3,169.0,9,8,4,1,0,0,0,1
38,1,97.1,3,4,3,2,0,0,1,1
39,0,89.1,6,27,4,0,1,3,0,0
4,0,104.0,10,25,4,1,0,0,0,1
14,0,105.0,7,21,2,2,0,0,0,0
0,1,97.0,2,24,4,1,0,0,0,1
73,0,38.67,3,21,3,2,1,0,0,1
127,1,99.45,5,7,4,5,2,0,0,1
13,0,114.55,2,29,4,3,1,1,0,1
31,2,125.1,9,11,4,0,1,3,0,1
68,2,96.6,10,30,4,1,2,0,0,1
0,1,129.0,6,21,4,2,0,3,0,1
16,2,105.0,9,13,4,1,2,0,0,1
13,0,177.0,6,10,4,1,0,0,3,1
57,1,89.1,10,30,4,0,2,3,0,1
86,2,151.2,10,2,4,1,2,0,3,1
2,2,159.5,2,5,4,2,0,1,0,1
28,1,163.0,9,28,4,2,0,0,3,1
47,0,76.5,3,16,4,2,0,0,0,0
13,0,161.0,11,8,2,2,0,0,0,1
2,0,88.0,3,16,0,2,0,0,0,1
32,1,120.0,10,24,4,1,1,0,0,1
185,2,81.77,5,6,4,2,0,0,0,0
56,0,140.4,5,2,4,2,1,0,3,0
4,1,87.0,11,27,4,2,1,0,0,1
13,1,126.0,10,12,4,4,1,0,0,1
29,0,75.05,2,19,4,2,0,3,0,0
0,0,3.0,2,29,1,1,1,0,0,1
268,1,105.25,8,6,4,1,1,0,1,0
56,0,99.9,6,21,4,2,0,0,0,0
15,2,168.0,6,19,4,1,2,0,3,1
61,0,99.9,7,23,4,1,1,0,0,0
3,0,150.8,2,27,4,6,4,1,3,0
71,0,112.8,4,24,4,1,2,0,3,1
225,1,92.65,10,5,4,4,0,3,0,0
42,1,71.1,3,11,4,2,0,3,0,1
8,0,160.83,12,15,4,3,0,0,1,1
156,0,103.5,8,21,4,1,2,3,0,0
3,0,134.0,10,10,4,0,1,3,0,1
28,2,96.6,9,3,4,3,2,0,0,1
20,3,231.0,7,6,4,1,0,0,5,1
185,2,128.7,10,20,4,2,0,0,3,0
4,3,162.0,8,14,4,2,1,3,5,1
12,0,140.0,3,30,4,4,1,0,3,0
56,0,156.6,12,19,4,0,1,0,5,0
8,1,111.35,5,31,4,3,0,0,0,1
16,0,110.75,5,29,3,3,2,1,0,1
12,1,141.0,6,19,4,2,2,0,0,1
50,0,112.2,4,4,4,3,1,0,3,0
9,0,79.0,2,4,4,3,0,3,0,0
205,3,109.8,10,28,4,2,1,0,3,1
96,0,90.0,11,16,4,3,0,0,0,1
21,0,85.0,2,11,4,1,0,0,0,0
112,1,149.75,9,16,3,4,2,1,3,1
25,1,64.67,12,2,4,2,2,0,0,1
173,1,114.75,8,13,4,2,2,0,0,0
58,0,80.0,11,11,3,1,0,0,0,1
15,0,102.0,12,29,4,3,1,3,0,1
17,1,70.0,3,17,2,2,0,0,0,1
109,2,43.5,12,28,3,3,1,0,0,1
2,0,75.0,9,5,3,1,0,0,0,1
69,1,110.99,4,14,4,5,2,0,3,0
17,0,85.0,2,22,4,0,1,0,0,0
221,0,89.2,9,18,4,1,0,0,0,0
15,2,170.0,10,7,4,2,0,0,3,1
46,0,75.0,11,11,3,2,0,0,0,1
159,0,70.0,2,13,3,1,0,0,0,1
48,1,139.5,10,11,4,3,0,0,3,1
150,0,114.3,5,6,4,2,1,0,3,1
32,1,75.0,11,15,1,2,0,0,4,1
2,0,91.67,12,5,2,6,3,0,0,1
73,1,72.12,3,17,4,3,2,0,1,0
30,2,198.9,5,6,4,2,1,0,5,1
57,0,143.29,4,17,4,5,2,1,3,0
180,2,95.13,8,14,4,5,2,0,0,1
66,2,82.8,11,11,4,6,2,0,0,1
115,2,88.4,12,18,4,2,2,0,0,1
101,0,80.0,10,13,3,3,0,0,0,1
6,0,129.0,5,10,4,4,0,3,0,0
190,2,90.65,6,8,4,4,0,0,3,0
79,2,122.0,11,29,4,4,0,0,0,1
94,0,137.7,7,14,4,3,0,0,3,0
5,0,88.8,12,10,4,1,0,0,0,1
9,2,194.0,6,27,4,3,1,1,3,1
235,1,94.5,8,31,4,3,0,3,0,0
29,2,149.1,10,31,4,3,1,1,0,1
106,0,152.1,8,24,4,4,0,0,3,0
1,0,65.0,9,30,2,1,0,0,0,1
298,0,76.0,5,10,3,2,0,0,0,0
59,0,81.0,1,28,3,2,0,0,0,1
0,2,89.0,12,23,4,2,0,0,0,1
195,2,112.2,8,17,4,5,2,0,3,0
91,0,133.2,8,6,4,1,2,0,3,1
267,1,73.37,9,19,4,5,2,0,0,1
296,1,196.07,12,26,4,5,1,1,5,0
232,1,100.75,7,12,4,4,0,0,1,0
69,2,168.3,9,8,4,3,1,0,3,1
12,0,100.0,10,12,2,3,1,0,0,1
2,2,133.5,9,3,4,2,0,0,0,1
6,1,104.92,4,22,4,3,2,0,0,1
65,1,68.0,12,4,3,2,2,0,0,1
36,2,126.9,5,11,4,3,0,0,0,1
37,1,99.0,9,2,4,1,0,3,0,0
146,1,123.3,8,11,4,2,0,0,0,1
46,2,112.5,7,8,4,1,0,0,0,1
50,0,76.5,2,29,4,0,1,3,0,0
8,0,0.0,10,6,1,1,0,0,0,1
148,0,96.9,8,21,3,1,2,0,0,1
146,0,113.56,8,9,3,3,0,0,4,1
4,0,0.0,10,13,1,1,0,0,0,1
155,0,72.25,7,8,3,3,2,0,0,1
70,2,105.3,4,22,4,2,0,0,0,1
1,1,0.0,9,14,4,0,0,0,0,1
0,0,200.0,9,18,4,1,0,0,0,1
161,0,130.0,3,25,4,2,1,1,0,0
74,0,87.0,9,18,3,2,0,1,0,1
256,1,83.18,10,18,4,5,2,3,0,0
95,0,68.2,4,11,4,2,1,0,3,1
64,1,135.9,8,14,4,4,2,0,0,1
222,1,96.3,8,31,4,3,0,0,0,0
53,0,68.0,11,14,3,3,1,0,0,1
10,2,164.0,9,11,4,1,2,0,3,1
40,0,75.0,10,28,3,3,0,0,3,1
1,1,105.0,3,8,4,4,0,0,0,1
6,2,120.0,10,20,4,2,0,0,0,1
19,0,110.5,12,31,4,2,2,0,0,1
49,2,156.6,12,8,4,3,0,0,5,1
8,2,90.0,8,13,4,3,0,0,0,1
11,0,75.0,8,18,2,2,0,0,0,0
4,1,67.5,1,16,4,1,0,3,0,1
107,0,68.0,11,25,3,2,0,0,0,1
58,1,102.6,12,9,4,2,0,0,0,1
24,1,149.0,10,2,4,1,2,0,0,1
57,1,109.29,9,9,4,3,2,0,3,1
50,1,82.47,6,28,4,1,0,3,0,1
1,0,98.0,8,9,4,0,2,0,0,1
11,0,64.8,3,5,3,1,2,0,0,1
251,2,74.29,12,28,4,9,2,0,1,0
73,1,90.78,7,6,4,3,0,0,0,1
37,0,69.53,2,13,4,1,0,0,1,1
4,0,82.0,1,10,4,0,1,0,0,1
181,1,99.45,8,11,4,3,2,0,0,0
30,0,98.1,5,25,4,1,0,3,0,0
29,2,161.0,10,5,4,4,1,0,3,1
60,0,95.1,6,26,4,1,2,3,0,0
6,2,158.5,2,23,4,3,0,1,0,1
122,0,140.27,7,28,4,5,2,0,3,1
16,0,170.0,11,9,3,1,0,0,0,1
130,0,159.3,6,2,4,3,0,0,0,0
54,1,135.9,8,5,4,2,2,0,0,1
16,0,76.0,3,8,2,2,0,0,3,1
46,2,129.6,11,3,4,3,0,0,3,1
156,0,111.6,8,29,4,5,1,0,0,0
57,1,135.99,9,3,4,5,2,0,5,1
8,0,119.0,9,1,4,1,0,3,0,1
59,0,75.0,11,17,3,3,0,0,0,1
54,1,160.47,7,27,4,2,0,0,3,1
171,1,104.39,7,20,4,10,4,0,0,0
241,1,75.92,10,30,4,3,2,0,3,1
148,0,114.3,8,7,4,0,1,0,0,0
31,1,134.1,9,11,4,2,1,0,0,1
26,1,143.65,11,13,4,5,2,0,5,0
9,0,150.07,11,26,4,1,2,0,5,1
196,1,80.75,8,3,4,4,1,3,0,1
91,0,135.9,8,3,4,1,0,0,0,0
30,1,125.1,8,19,4,1,0,3,0,1
29,0,68.07,11,23,4,4,0,0,0,0
64,1,75.0,11,26,3,1,1,0,0,1
15,0,54.5,3,1,3,4,0,0,3,1
190,0,165.6,9,8,4,3,0,1,0,0
23,2,145.0,10,28,4,2,0,0,3,1
0,0,135.0,12,31,4,1,0,0,0,1
5,0,66.0,3,2,2,1,0,0,0,1
38,0,85.0,8,4,3,5,2,0,0,1
152,4,132.13,7,21,4,5,2,0,3,1
57,1,78.69,10,10,4,1,2,3,0,1
124,1,99.45,7,17,4,2,2,0,0,1
118,0,99.45,7,15,4,3,2,0,0,0
118,1,114.3,8,13,4,3,2,0,0,1
13,1,88.4,12,18,4,2,2,0,0,1
217,3,76.5,8,7,4,1,0,0,1,1
104,2,142.2,7,21,4,3,1,0,3,1
0,0,76.5,6,12,3,0,1,0,0,1
21,1,87.01,9,25,4,0,1,3,0,1
1,0,85.0,10,13,3,1,0,3,0,1
50,2,69.57,2,22,4,4,1,0,0,1
199,0,73.45,6,3,4,2,0,3,0,0
17,0,127.0,2,12,4,2,2,0,0,0
66,2,98.1,9,3,4,1,1,0,0,1
226,0,70.0,10,29,4,2,2,0,0,0
99,2,72.25,12,5,4,1,2,0,0,1
4,1,151.0,7,15,4,1,0,0,0,1
75,0,65.0,12,9,2,1,0,0,0,1
31,0,140.4,5,10,4,5,2,0,3,1
39,1,122.4,5,29,4,0,1,0,3,1
0,1,55.0,3,2,2,2,0,0,0,1
10,2,107.67,11,18,4,2,1,0,0,1
64,0,130.0,5,17,2,2,0,0,0,0
33,0,111.9,6,27,4,2,1,0,0,0
33,0,67.5,2,15,4,0,1,3,0,0
7,1,79.67,1,20,4,3,0,3,0,1
8,0,139.0,9,1,4,1,0,0,0,1
107,2,99.45,4,30,4,3,2,0,0,1
45,0,143.28,11,7,4,2,1,0,0,1
7,0,65.0,12,9,2,1,0,0,0,1
24,1,117.0,10,9,4,1,0,0,0,1
34,1,72.76,10,7,4,3,0,0,0,1
5,0,96.0,12,19,4,2,1,0,0,1
145,0,94.5,8,29,4,1,2,1,0,0
92,2,89.85,7,12,4,4,0,0,0,1
1,1,153.0,8,9,4,0,2,0,5,1
7,2,90.1,12,18,4,2,2,0,3,1
53,0,126.9,5,18,4,2,0,0,0,0
0,0,88.0,12,28,4,1,0,3,0,1
158,0,96.3,8,29,4,2,1,0,0,0
2,2,106.0,12,14,4,1,0,0,3,1
39,2,177.0,4,29,4,2,0,0,3,1
76,0,41.0,2,7,3,5,2,0,0,1
22,3,122.5,9,4,4,4,2,0,0,1
23,1,119.0,10,20,4,2,0,3,0,0
6,1,83.2,8,14,4,3,2,0,0,1
1,0,0.0,3,2,4,1,0,0,0,1
162,1,105.83,8,15,4,3,1,0,0,0
84,1,135.31,5,22,4,3,2,0,0,0
21,2,100.0,11,6,4,0,1,3,0,1
87,0,80.75,5,26,3,3,0,0,0,1
42,1,127.79,3,12,4,5,2,1,3,1
32,2,85.5,9,17,3,1,0,0,0,1
181,0,78.48,10,11,4,1,0,3,0,0
41,0,71.41,3,8,4,5,2,3,0,1
56,0,154.71,6,20,4,3,1,0,5,0
42,0,67.5,11,4,3,2,0,0,0,1
271,0,62.64,12,3,4,1,2,0,0,1
32,0,85.0,3,11,3,3,2,0,0,1
144,1,96.3,6,27,4,2,1,0,0,1
56,0,130.05,4,7,4,3,1,0,3,1
229,0,85.5,9,3,4,1,0,3,0,0
14,0,0.0,4,11,1,1,1,0,0,1
40,0,114.3,4,17,4,0,2,0,3,0
8,0,95.0,4,5,4,1,0,0,0,0
3,0,0.0,10,1,1,1,0,0,0,1
327,0,76.0,9,9,3,4,2,1,0,1
15,0,145.0,10,6,4,1,0,0,0,0
22,0,141.0,6,15,4,2,0,0,0,0
16,2,210.0,9,26,4,2,2,0,0,1
26,0,91.2,11,17,4,3,0,0,3,1
54,1,99.0,3,18,4,2,1,0,0,1
16,2,111.75,10,1,4,3,1,0,0,1
46,0,142.2,9,2,4,2,1,0,3,1
3,0,136.0,8,17,2,5,2,0,0,0
144,0,80.1,10,28,4,2,1,3,0,0
11,0,83.0,6,13,4,0,1,3,0,1
60,2,151.2,10,15,4,2,2,0,3,1
12,2,129.0,10,29,4,1,2,3,0,1
0,0,89.0,3,21,4,0,1,3,0,1
0,1,114.0,8,11,4,1,0,0,0,1
63,2,144.9,8,9,4,2,0,0,0,1
53,1,65.75,3,4,4,2,2,3,0,1
35,2,114.0,11,16,4,1,0,0,3,1
97,2,150.3,8,1,4,2,1,0,3,1
6,2,106.0,2,12,4,2,1,0,3,1
30,0,152.78,10,3,4,3,1,0,3,0
55,2,142.2,9,1,4,3,1,0,3,1
24,0,104.0,12,1,4,3,1,0,0,1
0,0,88.0,8,10,4,2,0,3,0,1
249,1,126.9,9,7,4,3,0,0,0,0
203,1,90.95,7,19,4,5,0,0,0,0
30,1,149.4,9,11,4,0,1,0,3,1
181,0,120.0,10,11,4,2,0,0,0,0
5,2,0.0,10,26,1,1,0,0,4,1
0,0,120.0,10,29,4,1,0,0,0,1
38,1,170.1,9,9,4,2,1,1,0,1
6,1,79.0,2,20,4,1,0,3,0,1
1,0,66.0,1,14,3,1,0,0,0,1
224,1,73.37,6,20,4,3,1,0,0,1
32,0,79.2,12,24,4,1,1,3,0,0
13,0,82.0,1,11,3,2,1,0,0,1
7,0,162.0,8,18,4,3,0,0,5,1
4,0,93.0,2,25,4,2,0,0,0,1
210,2,96.3,7,31,4,0,2,0,0,0
3,0,81.0,2,25,3,3,0,0,0,1
31,0,103.5,4,15,4,2,0,3,0,0
1,1,159.0,9,15,4,1,0,3,0,1
46,2,128.6,11,19,4,1,2,0,0,1
181,1,117.73,5,11,4,4,0,0,3,0
1,2,170.0,8,10,4,2,0,0,0,1
134,0,94.5,5,17,4,3,0,3,0,0
127,1,79.2,11,13,4,1,2,3,0,0
145,1,142.2,7,23,4,1,1,0,0,1
128,0,67.22,3,18,4,2,1,0,0,1
7,0,95.0,10,18,2,1,0,0,0,1
26,2,121.0,5,22,4,0,2,0,0,1
6,0,79.2,12,6,4,2,0,3,0,1
8,1,101.0,4,18,4,0,1,0,0,1
58,2,108.0,10,19,4,1,0,3,0,1
40,1,102.15,3,23,4,4,0,3,0,0
0,0,139.0,8,23,4,1,0,3,0,1
245,0,110.0,7,6,4,4,2,0,0,0
138,0,94.5,8,22,4,1,2,1,0,0
19,2,113.0,8,28,4,1,2,3,0,1
5,0,90.0,10,19,2,1,1,0,5,1
28,3,146.0,9,12,4,0,1,0,3,1
88,0,68.0,12,30,3,1,0,0,0,1
31,2,89.4,5,21,4,1,0,3,0,1
36,1,87.89,6,19,4,2,2,0,3,1
64,2,79.2,11,20,4,2,0,0,0,1
85,0,124.53,4,19,4,4,0,0,3,0
31,0,85.0,10,15,3,1,2,0,0,1
44,0,85.5,4,29,3,1,0,0,0,1
192,0,99.45,7,23,4,3,2,0,3,0
39,1,142.8,3,24,4,3,0,0,0,1
1,0,0.0,2,26,4,0,0,3,0,1
1,0,120.0,2,6,4,1,1,0,0,1
14,1,166.0,8,14,4,3,2,0,3,1
196,0,96.3,10,27,4,2,0,0,0,0
39,0,102.0,12,19,3,2,1,1,0,1
31,1,125.1,9,16,4,1,0,3,0,1
56,0,116.1,5,13,4,2,0,3,0,0
0,0,149.0,9,8,4,1,0,3,0,1
31,2,124.25,9,16,4,2,2,0,1,1
0,0,51.3,11,27,4,2,0,3,0,1
1,0,68.0,12,27,4,0,2,3,0,1
95,0,96.3,4,18,4,2,1,0,0,0
113,1,116.1,6,9,4,3,0,3,0,1
76,1,96.3,4,12,4,2,0,0,0,1
139,1,72.25,12,3,4,1,0,0,0,0
15,0,86.0,2,5,2,2,0,0,4,1
97,2,96.3,4,8,4,2,0,0,0,1
19,2,74.8,11,24,4,3,1,3,0,1
28,1,105.0,9,30,4,2,0,0,0,0
14,1,109.0,6,12,4,0,2,3,0,1
55,1,152.1,9,15,4,1,0,0,0,1
8,1,119.0,9,2,4,1,0,3,0,1
35,1,76.5,10,26,3,1,1,0,0,1
137,0,130.95,8,24,4,4,0,0,3,0
17,1,106.77,10,17,4,1,2,0,0,1
0,1,117.04,10,9,4,2,0,3,0,1
35,2,109.0,10,28,4,2,0,3,0,1
44,0,95.0,4,23,3,1,2,0,1,1
105,0,150.3,8,26,4,2,1,0,3,0
43,1,88.4,12,8,4,3,1,0,0,1
138,1,121.5,7,14,4,2,0,0,0,1
121,0,62.5,11,16,3,4,2,3,0,1
64,0,65.75,2,21,4,3,2,3,0,1
11,2,141.0,8,20,4,1,1,0,0,1
142,0,99.3,8,24,4,3,0,0,0,1
145,1,116.55,6,21,4,2,0,0,0,0
7,0,86.0,2,5,2,2,0,0,4,1
7,0,85.0,6,17,3,2,0,0,0,1
164,0,96.3,8,29,4,2,1,0,0,0
0,1,0.0,9,17,1,1,0,0,0,1
16,1,81.0,11,6,4,2,0,0,0,1
11,1,81.0,2,14,4,0,2,3,0,1
38,0,122.45,12,17,4,6,2,0,0,0
8,3,97.0,11,15,4,4,0,0,0,1
108,2,69.99,10,25,4,1,0,0,0,1
172,0,106.0,8,16,2,3,0,0,4,0
76,1,140.4,5,12,4,3,0,0,3,1
141,1,163.8,9,23,4,2,0,0,3,1
13,1,158.95,7,21,2,1,0,0,4,1
10,1,104.72,4,20,4,3,0,0,3,0
165,0,99.45,8,8,4,5,2,0,0,0
53,0,140.4,6,17,4,2,0,0,3,0
157,1,121.5,7,14,4,2,0,0,0,0
3,2,109.85,6,7,4,3,0,0,3,1
49,1,75.0,11,15,3,3,0,0,0,1
228,0,93.3,10,30,4,1,2,0,0,0
18,0,68.0,11,20,3,5,2,0,0,1
7,2,79.0,2,21,4,0,2,3,0,1
16,0,87.3,1,24,4,1,2,0,0,1
69,2,95.85,10,30,4,2,2,0,0,1
159,1,130.05,8,3,4,4,0,0,0,0
22,0,102.88,12,4,4,2,2,0,1,1
22,0,149.33,6,9,4,3,0,0,3,0
56,0,75.0,11,16,3,2,0,0,0,1
4,0,94.5,8,8,3,1,2,1,0,1
8,1,52.0,12,26,3,2,2,0,0,1
82,0,95.0,9,22,3,3,1,0,0,0
1,1,99.0,6,13,4,0,1,0,0,1
3,2,106.0,8,21,4,2,0,0,0,1
70,0,150.3,7,3,4,4,2,0,3,0
101,1,90.3,4,6,4,3,0,0,0,1
111,2,105.83,7,9,4,2,2,0,0,1
168,1,81.08,7,31,4,1,2,0,0,1
197,2,106.2,4,12,4,3,0,0,0,0
3,0,130.0,8,17,2,3,1,0,0,0
7,2,184.0,9,13,4,1,0,0,3,1
22,0,85.0,7,5,3,2,0,0,0,1
94,1,87.3,3,18,4,2,1,0,3,1
6,2,99.0,5,8,4,0,2,3,0,1
5,0,150.0,10,7,4,2,1,0,0,1
4,2,145.0,9,22,4,1,0,0,0,1
60,1,126.0,11,18,4,2,1,0,3,0
207,1,123.25,8,29,4,3,1,0,0,0
232,1,109.65,9,20,4,4,0,3,0,0
10,1,112.33,6,26,4,1,2,3,0,0
56,1,93.6,12,9,4,2,1,0,0,1
4,1,65.0,10,11,2,3,0,0,0,1
77,0,109.8,12,3,4,1,2,0,0,0
144,1,177.65,5,27,4,2,2,0,5,0
145,1,112.0,7,4,3,4,1,0,0,1
5,1,89.0,1,22,4,2,1,0,0,1
10,0,58.0,12,11,3,2,1,0,0,1
29,1,74.23,3,2,4,5,2,3,0,0
61,1,207.64,9,7,4,5,2,0,5,1
4,0,156.0,4,6,4,1,0,0,3,0
13,3,231.0,7,9,4,1,0,0,5,1
4,0,108.35,2,12,4,14,6,0,3,0
39,1,144.9,7,10,4,0,2,0,0,1
120,0,129.6,9,14,4,4,2,0,0,0
228,1,77.23,6,26,4,3,2,0,0,1
62,0,149.4,9,14,4,4,0,0,3,1
4,0,36.25,8,1,3,1,2,1,0,1
11,2,155.0,10,9,4,1,0,0,3,1
134,0,132.48,8,1,4,5,2,0,3,0
15,1,107.75,9,11,4,2,2,3,0,1
4,2,133.0,9,22,4,3,0,3,0,1
35,0,61.16,2,11,4,3,1,0,0,1
193,0,86.5,7,15,4,1,0,0,1,0
11,0,88.0,12,6,4,1,0,3,0,1
176,0,94.12,10,7,4,2,2,0,0,0
96,0,110.97,10,26,4,2,0,0,3,0
35,1,84.35,2,19,4,2,2,3,0,1
3,0,65.0,10,12,2,2,1,0,0,1
37,1,79.8,2,15,4,5,1,0,0,1
24,1,46.67,2,11,3,3,0,0,3,1
41,0,105.3,4,12,4,3,0,0,0,1
32,1,136.0,10,24,4,1,1,0,3,1
119,1,81.47,10,24,4,3,1,0,3,1
64,2,79.2,11,19,4,1,1,3,0,1
19,1,134.3,11,2,4,4,0,1,0,1
1,1,81.0,2,9,4,1,0,3,0,0
5,0,123.7,9,18,3,0,2,3,0,1
20,2,115.6,6,8,4,2,0,0,3,1
36,0,126.0,9,5,4,0,1,0,0,0
20,1,99.0,7,29,4,1,0,3,0,1
7,0,78.3,1,16,4,1,2,0,0,1
38,1,76.5,3,11,4,2,1,0,0,0
6,0,140.0,10,4,4,4,0,3,0,1
6,0,85.0,4,3,3,2,2,3,0,1
64,1,114.33,4,20,4,4,0,0,3,0
24,1,95.0,5,14,3,1,0,0,0,1
23,2,130.0,11,11,4,1,0,0,3,1
127,0,152.4,6,20,4,2,1,0,3,1
14,1,80.0,2,27,4,1,0,3,0,1
18,0,114.0,6,26,4,0,2,3,0,0
59,1,137.7,7,28,4,2,0,0,0,1
1,1,65.0,1,7,2,1,0,0,0,1
1,0,75.0,11,29,3,1,0,0,0,1
61,1,120.6,9,6,4,2,0,0,3,0
280,1,91.8,11,16,4,3,0,0,3,0
18,0,118.0,9,4,4,0,1,3,0,0
18,0,79.0,3,25,3,2,0,3,0,1
72,0,84.15,12,26,3,3,1,0,0,1
3,0,95.0,9,25,3,0,1,0,0,1
3,2,168.0,8,13,4,1,0,3,0,1
116,0,145.41,8,5,4,5,2,0,3,0
116,0,108.9,5,7,4,1,0,0,0,0
227,0,77.35,10,29,4,3,2,3,0,0
97,1,140.5,11,11,4,2,0,0,0,1
41,2,127.83,4,30,4,3,2,0,1,1
6,1,138.57,9,20,4,5,2,3,0,1
55,0,60.0,11,22,3,1,2,0,3,1
45,1,93.6,12,2,4,2,0,0,0,1
11,0,86.0,12,19,4,2,1,0,0,1
139,1,139.2,8,19,4,4,2,0,3,1
34,0,50.33,1,31,3,4,2,0,0,1
59,0,85.5,5,8,3,1,2,0,0,1
99,0,130.5,7,21,4,1,0,0,0,0
60,0,75.0,3,20,4,2,2,0,0,0
35,0,125.1,3,24,4,3,0,3,0,0
119,1,88.73,8,13,4,2,2,0,0,1
7,0,65.0,11,22,2,2,0,0,0,1
25,0,104.0,6,1,4,2,0,3,0,1
76,1,80.75,5,17,3,3,0,0,0,1
47,0,123.3,3,28,4,2,1,0,3,0
0,0,107.42,9,9,4,1,0,3,0,1
4,1,139.0,2,12,4,2,1,0,3,1
26,1,104.0,11,19,4,1,1,0,0,0
114,0,189.0,7,14,4,3,0,1,3,0
9,1,129.0,6,17,4,2,1,3,0,0
14,1,122.96,11,7,4,5,1,0,3,1
10,0,71.1,2,19,3,1,0,0,0,1
36,1,112.59,9,9,4,1,0,3,0,1
164,0,167.45,8,21,4,2,2,0,5,0
3,1,83.9,1,14,4,1,0,0,0,1
1,1,79.0,1,28,4,1,0,3,0,1
2,1,164.0,8,24,4,2,0,0,3,1
2,0,0.0,8,2,1,0,1,0,4,1
122,0,67.0,11,25,2,1,0,0,0,1
179,1,77.56,8,31,4,3,1,0,0,1
6,0,66.3,12,15,4,3,1,3,0,1
90,2,150.3,8,21,4,0,2,0,3,1
104,1,96.55,4,28,4,3,2,3,0,1
8,1,124.1,5,29,4,1,2,0,3,1
32,0,85.0,10,17,3,5,2,0,0,1
48,2,94.5,10,18,4,3,2,0,0,1
17,0,111.0,12,9,4,1,0,0,0,1
21,1,118.0,9,7,4,1,0,3,0,1
30,1,135.9,7,8,4,1,0,0,0,1
0,1,76.5,8,12,4,4,0,0,0,1
1,0,79.0,11,14,2,1,0,0,0,1
44,0,100.0,10,28,3,2,0,0,0,1
2,0,77.25,1,7,4,3,0,0,1,1
11,2,129.0,2,5,4,2,0,0,3,1
11,0,116.0,6,26,4,0,2,0,0,0
53,0,135.9,8,4,4,3,1,0,0,0
16,0,133.6,12,10,4,7,4,0,5,1
0,0,95.0,3,1,3,1,0,0,0,1
247,1,0.0,6,6,4,0,0,1,0,1
46,0,67.5,11,4,3,2,0,0,0,1
115,0,132.3,10,15,4,4,2,0,3,0
138,1,138.5,8,22,3,1,2,1,0,1
12,1,58.0,12,19,3,2,2,0,0,1
65,0,161.5,3,20,4,2,2,0,5,0
55,2,86.4,12,8,4,3,0,0,0,1
73,3,89.25,10,11,4,5,2,0,0,1
37,2,156.6,6,26,4,2,2,1,3,1
45,0,99.18,9,5,4,3,1,0,3,1
1,0,85.0,1,28,4,2,0,0,0,1
13,0,75.0,3,20,3,0,1,0,0,1
229,0,110.7,12,9,4,2,1,0,3,1
75,1,87.55,4,4,4,4,1,0,0,1
50,2,127.8,10,4,4,2,0,0,0,1
31,0,85.5,9,11,3,1,2,0,0,0
137,1,93.7,8,30,4,2,0,0,1,1
110,0,190.8,10,14,4,2,0,0,5,0
39,2,216.9,7,29,4,1,0,0,5,1
77,0,116.1,6,17,4,2,0,3,0,0
79,1,76.5,7,2,4,3,0,0,0,0
0,0,89.0,3,2,4,1,0,3,0,1
10,1,90.0,8,18,4,5,0,0,0,1
37,2,158.4,10,5,4,2,0,0,3,1
28,1,139.0,9,11,4,0,1,3,0,1
56,1,101.72,3,30,4,4,2,0,3,1
338,0,90.67,10,7,3,2,1,0,0,1
40,1,205.38,8,13,4,1,1,0,6,1
5,1,111.0,11,18,4,2,0,0,0,1
225,2,119.85,9,14,4,4,0,0,0,0
115,0,114.3,7,8,4,2,0,0,0,0
285,1,95.4,7,21,4,3,0,0,0,0
10,0,75.0,3,11,3,1,0,0,0,1
256,0,90.95,8,31,4,4,0,0,0,0
10,0,134.0,8,21,4,0,1,0,0,0
2,1,119.0,12,31,4,3,1,0,0,1
54,0,180.68,4,28,4,3,1,1,0,0
27,3,101.43,11,11,4,4,2,0,3,1
34,0,152.1,8,13,4,1,2,0,0,1
168,0,99.45,8,1,4,4,1,0,0,0
147,0,132.3,10,7,4,2,1,0,3,1
13,0,66.71,12,5,4,2,1,0,3,1
5,0,105.33,10,31,4,1,2,0,0,1
120,0,131.33,12,23,4,5,2,1,3,1
10,1,118.0,8,28,4,0,2,3,0,0
128,0,122.4,8,17,4,4,1,0,3,0
2,1,0.0,1,16,1,1,0,0,0,1
21,1,102.0,11,1,4,4,0,0,0,0
78,1,115.68,8,19,4,2,1,0,1,1
1,1,99.0,7,20,4,1,0,3,0,1
29,0,103.55,6,8,4,2,0,3,0,1
0,1,79.0,1,29,4,2,0,3,0,1
1,0,105.0,9,3,4,1,0,0,0,1
1,1,198.77,5,20,4,1,0,0,5,1
47,0,118.8,4,23,4,1,0,0,3,0
0,1,147.6,10,7,4,2,0,3,0,1
160,1,96.9,7,5,3,1,0,0,0,1
7,0,158.0,12,30,4,2,0,0,0,1
47,1,70.12,6,19,4,2,2,3,0,1
99,1,97.71,5,22,4,1,2,0,0,1
19,2,99.0,9,12,4,0,1,0,0,1
25,1,107.03,9,22,4,3,0,0,3,1
145,0,94.5,8,29,3,1,2,1,0,1
63,1,65.66,2,15,4,3,1,0,1,1
21,1,124.0,9,21,4,1,1,0,0,1
105,0,75.0,4,6,4,1,0,0,0,0
2,1,92.67,11,20,4,1,2,3,0,1
8,0,127.8,9,16,4,2,0,0,0,0
73,0,85.5,3,18,4,2,0,3,0,1
346,0,90.0,9,13,3,2,0,1,0,0
70,2,102.1,5,25,4,4,0,0,3,1
19,0,118.15,9,19,3,0,1,0,0,0
28,2,100.7,3,9,4,4,0,0,3,1
37,2,108.0,9,26,4,1,1,3,0,1
12,2,134.33,7,19,4,3,0,0,0,1
32,0,168.3,7,15,4,2,1,0,3,0
21,1,129.0,9,18,4,1,2,3,0,0
7,0,101.0,3,23,4,1,0,0,0,0
6,0,65.0,12,17,2,2,0,0,0,1
47,1,71.1,3,15,4,1,0,3,0,1
33,0,67.52,3,8,3,2,0,0,0,1
2,0,81.75,5,15,3,2,2,0,0,1
117,0,159.3,8,22,4,4,1,0,3,0
158,1,168.3,7,1,4,2,1,0,5,0
10,1,136.0,12,28,4,3,1,0,3,1
22,0,127.67,6,21,4,3,0,0,0,0
3,0,86.0,2,4,4,1,0,0,0,1
195,0,126.9,9,28,4,3,0,0,0,0
113,0,126.9,6,17,4,2,0,0,0,0
222,1,80.75,10,12,3,4,0,0,0,1
47,0,60.0,11,11,3,3,0,0,3,1
99,0,90.63,4,5,4,3,0,0,0,1
19,2,88.0,11,18,4,2,1,3,0,1
32,0,124.25,9,12,4,4,1,0,1,0
46,2,135.9,8,14,4,1,2,0,0,1
37,2,105.3,10,22,4,2,0,0,3,1
116,0,96.56,8,6,3,1,2,0,3,0
139,0,68.0,11,16,3,4,2,0,0,0
53,1,81.7,3,17,4,3,1,3,0,1
5,1,98.0,8,13,4,3,0,0,0,0
79,3,134.55,10,20,4,3,1,0,3,1
252,0,67.5,11,15,4,2,0,3,0,0
0,0,0.0,8,6,1,1,0,0,0,1
16,0,180.5,7,16,4,2,2,0,3,0
106,0,141.9,8,20,3,1,2,1,0,1
1,0,90.0,1,24,4,0,1,3,0,1
0,0,114.0,9,13,4,0,1,0,0,1
9,0,73.92,3,30,4,1,0,0,0,1
178,1,94.62,8,23,4,3,0,0,1,0
44,1,95.0,4,23,3,1,2,0,0,1
9,0,166.0,7,14,4,2,0,0,3,1
5,0,65.0,9,2,2,2,0,0,0,1
0,1,119.33,5,30,4,2,1,0,0,1
145,1,0.0,7,5,4,0,0,0,0,1
10,2,68.5,1,19,4,5,0,0,0,1
12,0,63.37,1,10,4,1,2,0,0,1
39,1,117.9,3,28,4,0,1,0,0,1
81,0,75.0,12,4,3,2,2,0,0,1
48,0,94.5,10,25,4,1,2,0,0,0
62,0,109.8,9,4,4,0,1,0,0,0
52,2,72.76,9,7,4,1,1,0,0,1
1,0,112.0,10,25,4,1,0,3,0,1
69,1,125.1,8,13,4,2,2,3,0,1
93,0,109.35,7,18,4,0,1,0,0,0
23,0,98.0,4,10,4,2,2,3,0,0
165,0,180.2,8,19,4,3,2,1,0,0
38,1,88.0,11,3,4,2,0,3,0,0
29,2,122.0,8,30,4,1,0,0,0,1
54,3,109.8,8,30,4,4,0,0,0,1
47,1,88.52,4,28,4,3,1,0,0,1
10,2,110.17,9,5,4,4,2,3,0,1
209,1,128.7,10,21,4,3,2,0,3,0
13,0,86.8,2,29,3,3,1,0,3,0
46,0,75.0,11,12,3,2,2,0,0,1
102,0,110.34,12,26,4,3,1,0,1,0
113,2,76.5,8,22,4,1,0,0,0,0
25,0,85.0,10,17,3,2,1,0,0,1
6,1,94.0,11,9,2,1,0,0,3,1
68,1,96.99,5,21,4,3,2,0,3,1
82,3,74.8,11,19,4,5,2,3,0,1
37,0,116.1,5,13,4,1,0,3,0,1
67,1,123.3,7,20,4,2,0,0,3,1
15,0,125.67,4,29,4,2,1,3,0,0
15,2,115.0,9,16,4,2,0,3,3,1
134,1,176.45,8,1,4,4,1,0,5,1
95,1,72.25,11,27,4,2,0,0,0,0
8,0,124.0,3,11,4,2,1,0,3,0
100,2,136.0,5,19,4,3,1,0,0,1
103,1,77.29,6,26,3,1,2,0,0,0
18,1,140.0,10,29,4,1,2,0,0,0
6,0,118.0,3,11,4,2,0,0,0,0
90,0,108.3,6,26,4,4,2,0,0,1
5,0,0.0,10,21,4,1,0,0,0,1
76,1,93.6,11,3,4,3,0,0,0,0
3,0,93.29,3,30,4,5,2,3,0,0
80,1,94.6,11,4,4,2,1,0,0,1
17,2,84.33,3,5,4,1,2,3,0,1
51,1,123.3,9,1,4,3,1,0,3,0
91,1,81.25,4,2,4,4,2,3,0,0
37,0,65.0,5,8,2,0,1,0,0,1
90,0,96.3,3,31,4,3,0,0,3,1
57,1,54.98,3,10,4,1,0,0,0,1
32,1,103.35,6,20,4,1,1,0,0,1
102,0,96.9,7,25,3,4,1,0,0,0
7,1,151.0,6,9,4,3,1,0,3,1
19,0,116.1,10,2,4,1,2,3,0,0
196,0,102.85,9,4,4,6,4,3,0,0
22,0,71.0,11,17,2,1,0,0,0,1
109,1,80.1,10,26,4,1,0,3,0,1
4,1,240.0,3,25,4,1,0,0,5,1
16,1,127.0,3,19,4,1,0,0,0,1
17,1,118.58,9,8,4,1,0,0,3,1
59,0,126.9,5,13,4,2,0,0,0,0
83,1,96.3,4,25,4,2,1,0,0,1
33,1,157.14,3,22,4,5,0,0,3,1
172,0,90.67,8,15,4,5,1,3,0,0
0,1,133.0,9,7,4,0,1,0,0,1
44,1,259.2,8,10,4,1,0,1,5,1
59,0,105.6,4,25,4,2,1,0,0,0
104,2,159.3,5,14,4,1,2,0,3,1
16,0,131.2,4,8,4,3,2,0,3,0
44,0,78.3,3,3,4,3,0,0,0,0
221,2,79.5,12,29,4,3,0,3,0,0
35,1,71.1,3,16,4,2,0,3,0,1
4,2,133.33,10,28,4,2,1,3,0,1
169,0,63.5,4,22,3,2,2,0,0,1
12,0,122.33,4,29,4,2,1,3,0,0
23,0,133.95,6,12,4,0,1,0,3,1
184,1,115.32,6,6,4,5,1,0,3,0
8,1,95.0,4,8,4,1,0,0,0,1
1,1,147.67,7,9,4,1,2,0,0,1
5,2,196.0,6,26,4,2,2,1,0,1
25,0,119.0,9,26,4,0,1,3,0,0
220,1,115.6,9,16,3,2,1,0,3,0
18,1,105.64,9,15,4,3,1,0,3,1
20,1,85.0,8,29,3,0,1,0,0,1
52,1,207.9,9,14,4,3,0,0,5,0
144,2,149.4,9,1,4,3,0,0,3,1
18,0,91.0,2,12,4,2,1,0,0,1
64,0,115.6,5,16,4,3,1,0,0,0
0,0,44.6,4,3,4,1,2,0,3,0
58,3,115.04,9,27,4,2,0,0,3,1
66,0,85.38,3,13,4,5,2,0,0,0
17,0,46.4,2,27,3,3,2,0,0,1
62,1,140.63,11,6,4,2,2,3,0,1
66,2,102.0,9,5,4,2,1,0,0,1
80,0,108.0,10,9,3,2,0,1,3,1
6,0,86.0,2,1,4,0,1,0,0,1
81,0,119.07,10,2,4,1,2,0,3,0
125,0,108.9,8,7,4,1,2,0,0,0
37,2,94.18,11,25,4,4,1,0,0,1
35,1,135.9,8,15,4,3,1,0,0,1
13,1,137.67,4,28,4,3,0,0,0,0
1,1,167.0,6,28,4,2,0,0,0,1
105,0,62.86,4,6,4,2,0,0,0,1
30,0,157.5,10,5,4,3,0,0,3,0
15,1,68.99,1,24,4,1,2,0,0,1
22,0,75.0,10,13,3,3,0,0,3,1
296,0,85.0,9,21,3,4,0,0,0,0
304,1,65.6,8,20,4,3,2,0,1,1
4,1,167.0,8,13,4,1,0,3,0,1
72,1,89.25,10,21,4,4,0,0,0,1
19,0,69.0,12,5,4,2,2,0,0,1
62,1,115.5,9,5,4,2,1,0,3,1
70,1,114.0,11,21,4,1,1,0,3,0
27,1,150.0,11,12,4,1,2,0,3,1
86,0,137.7,7,26,4,2,0,0,3,1
2,2,129.0,6,7,4,1,0,3,0,1
11,0,31.0,3,16,3,3,0,0,1,1
14,0,76.0,11,25,2,1,0,0,0,1
6,0,75.0,12,27,2,0,1,0,0,1
6,0,54.0,2,28,3,0,2,0,0,1
41,0,81.08,4,21,4,1,0,0,0,0
78,2,114.9,12,27,4,3,0,0,3,1
1,1,126.0,10,5,4,0,1,0,0,0
133,0,126.0,7,11,4,1,1,0,0,1
13,2,111.0,5,8,4,1,2,0,0,1
28,2,143.45,7,8,4,2,2,0,0,1
101,0,107.1,8,6,4,1,2,3,0,0
2,1,75.0,12,2,4,2,0,3,0,1
24,0,86.93,12,8,4,3,0,0,0,1
54,1,97.4,11,23,4,4,0,0,0,1
14,2,215.5,3,24,4,1,0,1,0,1
38,1,159.3,7,19,4,2,0,0,3,1
29,1,64.67,12,1,4,3,1,0,0,1
20,1,154.0,7,17,4,0,1,0,0,1
114,1,146.7,7,7,4,3,0,0,3,1
66,0,108.8,4,15,4,3,2,0,3,1
25,1,139.0,10,21,4,2,0,0,0,1
199,1,168.3,7,26,4,3,0,0,5,0
208,0,96.3,10,22,4,3,2,0,0,0
102,0,80.75,9,18,3,1,2,0,0,1
5,0,80.0,10,19,3,2,1,0,0,1
98,2,121.5,7,16,4,1,1,0,0,1
23,5,124.67,11,11,4,2,1,0,3,1
113,1,92.94,7,5,4,5,1,0,3,1
7,1,175.67,8,12,4,2,1,0,0,1
159,0,99.45,8,3,4,6,2,0,0,0
112,1,120.0,6,2,3,3,0,0,0,1
36,1,126.9,5,11,4,4,0,0,0,1
201,3,68.8,11,1,4,4,0,0,0,1
150,0,63.75,7,21,3,1,0,3,0,0
0,0,119.35,10,7,4,1,0,0,3,1
2,1,0.0,7,10,1,0,2,0,0,1
8,0,95.0,9,25,3,0,2,0,0,1
107,0,81.9,4,5,4,2,0,0,0,0
176,2,137.7,8,6,4,1,2,0,3,0
25,0,154.0,9,16,4,2,2,0,0,1
3,4,155.68,9,20,4,3,0,0,1,1
287,2,106.2,9,29,4,3,0,0,0,0
98,0,109.81,4,30,4,5,2,0,0,1
18,1,151.0,7,3,4,0,1,0,0,1
71,2,146.7,7,24,4,0,1,0,3,1
108,0,74.89,4,2,4,5,2,0,1,1
55,1,102.6,11,15,4,1,0,0,0,1
10,0,149.0,10,2,4,1,2,0,0,1
152,0,75.0,4,12,3,4,0,0,0,1
4,0,65.0,11,22,2,1,0,0,0,1
27,2,113.0,12,7,4,3,0,0,0,1
13,0,159.0,10,10,2,2,1,0,0,1
6,2,85.63,8,16,4,5,3,0,0,1
28,1,88.0,12,3,4,1,1,3,0,1
30,1,116.3,3,4,4,2,0,0,3,1
106,1,92.28,6,8,4,4,0,0,0,1
192,0,110.0,6,24,3,2,0,0,0,0
82,1,116.1,5,16,4,1,1,3,0,1
134,0,114.5,8,21,4,1,2,0,0,1
120,0,108.57,9,28,3,3,0,0,3,1
28,0,0.0,12,16,1,2,0,0,0,1
32,2,168.3,3,26,4,1,0,0,3,1
183,2,80.1,10,29,4,1,2,3,0,0
13,0,85.0,3,20,3,0,1,0,0,1
48,0,109.65,5,7,4,4,2,3,0,0
59,2,104.0,11,24,4,3,0,0,0,1
151,1,82.45,7,11,3,1,1,0,3,0
36,1,109.0,10,28,4,2,1,3,0,1
176,0,125.1,9,8,3,3,0,0,0,0
135,2,127.8,7,17,4,0,2,0,3,1
27,1,110.0,10,29,4,1,2,3,0,1
23,0,118.8,9,6,4,3,2,0,0,1
59,0,177.93,4,26,4,5,1,0,5,0
21,1,129.0,10,2,4,1,2,3,0,1
149,0,89.25,7,12,4,6,2,3,0,0
27,0,152.67,6,26,4,1,2,0,3,0
11,3,138.71,10,23,4,5,2,0,3,1
19,1,100.0,2,21,4,0,2,0,0,0
78,0,100.0,3,25,4,2,1,0,0,0
0,1,106.25,12,27,4,1,0,1,0,1
10,0,80.75,12,5,4,1,1,0,0,1
146,1,94.5,7,27,4,3,0,3,0,1
116,0,90.38,2,28,3,5,3,0,0,1
3,0,66.0,2,1,2,1,1,0,0,1
33,1,117.9,5,21,4,1,1,0,0,1
243,1,95.58,6,19,4,0,2,0,1,1
178,1,112.5,7,26,4,3,0,0,0,0
72,1,61.21,4,4,4,3,1,3,0,1
108,2,104.0,12,25,4,2,2,0,0,1
22,0,108.5,2,13,4,4,2,0,0,1
154,0,109.8,8,24,4,2,0,0,0,0
41,2,123.3,3,15,4,3,0,0,3,1
144,0,151.2,10,5,4,5,2,0,3,0
11,0,137.67,5,1,4,1,2,0,0,0
42,3,111.6,9,17,4,3,0,0,0,1
78,1,96.3,4,14,4,3,0,0,0,1
198,1,112.56,9,27,4,5,2,0,0,0
50,0,85.0,5,19,3,2,0,3,0,1
74,2,101.87,10,19,4,4,1,0,3,1
7,2,130.0,8,20,4,1,0,0,0,1
65,0,134.0,8,26,3,2,2,0,0,1
304,0,74.15,10,21,4,2,1,0,0,0
37,0,85.5,9,16,4,2,0,0,0,1
3,1,174.0,8,3,4,1,0,3,0,1
35,2,77.25,12,26,4,1,0,0,1,1
15,0,140.0,12,27,3,5,1,0,4,1
48,2,142.2,9,2,4,1,0,0,3,1
44,0,74.8,11,25,4,4,2,3,0,0
3,4,111.0,11,18,4,2,0,0,0,1
102,0,58.0,3,25,3,2,2,0,0,1
42,0,86.98,3,20,4,2,2,3,0,0
148,1,136.8,7,8,4,2,0,0,3,0
98,2,212.4,8,12,4,5,2,1,3,0
14,0,38.67,12,5,3,1,2,0,0,1
9,1,103.67,12,27,4,1,2,0,0,1
0,0,123.0,4,23,4,1,1,0,0,1
51,1,83.3,3,21,4,3,1,3,1,1
2,1,108.0,12,24,4,1,0,0,3,1
31,1,96.75,4,17,4,2,2,0,0,1
199,0,128.92,8,12,4,4,2,1,0,0
19,1,117.81,9,23,4,2,1,0,0,1
73,1,117.64,7,1,3,5,2,0,3,1
25,2,146.7,11,18,4,3,2,1,0,1
73,1,107.95,4,7,4,3,1,0,3,1
115,2,70.03,4,26,4,4,0,0,0,1
10,0,129.0,9,3,4,1,0,3,0,0
78,1,154.29,12,29,3,3,1,0,0,1
1,1,0.0,1,8,4,0,0,3,0,1
3,0,207.0,8,13,4,1,1,0,0,0
80,1,88.4,11,15,4,4,0,0,0,1
1,0,84.0,7,26,2,1,0,0,0,1
134,0,90.9,6,30,4,3,0,0,0,0
71,0,90.0,9,9,2,3,0,0,0,1
99,1,94.35,6,27,4,4,1,3,0,1
179,0,121.01,9,2,4,5,2,0,1,0
109,0,104.4,10,28,4,2,0,0,3,0
144,1,76.48,8,4,4,3,2,0,0,1
230,4,96.3,10,16,4,1,2,0,0,1
4,0,65.0,11,30,2,2,1,0,0,1
92,0,52.0,3,5,3,5,2,0,3,1
146,3,178.2,6,12,4,1,2,0,5,1
9,1,106.0,12,16,4,1,0,0,3,1
44,1,102.6,10,2,4,0,2,3,0,1
69,0,135.9,9,11,4,0,2,0,0,0
0,0,85.93,5,10,4,1,0,3,0,1
16,0,79.75,11,20,2,4,2,0,0,1
110,1,105.3,7,25,4,2,1,0,0,1
42,0,76.5,9,19,3,1,2,0,0,1
0,1,0.0,9,21,1,4,1,0,3,1
32,0,198.9,4,30,4,1,2,0,5,0
175,0,99.45,8,10,4,4,0,0,0,0
28,1,89.0,1,31,4,0,2,0,0,1
1,0,106.0,8,19,4,1,0,0,0,1
13,1,75.0,1,16,4,1,0,3,0,1
9,0,36.25,8,15,3,1,2,1,0,1
104,1,108.0,10,9,4,0,1,3,0,0
49,0,69.5,3,6,4,1,2,3,0,1
0,0,0.0,9,8,1,1,0,0,0,1
19,1,77.0,1,21,4,1,0,3,0,1
0,0,109.0,6,7,4,1,0,3,0,1
4,1,160.0,10,17,4,4,1,0,0,0
16,0,75.0,11,16,3,3,0,0,0,1
144,1,155.7,7,30,4,1,1,0,3,1
64,0,100.0,10,1,3,4,2,0,0,1
48,2,97.2,11,4,4,2,0,0,0,1
1,0,40.0,3,9,2,1,0,0,0,1
21,1,112.0,3,12,4,1,2,0,0,1
141,2,133.65,9,4,4,2,2,0,0,1
84,0,90.95,4,8,4,2,2,0,0,0
106,0,108.3,5,3,4,3,0,0,0,0
157,0,133.6,10,7,3,1,0,0,3,0
93,2,92.51,12,26,4,3,1,3,0,1
62,0,116.1,5,19,4,1,0,3,0,1
23,2,105.0,9,14,4,3,1,0,0,1
160,0,137.7,7,14,4,3,0,0,3,0
21,0,88.4,12,19,4,3,1,0,0,1
17,2,107.09,12,2,4,3,2,0,3,1
105,2,116.8,12,1,4,3,2,0,3,1
9,0,117.0,2,17,3,3,0,1,0,1
296,0,56.01,10,24,4,4,2,0,1,0
60,0,82.95,3,6,4,5,2,0,0,0
58,0,113.4,6,20,4,2,1,0,3,0
58,1,94.5,10,9,4,2,0,0,0,1
86,0,90.0,9,9,2,3,0,0,0,1
7,1,147.3,7,12,3,2,0,0,3,1
122,0,95.2,4,29,4,2,2,0,0,0
15,0,65.0,12,7,2,1,0,0,0,1
28,1,149.4,8,24,4,2,0,0,3,0
51,0,69.11,10,12,4,3,1,0,0,1
29,1,150.61,9,30,4,2,2,0,5,1
30,2,102.0,10,16,4,2,1,0,0,1
61,1,94.5,7,23,4,3,2,3,0,1
42,0,150.3,7,8,4,1,0,0,3,0
7,1,78.0,12,17,4,1,1,3,0,1
0,1,65.0,3,9,2,1,0,0,0,1
209,1,81.77,4,25,4,2,1,0,0,1
32,0,152.1,7,3,4,2,2,0,0,0
54,1,126.9,5,31,4,2,0,0,0,1
107,0,95.0,10,3,3,3,1,0,0,1
45,0,71.1,3,11,4,2,0,3,0,0
33,2,99.0,9,25,4,0,1,3,0,1
34,0,73.8,3,20,3,2,2,0,3,1
4,0,121.6,8,20,4,1,0,0,0,0
1,0,126.0,10,1,4,1,0,0,0,1
1,0,75.0,9,15,2,2,0,0,0,1
108,0,121.37,7,16,4,5,2,0,3,0
160,0,71.6,7,25,4,5,3,0,0,0
8,0,169.38,9,21,2,2,0,0,3,1
0,3,134.57,6,27,4,4,1,0,3,1
5,0,84.0,5,8,3,0,2,0,0,1
48,1,79.4,2,26,4,2,0,0,0,1
22,1,96.13,12,4,4,2,2,0,1,1
48,0,51.09,2,24,4,4,0,3,0,1
307,0,108.0,9,11,4,4,2,0,3,0
72,2,175.5,11,9,4,2,0,0,0,1
104,2,129.6,9,2,4,2,1,0,0,1
4,0,80.0,2,16,3,3,0,0,0,1
28,0,57.0,2,26,3,2,1,0,0,1
96,0,166.0,12,31,3,3,2,1,0,1
188,0,80.75,9,26,3,3,1,0,0,1
52,0,60.0,11,12,3,3,2,0,3,1
8,0,171.67,3,24,4,3,0,0,3,0
3,0,183.0,3,2,4,3,0,0,5,1
11,1,72.07,2,14,4,2,2,0,0,1
58,2,115.04,9,27,4,2,0,0,3,1
37,0,77.0,3,13,2,0,1,0,0,1
80,0,86.4,11,21,4,1,1,0,0,0
77,1,78.2,3,6,4,2,2,0,0,1
6,1,62.0,2,25,3,3,0,0,0,1
258,1,88.83,10,29,4,2,2,0,0,1
6,1,122.16,4,21,4,3,0,0,0,1
220,1,84.15,12,30,4,2,2,0,0,0
136,0,121.5,7,16,4,1,1,0,0,0
1,1,89.0,4,16,4,2,2,3,0,1
8,0,55.0,3,1,3,3,0,0,0,1
11,0,139.0,8,13,4,2,2,3,0,1
0,1,148.0,8,19,4,2,0,3,0,1
148,0,118.15,7,21,4,3,2,0,0,1
63,1,76.58,4,22,4,3,2,0,0,1
8,0,111.5,12,3,4,1,1,0,0,1
197,0,137.0,12,21,3,4,1,1,0,1
54,0,116.1,5,6,4,2,0,3,0,0
59,1,93.6,11,26,4,1,2,0,0,1
20,1,74.8,2,8,4,1,1,0,0,1
12,0,69.6,1,12,4,1,0,0,0,1
19,0,102.0,8,31,4,4,1,0,0,1
48,0,43.5,11,10,3,4,0,0,0,1
26,0,226.5,9,27,4,4,0,0,5,0
36,0,99.68,9,6,4,3,0,0,0,1
40,0,110.7,6,26,4,3,2,0,0,1
91,0,88.0,12,9,4,2,0,3,0,0
98,2,89.5,10,24,4,5,1,1,5,1
256,2,94.35,10,23,4,3,2,0,0,0
161,1,63.42,6,28,4,7,2,0,0,1
0,0,65.0,3,15,2,2,0,0,0,1
1,1,95.0,11,5,4,2,0,3,0,1
183,1,90.9,7,16,4,1,2,0,0,1
4,0,87.2,8,1,4,0,1,3,0,1
89,1,72.42,7,11,4,1,1,3,0,1
100,2,92.65,4,25,4,4,1,0,0,1
24,0,74.8,12,1,4,10,4,3,0,1
95,1,37.33,3,22,3,3,0,0,0,1
105,0,75.0,10,12,3,3,0,0,0,1
203,1,95.4,6,6,4,1,1,3,0,1
303,1,73.95,11,18,4,2,2,0,0,1
110,1,120.3,8,1,4,5,1,0,3,1
1,1,153.0,8,9,4,3,2,3,5,1
196,1,97.75,8,24,4,4,1,0,0,1
3,0,65.0,5,16,2,1,1,0,0,1
8,1,77.92,12,27,4,1,2,3,0,1
14,1,88.0,11,14,4,2,1,3,0,1
11,0,95.0,5,9,0,10,5,0,0,0
74,0,95.0,9,16,3,2,2,0,0,1
56,2,177.3,7,19,4,2,0,0,5,1
70,2,97.2,10,18,4,2,0,3,0,1
1,0,81.0,2,20,4,1,0,3,0,1
166,0,137.7,8,4,4,3,0,0,3,0
287,0,100.3,9,29,4,3,1,0,0,0
1,0,65.0,5,4,2,1,0,0,0,1
195,0,71.22,12,2,4,2,0,0,1,0
49,3,94.32,9,3,4,3,2,3,0,1
4,0,87.0,2,7,3,0,2,0,0,1
237,0,95.56,12,28,4,5,2,0,0,0
60,0,105.3,7,12,4,1,0,0,0,0
105,0,137.7,7,23,4,1,0,0,3,0
7,1,127.0,2,13,4,1,0,0,3,1
61,0,91.6,12,8,4,2,0,0,1,1
35,1,66.53,10,7,4,2,0,3,0,1
0,3,127.0,2,12,4,1,0,0,3,1
79,0,149.4,8,19,4,2,0,0,3,0
28,2,70.0,3,18,3,2,0,0,0,1
102,1,108.0,10,9,4,0,1,3,0,1
5,0,98.32,5,16,2,3,1,0,0,1
62,1,120.88,12,23,4,2,1,1,0,1
8,0,85.57,8,21,4,5,2,0,0,1
5,0,228.8,8,4,4,3,1,1,4,0
71,2,149.4,9,8,4,3,1,0,3,1
42,0,60.0,1,14,3,3,1,0,0,1
61,1,74.8,12,22,4,3,2,3,0,1
111,0,72.25,7,13,3,3,0,0,0,0
60,1,60.0,1,31,3,0,2,0,0,1
0,1,0.0,10,12,1,1,1,0,0,1
44,1,80.26,3,10,4,3,2,0,0,1
86,1,126.9,6,19,4,1,2,0,0,1
26,0,120.0,6,8,3,1,0,0,0,1
0,1,0.0,9,9,1,1,0,0,3,1
13,1,84.0,9,3,3,3,1,0,0,1
5,0,0.0,10,19,4,2,1,0,0,1
75,0,12.0,3,17,3,3,1,0,0,0
1,1,197.0,12,30,4,3,0,0,3,1
28,0,89.0,4,17,4,0,2,3,0,1
9,1,0.0,9,7,1,1,0,0,1,1
213,1,79.48,12,27,4,4,0,3,0,0
17,1,123.62,9,22,4,3,0,0,0,1
93,1,82.45,4,1,4,2,2,0,0,1
99,0,93.08,4,17,4,2,2,0,3,0
62,2,135.9,8,10,4,2,0,0,0,1
72,2,118.8,10,20,4,3,0,0,0,1
3,0,65.0,2,15,2,0,1,0,0,0
134,2,96.3,4,29,4,2,0,0,0,1
65,1,80.75,10,23,3,1,2,0,0,1
175,0,86.36,9,8,4,3,1,0,0,0
21,0,79.0,2,12,4,2,0,3,0,1
18,0,187.0,7,23,4,1,1,0,3,1
29,1,143.52,5,9,4,4,1,0,3,1
72,0,76.5,4,3,4,1,2,0,0,0
6,2,148.39,12,18,4,1,2,0,5,1
98,1,90.6,10,30,4,1,2,0,0,1
0,0,163.18,5,18,2,1,0,0,0,0
127,0,86.36,8,8,3,5,2,0,0,1
22,1,297.0,8,5,4,1,0,1,5,1
21,0,81.0,2,25,4,2,0,3,0,1
55,1,73.9,2,22,4,2,1,0,0,1
224,1,97.18,9,3,4,4,2,0,0,0
14,0,95.0,10,14,2,2,0,0,0,1
29,1,83.57,4,14,4,3,0,0,0,1
153,0,89.76,10,19,3,4,0,0,0,0
17,1,102.0,11,11,4,5,2,0,0,0
73,1,140.4,8,6,4,1,1,0,3,0
42,0,168.3,8,23,4,5,0,0,3,1
245,0,96.3,10,28,4,2,0,0,0,0
174,1,119.85,9,2,4,2,2,0,0,0
74,0,86.4,11,20,4,0,1,0,0,0
40,0,81.9,3,5,4,3,2,0,0,0
11,1,119.0,4,18,4,0,1,0,0,1
72,3,79.2,11,13,4,0,2,3,0,1
68,2,65.0,12,2,2,1,0,0,0,1
292,0,91.79,12,30,4,3,2,0,0,0
61,1,99.66,4,24,4,2,2,0,0,1
14,2,135.0,12,25,4,0,2,0,0,1
10,2,0.0,8,21,1,1,0,0,3,1
81,1,75.95,3,5,4,2,2,0,0,1
6,2,155.2,11,6,4,3,2,0,0,1
73,1,87.3,4,3,4,1,2,0,0,1
13,0,102.0,2,3,2,4,0,0,6,1
66,1,152.15,5,9,4,3,1,1,0,1
38,2,148.95,4,27,4,4,0,0,3,1
13,1,118.51,5,29,4,2,2,0,3,1
123,0,113.55,5,13,4,2,2,0,0,0
267,0,95.0,9,30,4,2,1,0,0,0
95,2,76.5,12,18,4,3,2,0,0,1
95,0,87.04,4,23,3,5,2,0,0,1
0,2,0.0,1,5,1,3,0,0,3,1
45,3,217.75,3,15,4,8,2,0,6,1
109,0,108.0,10,11,4,1,0,3,0,0
39,0,150.3,3,31,4,3,0,0,3,1
29,2,178.0,7,28,4,1,0,0,0,1
31,0,237.75,12,3,4,2,2,1,5,1
6,1,65.0,12,26,2,0,1,0,0,1
60,1,140.4,6,1,4,3,0,0,3,1
11,1,85.0,11,17,4,1,0,3,0,1
6,0,130.0,10,29,3,1,0,0,0,1
26,2,177.0,6,16,4,3,0,0,3,1
125,0,113.41,7,22,4,5,2,0,3,0
31,1,87.3,9,6,4,1,0,3,0,1
9,3,0.0,11,11,1,2,0,0,0,1
31,0,75.0,9,16,3,2,1,0,0,0
17,1,173.67,7,28,4,3,0,0,3,1
24,1,77.0,1,15,4,6,2,3,0,1
56,1,82.44,12,7,4,3,0,0,1,1
59,1,131.4,8,8,4,1,1,0,0,1
57,2,94.5,10,10,4,1,2,0,0,1
9,1,125.33,4,8,4,2,1,0,0,1
6,2,146.0,4,24,4,0,1,0,3,1
76,0,72.25,7,6,3,4,0,0,0,1
154,1,108.0,10,19,4,4,0,3,0,0
63,1,102.9,12,3,4,3,0,0,0,1
57,0,75.0,11,11,3,2,1,0,0,1
14,1,124.0,8,31,4,1,0,0,0,1
0,1,157.0,6,9,4,2,0,1,3,1
32,2,141.53,9,18,4,2,2,3,0,1
32,2,105.4,3,4,4,2,0,0,3,1
187,3,108.9,10,7,4,2,1,0,0,1
6,1,177.0,3,19,4,1,2,0,3,1
131,1,92.83,6,26,4,3,2,0,1,1
183,2,80.1,10,26,4,4,0,3,0,0
28,2,75.0,9,27,3,1,0,0,0,1
26,2,109.0,11,2,4,3,0,3,0,1
38,1,79.4,1,22,4,2,0,0,0,1
34,0,56.16,12,17,4,1,1,3,0,1
4,1,91.0,5,21,3,1,1,1,0,1
230,1,137.0,9,6,4,5,0,0,0,0
10,1,87.5,11,14,4,3,1,3,0,1
2,0,0.0,1,27,1,1,0,0,0,1
69,1,99.3,4,17,4,1,2,0,0,1
103,2,80.75,6,27,3,1,1,0,0,1
30,1,88.0,11,18,4,1,0,3,0,0
42,1,180.16,3,20,4,2,2,1,3,1
159,1,143.55,10,1,4,3,2,1,0,0
68,0,107.95,7,4,3,1,1,1,3,1
60,1,65.0,10,12,3,1,1,0,0,1
82,0,168.3,3,25,4,2,1,0,5,0
150,1,101.15,7,14,4,8,2,0,0,0
4,0,96.0,12,21,4,1,1,0,0,1
156,0,84.24,5,18,4,1,0,0,0,0
117,0,105.84,4,29,4,2,0,0,4,0
31,2,149.0,10,25,4,3,0,0,0,1
49,0,160.65,6,22,4,2,0,1,0,0
22,1,64.37,11,14,4,2,1,3,0,1
13,3,190.93,9,28,4,2,0,1,0,1
3,0,70.0,4,18,3,1,1,0,0,1
8,1,54.5,3,15,4,2,0,0,0,1
268,0,80.75,10,9,3,3,2,0,0,1
256,2,133.11,10,14,4,3,2,0,3,0
22,0,85.0,6,30,3,1,0,0,0,1
0,0,0.0,10,10,1,0,1,0,4,1
109,0,76.5,7,16,4,1,0,0,0,0
64,1,86.4,11,18,4,2,1,0,0,0
96,1,132.6,5,12,4,3,2,0,3,0
2,1,129.0,5,13,4,1,0,3,0,1
3,0,66.0,2,25,2,1,0,0,0,1
53,0,148.5,7,9,4,1,1,0,3,0
41,0,118.0,12,31,3,3,0,0,0,1
4,0,40.0,9,15,2,2,0,0,0,1
67,1,95.4,12,5,4,1,2,3,0,1
16,0,75.0,3,8,2,3,0,0,3,1
71,0,137.53,9,14,3,5,2,0,3,1
205,1,70.03,7,26,4,5,0,0,0,0
75,1,74.8,12,2,4,2,2,3,0,1
5,1,81.0,2,26,4,2,0,3,0,1
41,0,69.29,12,27,3,5,2,0,0,1
5,1,109.0,6,8,4,1,0,3,0,1
24,0,70.0,3,20,3,0,1,0,0,1
9,0,95.0,10,20,2,1,0,0,0,1
197,1,81.77,4,21,4,1,0,0,0,0
0,0,114.0,9,8,2,1,0,0,0,1
15,1,109.0,9,11,4,0,2,0,0,1
59,0,75.0,10,29,3,2,0,0,0,1
54,1,180.0,3,20,4,1,2,0,5,1
88,0,151.2,10,10,4,3,1,0,3,0
1,0,208.0,12,29,4,1,0,0,5,1
9,1,127.0,2,13,4,1,2,0,3,1
104,0,97.33,4,28,4,3,1,0,0,0
6,2,100.87,5,23,4,1,1,0,0,1
69,0,107.19,8,31,4,3,0,3,0,0
19,0,194.67,1,1,4,2,1,0,5,1
5,3,130.0,8,20,4,1,0,0,0,1
32,1,105.0,7,18,3,1,1,0,0,1
0,0,65.0,2,16,2,1,0,0,0,1
205,0,125.0,5,29,3,1,2,0,0,0
73,0,88.0,11,26,4,1,0,3,0,0
4,1,95.13,8,14,4,6,2,3,0,1
19,0,98.0,12,12,3,2,1,1,0,1
109,0,0.0,10,3,1,1,1,0,0,1
49,0,158.4,10,10,4,3,1,0,3,1
0,0,0.0,12,7,1,0,1,0,0,1
38,0,107.1,7,2,4,1,1,3,0,0
297,0,106.0,12,19,2,2,1,0,4,1
85,2,113.4,10,17,4,2,1,0,0,1
6,0,65.0,5,23,2,1,1,0,0,1
116,1,109.65,5,12,4,3,1,0,0,1
20,0,76.5,6,28,3,3,0,0,0,1
233,0,100.3,6,23,4,3,1,3,0,0
1,0,120.0,11,23,4,1,0,0,0,1
98,0,111.69,12,26,4,3,1,0,3,1
22,1,88.17,10,1,4,2,0,0,0,1
33,1,104.0,11,26,4,1,0,0,0,0
80,0,75.95,3,8,4,4,0,0,0,1
77,1,126.9,5,8,4,2,2,0,0,1
7,0,112.0,5,5,3,3,0,0,0,1
87,2,137.7,7,17,4,0,1,0,3,1
28,1,133.95,5,1,4,2,2,0,0,1
333,0,73.95,12,10,4,3,2,0,0,0
0,4,0.0,10,6,1,1,0,0,0,1
112,1,100.05,11,13,4,3,2,0,3,1
102,1,109.8,12,9,4,2,0,0,0,0
28,3,120.65,3,9,4,4,0,0,3,1
15,2,140.0,10,21,4,2,0,3,0,1
5,0,116.5,8,15,3,1,2,1,0,1
8,0,76.08,6,14,4,2,0,3,0,1
10,0,103.0,5,16,4,0,1,0,0,1
195,0,130.05,8,8,4,4,1,0,3,0
74,1,78.3,3,11,4,2,1,0,0,1
16,1,117.6,9,5,3,4,2,0,0,1
66,1,68.07,12,5,4,4,1,0,0,1
27,0,77.87,12,4,4,2,1,0,1,0
56,2,167.45,4,19,4,4,0,0,5,1
213,1,80.24,5,29,3,5,3,0,0,1
3,0,95.0,6,20,3,3,1,0,0,1
82,3,149.4,9,13,4,7,2,0,3,1
24,0,70.0,11,18,3,2,0,3,0,1
5,2,105.0,8,16,4,1,2,0,0,1
6,1,137.0,3,28,4,0,1,0,3,1
1,1,146.0,7,17,4,0,1,0,3,1
44,0,152.1,9,11,4,1,2,0,0,0
4,0,110.71,10,24,4,0,1,3,3,1
119,0,110.0,6,7,3,2,0,0,0,1
145,0,94.5,8,29,3,1,2,1,0,0
82,1,79.2,12,9,4,2,0,3,0,1
25,1,101.0,7,29,4,1,0,0,0,1
75,1,126.9,6,9,4,3,0,0,0,1
116,1,85.5,12,29,4,4,0,0,0,1
129,0,126.9,6,2,4,3,0,0,0,0
2,1,106.5,12,18,4,0,2,0,0,1
9,3,96.0,8,28,2,7,4,0,0,1
134,0,89.25,7,13,4,4,0,3,0,1
30,1,137.83,11,7,4,3,1,3,0,1
3,1,128.0,8,20,4,1,1,3,0,1
83,0,75.0,12,18,3,1,2,0,0,1
144,1,105.4,4,22,3,2,1,0,0,0
4,1,117.37,11,6,4,2,2,0,0,1
44,1,87.31,6,22,4,1,0,0,0,1
2,0,100.0,9,11,2,2,0,0,0,1
170,2,130.05,8,11,4,3,2,0,3,0
23,0,118.98,10,28,4,4,1,0,0,1
68,0,90.95,4,17,3,3,2,0,3,1
10,0,103.0,3,19,4,1,1,0,0,1
51,1,158.4,8,23,4,2,0,0,3,1
5,3,104.0,4,12,2,3,0,0,0,1
261,0,106.25,11,15,4,4,0,1,0,0
11,2,90.0,8,28,4,1,0,0,0,1
28,0,213.63,5,17,4,3,0,0,5,0
7,2,125.8,12,29,4,3,1,0,3,1
46,1,77.35,3,11,4,4,2,0,0,1
28,1,141.67,12,30,3,2,1,0,0,1
67,1,104.55,11,10,4,2,0,0,0,0
222,0,86.63,8,11,4,1,0,0,1,0
70,0,149.4,9,15,4,2,0,0,3,0
12,0,107.0,10,4,3,0,2,1,0,1
13,4,174.0,9,14,4,3,1,0,5,1
183,1,100.3,5,6,4,3,2,0,0,0
81,2,130.5,7,18,4,2,1,0,0,1
12,2,124.0,9,5,4,1,0,0,0,1
2,0,140.0,10,12,4,2,0,0,0,1
28,0,194.8,8,13,3,3,2,1,0,1
80,1,53.97,3,5,4,1,1,3,0,1
102,1,72.25,12,19,4,4,2,0,0,0
2,2,182.0,2,19,4,1,0,0,5,1
156,1,105.3,7,26,4,1,0,0,0,0
2,2,110.11,9,15,4,1,0,3,0,1
9,2,128.5,9,11,4,2,0,0,0,1
36,0,85.0,10,25,3,3,0,0,0,1
56,3,74.8,11,11,4,2,2,3,0,1
15,0,58.0,12,19,3,2,2,0,0,1
4,0,86.0,1,6,4,1,0,3,0,1
88,1,138.0,5,3,3,3,0,1,0,1
2,0,69.5,1,9,4,1,0,3,0,1
33,0,98.1,5,25,4,1,0,3,0,0
1,1,0.0,3,1,1,2,0,0,3,1
350,2,91.95,12,26,4,3,1,0,0,0
71,0,75.0,12,2,3,2,1,0,0,1
24,2,145.4,4,17,4,3,2,0,3,1
57,1,141.3,10,29,4,1,2,1,0,0
161,1,97.75,8,9,4,6,2,3,0,0
52,0,63.75,3,9,4,4,0,3,0,0
60,3,126.0,12,8,4,3,0,0,3,1
132,1,113.05,5,13,4,2,2,0,3,1
8,1,91.38,11,23,4,4,0,0,0,1
153,1,99.45,7,23,4,2,2,0,0,1
147,0,90.0,12,5,4,2,1,0,0,0
51,2,125.1,8,6,4,1,2,3,0,1
17,0,38.67,11,13,3,2,1,0,0,1
127,1,94.7,3,19,4,5,2,0,1,0
1,0,88.0,11,22,2,1,0,0,0,1
14,2,86.85,7,22,4,2,0,0,1,1
7,2,138.0,9,11,4,2,0,0,0,1
8,1,0.0,6,19,1,0,1,1,6,1
0,1,0.0,3,22,1,1,0,0,0,1
52,1,149.4,7,31,4,0,2,0,3,1
1,2,209.1,6,29,4,3,0,0,6,1
8,0,97.02,10,20,4,4,0,0,0,1
84,0,99.45,3,24,4,3,1,0,3,1
115,2,131.4,8,23,4,5,0,0,3,1
4,0,66.0,1,29,3,2,1,0,0,1
237,1,116.62,9,13,4,11,4,0,3,0
21,0,157.0,5,16,4,0,1,0,3,0
56,1,125.1,8,6,4,1,1,3,0,1
81,1,149.4,9,8,4,3,0,0,3,0
41,1,149.4,9,18,4,1,2,0,3,0
58,1,95.48,10,18,4,4,0,0,3,1
66,1,135.0,10,6,4,3,0,0,0,0
146,0,37.5,12,29,3,3,0,0,0,1
153,1,114.75,8,20,4,3,2,0,0,0
191,0,49.5,6,3,3,2,1,0,0,1
132,1,105.37,7,22,4,4,2,0,0,1
42,1,141.3,6,26,4,0,2,0,3,1
31,0,92.4,10,25,4,0,2,0,0,1
222,2,70.55,12,27,4,5,0,3,0,1
85,0,90.0,9,9,2,2,0,0,0,1
22,0,65.0,12,18,2,1,0,0,0,1
114,0,115.25,5,12,4,4,2,0,0,0
3,0,125.0,4,16,4,1,0,0,0,1
41,2,93.93,11,12,4,2,2,0,0,1
22,3,159.0,9,15,4,1,0,0,0,1
5,1,163.0,3,26,4,3,2,0,3,1
0,0,55.76,11,25,4,1,0,3,0,1
56,0,86.4,11,3,4,3,0,0,0,1
13,0,72.22,12,6,4,1,2,0,3,1
148,2,108.19,5,18,4,4,0,0,3,1
119,1,83.83,6,26,4,2,2,0,1,1
7,0,0.0,11,10,1,2,0,0,0,1
98,0,146.7,6,29,4,4,0,0,3,0
38,1,140.4,5,21,4,1,1,0,3,1
1,0,110.0,8,12,3,4,0,0,0,1
28,1,126.0,6,21,4,1,0,0,3,0
4,1,137.0,5,11,4,1,0,0,0,1
59,1,89.1,6,20,4,1,1,3,0,1
21,1,58.0,12,25,3,3,2,0,0,1
8,0,158.0,10,7,4,3,0,0,0,1
40,1,108.9,6,9,4,1,0,0,0,1
115,0,89.25,9,10,4,3,1,0,0,1
91,2,118.8,7,16,4,1,2,0,3,1
150,2,118.8,10,3,4,2,1,0,0,1
82,1,107.0,11,13,4,2,2,0,0,1
33,3,215.55,10,3,4,1,1,0,5,1
69,0,60.0,12,3,3,3,0,0,3,1
3,0,65.0,9,28,2,1,1,0,0,1
3,0,0.0,10,6,1,1,0,0,0,1
104,1,126.9,5,14,4,1,2,0,0,1
23,0,145.0,7,5,4,2,0,0,0,0
106,0,105.0,5,21,3,3,2,1,0,1
8,0,65.54,11,27,4,3,2,0,0,0
23,0,60.0,1,1,3,2,1,0,0,1
11,0,99.0,5,25,4,1,0,3,0,1
0,1,196.0,9,30,4,1,0,0,5,1
53,2,123.3,9,3,4,1,1,0,3,1
0,0,75.0,3,7,3,2,1,0,0,1
149,0,71.0,1,17,3,2,2,0,0,1
6,0,0.0,12,10,4,2,0,1,0,1
13,1,80.0,8,20,4,3,0,0,0,0
95,0,77.35,4,15,4,3,2,3,0,0
102,1,63.86,4,2,4,1,2,0,0,1
135,0,132.3,10,1,4,1,2,0,3,0
7,1,126.0,10,19,4,2,1,0,0,1
0,0,75.28,10,22,4,1,0,3,0,1
5,0,80.0,12,19,3,1,2,0,0,1
157,0,68.0,12,8,3,3,0,0,0,1
91,0,117.9,8,21,4,0,2,0,0,1
6,0,79.0,11,24,2,1,0,0,0,1
50,2,126.3,11,10,4,3,0,0,0,1
62,1,139.5,10,29,4,1,0,3,5,1
27,1,65.0,6,29,2,1,0,0,0,1
89,0,143.7,6,27,4,5,1,0,3,0
3,1,129.0,2,8,4,0,1,1,0,1
35,0,110.16,9,5,4,3,1,0,0,1
31,2,85.5,10,5,4,2,1,0,0,1
37,1,117.6,3,24,4,3,0,0,0,1
1,1,211.76,10,28,4,2,1,0,5,1
159,1,133.2,9,28,4,4,1,0,3,0
75,1,88.4,12,21,4,4,2,0,0,1
93,0,125.33,10,22,4,2,2,0,3,0
13,0,120.0,4,2,4,2,2,0,0,0
89,1,105.3,3,25,4,2,1,0,3,0
89,1,87.3,4,1,4,2,0,0,0,1
42,2,85.5,9,21,4,3,1,0,0,1
49,1,73.8,11,11,4,2,0,3,0,0
4,1,103.18,4,21,4,3,2,0,3,1
60,1,102.68,6,9,3,1,0,0,4,1
12,0,133.33,3,2,4,3,0,0,3,1
34,1,129.0,10,26,4,4,0,0,0,0
137,0,105.3,4,21,4,3,0,0,3,1
11,1,140.0,11,5,4,1,0,0,3,0
145,0,114.3,7,30,4,1,1,0,0,0
5,3,224.0,11,8,4,1,0,0,3,1
91,2,136.35,6,15,4,4,0,0,0,1
6,1,120.0,10,20,4,3,0,0,0,1
61,1,126.9,5,14,4,1,0,0,0,1
16,0,77.25,1,25,4,4,1,0,1,1
8,1,89.0,4,5,4,1,0,3,0,1
2,1,87.3,1,8,4,2,1,0,0,1
152,0,80.39,10,24,3,10,4,0,3,0
163,1,99.45,7,7,4,3,1,0,0,1
0,0,83.03,3,8,4,1,0,0,1,1
39,0,51.19,3,15,4,3,0,3,0,1
52,0,150.9,8,26,4,4,2,0,3,1
85,0,75.0,10,6,3,3,1,0,0,1
26,0,75.0,10,18,3,1,2,0,3,1
4,1,0.0,10,4,4,0,1,0,0,1
52,1,72.76,10,23,4,1,0,0,0,1
2,1,0.0,6,6,1,0,1,0,6,1
5,1,130.0,8,20,4,1,0,0,0,1
112,0,129.6,9,8,4,1,0,0,0,0
64,0,153.0,10,17,4,3,1,1,0,0
7,1,141.95,5,30,4,0,1,0,3,1
214,1,90.95,8,7,4,2,2,0,0,1
9,1,0.0,12,10,1,1,0,0,1,1
3,0,0.0,8,4,1,1,0,0,0,1
92,2,125.1,9,19,4,0,1,3,0,1
120,0,97.55,6,30,4,2,0,0,1,1
7,1,165.0,8,20,4,1,0,0,0,1
119,1,81.0,2,10,4,3,0,0,1,0
257,0,73.95,12,17,4,5,2,0,0,0
8,0,96.0,3,8,4,1,0,0,0,1
124,0,94.5,8,8,4,1,2,1,0,0
82,0,80.75,10,16,3,4,2,0,0,1
298,0,76.0,5,10,3,2,0,0,0,1
68,0,76.22,3,29,4,11,4,0,0,0
67,1,90.95,4,22,3,2,0,0,3,1
31,0,65.0,12,17,2,2,0,0,0,1
57,0,75.33,6,10,3,2,1,0,0,1
11,2,186.0,5,2,4,1,1,0,3,1
1,0,85.0,2,4,4,3,2,0,0,1
129,0,106.25,5,16,3,3,1,1,0,1
63,0,121.05,7,27,4,4,0,0,3,0
115,0,98.7,10,23,4,1,2,3,0,1
18,0,149.0,6,12,4,1,2,1,0,1
7,0,67.0,3,2,3,2,0,0,0,1
59,1,118.8,10,2,4,1,2,0,0,0
146,3,116.23,8,20,4,5,2,0,3,1
66,0,89.75,6,20,3,1,1,0,0,1
37,1,88.4,11,13,4,4,2,0,0,0
44,0,108.45,6,19,4,2,2,0,0,0
215,1,90.95,7,29,4,7,2,0,0,1
11,1,92.58,12,26,4,1,2,0,1,1
3,2,150.0,10,30,4,0,2,0,0,1
54,0,121.5,4,30,4,1,1,0,0,0
23,0,50.0,12,4,2,2,2,0,0,1
11,0,95.0,5,23,4,0,1,0,0,0
103,0,95.0,5,4,4,3,0,0,0,0
0,0,89.0,7,29,4,1,0,3,0,1
91,1,106.92,10,7,4,1,0,0,0,0
215,0,67.26,11,30,4,4,0,0,1,0
43,0,69.53,2,5,4,2,1,0,1,0
164,3,116.45,9,9,3,4,2,1,3,1
296,0,117.0,9,21,3,4,0,1,0,0
4,0,95.0,5,16,2,1,1,0,0,1
12,2,182.33,7,7,4,3,0,0,3,1
62,1,109.68,4,25,4,3,1,0,0,1
152,0,72.25,8,1,3,2,1,0,0,1
8,0,110.0,10,28,0,2,0,0,3,1
19,0,55.32,2,11,4,3,2,3,0,1
7,0,65.0,12,29,3,3,0,0,0,1
2,1,81.0,2,6,4,1,0,3,0,1
83,0,75.0,12,11,3,1,2,0,0,1
184,1,90.95,7,1,4,2,2,0,0,1
7,0,79.0,12,13,2,1,0,0,0,1
128,0,140.7,7,11,4,2,1,0,0,0
266,2,86.7,10,30,4,2,2,0,0,1
22,0,75.0,8,21,3,1,0,0,0,1
38,2,88.4,11,27,4,2,2,0,0,1
34,0,152.8,9,15,4,3,0,0,4,1
30,1,94.5,9,5,4,2,2,0,0,1
10,1,76.08,9,7,4,4,1,0,0,1
258,0,96.3,10,29,4,1,2,0,0,0
87,0,118.35,10,23,4,2,2,0,3,0
58,1,75.0,11,19,3,1,2,0,0,1
18,1,160.67,9,28,4,3,0,1,3,1
112,0,76.97,4,18,4,4,1,0,1,1
213,1,127.5,8,26,3,2,1,0,5,0
55,1,93.5,3,19,4,2,2,0,0,1
8,0,119.0,5,25,4,1,0,3,0,1
45,0,75.0,10,30,3,3,2,0,0,1
41,2,75.0,11,1,3,3,2,0,3,1
5,3,89.89,11,27,4,2,2,0,0,1
7,2,86.12,11,27,4,2,0,0,0,1
6,0,110.0,5,3,2,1,0,0,3,1
87,0,105.4,10,22,3,1,2,0,0,1
46,1,105.5,11,4,4,3,0,0,1,1
42,0,75.0,11,7,3,3,1,0,0,1
17,0,171.0,2,23,4,4,0,0,5,1
19,2,146.0,7,20,4,1,0,0,3,1
33,0,120.6,9,10,3,1,1,0,0,1
59,0,75.0,11,11,3,2,0,0,0,1
32,0,81.9,3,13,4,2,2,0,0,1
120,0,94.5,7,18,4,1,1,3,0,1
6,1,70.07,2,13,4,1,0,0,0,1
191,1,96.3,10,20,4,2,0,0,0,0
150,2,76.5,7,9,4,1,0,0,0,0
208,0,112.5,10,22,4,3,2,0,0,0
25,1,90.95,11,6,4,2,2,0,0,1
69,0,94.5,4,26,4,3,0,3,0,0
15,1,111.6,10,20,4,4,0,0,0,1
103,3,118.8,10,17,4,4,1,0,0,1
1,1,139.0,7,21,4,1,0,3,0,1
3,0,95.0,6,23,3,1,0,0,0,1
83,1,92.0,11,3,4,3,1,0,3,1
64,0,121.72,11,7,4,3,1,3,0,1
174,0,109.65,9,4,4,2,2,3,0,0
0,0,90.0,8,21,4,2,1,0,0,0
51,1,96.3,9,7,4,1,0,3,0,1
179,1,66.76,7,4,4,4,1,0,0,1
1,1,120.0,10,22,4,1,0,3,0,1
176,0,97.71,9,15,4,1,0,0,0,0
42,0,65.0,9,15,2,3,0,0,0,1
90,2,144.13,7,7,3,5,2,0,3,1
110,1,142.2,8,23,4,2,0,0,3,1
188,1,94.14,10,24,4,2,1,0,0,1
9,1,67.0,10,13,2,2,0,0,0,1
65,0,119.85,5,9,4,3,1,0,0,1
188,0,116.7,8,30,4,3,0,0,0,0
30,2,85.5,9,16,4,2,0,0,0,1
72,1,58.91,12,23,3,9,2,0,0,1
20,0,85.0,3,6,4,1,2,0,0,0
85,0,129.73,9,29,2,2,0,0,0,1
147,0,126.9,9,12,4,5,1,0,0,0
8,1,91.0,2,5,4,2,0,0,0,0
122,0,85.0,4,15,3,2,0,0,0,0
50,0,181.8,8,30,4,3,0,0,5,1
143,0,64.26,5,2,4,4,1,3,0,1
67,0,61.16,3,1,3,4,0,0,0,1
2,2,89.0,8,10,4,1,1,3,0,1
57,1,103.8,10,30,4,1,2,0,0,1
0,0,114.0,12,3,4,1,0,3,0,1
3,0,139.0,3,25,4,2,0,3,0,1
104,2,84.56,6,7,4,4,0,0,0,1
150,1,45.0,6,16,3,3,0,1,0,1
4,0,12.0,10,19,4,0,1,0,0,1
1,1,138.0,8,20,4,1,0,3,0,1
186,0,112.5,8,28,4,0,1,0,0,0
94,0,60.0,12,24,3,3,2,0,3,1
21,1,117.0,10,7,4,2,0,0,3,1
19,1,149.0,9,23,4,2,0,3,0,1
228,1,102.85,10,5,4,4,0,0,0,0
33,1,125.1,9,9,4,2,1,3,0,1
118,1,87.3,4,3,4,1,2,0,0,0
99,3,141.67,12,31,3,1,2,0,0,1
285,0,100.0,10,3,4,3,1,0,0,0
24,0,53.58,12,18,4,2,1,0,0,1
61,0,130.5,8,29,4,3,1,0,3,1
139,0,114.3,8,13,4,2,2,0,0,0
0,0,91.59,8,16,4,2,0,3,0,1
93,1,94.5,7,12,4,2,0,3,0,1
61,0,94.5,7,17,4,0,2,3,0,0
34,0,76.5,10,18,3,0,1,0,0,1
5,0,0.0,5,24,1,2,0,0,0,1
1,0,107.0,1,6,4,1,0,0,0,1
2,0,206.0,4,23,4,4,2,0,5,0
49,1,65.49,3,10,4,3,1,0,3,1
117,1,87.67,5,31,4,4,0,0,0,1
0,1,95.0,11,17,4,1,0,3,0,1
107,1,87.5,11,13,4,2,2,0,0,1
0,1,104.72,10,15,4,1,0,0,3,1
6,0,79.0,8,17,2,1,0,0,0,1
251,1,81.5,8,14,4,3,2,0,1,0
80,0,65.83,3,25,4,2,1,3,0,1
2,0,99.0,10,30,0,0,2,0,3,1
2,1,98.0,1,22,4,2,0,0,0,1
9,0,123.33,6,12,4,1,2,0,0,0
13,1,146.0,6,28,4,1,0,0,3,1
193,1,72.25,7,31,3,2,2,0,0,1
118,1,90.95,4,13,4,4,0,0,0,1
5,3,137.0,6,13,4,0,1,0,3,1
108,2,101.58,4,26,4,4,0,0,3,1
1,0,0.0,11,5,1,2,0,0,0,1
24,1,104.0,12,18,4,1,2,0,0,1
56,0,0.0,9,25,4,0,0,0,0,1
86,1,120.69,8,9,4,2,0,0,0,0
34,0,112.5,3,23,4,1,0,0,3,0
62,0,78.54,10,16,4,2,0,0,3,1
302,1,74.6,8,2,4,8,2,0,1,1
105,2,129.6,9,7,4,4,0,0,0,1
5,3,127.4,10,30,4,3,2,0,0,1
15,1,118.33,4,15,4,2,1,0,0,1
4,1,124.0,8,15,4,1,0,0,0,1
8,1,79.4,1,19,4,5,0,3,0,1
99,2,134.16,5,6,4,3,2,0,3,1
5,2,107.67,11,19,4,1,2,0,0,1
78,0,62.18,4,12,4,4,0,3,0,0
18,1,85.0,3,9,4,3,0,3,0,1
14,1,94.5,9,2,4,1,0,0,0,1
28,0,73.88,3,4,4,2,2,0,0,1
70,3,74.8,12,22,4,3,2,3,0,1
0,0,0.0,8,5,1,1,0,0,4,1
2,1,81.0,12,15,4,1,0,0,0,1
149,0,118.8,8,20,4,1,2,0,3,0
212,1,78.0,5,20,3,3,2,0,0,1
2,1,40.0,3,9,2,1,0,0,0,1
18,0,141.0,5,7,4,1,1,0,3,0
48,0,68.0,12,1,3,3,2,0,0,1
158,0,114.3,7,7,4,3,0,0,0,0
16,0,104.0,8,15,3,1,1,1,0,1
73,1,102.6,11,17,4,3,0,0,3,1
1,0,105.0,8,10,4,3,1,0,0,1
4,0,0.0,12,23,1,2,1,0,5,1
84,1,187.85,5,13,4,2,2,0,5,1
50,1,79.2,11,17,4,1,0,3,0,1
21,1,149.0,10,5,4,2,0,0,0,1
25,0,125.5,4,17,4,2,2,0,0,1
12,0,89.0,7,20,4,1,0,3,0,0
217,2,76.5,8,7,4,1,0,0,1,0
9,1,139.0,2,12,4,2,0,0,3,1
37,0,90.0,9,8,3,2,0,0,0,1
78,1,149.4,9,1,4,3,0,0,3,1
171,0,99.45,8,5,4,2,2,0,0,0
109,3,88.4,12,6,4,5,1,0,0,1
3,0,106.0,5,13,2,1,0,0,4,1
86,1,79.5,4,5,4,3,0,3,0,1
105,1,61.09,12,26,4,3,1,3,0,1
5,2,81.07,2,27,4,1,0,0,0,1
13,1,73.15,11,16,4,2,0,0,0,1
0,0,84.0,11,28,2,0,1,0,0,1
220,1,114.75,12,30,4,2,2,0,3,0
64,0,91.2,9,5,4,2,1,3,0,0
55,2,79.2,12,10,4,1,1,3,0,1
112,1,90.0,12,7,4,1,0,0,0,0
21,0,63.75,11,21,3,5,1,0,0,1
8,2,95.0,8,18,4,3,0,0,0,1
8,0,95.0,5,12,3,2,0,0,0,1
13,2,105.11,5,23,4,2,1,3,0,1
29,2,152.0,10,5,4,2,0,0,0,1
175,0,78.88,10,27,3,3,2,0,3,1
89,0,94.72,12,22,4,3,2,0,4,1
1,2,155.0,10,7,4,3,0,0,3,1
21,0,83.2,10,25,4,3,0,3,0,0
261,1,106.25,11,15,4,4,0,1,0,0
40,0,118.0,12,31,3,3,0,0,0,1
28,2,121.33,4,11,4,2,1,0,3,1
77,0,109.8,3,25,4,2,0,0,0,1
98,1,103.5,7,6,4,4,2,3,0,1
69,1,125.1,9,12,4,0,1,3,0,1
56,1,79.2,12,16,4,2,0,3,0,1
31,0,87.04,4,23,3,1,2,0,3,1
0,1,143.0,9,5,4,1,0,0,0,1
18,1,93.84,11,11,4,3,2,0,0,1
68,0,71.33,12,31,3,3,0,0,0,1
54,1,57.93,11,16,4,3,0,3,0,1
84,2,90.9,4,25,4,2,1,0,0,1
79,1,90.95,4,25,3,1,1,0,3,1
1,0,81.19,8,24,4,1,0,3,0,1
52,0,108.0,10,17,4,2,1,3,0,0
2,1,104.72,5,29,4,0,2,0,3,1
21,0,117.0,2,29,4,0,1,0,3,1
16,1,89.44,3,4,4,2,1,0,3,1
118,1,97.75,4,30,4,3,2,0,0,1
115,0,141.3,7,18,4,4,1,0,3,1
161,0,116.1,9,8,4,3,0,0,0,0
4,1,0.0,2,15,1,2,1,0,0,1
76,1,58.9,3,27,4,3,2,3,0,1
240,1,99.45,8,19,4,7,3,0,3,0
12,0,85.0,12,19,3,2,2,0,5,1
8,0,72.0,2,23,3,2,0,0,0,1
1,0,128.6,6,26,4,3,2,0,0,1
28,1,141.0,5,21,4,1,0,0,0,0
100,1,112.5,7,4,4,0,1,3,0,1
177,1,74.5,8,5,3,2,2,0,0,1
26,1,131.57,11,5,4,11,4,0,3,0
2,1,80.0,8,9,4,5,3,0,0,1
64,0,65.0,2,7,3,1,2,0,0,1
104,1,110.1,5,4,4,3,0,0,0,1
123,1,100.8,4,30,4,1,1,0,0,0
34,1,165.6,3,15,4,5,0,1,3,1
45,2,159.3,6,17,4,2,0,0,3,1
77,0,90.95,4,13,4,4,0,0,0,1
146,1,116.45,7,31,4,3,2,0,0,1
130,1,89.25,5,22,4,2,2,3,0,1
81,0,135.15,5,15,4,3,2,0,0,0
82,1,80.39,10,26,4,2,0,0,3,1
4,3,128.67,11,19,4,1,2,0,0,1
24,1,133.5,4,30,4,2,2,0,0,1
5,1,81.73,1,24,4,1,2,0,3,1
0,1,89.0,3,26,4,1,0,3,0,1
34,0,82.8,10,13,3,2,0,0,0,1
40,1,96.9,12,7,4,4,0,0,3,1
121,1,129.6,9,24,4,2,2,0,0,1
217,1,121.55,10,16,4,2,2,0,3,0
2,1,84.0,12,8,4,1,0,3,0,1
144,3,126.9,9,12,4,3,1,0,0,1
50,2,150.3,6,3,4,2,1,0,3,1
0,1,0.0,3,30,1,1,0,1,5,1
70,2,120.15,11,4,4,4,2,3,0,1
76,0,49.07,11,8,3,1,2,0,0,1
230,1,95.75,7,26,4,3,0,0,1,0
67,2,95.4,12,5,4,1,2,3,0,1
12,1,160.2,9,28,4,2,0,0,4,1
46,2,152.1,7,27,4,1,0,0,0,1
62,0,117.9,6,9,4,3,0,0,0,0
5,1,65.0,12,12,2,0,1,0,0,1
111,1,145.0,5,19,4,3,1,0,0,1
32,0,65.55,12,27,4,2,2,0,3,1
54,2,148.5,6,17,4,3,2,0,3,1
45,1,134.1,7,5,4,1,0,0,0,1
62,0,95.88,5,21,3,1,2,0,0,0
42,0,69.22,3,2,4,3,0,0,3,1
206,0,105.3,8,4,4,2,0,0,0,0
222,1,83.1,12,29,4,3,1,0,0,1
97,0,76.5,8,19,4,3,0,0,0,1
20,0,67.0,12,4,2,0,2,0,0,1
42,1,126.0,10,10,4,0,1,0,0,0
5,0,109.0,3,11,4,2,1,0,0,0
17,0,177.0,6,16,4,2,0,0,3,0
23,0,119.85,6,15,4,1,0,0,0,0
5,0,165.0,7,1,4,1,0,0,3,1
34,1,135.9,7,9,4,2,2,0,0,1
30,2,157.5,10,5,4,3,0,0,3,1
13,0,65.0,10,28,2,2,0,0,0,1
222,1,85.5,8,12,4,2,0,3,0,0
65,0,123.98,9,5,4,3,1,0,3,1
196,1,83.0,7,31,4,2,2,3,0,1
247,0,90.95,10,25,4,4,0,0,0,0
71,0,112.5,6,30,4,1,0,0,0,0
68,1,88.4,12,8,4,3,1,0,0,1
0,0,112.2,9,30,3,1,0,1,0,1
35,2,83.9,3,3,4,3,2,0,0,1
105,1,120.6,7,31,4,3,2,0,3,1
46,0,107.1,4,4,4,1,1,3,0,0
1,0,107.0,4,19,3,2,0,0,3,1
34,0,206.0,9,23,3,1,0,2,0,0
30,1,111.83,8,28,4,2,2,0,0,1
66,1,108.0,10,16,4,2,2,3,0,0
45,0,60.0,1,16,3,1,2,0,0,1
19,0,100.0,6,22,2,2,0,0,0,1
39,0,124.67,11,12,4,4,2,0,3,0
98,1,156.6,10,30,4,1,2,0,5,1
51,0,152.1,8,18,4,2,0,0,0,0
80,2,86.4,12,7,4,3,0,0,0,1
4,1,153.0,8,27,4,1,0,0,5,1
18,2,88.0,11,25,4,2,0,3,0,1
18,1,96.9,11,13,4,4,2,0,3,1
43,0,140.4,6,10,4,2,1,0,3,0
4,0,66.0,1,30,3,1,2,0,0,1
137,0,76.5,8,16,4,0,1,0,0,1
4,0,119.0,4,14,4,2,0,3,0,1
2,4,0.0,10,30,1,0,2,0,0,1
8,2,187.43,9,23,4,5,2,0,0,1
78,0,130.2,7,5,4,5,1,0,3,0
59,0,80.75,10,9,3,1,2,0,0,1
5,1,111.0,7,20,4,1,0,0,0,1
19,0,129.0,9,24,4,1,2,3,0,0
15,0,92.17,10,11,4,4,2,0,0,1
95,1,73.95,3,17,4,3,2,0,0,1
0,0,65.0,10,7,2,1,0,0,0,1
275,0,91.69,10,9,4,5,3,3,0,0
29,2,94.5,9,15,4,2,0,0,0,1
59,0,85.0,7,1,3,2,1,0,0,1
140,0,146.7,8,12,4,2,0,0,3,0
150,1,85.5,6,27,4,0,1,3,0,0
1,1,66.0,2,17,2,1,0,0,0,1
8,0,75.0,7,26,2,1,0,0,0,1
201,2,119.85,9,8,4,3,1,0,0,0
78,0,107.1,7,4,4,2,1,3,0,0
71,2,168.3,9,10,4,2,2,0,3,1
7,1,0.0,5,31,1,1,0,0,0,1
102,2,173.95,6,27,4,3,1,0,5,1
1,2,158.0,8,9,4,1,0,3,0,1
56,0,159.3,5,3,4,2,0,0,0,0
122,1,107.0,3,27,3,1,2,1,0,1
128,1,103.5,8,9,4,5,0,3,0,1
60,0,0.0,9,21,4,1,1,1,0,1
112,1,115.52,5,5,4,3,1,0,3,1
57,1,85.5,4,26,3,4,0,0,0,1
79,0,137.91,12,26,4,3,1,1,3,0
77,0,125.1,5,1,4,0,2,3,0,1
96,0,82.45,8,11,3,2,0,0,3,1
54,2,198.9,6,9,4,3,2,0,5,1
34,1,117.0,9,25,4,1,2,0,0,1
9,1,78.25,1,29,4,2,0,0,1,1
0,0,68.53,3,21,4,0,1,3,0,1
81,0,116.1,5,19,4,1,0,3,0,0
22,0,154.0,9,26,4,3,1,0,3,0
233,0,90.95,8,29,4,5,1,0,0,0
124,4,163.8,9,4,4,1,2,1,0,1
11,0,151.0,8,9,4,3,0,0,0,0
159,0,118.3,8,5,4,1,0,0,0,0
26,1,145.0,10,29,4,1,1,0,3,1
8,0,139.0,7,16,4,1,1,3,0,0
19,0,139.0,8,20,4,2,2,3,0,0
130,0,96.3,6,27,4,2,1,0,0,1
116,0,131.4,8,22,4,5,1,0,3,0
3,1,112.5,4,2,4,2,2,0,0,1
3,0,65.0,11,2,2,0,1,0,0,1
91,1,0.0,11,18,1,2,0,0,0,1
94,0,134.1,8,5,4,2,1,0,0,0
23,2,98.4,10,16,4,2,0,0,0,1
12,1,65.0,7,30,2,1,0,0,0,1
186,0,112.0,8,14,3,1,2,0,0,0
10,1,130.75,10,22,4,3,1,0,0,1
4,1,102.0,2,7,4,0,2,0,0,1
30,1,88.0,11,14,4,0,1,3,0,1
134,0,134.3,7,28,4,3,1,0,3,0
98,0,95.0,9,30,3,2,0,0,0,0
52,0,135.9,7,27,4,3,0,0,0,0
49,1,89.3,3,2,4,3,0,0,3,1
32,1,80.3,2,5,4,3,2,0,0,1
140,1,113.5,3,26,4,4,2,0,3,1
8,2,0.0,4,23,1,1,0,0,3,1
71,2,168.3,4,18,4,1,1,0,5,1
5,1,109.0,6,26,4,0,1,0,0,1
24,2,148.0,8,4,4,2,0,3,0,1
134,0,109.8,7,4,4,1,1,0,0,1
29,0,130.8,6,18,4,2,2,0,3,0
49,2,116.1,5,8,4,0,2,3,0,1
92,0,90.95,4,7,3,3,1,0,3,1
105,0,84.0,1,25,3,4,1,0,3,1
179,2,85.5,10,19,4,3,0,3,0,1
8,3,111.0,2,21,4,1,2,0,0,1
55,1,91.51,9,10,4,1,2,3,0,1
46,1,102.6,12,10,4,1,0,0,0,1
0,0,95.0,6,23,2,1,0,0,0,1
22,0,75.6,9,4,4,3,2,0,0,1
76,2,79.2,11,6,4,0,1,3,0,1
2,1,89.0,5,11,2,1,0,0,0,1
8,0,67.0,5,4,2,1,0,0,0,1
62,0,140.4,5,7,4,1,0,0,3,0
131,1,114.3,5,13,4,1,0,0,3,0
0,0,130.0,6,10,4,1,0,0,0,1
39,0,115.5,6,18,3,3,2,1,0,1
201,0,81.82,7,12,4,4,0,0,1,0
6,0,63.0,2,15,3,2,1,0,0,1
5,2,171.26,2,1,4,0,1,0,6,1
65,1,79.2,11,26,4,1,2,3,0,1
11,1,110.0,11,1,2,5,1,0,2,1
129,0,118.8,9,8,4,3,0,3,0,0
2,0,89.0,3,30,4,1,0,3,0,1
18,1,97.0,3,18,4,2,0,3,0,0
0,1,140.25,10,24,4,2,2,0,0,1
89,2,79.2,12,17,4,1,2,3,0,1
42,2,88.0,11,23,4,1,0,3,0,1
7,2,160.0,10,27,4,1,0,0,0,1
8,0,125.0,5,1,4,0,1,0,0,0
14,0,90.1,12,6,4,5,2,0,0,1
220,1,213.0,9,17,3,1,2,1,0,0
35,1,76.05,3,25,3,2,1,0,0,1
26,1,56.25,9,15,3,6,2,0,0,1
1,1,68.76,11,27,4,1,2,0,0,1
4,2,143.33,10,16,4,1,2,0,0,1
46,2,119.5,10,25,4,2,0,3,0,1
96,1,90.9,4,8,4,1,0,0,0,0
157,2,155.7,8,10,4,2,0,0,0,0
71,2,79.2,11,3,4,1,0,3,0,1
64,0,112.2,4,15,4,3,2,0,3,1
140,1,116.45,7,4,4,5,1,0,3,0
74,1,99.45,4,13,4,4,0,0,0,1
126,2,118.8,10,8,4,1,1,0,0,1
2,0,110.0,10,8,0,2,2,0,3,1
111,2,155.7,8,11,4,2,0,0,3,1
137,1,102.73,8,20,4,5,2,0,0,1
1,0,111.0,11,19,4,1,0,0,0,1
14,1,90.0,2,8,4,0,1,3,0,1
28,3,96.9,11,13,4,4,2,0,3,1
76,1,93.6,11,22,4,1,0,0,0,1
4,0,110.0,10,11,2,1,0,0,3,1
104,1,71.9,12,23,4,5,2,0,0,1
102,0,79.2,12,5,4,1,1,3,0,0
29,1,109.2,4,11,4,2,1,0,0,1
46,1,60.0,1,15,3,2,1,0,0,1
58,0,99.45,4,11,4,3,1,0,0,1
40,2,149.4,8,13,4,2,2,0,3,1
57,0,109.65,5,13,4,3,2,3,0,0
1,1,68.5,1,8,4,2,0,3,0,1
228,1,90.95,8,31,4,4,1,0,0,1
31,1,106.4,3,1,4,1,0,0,3,0
21,1,85.0,10,7,3,1,0,0,0,1
1,0,79.0,2,26,4,1,0,3,0,1
1,1,121.33,9,3,4,3,0,3,3,1
16,0,58.88,2,12,4,2,1,3,0,1
16,2,124.0,9,21,4,3,1,0,0,1
44,1,152.1,8,17,4,4,0,0,0,1
26,0,161.0,10,17,4,1,2,0,0,1
122,3,119.85,5,30,4,5,1,0,0,1
6,1,43.5,12,25,3,2,2,0,0,1
64,0,116.1,6,19,4,2,2,3,0,0
0,0,80.39,4,13,4,2,0,0,0,1
12,1,127.0,4,15,4,2,0,0,0,1
121,1,125.55,8,15,4,3,1,0,3,1
133,0,90.95,6,8,4,3,0,0,3,0
51,0,135.9,5,23,4,0,1,0,0,1
42,1,144.9,8,14,4,2,2,0,0,1
61,1,106.25,9,3,3,2,2,1,0,1
172,0,125.1,10,4,4,3,0,0,0,0
99,0,90.0,2,19,2,1,0,0,0,0
51,3,123.69,9,2,4,5,2,0,3,1
12,1,105.0,5,8,4,0,2,0,0,1
0,0,65.0,5,4,2,2,0,0,0,1
23,3,129.0,9,28,4,2,0,3,0,1
141,0,132.0,6,3,3,2,1,0,0,1
98,1,85.5,6,23,4,1,0,3,0,0
13,2,125.0,11,14,4,2,1,0,0,1
22,0,73.15,9,4,4,3,2,0,0,1
30,1,118.2,10,23,4,2,1,0,3,1
8,1,108.57,5,10,4,2,0,0,3,0
21,1,106.0,3,20,4,0,1,3,0,1
19,1,131.35,12,28,4,4,0,0,3,1
0,0,106.0,2,13,4,1,0,0,3,1
26,0,76.5,9,17,3,3,1,0,0,1
16,1,109.0,3,10,4,2,0,0,0,1
27,1,119.33,11,12,4,1,2,0,3,1
4,1,89.0,3,22,4,2,0,3,0,1
7,0,95.0,5,30,2,1,1,0,0,1
15,0,80.0,1,26,2,2,0,0,0,1
34,0,168.3,8,10,4,1,0,0,3,0
6,0,89.0,3,22,4,2,0,3,0,0
39,1,72.2,2,28,4,2,2,3,0,1
2,1,161.0,5,28,4,1,0,0,0,1
117,0,79.2,11,13,4,0,2,3,0,1
6,2,87.0,3,3,4,1,0,3,0,1
88,1,158.4,9,16,4,2,0,0,3,1
29,2,217.1,6,9,4,3,0,0,5,1
14,0,67.0,12,5,2,0,1,0,0,1
249,0,119.85,10,2,4,3,2,0,0,0
9,0,95.0,10,30,3,1,0,0,0,1
31,0,85.0,3,13,3,1,2,0,0,1
88,0,88.0,12,6,4,1,0,3,0,0
89,0,135.9,9,2,4,2,0,0,0,0
126,1,93.17,8,6,4,1,2,3,0,1
43,1,130.0,11,11,4,2,0,0,0,1
64,0,149.4,9,16,4,1,0,0,3,0
5,1,99.0,1,11,4,2,1,0,3,1
13,0,89.0,4,7,4,1,0,3,0,1
14,1,77.78,12,7,4,4,0,3,0,1
8,1,64.68,4,8,4,1,0,3,0,1
47,1,76.56,11,11,4,3,2,3,0,0
99,0,94.5,7,25,4,3,1,3,0,0
191,0,71.1,11,25,4,1,0,3,0,0
6,1,124.0,3,17,4,2,0,0,3,1
40,0,72.76,9,19,4,1,2,0,0,1
163,0,96.88,9,10,3,5,2,0,0,1
194,0,124.95,8,26,4,3,2,0,3,0
63,0,107.1,4,2,4,1,1,0,3,1
64,1,105.3,4,11,4,2,1,0,0,1
256,1,96.25,8,7,4,2,2,0,1,1
199,0,98.18,12,28,4,4,2,0,3,0
179,0,119.85,9,2,4,3,2,0,0,0
47,1,77.35,3,14,4,3,1,0,0,1
7,1,126.0,9,19,4,2,2,0,0,1
180,1,108.9,10,1,4,1,2,0,0,0
41,2,101.52,5,10,3,4,0,0,0,1
35,0,71.1,3,14,4,2,1,3,0,0
22,0,166.0,8,21,4,2,2,0,3,0
3,1,79.0,7,18,2,1,1,0,0,1
78,1,99.45,4,6,4,4,1,0,3,1
49,2,98.87,6,8,4,3,0,0,3,1
3,1,155.0,5,28,4,1,0,0,0,1
105,0,97.12,3,20,4,4,2,0,3,1
11,1,129.0,9,25,4,1,2,3,0,1
16,0,65.52,2,16,4,3,0,0,0,1
61,1,92.5,12,28,4,3,1,3,0,1
3,0,65.0,9,27,2,0,2,0,0,1
169,1,137.7,8,12,4,2,1,0,3,0
28,1,85.59,11,4,4,4,0,0,3,1
9,0,95.0,4,11,4,0,1,0,0,0
124,0,146.7,8,8,4,4,1,0,3,0
0,0,0.0,2,3,4,1,0,0,3,1
44,1,133.0,4,23,3,1,2,0,0,1
1,0,109.85,9,29,4,3,0,3,0,1
25,0,88.0,11,14,4,1,1,3,0,1
8,0,58.41,12,3,4,3,1,0,3,1
12,0,75.2,12,14,4,1,0,0,0,1
21,0,65.0,12,17,2,2,0,0,0,1
31,0,71.0,2,4,2,2,0,0,0,1
123,0,123.3,8,13,4,1,0,0,0,0
14,0,79.0,11,29,2,1,0,0,0,1
5,0,77.1,2,22,4,2,1,3,0,1
298,0,75.0,5,10,3,2,0,0,0,0
57,0,60.0,11,20,3,2,1,0,3,1
24,0,187.0,7,26,4,2,0,0,3,1
40,2,134.1,7,19,4,2,0,0,3,1
8,0,73.15,9,1,4,2,0,0,0,1
115,0,94.5,5,9,4,2,1,3,0,0
28,1,114.0,4,16,4,1,1,0,0,1
157,1,117.68,11,6,4,2,2,0,0,0
113,0,119.85,6,13,4,5,2,0,0,0
14,1,120.0,10,19,4,2,1,0,0,1
55,0,65.0,3,31,2,2,0,0,0,1
2,1,81.75,5,15,3,2,2,0,0,1
32,2,109.0,10,29,4,1,0,3,0,1
56,0,139.5,10,17,4,4,1,0,3,0
233,1,138.13,9,5,4,2,1,0,3,0
50,1,99.0,3,24,4,1,0,0,0,1
15,0,119.0,12,3,4,1,2,1,0,1
206,2,105.3,10,26,4,4,1,0,0,0
24,1,119.0,9,28,4,1,0,3,0,1
132,0,89.25,5,16,4,3,1,3,0,0
16,2,125.0,11,19,4,1,0,0,0,1
7,1,84.0,7,25,2,0,1,0,0,1
0,0,0.0,11,18,1,1,0,0,0,1
5,1,139.0,7,14,4,3,0,3,0,1
286,0,117.0,9,16,4,2,0,1,0,0
113,0,167.45,5,1,4,5,2,0,5,0
212,2,90.95,7,27,4,10,4,0,0,0
104,0,141.3,7,18,4,4,1,0,3,0
52,0,76.5,10,23,3,2,2,3,0,1
72,3,105.3,4,14,4,3,0,0,0,1
30,1,140.4,4,29,4,2,2,0,3,1
26,0,232.33,9,19,4,2,1,0,5,0
66,0,99.9,4,4,4,1,1,0,0,1
19,2,124.0,9,19,4,1,0,0,0,1
34,1,99.0,9,2,4,1,0,3,0,0
82,1,112.96,7,3,4,2,2,0,0,1
19,0,129.0,9,25,4,0,1,3,0,0
21,0,94.0,10,26,3,3,1,0,0,1
12,1,202.88,10,29,4,2,2,0,5,0
36,0,94.35,6,26,4,0,2,0,0,0
7,1,150.0,8,16,4,2,0,0,0,1
33,1,125.1,8,8,4,1,1,3,0,0
29,0,84.67,12,30,3,4,2,0,0,1
102,0,40.67,1,3,3,1,2,0,0,1
85,2,104.4,10,25,4,4,0,0,3,1
38,0,137.52,9,16,4,2,0,0,4,1
351,3,85.85,12,23,4,7,3,0,3,1
67,0,85.0,10,3,3,5,2,0,0,0
11,0,70.0,1,4,3,3,1,0,0,1
152,3,134.3,7,10,4,2,2,0,3,1
0,1,88.0,12,5,4,0,1,3,0,1
33,1,80.82,2,15,4,4,1,0,0,1
120,4,143.1,6,13,4,0,1,0,0,1
82,1,80.0,5,2,3,1,1,0,0,1
7,0,176.0,9,30,3,2,0,0,4,1
108,0,77.03,4,28,4,1,0,0,3,1
12,2,90.0,8,27,4,3,2,0,0,1
68,2,108.0,10,18,4,3,0,3,0,1
52,3,103.7,12,4,4,2,2,0,0,1
8,0,130.48,5,28,4,2,2,0,3,0
88,2,120.8,7,13,4,4,1,0,3,1
95,1,104.4,10,27,4,3,0,0,3,1
0,0,74.54,11,24,4,3,0,0,3,1
122,3,187.85,5,30,4,5,1,0,5,1
70,0,40.67,1,15,3,2,1,0,0,1
43,0,178.2,10,5,4,3,0,0,5,0
69,0,105.3,4,27,4,2,0,0,0,0
169,0,130.05,8,11,4,3,1,0,3,0
3,0,147.0,4,1,4,2,0,0,3,0
26,0,70.72,12,3,3,2,2,0,0,1
153,2,134.3,7,21,4,3,1,0,3,0
0,0,65.0,3,23,2,1,0,0,0,1
7,0,139.0,7,16,4,1,1,3,0,1
106,0,86.06,4,26,4,6,2,3,0,0
90,0,90.95,4,15,4,5,2,0,0,0
106,2,113.4,10,7,4,2,1,0,0,1
1,1,114.0,9,10,4,1,0,0,0,1
109,1,182.18,12,8,4,3,0,0,6,1
4,0,160.0,9,25,4,0,2,3,0,1
159,1,119.85,5,26,4,3,0,0,0,0
2,1,89.0,4,13,2,2,0,0,0,1
0,1,123.2,10,10,4,0,1,0,0,1
7,0,156.0,6,18,4,3,2,0,3,0
43,0,170.61,3,25,4,10,4,0,5,0
31,0,118.5,6,20,3,1,1,0,0,1
8,1,200.2,9,30,4,1,0,0,5,1
3,2,126.25,9,10,4,3,1,0,0,1
5,0,80.0,2,12,4,1,0,3,0,1
3,0,87.2,12,6,3,0,2,0,3,1
0,1,135.0,7,5,4,1,0,0,0,1
150,0,91.12,9,18,4,5,2,0,0,1
35,1,97.4,12,2,4,2,2,0,0,1
2,1,114.0,8,12,4,1,0,0,0,1
1,1,127.0,6,27,4,0,1,3,0,1
154,3,177.3,6,28,4,3,0,0,5,1
19,1,99.0,7,29,4,1,0,3,0,1
88,0,116.1,5,2,4,2,1,3,0,0
9,0,137.0,8,26,4,2,0,3,0,1
144,2,132.88,7,30,4,4,2,0,3,0
1,2,154.0,12,6,4,1,0,0,3,1
130,1,97.65,8,22,4,3,1,0,0,0
149,0,80.75,9,2,3,2,1,0,0,1
0,0,65.0,3,21,2,1,1,0,0,1
72,0,159.3,5,13,4,1,0,0,0,0
101,1,101.15,4,28,4,3,2,0,0,1
277,0,80.0,9,5,3,5,2,0,0,0
128,1,80.75,6,26,4,2,2,3,0,1
10,3,120.0,10,29,4,1,2,3,0,1
11,1,133.5,3,26,4,2,2,0,0,1
0,2,0.0,2,10,1,1,0,0,3,1
207,2,177.3,8,7,4,0,2,0,5,0
177,1,68.68,10,30,3,3,2,0,0,1
11,2,109.67,4,16,4,1,2,0,0,1
150,0,80.0,1,18,3,4,1,0,0,1
149,1,144.14,6,4,4,5,2,0,3,0
35,2,86.4,9,14,4,0,1,3,0,1
104,0,80.75,9,18,3,1,2,0,0,1
109,0,86.9,6,27,4,1,1,0,3,0
26,0,85.0,10,9,3,2,2,0,0,1
53,0,77.04,8,27,3,1,2,0,0,0
43,1,166.5,10,21,4,4,2,0,5,1
33,1,125.1,7,23,4,1,2,3,0,1
6,1,66.0,3,1,2,2,0,0,0,1
1,2,152.0,9,9,4,3,0,0,0,1
91,0,96.3,4,13,4,3,0,0,0,1
94,0,102.68,9,3,3,2,2,0,0,1
90,1,72.58,3,24,3,3,0,0,0,1
0,0,0.0,11,10,1,2,0,0,0,1
62,0,143.2,11,7,4,1,1,3,0,1
82,1,76.5,7,19,4,2,2,0,1,0
3,0,131.78,6,16,4,1,0,0,1,1
3,0,103.0,3,7,4,1,1,0,0,1
10,0,63.75,10,22,3,3,1,0,3,1
47,0,139.95,9,7,4,4,0,0,3,1
46,0,63.58,3,18,4,4,2,0,0,0
28,2,96.3,10,12,4,2,1,0,0,1
22,0,65.75,1,9,4,1,2,3,0,1
72,1,67.22,3,31,4,3,0,0,0,1
101,1,79.2,12,6,4,1,0,3,0,0
66,2,67.91,12,5,4,1,1,0,0,1
49,4,139.5,10,12,4,2,0,0,3,1
12,0,93.0,2,20,4,1,2,0,0,1
4,0,90.0,3,11,2,1,0,0,0,1
4,1,139.0,7,8,4,2,1,3,0,1
50,1,99.67,12,31,3,3,0,0,0,1
129,1,80.75,5,13,3,2,1,0,0,1
15,0,109.0,12,15,2,1,0,0,4,1
20,0,240.0,8,3,4,2,0,0,5,0
25,0,130.0,10,27,4,3,1,0,0,0
87,1,141.75,7,18,4,3,1,1,0,0
4,0,65.0,10,12,2,0,1,0,0,1
50,1,94.5,10,21,4,2,0,0,0,1
52,2,93.6,11,19,4,1,2,0,0,1
16,1,91.5,12,2,4,2,0,3,0,1
7,1,124.0,3,14,4,3,1,0,3,1
39,1,74.88,10,23,4,2,1,0,0,1
38,1,83.9,3,5,4,1,2,0,0,1
0,0,153.0,10,10,2,2,1,0,0,1
104,2,123.3,10,25,4,3,0,0,3,1
4,0,75.0,8,11,2,2,0,0,0,1
62,0,94.8,4,25,4,2,1,3,0,1
31,1,0.0,4,9,4,1,1,0,0,1
112,2,126.3,12,5,4,3,1,1,0,0
166,1,90.95,7,6,4,4,0,0,0,1
9,0,88.27,1,20,4,9,2,0,0,1
55,2,130.05,4,22,4,2,2,0,0,1
9,0,129.33,4,6,4,3,0,0,3,1
47,2,94.5,10,20,4,4,0,0,0,1
149,1,80.75,6,25,3,1,2,0,0,1
228,1,76.85,7,29,4,2,1,0,1,1
118,0,95.81,6,26,4,5,2,0,0,0
159,0,105.3,8,5,4,1,0,0,0,0
65,1,78.3,3,11,4,2,0,0,0,1
190,1,99.95,7,24,4,2,2,0,0,1
4,1,111.0,11,13,4,1,2,0,0,1
59,1,99.9,7,23,4,1,1,0,0,1
25,1,109.4,4,17,4,3,2,0,0,1
64,3,96.0,11,18,4,2,1,0,0,1
11,1,124.33,6,21,4,3,0,0,0,1
87,2,135.15,5,15,4,2,2,0,0,1
45,0,167.4,12,30,4,1,0,0,3,0
21,2,114.0,5,9,4,3,1,3,0,1
3,0,95.0,9,12,3,2,1,0,0,1
88,1,96.9,7,18,3,2,1,0,0,1
14,1,109.0,3,13,4,2,2,0,0,1
0,2,106.0,8,19,4,1,0,0,0,1
3,0,106.0,6,13,3,0,1,0,0,1
64,2,89.25,10,20,4,6,2,0,0,1
11,3,0.0,12,11,1,2,0,0,6,1
1,1,110.8,8,26,4,4,1,0,0,1
68,0,112.2,4,14,4,3,1,0,3,0
0,0,95.0,11,18,4,1,0,3,0,1
1,1,0.0,10,10,4,0,0,0,0,1
118,1,90.95,4,10,4,3,2,0,0,1
1,0,131.0,4,24,4,0,1,0,0,0
201,1,106.2,5,1,4,1,2,0,0,0
90,1,99.45,4,23,4,5,2,1,0,0
11,1,89.0,1,21,4,3,1,0,0,1
3,1,92.0,8,12,4,2,1,3,0,1
6,0,65.0,12,2,2,1,0,0,0,1
64,1,118.8,4,23,4,1,1,0,3,1
12,2,88.0,11,30,4,3,0,3,0,1
2,1,109.0,2,8,4,0,1,0,0,1
42,0,65.0,9,15,2,2,0,0,0,1
44,0,251.7,6,16,4,3,0,0,3,0
121,2,58.91,2,15,4,3,1,0,1,1
14,0,40.67,2,19,3,2,1,0,0,1
38,0,99.0,6,1,4,2,0,0,0,1
1,1,116.0,3,2,4,4,0,0,3,1
186,0,167.66,8,26,4,2,2,0,1,0
3,0,90.0,9,9,2,2,0,0,0,1
124,0,143.1,9,21,4,4,2,0,3,0
99,0,151.2,10,19,4,3,0,0,3,0
10,1,117.67,9,3,4,3,0,0,0,1
8,1,82.39,11,7,4,1,1,0,0,1
126,1,111.35,5,9,4,5,1,0,3,1
24,0,50.0,12,5,2,1,2,0,0,1
59,0,77.85,3,17,4,3,0,0,3,0
87,0,72.25,7,11,3,6,3,0,0,1
68,1,97.71,5,19,4,1,0,0,0,1
1,2,185.0,9,22,4,1,0,0,0,1
43,0,123.9,7,19,4,3,0,0,0,0
0,1,165.0,8,17,4,2,0,0,3,1
119,0,112.5,6,28,4,1,0,0,0,0
15,0,128.84,5,30,4,5,2,0,3,0
138,1,79.2,11,22,4,2,0,3,0,1
1,0,96.0,10,1,3,1,0,0,0,1
44,1,135.22,3,27,4,3,2,0,3,0
43,0,75.0,10,13,3,1,0,0,0,1
56,0,140.4,5,27,4,2,1,0,3,0
1,1,66.3,2,17,4,1,0,0,3,1
26,2,159.0,10,15,4,1,1,0,3,1
71,0,126.9,6,9,4,1,0,0,0,0
8,0,90.0,8,16,4,2,2,0,0,1
9,1,79.0,11,17,2,1,0,0,0,1
6,1,140.0,8,23,4,1,0,0,0,1
28,1,99.63,2,12,4,2,1,0,3,1
68,0,61.5,3,23,3,4,2,0,0,1
57,1,105.3,4,5,4,3,0,0,0,1
47,1,112.5,3,18,4,2,0,0,3,0
69,1,72.9,3,12,4,1,1,0,0,0
95,2,90.0,11,20,4,0,2,0,0,0
87,0,131.0,12,25,4,0,2,0,0,1
25,1,158.0,9,18,4,0,2,0,0,1
5,0,66.0,2,28,2,0,2,0,0,1
1,1,79.0,1,29,4,1,0,3,0,1
32,0,117.9,5,21,4,1,1,0,0,0
46,1,134.1,6,20,4,1,1,0,3,1
27,0,118.15,9,19,4,0,1,0,0,0
4,2,79.0,12,5,2,1,1,0,0,1
160,1,72.25,8,7,3,0,2,0,0,1
13,1,95.0,9,11,4,1,0,0,0,1
18,0,77.88,2,1,4,5,1,0,1,0
1,0,99.0,1,4,4,3,1,0,3,1
184,0,122.4,10,4,4,3,0,0,3,0
80,0,86.0,9,26,3,2,1,1,0,1
134,2,130.5,8,4,4,2,0,0,0,1
9,1,79.0,11,11,2,2,0,0,0,1
83,2,122.4,11,4,4,2,1,0,3,1
164,0,115.6,8,30,3,3,0,0,3,0
30,0,81.9,2,13,4,1,0,0,0,0
11,1,87.4,9,13,4,0,1,3,0,1
96,0,84.6,11,16,4,3,0,0,0,1
215,1,92.16,8,14,4,5,2,0,0,1
0,1,0.0,11,10,1,1,0,0,0,1
35,3,136.62,4,19,4,5,0,0,3,1
228,0,0.0,6,4,4,0,0,0,0,0
77,2,79.2,12,6,4,2,0,3,0,1
11,1,148.0,9,5,4,3,1,0,0,1
59,2,79.05,3,20,4,3,2,3,0,1
2,2,98.0,8,7,4,0,1,3,0,1
8,1,116.33,12,1,4,3,0,0,3,1
4,0,95.0,10,25,0,1,0,0,0,1
83,0,93.6,11,20,4,1,2,0,0,0
189,1,99.45,7,17,4,3,2,0,3,1
16,2,117.5,12,2,4,2,0,0,3,1
17,0,144.0,2,12,4,2,1,1,3,1
48,1,126.0,10,17,4,2,1,3,0,0
7,1,86.0,3,2,4,1,0,0,0,1
10,3,157.0,4,25,4,2,1,0,3,1
173,0,300.0,7,25,3,2,1,1,0,0
17,1,90.0,8,27,4,3,2,0,0,1
6,0,65.0,5,31,2,1,0,0,0,1
3,1,95.0,11,19,4,1,0,3,0,0
172,2,114.75,8,1,4,3,1,0,0,0
52,2,126.9,5,21,4,1,0,0,0,1
182,2,128.7,7,28,4,1,0,0,0,0
0,2,152.0,9,22,4,1,0,3,0,1
219,0,158.95,8,8,4,5,1,0,5,0
0,0,0.0,12,11,4,1,0,0,0,1
73,0,59.5,3,20,3,2,2,0,0,1
21,1,88.0,11,24,4,1,0,3,0,1
1,0,116.0,9,4,3,2,0,0,0,1
46,1,82.9,3,10,4,2,0,0,0,1
24,1,147.0,6,26,4,0,1,0,3,1
1,0,140.0,10,11,4,2,0,3,0,1
111,1,168.3,9,17,4,4,2,0,3,1
7,0,173.0,3,23,4,3,0,0,3,1
34,0,78.3,2,12,4,2,1,0,0,1
68,1,137.7,4,21,4,1,0,0,3,0
1,1,62.91,2,5,4,2,2,0,0,1
113,2,63.49,4,4,4,3,1,0,0,1
48,2,93.5,3,20,4,2,2,0,0,1
119,0,136.0,3,29,3,2,0,0,0,1
9,0,95.0,11,14,4,2,1,3,0,0
7,0,80.0,8,30,3,3,0,0,0,1
9,3,127.0,6,23,4,1,0,0,3,1
43,0,144.9,8,29,4,2,1,0,3,0
44,0,85.5,9,18,3,2,2,0,0,1
0,1,221.0,5,3,4,4,0,0,5,1
139,1,94.5,7,28,4,1,0,3,0,1
212,0,126.9,10,31,4,4,1,0,3,0
0,0,129.0,8,17,4,0,1,3,3,1
7,0,71.6,1,8,4,3,2,0,0,1
10,0,93.0,3,6,4,0,1,0,0,1
18,0,97.0,1,15,4,5,2,0,3,1
41,2,143.55,8,28,4,4,2,0,3,0
3,1,65.0,10,10,2,3,1,0,0,1
69,1,135.9,8,15,4,5,1,0,0,1
2,0,163.0,9,15,4,1,0,0,0,1
36,0,71.1,3,8,4,5,2,3,0,0
70,1,126.0,11,1,4,4,0,0,3,0
27,1,91.8,12,27,3,1,2,1,0,1
27,2,96.9,12,8,4,3,1,0,3,1
43,0,150.3,6,30,4,3,0,0,3,0
24,0,60.0,1,2,3,1,2,0,0,1
101,0,67.45,2,20,4,2,2,0,0,1
50,0,60.0,11,13,3,2,1,0,3,1
2,0,94.0,11,2,0,2,0,0,3,0
1,0,146.0,9,29,2,3,0,1,0,1
100,2,98.83,7,6,4,4,1,3,0,1
36,2,88.4,12,21,4,4,1,0,0,1
19,0,118.15,9,19,4,0,1,0,0,0
86,1,123.3,10,25,4,4,0,0,3,1
20,1,92.67,12,9,4,2,1,3,0,1
197,0,86.5,7,17,4,0,1,0,1,0
34,0,115.2,3,22,4,3,0,0,0,0
202,0,109.8,10,22,4,1,2,0,3,0
68,1,60.0,11,30,3,3,1,0,3,1
29,2,114.4,10,31,4,4,1,0,0,0
2,0,104.0,10,26,4,1,0,0,0,1
109,1,108.9,8,8,4,5,2,0,0,0
41,0,83.0,9,4,3,1,0,1,0,1
3,0,86.0,1,19,4,1,0,0,0,1
67,0,78.3,3,13,4,0,2,0,0,1
108,3,72.25,12,21,4,3,1,0,0,1
76,0,79.56,7,13,3,4,0,0,0,1
139,1,129.0,6,4,4,1,2,0,0,1
17,0,78.0,11,27,4,1,2,3,0,1
48,0,159.3,5,6,4,2,1,0,3,0
7,1,81.0,3,2,4,1,0,3,0,1
68,0,121.5,5,10,4,3,0,0,0,0
1,0,96.0,8,29,4,1,2,0,0,1
53,0,131.14,9,4,4,5,2,0,3,0
34,2,94.5,10,6,4,3,0,0,0,1
121,0,71.0,4,2,3,1,1,0,0,1
88,0,68.0,10,7,2,2,1,0,0,1
7,0,65.0,12,10,2,1,0,0,0,1
88,0,105.3,7,24,4,0,1,0,0,0
16,1,130.0,8,1,4,0,1,0,0,1
32,1,126.9,5,8,4,1,2,0,0,1
122,2,116.1,6,16,4,3,0,3,0,1
59,1,85.85,3,28,4,3,1,0,0,1
60,0,111.6,8,28,4,2,2,0,3,1
145,1,90.95,6,30,4,3,1,0,0,1
157,0,80.75,8,25,4,5,2,3,0,0
138,1,137.7,7,16,4,1,1,0,0,1
59,0,80.75,4,28,3,3,0,0,0,1
21,0,85.0,10,4,3,3,0,0,0,1
231,0,90.95,8,28,4,2,2,0,0,0
327,1,88.0,9,9,3,4,2,1,0,1
164,2,145.8,8,24,4,2,0,0,0,0
157,0,91.38,7,11,4,3,1,3,0,0
43,1,74.8,11,29,4,11,4,0,0,0
22,0,67.0,10,13,2,1,0,0,0,1
133,0,90.95,6,21,3,5,0,0,3,1
138,1,105.9,5,31,4,3,0,0,0,1
73,2,140.4,8,6,4,1,2,0,3,1
80,0,85.5,3,25,4,2,1,3,0,0
97,0,53.38,12,28,4,3,1,3,0,1
55,1,142.2,8,30,4,3,0,0,3,1
60,0,75.0,3,20,3,2,2,0,0,0
3,0,67.0,9,19,2,0,1,0,0,1
40,0,65.0,10,31,3,1,2,0,3,1
20,1,121.25,5,29,4,4,2,0,3,1
0,1,83.2,12,7,4,1,0,0,0,1
201,0,86.5,7,21,4,1,0,0,1,0
1,1,105.0,8,11,4,1,0,0,0,1
22,1,87.0,11,14,4,1,2,0,0,1
90,2,130.78,6,14,4,5,2,0,0,0
148,0,74.8,11,16,4,4,0,3,0,0
8,0,130.0,5,17,2,3,0,0,0,1
171,0,137.7,8,22,4,1,1,0,0,0
39,0,116.1,5,12,4,3,1,3,0,0
221,0,85.5,8,17,4,2,0,3,0,0
1,1,192.0,6,27,4,5,1,1,3,1
1,1,59.03,12,23,4,1,0,3,0,1
14,3,113.0,9,4,4,2,2,1,0,1
12,1,147.0,12,30,4,2,0,0,0,1
53,0,85.0,8,8,3,5,2,0,0,1
34,1,125.0,10,15,4,3,0,0,0,1
13,1,93.17,7,19,4,2,0,0,0,1
38,1,80.2,6,20,3,3,1,0,0,1
47,0,71.1,3,17,4,1,0,3,0,0
24,1,77.25,1,29,4,2,1,0,1,1
0,0,79.0,1,21,4,1,0,3,0,1
77,0,72.25,4,2,4,2,2,0,0,1
91,3,89.25,10,19,4,2,1,0,0,1
130,0,114.3,5,5,4,3,0,0,3,0
5,0,67.0,2,3,2,1,0,0,0,1
5,0,95.0,4,6,2,1,0,0,0,1
15,0,80.0,2,19,2,1,0,0,0,1
0,0,65.0,11,9,2,1,1,0,0,1
20,2,88.0,12,25,4,0,2,3,0,1
12,1,67.0,2,16,2,2,0,0,0,1
6,0,81.0,2,5,4,2,0,3,0,1
10,1,83.0,11,6,4,2,0,3,0,1
40,2,126.3,3,4,4,2,0,0,0,1
71,2,120.15,11,4,4,4,2,3,0,1
60,1,107.78,4,2,4,3,2,0,3,1
109,1,74.8,12,20,4,5,2,3,0,1
24,1,153.23,11,7,4,2,1,0,0,1
209,1,75.23,10,9,4,2,2,0,0,1
2,2,133.0,8,19,4,2,0,3,0,1
57,1,75.33,6,10,3,2,1,0,0,1
36,3,149.0,11,11,4,2,0,0,3,1
10,1,101.0,11,20,4,0,1,0,0,0
1,2,117.5,12,19,4,2,1,0,0,1
76,1,76.5,3,18,4,2,0,3,0,1
214,1,80.75,7,29,4,2,2,3,0,1
61,1,159.3,6,1,4,4,0,0,3,0
2,0,66.0,1,14,2,1,0,0,0,1
11,0,75.25,10,23,3,2,2,0,0,1
68,2,132.3,10,18,4,3,0,0,3,1
57,0,96.3,4,18,4,1,1,0,0,0
60,2,137.7,7,25,4,0,1,0,3,1
1,0,149.0,10,21,4,2,0,0,0,1
109,1,77.03,4,30,4,1,2,0,0,1
99,0,112.05,7,9,4,2,2,0,0,0
47,2,101.15,3,28,4,3,1,0,0,1
10,2,195.0,9,30,4,1,0,0,3,1
95,1,132.6,5,19,4,3,1,0,3,1
75,0,82.45,3,30,4,4,0,0,0,0
217,1,80.75,9,1,3,3,1,0,0,1
54,0,130.05,4,20,4,3,0,0,0,1
24,0,117.0,3,3,3,3,0,1,0,1
62,2,68.72,10,19,4,4,1,0,0,1
76,0,131.4,7,2,4,1,0,0,3,0
37,1,96.3,10,22,4,3,0,0,0,1
135,0,89.25,7,26,4,4,0,3,0,0
12,0,111.35,5,30,2,3,1,0,0,1
35,1,65.83,10,7,4,2,0,0,0,1
48,0,65.0,8,30,2,2,0,0,0,0
33,0,113.4,6,13,4,3,1,0,0,0
93,1,72.25,7,10,3,3,2,0,0,1
35,1,175.5,10,15,4,1,1,0,3,1
129,2,83.61,8,9,4,5,0,0,0,1
248,0,72.25,8,2,3,6,2,0,0,1
33,2,75.23,2,8,4,4,1,0,3,1
112,1,112.5,8,9,4,4,0,3,0,1
35,1,113.4,6,21,4,2,0,0,0,1
1,0,66.0,1,12,2,1,0,0,0,1
38,1,119.0,12,27,4,3,2,0,0,1
67,0,89.25,4,11,4,3,1,3,0,0
21,1,107.64,11,8,4,7,2,0,3,1
23,1,68.07,11,24,4,3,2,0,0,1
177,0,100.0,6,3,4,2,0,0,0,0
29,1,111.5,5,19,3,2,0,0,3,1
20,1,96.9,11,13,4,3,2,0,3,0
83,1,101.15,9,4,3,0,1,0,4,1
103,0,88.4,12,18,4,2,2,0,0,0
175,1,87.32,9,30,4,2,2,0,0,1
19,1,105.0,9,13,4,3,2,0,0,1
3,1,166.0,8,5,4,2,2,0,3,1
1,0,109.8,8,17,4,1,0,0,0,1
56,1,62.32,3,6,4,3,2,0,3,1
81,0,89.31,3,23,4,5,2,0,0,1
8,1,189.0,8,8,4,1,1,1,0,0
7,1,134.0,9,9,4,2,2,3,0,1
31,3,112.14,6,26,4,4,2,0,3,1
87,1,112.01,5,29,4,2,2,0,1,1
17,1,76.29,12,2,4,2,2,3,0,1
1,0,95.0,9,6,2,1,0,0,0,1
124,0,72.25,7,23,3,1,2,0,0,1
82,0,99.96,10,9,3,2,2,0,3,1
37,1,99.9,6,21,4,3,0,0,0,1
6,0,116.0,3,3,4,3,0,0,3,0
6,1,109.75,9,7,4,3,1,0,0,1
0,0,145.67,7,6,4,3,0,3,0,1
35,1,88.4,11,16,4,4,0,0,0,1
1,0,81.0,2,20,4,1,2,3,0,1
16,2,101.0,4,17,4,0,2,0,0,1
77,0,110.0,6,22,3,4,0,0,0,1
146,0,116.45,7,31,4,3,2,0,0,0
61,0,78.41,3,17,4,3,1,3,0,0
104,0,102.3,4,28,4,3,0,0,0,1
6,0,58.0,12,6,3,2,2,0,0,1
53,0,80.2,2,27,4,4,2,0,0,1
35,2,114.98,12,29,4,6,2,0,3,1
29,1,87.0,3,5,3,1,2,0,0,1
46,2,102.6,12,8,4,3,0,0,0,1
1,1,175.0,7,8,4,1,0,0,3,1
34,1,119.0,10,26,4,4,0,0,0,0
92,0,150.3,8,22,4,0,1,0,3,0
16,1,88.8,3,3,4,3,1,0,3,1
163,0,187.28,9,28,4,4,1,0,5,0
185,0,61.0,8,28,4,4,2,3,0,0
0,2,67.5,3,25,3,2,1,0,0,1
1,0,70.82,11,25,4,3,2,0,0,1
131,0,72.25,7,9,3,1,1,0,0,1
45,0,119.5,10,26,4,2,0,3,0,1
14,0,104.17,8,17,4,4,1,0,0,1
0,1,79.0,2,26,4,1,0,3,0,1
103,2,61.5,3,3,3,3,0,0,0,1
30,1,134.1,9,18,4,0,2,3,0,1
29,1,86.93,3,8,4,3,0,0,0,1
35,0,117.9,6,30,4,3,0,0,0,0
36,2,88.4,12,21,4,4,1,0,0,1
15,0,221.0,5,6,4,1,0,0,5,0
38,2,120.91,11,4,4,2,2,0,3,1
21,0,105.0,9,1,4,4,0,0,0,1
30,1,119.1,7,15,4,4,2,3,0,1
53,1,121.35,9,1,4,4,2,0,3,1
1,1,65.0,5,3,2,3,0,0,0,1
163,0,115.0,10,15,4,1,2,0,0,0
241,1,101.79,9,2,4,2,2,0,3,0
3,0,181.0,3,21,4,1,1,0,5,1
150,0,106.0,7,25,2,4,1,0,4,1
0,0,123.0,10,20,3,1,0,0,0,1
11,0,115.0,4,15,4,2,0,3,0,1
270,2,80.0,4,20,3,4,0,0,0,1
5,1,215.6,10,13,4,2,0,0,6,1
168,0,91.45,7,18,3,1,1,0,3,1
31,1,81.9,3,14,4,1,1,0,1,1
11,1,156.0,6,16,4,5,2,0,3,1
22,1,102.41,9,15,4,2,0,3,0,1
125,0,79.2,11,17,4,3,0,3,0,0
18,1,89.0,8,30,4,3,2,0,0,0
203,0,80.75,9,5,3,2,1,0,0,1
79,0,76.5,9,4,3,1,2,0,0,1
103,0,146.7,7,8,4,2,1,0,3,0
30,1,135.9,5,21,4,1,0,0,0,1
48,2,92.83,5,22,4,1,2,0,0,1
71,0,80.75,6,17,3,2,0,0,0,1
103,0,126.9,6,11,4,1,1,0,0,0
25,0,85.0,10,8,3,1,2,0,0,1
113,1,58.0,3,25,3,2,1,0,0,1
72,1,116.27,10,24,4,3,1,0,5,1
15,0,100.0,2,5,2,2,1,0,6,1
1,1,135.0,12,31,4,1,0,0,0,1
148,3,113.69,7,1,4,6,2,0,0,1
9,0,66.0,2,5,3,2,1,0,0,1
16,0,85.0,2,6,4,1,1,0,0,0
52,3,152.1,8,18,4,3,1,0,0,1
0,0,95.0,10,5,2,1,0,0,0,1
14,1,141.0,4,29,4,1,0,0,0,1
2,2,163.63,9,10,4,6,2,0,0,1
17,0,87.0,2,21,3,1,2,0,0,1
224,2,128.7,10,23,4,1,2,0,3,0
10,1,254.5,9,30,4,2,2,0,5,1
166,0,72.25,8,2,3,5,1,0,0,0
69,0,69.99,10,25,4,3,0,0,0,0
7,0,139.0,8,7,4,5,2,3,0,0
11,1,159.0,9,4,4,2,0,0,0,1
65,1,85.0,8,12,3,2,1,0,0,1
200,0,51.0,12,1,3,3,2,3,0,1
5,1,65.0,6,13,2,0,1,0,0,1
1,1,67.0,4,13,2,1,0,0,0,1
77,0,97.02,3,26,4,5,2,0,3,0
7,0,148.0,8,11,4,2,0,3,0,1
9,1,142.67,12,30,4,3,0,0,3,1
14,0,64.05,2,3,4,16,6,3,0,0
81,1,108.9,7,3,4,3,2,0,0,1
31,1,51.97,12,19,4,1,0,3,0,1
184,2,128.7,10,17,4,3,1,0,3,0
77,1,95.2,4,16,4,2,2,0,0,1
36,1,107.3,2,27,4,1,1,0,0,1
70,0,100.0,6,3,3,2,0,0,1,1
76,0,102.68,9,18,3,0,2,0,0,0
34,0,69.3,10,18,3,0,1,0,0,1
70,1,78.3,2,11,4,3,0,3,0,0
231,2,96.9,8,23,3,5,2,0,0,1
6,2,145.0,8,21,4,0,1,0,3,1
0,1,80.0,8,4,4,2,0,3,0,1
220,0,172.0,9,17,3,1,2,1,0,0
12,3,90.0,8,23,4,2,2,0,0,1
34,2,90.9,10,18,4,3,2,0,0,1
6,0,65.0,10,12,2,0,1,0,0,1
0,1,153.0,8,7,4,2,0,3,5,1
85,2,89.25,10,23,4,2,1,0,0,1
78,0,122.1,9,1,4,3,0,3,0,0
21,0,124.8,5,19,3,1,0,0,3,1
199,0,97.56,8,11,4,7,2,0,0,0
21,1,88.0,11,28,4,0,1,3,0,0
7,1,114.0,10,5,4,1,1,3,0,1
39,1,114.3,3,20,4,0,2,0,3,0
208,0,80.75,7,30,4,2,2,3,0,0
6,0,95.0,10,17,2,1,1,0,0,1
172,0,112.32,7,15,4,5,2,0,0,0
23,1,133.55,12,30,4,2,2,0,3,1
8,2,99.0,8,13,4,3,0,0,0,1
18,1,80.85,9,5,4,1,1,0,0,1
37,1,126.6,3,24,4,3,0,0,0,1
77,0,90.95,3,20,4,2,2,0,3,1
3,2,111.0,2,5,4,2,0,0,0,1
17,0,224.33,3,26,4,1,2,0,5,0
20,0,139.0,7,4,4,5,1,3,0,0
38,0,125.1,8,21,4,0,1,3,0,0
52,0,74.8,12,4,4,2,2,3,0,0
1,0,65.5,2,24,2,2,0,0,0,1
81,0,72.25,9,6,3,5,2,0,0,1
10,2,106.5,8,20,4,3,1,3,0,1
49,2,79.2,11,3,4,2,0,3,0,1
59,1,120.96,9,2,4,3,2,0,3,0
81,0,65.0,3,25,3,2,1,0,0,1
74,1,102.6,12,26,4,2,1,0,3,1
94,0,168.3,9,5,4,0,1,0,3,0
37,1,121.5,4,29,4,2,1,0,0,1
6,0,148.0,8,7,4,2,2,3,0,1
77,1,53.38,3,25,3,2,0,3,0,1
265,0,109.0,6,24,3,2,0,1,0,0
137,1,118.8,8,19,4,2,0,0,0,1
45,1,75.0,11,7,3,5,2,0,0,1
7,1,67.0,11,17,2,1,0,0,0,1
120,2,132.3,10,13,4,3,0,0,3,1
70,0,75.95,3,3,4,3,2,0,0,1
8,1,171.0,8,8,4,0,1,0,0,1
81,1,76.5,4,3,4,1,2,0,0,1
10,1,161.33,7,7,4,3,0,0,3,1
23,0,68.0,3,17,3,4,2,0,0,1
213,0,92.65,10,1,4,2,2,3,0,0
64,2,115.6,3,28,4,3,1,0,3,1
3,1,132.33,10,23,4,2,1,0,0,1
16,1,112.81,8,24,4,1,0,3,0,0
7,0,73.9,1,11,4,5,2,0,0,1
103,0,94.5,7,18,4,1,2,1,0,0
0,2,0.0,3,21,1,1,1,0,5,1
99,1,114.3,4,28,4,2,0,0,0,1
25,2,129.0,9,26,4,3,1,0,0,1
179,0,141.3,10,7,4,2,0,0,3,0
73,1,149.4,6,16,4,3,0,0,3,1
228,0,120.34,10,29,4,5,2,0,3,0
12,1,93.0,2,5,4,2,0,0,0,1
152,0,71.0,1,20,3,1,0,0,0,1
2,0,104.79,6,29,4,2,0,3,3,1
16,1,135.0,10,29,4,1,0,0,0,1
29,3,201.25,10,5,4,2,0,0,3,1
67,1,75.54,9,5,4,2,1,0,0,1
154,0,151.2,10,16,4,2,2,0,3,0
46,1,60.0,11,6,3,2,1,0,3,1
73,0,67.83,11,24,3,3,0,0,0,1
32,0,114.0,12,4,4,0,2,0,3,1
359,1,105.0,9,16,4,2,2,0,0,0
16,1,151.0,6,30,4,5,2,0,0,1
30,0,110.97,9,4,4,0,2,0,3,0
60,2,89.25,10,25,4,2,2,0,0,1
11,2,96.0,12,11,4,2,1,0,0,1
10,0,153.0,8,20,4,2,0,0,5,1
36,0,135.9,7,11,4,1,1,0,0,1
258,0,110.0,10,16,4,0,1,0,0,0
103,2,188.5,11,7,4,3,1,0,0,1
46,0,99.0,10,30,4,0,1,3,0,0
22,1,107.03,9,25,4,0,2,0,0,1
97,1,65.42,3,23,4,4,0,0,0,1
56,0,126.0,12,2,4,2,0,0,3,0
11,1,126.0,5,8,4,1,2,0,3,1
45,2,118.8,9,1,4,2,0,0,0,1
9,2,176.42,8,25,4,3,2,1,3,1
1,1,125.0,3,30,4,1,0,0,3,1
25,1,149.0,10,5,4,2,0,0,0,1
223,0,102.85,10,3,4,3,1,0,0,0
57,2,130.5,9,6,4,4,0,0,3,1
1,2,101.86,11,18,4,2,2,0,0,1
359,0,70.0,10,14,3,3,2,0,0,1
82,1,96.3,6,26,4,0,1,0,0,1
247,1,115.0,6,6,4,1,1,1,0,0
207,1,106.2,5,4,4,4,0,0,0,0
13,1,85.0,11,15,4,1,2,3,0,1
36,1,103.5,10,18,4,2,2,0,0,1
22,3,122.0,8,31,4,1,0,0,0,1
30,0,84.32,12,23,4,2,2,0,0,0
6,3,135.58,5,29,4,2,2,0,3,1
83,2,90.0,11,2,4,3,0,0,0,1
4,0,95.0,5,23,0,2,1,0,0,1
112,0,105.3,7,14,4,3,0,0,0,0
49,0,67.5,2,20,4,1,2,3,0,0
8,1,94.0,11,23,4,1,0,0,0,1
4,1,102.0,12,5,4,2,2,0,0,1
101,2,122.0,12,21,4,5,2,0,0,0
132,1,89.25,10,25,4,3,2,0,0,1
7,1,67.0,8,23,2,3,0,0,0,1
40,0,96.3,10,24,4,1,0,0,0,1
18,2,111.75,10,2,4,2,2,0,0,1
29,2,139.0,9,9,4,1,0,3,0,1
20,0,93.0,3,8,4,1,0,0,0,1
55,0,94.5,4,12,4,1,0,3,0,1
17,0,75.0,7,17,3,1,2,3,0,1
8,0,56.0,3,1,3,2,0,0,0,1
15,1,127.0,3,18,4,2,0,0,0,1
140,0,96.3,7,1,4,2,0,0,0,0
83,0,61.41,3,20,4,4,2,0,0,1
63,0,90.06,4,22,4,3,2,0,0,1
5,0,124.0,7,28,4,2,0,3,0,0
78,1,82.45,3,31,4,4,2,0,0,1
21,1,129.0,10,3,4,3,1,3,0,1
35,0,81.9,3,13,4,1,2,0,0,1
39,0,201.08,12,29,4,3,1,0,3,1
18,1,95.48,3,17,4,1,0,0,3,1
23,2,187.0,7,1,4,2,0,0,3,1
6,2,117.67,9,3,4,3,0,0,0,1
42,2,63.0,11,20,3,2,0,0,0,1
12,0,164.0,9,25,4,0,2,0,3,0
106,2,131.4,8,9,4,3,0,0,3,1
139,1,77.03,7,25,4,2,1,0,0,1
127,0,94.5,8,1,4,3,1,3,0,0
54,0,83.73,3,16,4,4,0,0,0,0
108,0,59.37,3,13,4,2,2,0,0,1
89,0,79.5,4,9,4,1,2,3,0,1
87,0,90.0,9,11,2,1,0,0,0,0
19,3,158.0,9,23,4,2,0,3,0,1
145,0,72.25,7,11,3,4,1,0,0,0
4,1,95.0,4,8,4,1,0,0,0,1
256,1,112.0,6,15,4,2,0,1,0,0
96,2,189.0,7,12,4,4,0,1,3,1
51,1,139.5,10,8,4,1,1,0,3,1
12,1,95.48,9,12,4,1,2,0,0,1
97,2,76.5,7,8,4,4,1,0,0,0
27,0,129.0,3,22,4,3,0,3,0,0
46,0,72.0,11,21,3,5,1,0,0,1
80,3,147.9,7,8,4,2,1,0,3,1
35,1,200.0,9,26,4,1,1,0,0,1
113,0,118.8,9,7,3,4,1,0,0,0
64,0,85.0,9,24,3,1,0,0,0,1
29,1,145.0,5,8,4,1,2,0,0,1
82,1,84.15,3,27,4,3,2,0,0,1
40,1,97.2,10,2,4,0,1,3,0,0
115,2,110.7,8,4,4,3,2,0,0,1
0,2,50.0,12,17,2,1,0,0,0,1
122,2,76.5,7,13,4,0,1,0,0,0
15,0,106.33,4,15,4,2,1,3,0,0
1,1,148.0,8,30,4,2,0,0,0,1
8,1,103.0,3,11,4,2,1,0,1,1
41,2,168.3,8,13,4,1,2,0,3,1
192,1,94.5,8,9,4,3,0,0,0,0
135,2,162.0,9,25,4,0,2,0,3,1
66,2,168.3,8,19,4,2,0,0,3,1
3,0,95.0,6,24,3,2,0,0,0,1
52,1,75.0,11,14,3,3,1,0,0,1
24,1,118.33,4,15,4,2,1,0,0,1
13,1,177.62,10,9,4,1,2,0,0,1
28,0,171.87,10,8,4,1,1,0,4,1
38,0,81.0,6,19,4,1,2,0,0,0
3,1,94.0,11,10,2,3,0,0,3,1
41,0,150.3,6,4,4,1,1,0,3,0
74,0,68.0,7,23,3,2,2,0,0,1
117,2,108.0,10,2,4,0,1,3,0,1
154,2,78.99,10,31,4,0,1,0,0,1
48,0,233.1,8,30,4,4,0,1,5,0
18,2,119.58,1,1,4,2,1,0,1,1
7,0,113.6,9,16,3,2,0,0,0,1
119,0,264.1,7,11,4,0,1,1,5,0
85,0,140.4,6,2,4,1,0,0,3,0
99,0,60.67,12,30,3,3,0,0,3,1
12,1,123.3,10,6,3,4,0,0,3,1
59,0,0.0,1,28,4,2,0,0,0,1
32,0,81.0,9,25,3,3,2,0,0,1
45,0,99.79,4,24,4,3,2,0,0,1
70,1,85.0,7,11,3,5,1,0,0,1
2,1,117.65,3,23,4,2,0,0,0,1
15,3,198.5,4,6,4,4,0,0,5,1
2,0,98.21,10,18,4,2,2,0,0,1
3,2,119.0,4,24,4,0,1,0,0,1
118,1,99.3,4,29,4,2,1,0,0,0
33,0,85.5,9,28,3,3,0,0,0,1
37,0,164.25,8,17,4,1,0,1,0,0
271,0,87.3,12,3,3,1,2,0,0,1
107,1,89.25,9,9,4,2,0,0,0,1
106,0,38.67,3,10,3,3,0,0,0,1
3,0,99.0,8,17,2,3,1,0,0,0
62,0,159.3,5,1,4,1,2,0,0,0
7,1,134.33,6,3,4,2,1,0,0,1
5,0,88.8,11,14,4,0,1,0,0,1
386,0,109.0,10,23,4,0,2,1,0,0
9,0,65.0,11,22,2,1,2,0,0,1
41,0,117.6,3,24,4,3,0,0,0,1
32,2,99.0,9,25,4,0,1,3,0,1
51,1,129.0,11,1,4,3,0,0,0,1
4,1,80.08,3,14,4,2,1,0,0,1
53,1,117.9,6,19,4,1,2,0,0,1
99,0,146.7,7,3,4,2,2,0,3,0
155,1,126.9,9,2,4,2,1,0,0,0
17,0,69.49,9,5,4,1,2,0,0,1
196,0,72.25,8,1,3,5,2,0,0,1
98,0,126.9,5,17,4,3,0,0,0,1
35,0,125.1,7,25,4,0,1,3,0,0
216,1,96.3,8,30,4,2,0,0,0,0
8,1,119.0,4,26,4,2,0,3,0,1
23,2,115.9,12,30,4,4,2,0,3,1
2,0,55.74,2,14,3,5,2,0,0,1
5,0,111.0,12,29,4,1,0,0,0,1
34,1,138.6,12,14,4,3,0,0,3,1
13,0,110.4,8,21,4,3,2,3,0,1
0,0,115.0,8,10,4,3,1,3,0,1
0,1,110.7,6,9,4,1,0,0,0,1
35,0,63.0,3,25,3,2,2,0,0,0
141,1,123.8,9,23,4,2,0,0,0,1
235,1,73.95,11,29,4,4,0,0,0,0
13,1,109.5,10,26,3,1,0,0,0,1
44,0,157.5,8,31,4,3,0,1,3,0
125,1,71.0,4,18,3,2,1,0,0,1
24,1,141.0,3,26,4,1,1,0,0,1
80,0,75.0,12,9,3,2,0,0,0,1
150,0,79.2,12,2,4,2,1,3,0,0
26,1,87.05,10,17,4,1,1,3,0,1
4,0,65.0,11,16,2,0,1,0,0,1
7,2,237.0,9,9,4,3,2,0,5,1
83,1,124.65,5,7,4,2,2,0,0,1
66,0,88.2,4,2,4,1,1,0,0,0
1,0,79.0,2,11,4,4,2,3,0,1
89,1,63.75,11,17,4,3,0,0,0,1
16,0,105.0,9,2,4,3,0,0,0,1
275,0,62.8,6,4,4,1,1,0,0,0
148,1,136.43,8,15,4,3,1,0,3,0
164,0,106.53,8,14,4,4,2,0,0,0
8,2,140.0,4,27,4,3,0,0,0,1
246,0,80.75,9,7,3,5,2,0,0,1
39,1,118.8,4,21,4,1,0,0,3,1
43,1,104.4,11,1,4,3,0,0,0,0
49,0,112.0,11,4,3,2,1,0,0,1
129,0,80.75,5,13,3,2,2,0,0,1
157,2,117.68,11,6,4,2,2,0,0,0
112,1,134.1,9,23,4,2,1,3,0,0
174,2,115.8,7,21,4,3,0,0,3,0
97,1,121.5,7,12,4,2,0,0,0,1
0,0,139.0,3,20,1,0,1,0,0,1
3,1,110.5,12,24,4,2,2,0,4,1
0,1,65.0,2,24,2,1,0,0,0,1
44,1,125.55,10,5,4,2,0,0,3,0
203,0,96.3,8,9,4,3,0,0,0,0
12,0,108.67,11,25,4,2,1,0,0,0
87,1,134.42,6,12,4,5,2,0,0,1
57,0,112.2,4,21,4,3,2,0,3,0
44,2,98.8,11,26,4,1,1,0,0,1
1,1,109.25,8,27,4,2,2,3,0,1
283,1,111.3,10,23,4,1,2,0,3,0
21,1,187.0,12,27,4,2,2,0,5,1
9,2,82.0,1,15,4,2,1,0,0,1
159,2,83.5,10,30,4,2,2,0,1,0
242,0,100.3,9,10,4,2,2,0,0,0
275,0,91.69,10,9,4,5,3,3,0,0
142,1,79.2,12,22,4,2,0,3,0,1
157,0,72.25,7,7,3,3,1,0,0,1
0,0,95.0,6,6,0,2,1,0,0,1
0,0,141.49,10,29,4,1,0,0,3,1
88,1,71.0,10,7,2,2,0,0,0,1
17,2,113.33,10,1,4,3,0,0,0,1
130,0,87.55,4,19,3,4,0,0,0,1
115,1,76.0,2,27,3,2,2,0,0,1
117,0,186.3,8,11,4,3,1,0,5,0
109,0,159.9,10,29,4,1,2,0,5,0
77,0,94.5,7,23,4,4,2,3,0,0
180,1,120.0,10,10,3,2,1,0,0,0
1,0,88.0,11,15,2,2,0,0,0,1
38,1,63.06,3,9,4,4,1,0,0,1
65,2,168.3,8,16,4,1,0,0,3,1
83,1,75.0,5,1,3,2,2,0,0,1
17,0,77.25,1,25,4,4,1,0,1,1
89,1,65.13,4,8,4,2,2,0,0,1
154,0,80.75,5,30,3,4,1,0,0,1
133,1,100.3,12,6,4,4,0,0,0,0
30,0,144.0,10,28,4,2,0,0,3,1
6,0,0.0,11,13,1,0,1,0,5,1
69,1,74.8,11,23,4,4,0,0,0,0
146,0,85.0,12,29,3,3,0,0,0,1
8,0,120.0,11,5,3,1,0,0,0,1
211,0,68.69,5,31,4,3,0,3,1,0
19,0,95.0,9,18,3,0,2,0,0,1
11,0,113.2,12,30,4,4,0,0,3,1
320,0,0.0,8,18,4,2,0,1,0,0
62,3,131.51,9,27,4,5,4,0,0,1
35,0,139.5,10,3,4,3,1,0,3,0
40,1,126.9,5,13,4,2,2,0,0,1
18,2,12.0,9,2,4,3,0,0,0,1
54,0,60.0,11,18,3,4,0,0,3,1
85,1,76.5,3,28,4,2,1,3,0,1
0,0,79.0,3,29,2,1,0,0,0,1
6,0,65.0,3,29,2,4,0,0,0,1
1,1,67.0,4,1,2,1,0,0,0,1
117,0,55.0,3,12,3,1,2,0,0,1
178,1,99.45,8,10,4,4,0,0,0,1
7,1,119.0,1,2,4,1,0,0,0,1
135,2,105.3,5,11,4,3,0,0,0,0
5,1,149.0,9,7,4,1,0,3,0,1
26,1,119.0,10,9,4,0,2,3,0,0
1,0,209.5,9,15,4,2,0,0,3,0
87,0,75.0,12,18,3,2,2,0,0,1
61,1,132.3,9,30,4,1,0,0,3,0
0,0,65.0,11,29,2,1,0,0,0,1
0,0,130.0,10,16,4,0,2,3,0,1
36,2,102.6,10,17,4,1,0,0,0,1
0,1,115.0,6,7,4,1,0,0,0,1
1,1,119.0,5,30,4,0,1,3,0,1
53,2,158.4,10,16,4,2,2,0,3,1
35,1,99.0,9,1,4,1,0,3,0,1
28,0,121.47,10,8,4,1,1,0,3,1
28,2,161.43,3,29,4,3,0,0,0,1
101,2,70.99,4,9,4,5,2,0,0,1
19,0,150.0,11,7,4,1,1,0,0,0
15,1,100.0,3,12,4,2,2,0,0,1
128,2,96.05,7,8,4,3,2,3,0,1
101,1,105.3,7,25,4,1,1,0,0,0
52,1,152.1,7,31,4,0,2,0,3,1
43,1,85.07,11,1,4,3,0,3,0,1
15,0,75.0,8,18,3,4,0,0,0,1
86,1,102.1,5,11,4,5,2,0,3,1
81,1,85.5,4,10,4,0,2,3,0,1
11,0,138.0,3,3,4,3,1,1,0,0
297,1,118.0,9,23,4,2,0,0,0,0
105,0,65.0,9,28,2,1,0,0,0,1
39,0,139.5,4,20,4,4,1,0,3,0
17,1,75.4,11,12,4,3,2,0,0,1
12,0,85.0,12,28,4,0,1,3,0,1
33,0,85.0,3,14,3,2,1,0,0,0
83,1,105.3,7,23,4,1,0,0,0,1
45,1,93.6,12,25,4,1,2,0,0,1
54,0,108.0,10,2,4,2,2,3,0,0
129,0,72.75,3,25,4,2,0,3,0,1
29,0,145.6,4,29,4,2,1,0,3,0
43,1,75.54,6,9,4,1,0,3,0,0
19,0,148.0,12,30,4,1,0,0,3,1
72,1,126.9,6,3,4,2,0,0,0,1
46,0,59.32,3,1,3,1,0,0,0,1
36,1,135.9,8,14,4,0,2,0,0,1
308,2,78.3,11,23,4,3,0,0,0,0
4,1,77.0,1,15,4,1,0,3,0,1
18,1,119.0,4,12,4,2,0,3,0,1
62,1,76.0,4,3,3,3,2,0,0,1
158,1,79.2,12,24,4,1,1,3,0,0
106,0,120.28,5,21,4,2,2,0,0,0
185,2,113.4,10,10,4,3,1,0,0,0
0,2,95.0,11,14,2,3,1,0,0,1
24,0,89.0,1,6,4,2,0,0,0,1
4,0,95.0,10,19,2,1,1,0,0,1
2,2,114.73,9,15,4,1,0,3,0,1
131,0,105.3,8,2,4,4,0,0,0,0
170,2,95.13,7,24,4,5,2,0,0,1
22,0,129.0,6,22,4,1,0,3,0,0
3,1,81.0,8,10,4,3,1,3,0,1
35,0,53.72,3,11,4,2,0,3,0,1
107,1,108.0,10,21,4,2,1,3,0,1
133,2,105.3,7,12,4,3,0,0,0,1
149,0,122.04,7,5,4,5,2,0,0,1
5,1,138.5,4,14,4,3,1,0,3,1
273,0,63.75,11,22,4,5,0,3,0,0
10,2,124.0,9,1,3,1,0,0,0,1
49,0,89.91,9,6,4,3,0,3,0,0
3,0,101.0,3,22,4,1,0,0,0,1
155,0,143.1,9,18,4,0,2,0,3,0
30,5,96.3,10,14,4,3,0,0,0,1
12,1,90.0,8,31,4,2,1,0,0,1
29,1,94.0,11,18,4,1,0,0,0,1
50,0,85.5,4,2,4,1,0,0,0,1
118,2,189.0,8,1,4,4,1,1,3,1
54,1,88.2,11,12,4,1,2,3,0,0
4,0,116.0,12,11,4,2,0,0,3,1
107,1,86.72,6,20,4,3,1,0,0,1
41,1,108.45,6,19,4,2,2,0,0,1
1,0,67.0,5,18,2,1,0,0,0,1
84,0,94.5,7,13,4,4,0,3,0,0
129,0,112.5,7,6,4,1,0,3,0,0
57,0,90.95,9,16,3,2,1,0,3,1
0,0,109.0,2,18,4,1,0,0,0,1
0,1,161.0,5,20,4,1,0,0,0,1
144,0,140.7,8,17,4,4,2,0,3,0
81,0,69.5,3,25,3,2,2,0,0,1
10,2,204.0,9,30,4,2,0,0,3,1
45,0,112.5,4,7,4,1,0,0,0,0
104,0,76.5,8,18,4,3,0,0,0,0
67,0,73.95,3,10,4,3,1,0,0,1
3,0,66.0,2,29,2,2,1,0,0,1
133,0,122.63,10,31,4,3,1,0,3,0
14,0,57.5,4,29,3,1,0,0,0,1
44,1,66.5,2,8,4,3,1,0,1,0
4,1,65.0,2,16,2,3,0,0,0,1
12,0,85.0,10,2,3,2,2,0,0,1
20,0,160.0,9,25,3,2,1,0,0,0
131,1,83.83,6,26,4,3,2,0,1,1
6,0,80.0,2,25,2,1,0,0,0,1
78,0,75.0,4,26,3,4,0,0,0,1
0,1,66.0,3,7,2,1,1,0,0,1
0,0,74.67,1,2,4,1,0,0,0,1
80,0,89.75,5,16,3,1,1,0,0,1
8,1,73.2,1,27,4,4,2,0,0,1
143,1,100.0,8,25,3,3,0,0,0,1
90,1,76.5,8,23,4,3,2,0,0,1
71,0,45.9,3,12,4,3,2,3,0,1
6,0,110.0,6,8,3,1,0,0,0,1
74,0,109.8,11,4,4,2,0,0,0,0
0,0,98.0,8,7,4,2,0,0,0,1
115,1,72.25,12,24,4,3,0,0,0,0
99,1,74.8,12,6,4,4,0,3,0,1
132,0,82.45,8,3,3,5,2,1,3,1
25,1,104.0,10,10,3,1,1,0,0,1
30,1,105.75,9,12,4,4,2,0,0,1
27,1,100.0,11,2,4,3,0,3,0,1
154,1,118.8,10,6,4,2,0,0,0,0
79,2,128.7,4,15,4,2,1,0,0,1
227,0,106.0,10,10,2,2,1,0,4,0
7,4,74.8,12,29,4,1,0,3,0,1
4,2,140.0,10,29,4,1,0,3,0,1
31,1,108.9,5,24,4,2,0,0,0,1
41,2,103.5,10,19,4,2,1,0,0,1
0,0,123.0,10,11,4,0,2,0,0,1
90,0,76.5,8,23,4,3,2,0,0,1
115,2,129.6,9,6,4,8,2,0,0,1
39,0,113.4,6,27,4,3,1,0,0,0
92,2,68.0,7,6,4,3,1,0,0,0
42,0,60.0,11,4,3,3,0,0,3,1
75,0,88.83,4,5,4,4,0,0,0,1
33,1,0.0,2,20,4,0,0,3,0,1
0,0,135.0,5,24,4,1,0,0,0,0
143,2,118.8,10,18,4,1,0,0,0,1
103,0,55.96,8,22,4,5,2,0,0,1
40,1,136.89,9,27,4,2,0,0,0,0
170,1,99.45,8,15,4,3,1,0,0,0
4,0,110.0,10,24,0,3,1,0,3,1
214,0,105.4,10,25,3,2,0,0,0,0
12,1,90.07,11,10,4,3,2,0,0,1
256,0,103.7,10,16,4,3,2,0,3,0
240,1,85.5,8,18,4,3,0,3,0,0
24,2,184.33,7,9,4,5,2,0,3,1
16,1,74.8,2,3,4,4,1,0,0,1
151,2,126.9,9,4,4,5,2,0,0,0
53,1,61.5,2,27,3,4,2,0,0,1
1,1,104.72,7,5,4,1,0,0,0,1
65,1,214.76,8,8,4,2,1,0,6,1
10,1,65.0,7,4,2,1,1,0,0,1
51,1,120.7,4,26,4,5,0,0,3,1
95,0,159.3,5,21,4,1,0,0,3,0
73,0,63.75,8,19,3,2,2,3,0,1
14,0,55.0,12,3,3,5,2,0,0,1
49,1,69.52,12,24,4,1,0,3,1,1
142,2,168.3,8,27,4,1,0,0,5,0
41,2,137.7,7,17,4,1,2,0,0,1
1,0,198.0,9,22,3,2,0,0,3,1
35,2,166.58,9,26,4,4,2,0,0,1
44,1,74.8,11,16,4,4,1,3,0,1
38,1,95.48,10,3,4,3,1,0,3,1
87,1,80.75,10,23,3,1,2,0,0,1
104,1,135.9,5,17,4,3,0,0,0,1
230,0,137.0,9,6,3,5,0,1,0,0
160,0,80.1,10,29,4,1,0,3,0,0
32,0,70.0,10,30,3,2,1,0,3,1
28,1,136.0,10,27,4,2,0,0,3,1
5,1,126.0,4,20,4,3,0,0,3,1
1,0,130.0,12,30,4,1,0,0,0,1
51,1,102.6,11,4,4,4,1,0,3,1
39,0,85.5,9,4,4,2,2,0,0,1
0,0,89.0,3,1,4,1,0,3,0,1
90,0,96.3,3,25,4,2,1,0,0,1
52,3,94.5,10,23,4,2,1,0,0,1
56,0,90.0,4,17,4,0,2,3,0,0
0,0,138.0,3,31,4,1,0,0,0,1
24,1,106.33,12,7,4,3,0,0,0,1
220,0,108.45,8,14,4,2,2,0,3,0
2,1,63.75,12,17,4,2,0,3,0,1
23,0,65.0,11,5,2,1,0,0,0,1
0,0,79.0,2,15,2,0,1,0,0,1
3,0,120.0,9,19,2,1,1,0,0,0
7,0,103.0,3,11,4,4,2,0,0,0
136,1,106.2,3,25,4,2,1,0,0,0
5,1,68.53,3,21,4,1,1,3,0,1
27,0,65.0,11,22,2,1,2,0,0,1
80,0,105.3,7,20,4,1,0,0,0,0
12,0,75.0,10,6,3,3,0,0,3,1
219,2,168.3,8,18,4,1,0,0,5,0
70,0,78.3,3,3,4,2,0,0,0,0
72,0,85.5,10,7,3,2,0,0,0,1
138,1,130.5,7,14,4,2,0,0,0,1
3,0,110.0,9,19,0,3,1,0,3,1
15,0,100.73,5,30,4,3,1,0,0,1
0,0,94.0,2,24,4,1,0,3,0,1
181,2,76.5,8,6,4,2,0,0,1,0
109,0,75.76,4,16,4,2,2,0,1,1
130,0,105.3,5,23,4,1,1,0,0,0
1,2,205.5,12,30,4,4,0,0,5,1
290,0,72.0,6,17,4,2,1,0,0,0
1,0,65.0,11,19,2,1,0,0,0,0
104,2,88.01,7,2,4,1,2,0,0,1
1,1,133.0,9,7,4,0,1,0,0,1
20,2,107.0,10,7,4,2,0,0,0,1
106,2,151.2,10,11,4,3,0,0,3,0
11,1,130.9,10,3,4,1,1,0,3,1
217,1,46.63,12,5,4,7,3,3,0,1
3,0,77.6,5,9,3,0,1,0,0,1
0,0,75.0,3,8,2,2,0,0,3,0
1,2,155.54,9,17,4,1,1,0,3,1
3,0,94.0,1,3,3,0,1,0,0,1
113,0,129.6,9,14,4,3,0,0,0,0
102,0,79.65,10,30,4,2,2,3,0,0
1,1,153.0,8,11,4,4,0,3,5,1
43,1,86.75,1,14,4,3,0,0,1,1
10,0,97.0,3,13,4,0,1,3,0,0
27,0,66.0,3,6,3,1,2,0,0,1
94,1,85.5,4,13,4,2,0,3,0,1
221,1,109.65,9,12,4,3,1,3,0,0
89,0,137.7,7,25,4,2,1,0,3,0
58,1,90.95,9,8,3,3,1,0,3,1
196,0,68.0,8,1,3,5,2,0,0,1
197,0,82.5,10,30,4,1,2,3,0,0
105,0,75.0,10,12,4,3,0,0,0,0
82,0,38.67,3,28,3,2,1,0,0,1
23,1,110.5,9,4,3,2,2,0,3,1
16,3,165.0,9,5,4,1,2,0,5,1
7,1,66.22,2,11,4,1,0,0,0,1
12,2,120.35,5,30,4,1,1,0,0,1
27,0,94.35,6,12,4,0,2,0,0,0
2,1,194.0,9,18,4,1,2,0,3,1
51,0,95.04,10,6,4,1,0,0,0,0
23,0,61.0,1,11,4,0,1,3,0,1
2,1,111.0,11,22,4,1,0,0,0,1
47,2,105.5,11,5,4,2,0,0,1,1
91,0,152.1,8,6,4,1,2,0,3,1
346,0,72.25,12,28,4,4,0,3,0,0
58,1,66.45,2,29,4,7,3,0,0,1
127,1,89.25,5,9,4,3,1,3,0,0
173,0,121.5,8,15,4,1,1,0,0,0
90,1,63.86,4,1,4,2,0,0,0,1
6,1,74.0,11,8,2,1,0,0,0,1
44,2,110.13,11,4,4,2,1,0,3,1
251,0,79.29,12,31,4,5,2,0,0,0
7,2,126.0,9,22,4,2,0,0,0,1
54,1,95.0,10,29,3,1,2,0,0,1
36,2,104.0,12,10,4,2,2,0,0,1
7,0,65.0,3,2,3,2,0,0,0,1
1,2,106.0,8,29,4,1,0,0,0,1
21,3,105.0,9,5,4,2,2,0,0,1
71,1,93.08,4,24,4,2,2,0,0,1
40,0,38.67,12,26,3,1,2,0,0,1
0,0,85.0,11,12,4,2,0,0,0,1
0,0,85.24,8,30,4,1,0,3,0,1
67,0,68.0,12,16,3,2,0,0,0,1
56,0,88.01,7,11,4,0,1,0,0,1
13,1,131.0,6,20,4,3,1,0,0,1
4,0,91.0,2,16,4,1,0,0,0,1
102,0,46.66,7,29,4,5,2,3,0,1
115,1,76.5,7,29,4,5,2,0,0,1
52,1,122.4,10,1,4,2,2,0,3,1
18,1,130.13,9,23,4,2,0,0,0,1
6,1,121.0,6,5,4,0,1,0,0,1
7,0,171.0,8,6,4,3,2,0,0,0
253,0,2.0,9,26,4,2,1,0,0,1
8,2,120.0,11,2,4,1,0,3,0,1
179,1,155.25,7,27,4,1,0,1,0,0
136,0,93.08,7,2,4,2,2,0,0,0
49,0,63.58,3,18,3,2,1,0,0,1
3,0,0.0,6,27,1,0,1,0,0,1
19,0,167.0,4,27,4,1,0,0,3,0
4,1,100.08,7,6,4,1,0,3,0,1
117,0,99.45,4,20,4,4,0,0,3,0
63,3,118.33,11,10,4,3,0,3,0,1
80,3,149.4,9,17,4,3,2,0,3,1
60,2,149.4,9,10,4,6,2,0,3,1
84,2,177.3,9,9,4,2,0,0,3,1
58,2,138.6,6,8,4,2,0,0,0,1
64,1,143.4,8,27,4,1,2,0,3,0
95,0,103.5,6,29,4,4,0,3,0,0
38,0,156.6,9,26,4,2,1,0,3,0
40,1,134.1,7,23,4,1,0,3,0,1
100,0,114.3,7,3,4,0,2,0,0,0
32,2,184.99,5,13,4,2,1,0,6,1
34,2,176.4,10,6,4,3,0,0,3,1
36,1,85.0,9,18,3,1,0,0,0,1
8,2,135.67,10,29,4,1,2,3,0,1
223,0,86.63,7,24,4,1,2,0,1,0
152,2,105.3,8,20,4,1,0,0,0,0
17,1,97.77,8,28,4,10,4,0,0,0
2,0,144.8,11,25,3,2,0,0,5,1
41,1,140.0,11,18,4,2,0,0,3,1
89,1,90.95,4,18,4,3,1,0,0,1
12,1,97.02,5,29,4,0,2,0,0,1
26,2,152.33,9,17,4,1,2,0,0,1
13,1,90.6,11,22,3,0,2,0,0,1
277,0,96.3,10,16,4,0,2,0,0,0
64,1,158.4,9,16,4,2,0,0,3,1
7,2,140.0,10,4,4,5,0,3,0,0
45,0,80.75,5,30,3,3,1,0,0,1
32,1,124.0,11,4,4,1,0,0,0,0
256,2,67.5,11,27,4,0,1,3,0,1
3,0,79.0,7,4,2,1,1,0,0,1
154,0,71.6,5,9,4,3,1,0,0,0
71,1,105.4,6,17,3,2,2,0,0,1
66,2,179.1,11,7,4,3,1,0,0,1
6,1,133.5,3,26,4,2,2,0,0,1
72,0,118.8,4,14,4,3,0,0,3,0
18,1,94.96,10,31,4,2,2,0,0,1
5,0,130.0,1,28,4,3,1,0,0,1
91,1,90.9,4,12,4,3,0,0,0,1
112,1,140.4,5,27,4,2,1,0,3,1
34,0,96.3,5,8,3,1,2,0,3,1
180,1,126.9,9,3,4,1,2,0,0,0
54,1,69.5,3,5,4,1,0,3,0,1
1,0,65.0,8,4,2,2,0,0,0,1
51,1,137.7,7,15,4,1,0,0,3,1
153,2,118.8,10,17,4,3,1,0,0,0
69,1,135.9,9,5,4,3,1,0,0,1
35,2,88.4,12,5,4,3,1,0,0,1
61,1,81.9,11,12,4,3,1,0,3,1
87,0,100.0,9,11,2,1,0,0,0,0
92,2,79.2,11,12,4,1,2,3,0,0
186,0,112.2,8,3,4,5,2,0,3,0
67,0,75.0,12,2,3,2,1,0,0,1
87,0,109.65,4,30,4,3,2,3,0,0
23,0,54.75,9,6,3,2,2,0,0,1
1,1,95.0,10,14,2,1,0,0,0,1
95,0,79.56,7,15,3,2,2,0,0,1
60,1,108.9,6,26,4,2,2,0,0,0
191,0,100.3,5,11,4,4,1,0,0,0
31,1,95.0,5,15,2,3,2,0,0,1
62,0,60.0,11,19,3,3,0,0,3,1
22,2,187.0,7,8,4,2,1,0,3,1
194,2,130.05,8,14,4,2,2,0,3,0
21,0,234.0,9,19,4,3,1,0,5,0
107,1,111.3,8,5,4,2,1,0,0,1
79,1,90.95,4,13,4,4,0,0,0,1
36,2,96.3,10,21,4,4,0,0,0,1
38,0,187.0,11,4,4,2,0,0,5,1
79,1,149.1,4,28,4,3,0,0,3,1
29,0,79.0,3,18,4,1,0,3,0,1
81,0,126.9,5,18,4,2,0,0,0,0
78,1,86.32,3,20,4,5,2,0,3,1
18,1,129.0,4,2,4,1,0,3,0,1
16,1,138.0,12,29,4,3,0,0,0,1
64,0,75.0,11,18,3,2,1,0,0,1
7,1,124.0,9,7,4,0,1,0,0,0
17,1,183.0,9,16,4,1,0,0,3,1
217,2,158.95,8,8,4,4,1,0,5,0
15,1,124.0,8,17,4,1,0,0,0,1
40,0,94.5,6,21,4,3,0,0,0,1
3,0,0.0,11,16,1,1,1,0,0,1
4,0,81.0,2,6,4,4,2,3,0,0
45,1,149.4,8,19,4,1,0,0,3,1
5,2,200.33,10,28,4,2,1,1,0,1
2,0,130.0,2,27,4,1,0,0,3,1
54,0,94.5,7,18,4,2,1,3,0,0
43,1,86.75,1,14,4,3,0,0,1,1
183,1,105.3,8,8,4,1,1,0,0,0
2,0,61.38,4,17,3,2,2,0,0,1
105,0,143.1,6,8,4,3,0,0,0,0
130,0,61.25,2,20,4,1,0,0,1,0
71,0,120.15,11,6,4,0,2,3,0,1
66,1,105.0,11,27,3,5,2,0,0,1
225,1,129.63,10,31,4,3,1,1,3,0
59,1,119.4,6,26,4,1,2,0,3,1
4,0,263.55,6,16,4,1,0,0,1,0
34,1,109.0,10,25,4,2,0,3,0,1
116,1,116.95,7,6,4,3,0,0,0,1
3,3,0.0,6,27,1,0,1,0,0,1
4,0,64.0,2,2,3,2,0,0,0,1
122,0,85.0,4,15,4,2,0,0,0,0
68,0,86.4,11,25,4,2,0,0,0,1
2,1,116.27,7,9,4,1,0,0,0,1
216,0,80.75,8,30,3,2,0,0,0,1
166,0,130.0,11,1,3,3,0,0,4,0
112,1,105.3,7,18,4,2,1,0,0,1
1,0,141.0,6,20,4,0,1,0,0,1
254,1,100.7,7,9,4,1,0,0,1,0
48,0,112.88,10,25,3,3,2,1,1,1
249,2,117.9,9,21,4,1,0,0,0,0
23,1,173.5,5,22,4,0,1,0,3,1
267,0,115.2,10,1,4,1,1,0,3,0
186,1,79.66,10,6,4,3,2,0,0,1
3,1,118.58,10,10,4,0,1,0,0,1
14,0,80.75,5,30,3,3,1,0,0,1
130,1,116.1,5,30,4,1,1,3,0,1
28,1,79.25,9,7,4,0,1,0,0,0
21,0,299.33,7,17,4,1,2,0,6,0
123,1,162.0,9,20,4,5,1,0,3,0
74,1,85.5,4,25,4,2,1,0,0,1
104,0,109.65,5,11,4,5,2,3,0,0
26,2,151.0,8,7,4,2,2,0,0,1
34,1,139.5,10,2,4,2,2,0,3,0
32,1,49.67,2,22,3,5,1,0,0,1
9,2,235.63,7,28,4,1,0,0,6,1
6,2,161.5,9,8,4,3,1,0,0,1
3,0,65.0,11,23,2,1,1,0,0,1
29,1,279.2,9,28,4,4,1,0,6,0
108,1,97.02,4,27,4,5,2,0,0,1
27,0,142.78,4,11,4,3,1,1,0,0
20,0,81.3,12,7,4,3,0,3,0,1
52,1,173.0,1,28,3,2,0,0,5,1
33,1,126.0,10,6,4,1,0,3,0,1
132,0,105.83,7,5,4,4,0,0,0,0
0,0,75.0,12,19,4,1,0,3,0,1
62,1,140.4,5,17,4,3,0,0,3,1
9,1,155.0,10,17,4,3,1,0,0,1
6,1,136.0,10,20,4,2,0,0,3,1
38,1,116.65,10,11,4,3,0,0,3,1
17,0,97.02,10,6,4,4,0,0,0,1
111,1,159.3,8,13,4,5,2,0,3,1
55,1,123.3,9,2,4,2,1,0,3,1
6,1,80.0,2,20,4,1,0,3,0,1
17,0,95.0,12,9,4,2,0,3,0,1
2,2,93.0,2,1,4,3,1,0,0,1
40,1,55.0,12,26,3,2,2,0,0,1
42,1,83.61,3,10,4,3,0,0,0,1
2,0,55.0,3,2,3,1,0,0,0,1
10,0,78.63,11,17,4,3,1,3,0,1
45,1,145.2,9,5,4,2,1,1,0,0
80,1,68.0,11,24,3,3,0,0,0,1
349,0,90.0,10,4,4,5,1,0,0,0
190,0,95.0,6,22,3,4,1,0,0,1
78,1,69.2,3,20,4,5,2,0,3,1
36,1,77.99,12,22,4,1,0,3,0,1
1,1,175.0,9,22,4,1,0,3,0,1
208,1,161.1,9,3,4,1,2,1,0,0
79,1,37.33,7,7,1,3,0,0,0,1
4,0,65.0,4,10,2,1,2,0,0,1
196,0,76.5,5,12,3,3,1,0,0,0
75,3,112.28,11,6,4,2,2,0,3,1
168,1,146.7,8,13,4,1,0,0,0,0
31,1,125.1,10,4,4,1,0,0,0,1
116,0,89.25,10,27,4,3,0,0,0,1
140,3,110.19,9,12,4,2,1,0,3,1
31,1,178.42,9,10,4,5,2,0,6,1
0,1,65.0,2,22,2,1,1,0,0,1
56,0,79.2,3,22,4,3,0,0,0,1
50,2,86.4,11,18,4,2,1,0,0,1
87,1,187.85,5,16,4,10,4,0,5,0
39,1,134.0,10,2,4,0,2,0,0,0
9,1,149.0,9,15,4,2,0,3,0,0
275,2,118.2,9,23,4,2,1,0,0,0
77,2,132.6,5,10,4,4,0,0,3,1
3,1,178.0,9,15,4,1,0,0,0,1
0,0,69.99,4,16,4,1,0,0,0,1
0,0,65.0,12,21,2,0,1,0,0,1
34,0,104.85,10,16,4,2,0,0,0,1
5,0,65.0,7,10,2,0,2,0,0,1
81,1,143.1,8,13,4,3,2,0,0,1
39,0,114.8,1,9,3,1,2,1,4,1
12,0,220.0,8,19,4,1,0,0,5,0
247,1,93.0,6,6,3,1,1,1,0,1
179,1,85.6,7,25,3,3,1,1,0,1
127,0,141.3,7,28,4,3,2,0,3,1
98,1,109.65,5,8,4,3,2,3,0,0
96,0,129.88,9,13,4,3,0,0,4,0
5,0,109.0,7,29,4,1,0,3,0,1
85,1,151.2,10,7,4,2,0,0,3,1
11,1,191.35,8,8,4,0,1,0,5,1
224,0,97.75,8,8,3,2,1,1,0,0
204,2,80.75,9,3,3,2,2,0,0,1
205,2,85.5,10,18,4,4,0,3,0,0
33,1,181.8,9,2,4,2,2,0,5,0
64,1,162.4,11,18,4,2,1,0,5,0
40,2,150.3,7,6,4,1,0,0,3,1
0,0,153.0,8,9,4,0,2,0,5,1
185,1,124.46,9,3,4,5,2,0,0,0
28,0,117.74,5,21,4,3,2,0,0,0
81,2,66.37,1,29,4,2,1,0,1,1
37,1,74.8,12,2,4,2,2,3,0,1
1,1,99.0,7,20,4,1,0,3,0,1
49,0,60.0,11,16,3,2,1,0,3,1
86,0,174.0,12,8,4,3,0,0,5,0
9,0,101.0,4,17,4,0,1,0,0,0
187,0,78.41,10,10,4,2,1,0,0,0
105,0,80.75,4,18,3,2,1,0,0,1
9,1,86.0,2,10,4,1,0,0,0,1
68,0,92.83,6,18,4,1,2,0,0,0
210,0,146.0,7,27,3,2,0,0,5,0
40,2,60.48,11,12,4,3,2,3,0,1
25,1,104.2,4,10,4,3,2,0,0,1
106,2,106.75,7,29,4,5,2,0,0,0
40,3,153.6,8,27,4,1,2,0,3,1
4,0,115.2,9,20,3,0,2,0,0,1
159,0,68.55,7,3,4,2,2,0,0,0
70,1,84.15,3,28,3,3,1,0,0,1
15,0,89.0,7,20,4,1,0,3,0,0
117,0,48.6,7,7,4,15,5,0,0,0
60,1,142.13,7,24,4,4,2,0,3,1
1,0,111.65,9,22,4,2,0,0,0,1
119,1,99.3,4,29,4,2,1,0,0,1
1,1,97.0,3,15,4,1,0,3,0,1
79,0,82.45,3,30,4,4,2,0,0,0
19,1,141.0,4,30,4,1,0,0,0,1
30,1,92.25,9,25,4,2,2,0,3,1
68,2,137.7,7,23,4,2,2,0,3,1
3,1,246.25,11,9,4,4,0,0,5,1
3,0,65.0,11,29,2,2,2,0,0,1
2,1,123.0,8,28,3,1,2,0,0,1
303,1,159.23,12,27,4,5,1,1,3,0
43,0,144.23,8,29,4,3,1,0,3,1
21,3,119.0,9,25,4,0,1,3,0,1
12,1,95.0,9,14,2,2,0,3,0,1
121,2,181.17,9,29,4,3,2,1,0,1
12,1,142.33,9,18,4,1,2,3,0,1
131,2,82.79,4,16,4,3,2,0,0,1
41,0,60.0,11,1,3,2,2,0,3,1
0,0,135.0,10,18,4,0,1,0,0,1
97,0,140.4,5,24,4,3,0,0,3,1
0,1,201.16,9,21,4,1,0,0,5,1
204,0,59.07,10,2,4,2,1,0,0,0
65,1,88.0,11,11,4,1,0,3,0,1
12,0,117.0,12,15,4,3,0,0,3,1
116,0,75.0,2,28,3,1,2,0,0,1
7,2,296.0,5,19,4,2,0,0,6,1
144,0,75.0,7,1,3,2,1,0,0,0
114,3,119.0,12,23,4,3,2,0,3,1
125,0,114.3,8,8,4,4,1,0,0,0
97,0,185.22,10,21,4,3,2,0,5,0
259,1,73.95,12,7,4,4,0,0,0,1
45,0,71.1,3,12,4,1,1,3,0,0
53,1,75.95,2,20,4,2,2,0,0,1
136,1,116.73,8,20,4,2,2,0,0,1
134,0,198.9,5,26,4,3,0,0,5,0
6,2,100.67,8,19,4,4,2,0,0,1
8,0,185.67,3,25,4,2,1,1,0,0
183,0,100.0,9,8,3,3,0,0,0,1
4,1,122.48,12,29,4,3,1,0,0,1
35,2,117.0,9,25,4,0,2,0,0,1
8,2,124.0,9,4,4,2,0,0,0,1
65,0,136.8,9,7,4,3,0,0,3,0
18,0,112.8,5,31,4,4,0,0,3,0
0,1,0.0,3,9,1,1,0,0,0,1
0,0,81.0,8,6,4,2,0,3,0,1
42,4,121.33,11,11,4,2,1,0,0,1
4,0,124.0,7,28,4,2,0,3,0,0
198,1,73.46,4,22,4,2,1,3,0,1
10,2,110.0,4,7,4,1,0,0,0,1
10,0,141.0,5,7,4,1,0,0,0,0
253,2,78.3,12,8,4,3,0,0,0,1
0,0,0.0,12,10,1,1,0,0,6,1
35,1,138.38,3,22,4,4,0,0,3,1
7,1,124.67,8,26,4,2,1,3,0,1
59,2,156.3,6,3,4,2,1,0,3,1
1,1,164.5,9,15,4,2,0,0,3,1
8,0,173.8,5,21,3,1,1,0,4,1
47,0,104.88,9,22,4,3,0,0,0,1
2,2,122.0,8,17,4,3,1,0,0,1
129,0,146.92,10,7,4,1,0,0,5,0
27,2,145.28,3,28,4,3,1,0,0,1
0,0,95.0,5,9,2,2,1,0,0,1
263,0,59.5,9,21,3,0,1,0,0,1
31,1,98.1,6,26,4,2,2,3,0,1
0,1,65.0,1,20,2,1,0,0,0,1
180,1,99.68,8,11,4,6,2,0,3,1
22,1,165.0,5,21,4,1,0,0,3,1
8,1,115.6,11,2,4,4,1,0,0,1
10,0,182.0,3,23,4,4,0,0,3,0
1,0,65.0,12,10,2,1,0,0,0,1
8,0,132.0,8,13,4,1,1,0,0,1
11,2,90.0,8,17,4,4,1,0,0,0
206,4,102.85,10,4,4,4,0,0,0,1
18,0,135.0,5,13,4,1,0,0,0,0
42,1,118.5,10,31,4,1,1,0,0,1
21,0,119.0,6,23,4,1,0,0,0,0
15,0,131.0,4,22,4,1,0,0,0,0
12,1,12.0,8,25,4,2,0,0,0,1
29,0,66.0,2,23,2,1,0,0,0,1
323,0,86.0,5,17,3,4,0,1,0,1
54,0,85.5,4,18,4,0,1,3,0,0
0,1,79.31,5,9,4,0,1,0,0,1
47,0,103.28,4,1,4,2,2,0,3,1
103,2,131.4,8,7,4,1,2,0,3,1
18,0,67.0,10,18,2,1,0,0,0,1
2,0,124.0,6,22,3,1,0,3,0,1
36,0,60.0,1,14,3,3,0,0,0,1
1,1,95.0,9,1,4,1,0,0,0,1
127,0,127.62,7,1,4,5,2,0,3,0
74,0,92.65,12,27,3,3,0,0,0,1
0,2,0.0,5,4,1,1,0,0,3,1
240,2,90.95,10,27,4,3,1,0,0,1
10,0,127.0,3,17,4,2,0,0,0,0
64,1,48.51,3,11,4,2,1,3,0,1
77,1,68.04,4,15,4,2,1,3,0,1
132,1,96.56,8,10,3,5,2,0,3,1
81,1,89.25,10,25,4,2,2,0,0,0
66,0,207.9,8,14,4,1,2,0,5,0
77,1,80.3,2,19,4,2,1,0,0,1
55,1,97.2,11,2,4,2,0,0,0,1
7,2,131.0,4,23,4,1,1,0,0,1
349,0,72.9,12,6,4,1,0,0,0,0
132,0,151.2,10,16,4,2,2,0,3,0
7,2,173.67,6,8,4,3,0,0,3,1
1,0,65.0,12,27,2,1,2,0,0,1
134,0,136.0,6,26,4,4,2,1,3,1
0,0,65.0,12,29,3,3,1,0,0,1
0,0,65.0,1,11,2,2,1,0,0,1
109,1,107.55,7,11,4,3,1,0,0,1
178,0,72.25,8,18,3,5,2,0,0,0
53,2,135.9,6,28,4,5,0,0,0,1
80,1,88.29,12,20,4,5,2,1,0,1
60,2,123.3,9,1,4,3,0,0,3,1
3,1,31.0,2,26,2,1,0,0,0,1
90,1,117.9,8,12,4,2,2,0,0,1
60,1,90.9,3,31,4,2,0,0,0,1
77,0,99.96,10,10,3,3,1,0,3,1
13,0,148.5,5,5,4,3,1,0,3,1
81,1,103.5,7,3,4,1,2,3,0,0
0,0,149.0,5,26,4,3,0,3,0,1
29,0,67.0,4,5,2,3,0,0,0,1
0,1,73.0,11,30,2,1,0,0,0,1
3,0,79.0,3,21,2,0,1,0,0,1
59,0,80.0,1,28,3,1,0,0,0,1
2,0,72.75,4,17,3,2,2,0,0,1
10,1,131.0,4,22,4,1,0,0,0,1
47,1,100.0,8,18,3,2,0,0,0,1
2,1,0.0,12,13,1,0,1,0,0,1
102,0,63.75,8,6,3,1,1,3,0,1
20,0,66.0,2,21,3,2,2,0,0,1
6,1,102.41,10,30,4,3,2,0,0,1
92,1,78.54,3,30,4,4,0,3,0,1
7,0,65.0,10,22,2,1,0,0,0,1
6,0,67.0,11,16,2,1,0,0,0,1
105,0,85.05,10,30,4,2,2,0,0,0
120,0,126.9,6,10,4,2,1,0,0,0
2,0,92.0,3,16,3,1,0,3,0,1
129,1,121.5,5,13,4,2,1,0,3,1
7,1,156.0,6,16,4,4,2,0,3,0
58,0,123.3,3,28,4,0,1,0,3,0
3,0,65.0,7,11,2,0,1,0,0,1
17,3,97.41,4,10,4,0,2,0,0,1
114,2,135.9,9,23,4,2,1,0,0,1
34,0,159.3,4,30,4,1,1,0,3,0
88,0,80.75,6,8,3,4,1,0,0,0
38,0,67.5,10,30,3,2,2,0,3,1
17,0,66.0,2,19,3,2,1,0,0,1
24,0,45.5,2,29,3,3,1,0,0,1
1,0,101.0,3,28,4,0,1,0,0,1
35,2,118.1,3,3,4,3,2,1,0,1
165,1,103.5,7,10,4,0,1,3,0,0
247,0,111.0,6,6,3,1,1,1,0,0
156,0,131.52,11,8,4,5,0,0,0,0
187,1,99.45,7,11,4,5,2,0,3,0
1,1,114.0,10,14,4,1,0,3,0,1
76,0,116.28,6,13,3,3,1,0,0,1
62,2,93.6,11,22,4,3,0,0,0,1
286,1,117.0,9,16,3,2,0,1,0,0
116,0,72.0,2,28,3,1,2,0,0,0
52,1,73.2,11,6,4,2,1,0,0,1
1,0,90.0,10,13,3,1,0,0,0,1
36,1,177.77,9,24,4,5,2,0,5,1
22,0,137.67,5,1,4,1,2,0,0,0
38,1,94.5,10,6,4,3,0,0,0,1
45,2,82.44,11,19,4,1,0,0,1,1
106,2,72.25,7,8,3,6,2,0,0,1
4,1,65.0,10,11,2,3,0,0,0,1
128,1,43.43,2,5,3,5,2,0,0,1
87,1,111.6,4,30,4,1,1,3,0,0
51,0,75.0,11,4,3,2,0,0,0,1
44,1,103.05,10,15,4,2,0,0,0,0
20,2,210.57,7,29,4,2,0,0,6,1
76,1,98.25,10,13,4,2,0,0,0,1
161,2,114.75,7,27,4,4,0,0,0,0
75,0,80.75,9,17,3,1,1,0,0,1
51,2,187.11,9,16,4,2,2,0,5,1
15,1,70.0,12,27,3,5,1,0,0,1
220,1,96.3,9,2,4,2,0,0,0,0
8,1,102.0,1,27,4,1,0,0,0,1
45,0,81.0,9,12,3,1,1,0,0,1
42,1,91.8,11,2,4,4,0,0,0,1
19,1,77.25,12,23,4,1,0,0,1,1
113,0,103.5,7,10,4,0,1,3,0,0
53,1,125.1,9,26,4,0,1,3,0,0
27,1,110.0,10,28,4,2,2,3,0,1
1,0,0.0,9,15,1,1,0,0,0,1
206,0,90.95,8,2,4,10,4,0,0,0
2,0,77.0,9,21,3,2,1,0,0,1
114,0,140.4,5,24,4,3,0,0,3,1
31,0,63.0,3,19,3,1,1,0,0,1
27,2,177.0,10,17,4,2,1,1,0,1
2,1,89.0,5,16,4,0,1,3,0,1
28,1,116.25,9,5,4,3,1,0,0,1
3,0,0.0,9,17,1,1,0,0,0,1
38,0,117.9,7,4,4,0,1,0,0,0
0,1,0.0,10,28,1,2,0,0,0,1
12,1,134.75,11,7,4,2,1,3,0,1
16,1,98.6,12,24,4,2,2,0,3,1
83,0,90.6,9,30,3,1,0,1,0,1
166,0,99.45,7,7,4,3,2,0,0,0
66,1,184.52,10,24,4,2,1,0,6,1
18,1,88.29,11,11,4,2,1,0,0,1
51,0,159.3,5,17,4,3,0,0,3,0
6,1,118.0,3,14,4,4,1,0,0,1
146,0,95.0,4,24,4,0,2,0,0,0
7,0,106.0,7,6,2,2,0,0,4,1
102,0,72.25,12,5,4,1,2,0,0,0
48,2,121.8,4,25,4,2,1,0,0,1
88,1,134.1,6,15,4,3,0,3,0,1
3,0,79.2,8,17,2,5,1,0,0,0
282,2,83.3,12,29,4,3,1,0,0,0
45,0,101.38,11,1,4,8,2,0,0,0
118,0,76.0,3,1,3,1,0,0,0,1
92,1,76.5,7,31,4,1,0,0,0,0
127,0,99.45,5,6,4,3,2,0,0,1
42,1,78.3,1,16,4,1,2,0,0,1
95,2,72.25,12,5,4,1,0,0,0,1
135,2,114.75,7,13,4,5,2,0,0,1
24,0,159.0,3,24,4,1,0,0,0,0
49,0,76.5,3,14,4,1,1,0,0,0
60,0,115.2,7,4,4,1,1,0,0,1
60,2,152.1,7,9,4,1,0,0,3,1
149,0,130.5,8,12,4,2,1,0,0,0
7,2,138.5,10,30,4,2,2,0,0,1
18,1,65.0,6,20,2,0,1,0,0,1
16,0,109.0,3,18,4,2,0,0,0,0
19,0,75.0,7,18,3,1,1,3,0,1
126,0,131.47,7,3,4,4,2,0,0,1
1,0,109.0,7,29,4,1,0,3,0,0
135,3,76.5,8,1,4,3,2,0,0,1
15,4,0.0,8,28,1,1,0,0,1,1
60,1,60.0,1,29,3,2,0,0,0,1
164,0,76.46,8,24,4,3,0,0,0,0
38,1,101.83,9,14,4,5,2,0,0,1
95,0,68.0,10,30,3,4,2,0,0,1
0,0,103.2,5,18,3,1,0,3,0,1
8,2,92.67,2,10,4,3,0,0,3,1
7,1,117.04,10,3,4,2,1,0,0,1
148,1,115.6,12,23,4,2,2,0,3,1
90,0,78.63,4,21,3,3,0,0,0,1
45,1,80.3,2,25,4,3,0,0,0,1
56,0,71.52,2,8,4,2,1,0,1,1
71,0,90.0,5,10,3,3,0,0,0,1
30,0,150.3,3,31,4,3,0,0,0,0
17,0,126.0,3,18,4,2,2,0,0,1
87,2,131.4,8,31,4,4,0,0,0,1
164,1,126.9,9,30,4,2,2,0,3,0
30,2,153.0,9,1,4,2,0,1,0,1
15,2,200.0,11,7,4,2,1,0,0,1
39,2,94.5,10,12,4,3,1,0,0,1
33,0,65.0,9,28,1,2,0,0,0,1
1,1,66.22,2,1,4,0,1,0,0,1
19,0,112.0,11,1,4,2,0,0,0,0
87,0,80.75,6,11,3,2,2,0,0,1
134,0,116.1,6,18,4,1,0,3,0,1
314,0,75.0,10,12,4,3,0,0,0,0
106,0,121.37,7,18,4,5,2,0,3,0
51,0,123.3,8,31,4,4,1,0,3,0
96,1,57.6,12,4,4,2,2,3,0,1
0,0,101.52,6,20,4,0,1,0,0,1
159,2,130.14,9,16,4,3,2,0,0,0
13,2,119.0,6,9,4,1,0,0,0,1
0,0,64.0,1,14,3,1,0,0,0,1
0,0,106.0,12,28,4,0,1,0,0,1
70,3,106.25,4,4,4,3,1,0,0,1
14,1,81.9,1,27,4,2,0,0,0,1
1,0,105.0,8,10,4,1,1,0,0,0
61,2,81.9,11,14,4,1,2,0,3,1
1,1,65.0,4,5,2,2,0,0,0,1
29,0,122.55,9,18,4,0,2,3,0,0
33,1,85.5,9,14,4,1,1,0,0,1
15,2,106.33,11,29,4,3,0,0,0,1
150,2,76.5,8,13,4,3,0,0,0,1
52,1,108.0,10,17,4,1,1,3,0,1
52,1,131.4,3,22,4,3,0,0,3,0
127,3,90.0,12,22,4,2,0,0,0,1
23,0,65.75,3,5,3,3,2,0,0,1
155,1,118.8,8,18,4,1,0,0,3,0
91,1,127.5,5,4,3,4,0,1,0,1
5,1,106.68,11,6,4,3,2,3,0,1
14,0,105.0,11,16,4,4,0,0,0,0
0,1,136.44,8,24,4,1,0,1,0,1
124,0,159.3,6,3,4,2,1,0,3,0
158,0,107.1,8,15,3,2,1,0,3,0
36,0,100.8,4,17,4,0,2,0,0,0
246,1,114.75,10,13,4,3,2,0,0,0
2,0,55.0,3,2,3,1,0,0,3,1
124,1,105.3,8,1,4,2,1,0,0,1
3,2,133.0,10,4,4,4,2,3,0,1
11,0,145.0,7,10,4,2,2,0,0,0
76,2,110.5,4,16,4,2,2,0,0,1
0,0,90.0,9,10,2,1,0,0,0,1
77,2,86.4,11,23,4,1,0,0,0,1
266,1,96.3,12,30,4,2,0,0,0,1
222,0,168.3,10,29,4,1,0,0,5,0
26,0,142.0,4,15,4,2,0,0,3,0
31,0,75.0,10,26,3,2,1,0,3,1
29,1,73.73,3,7,4,3,1,0,3,1
28,1,107.53,10,7,4,3,0,0,0,1
34,0,159.3,3,25,4,2,0,0,3,0
74,0,186.3,6,15,4,2,0,0,3,0
138,0,96.3,8,29,4,1,1,0,0,1
31,0,77.0,2,4,2,2,0,0,0,1
3,0,106.0,12,27,4,2,0,0,0,1
92,2,150.45,5,15,4,2,2,0,3,1
5,2,189.43,4,26,4,3,0,0,5,1
16,0,111.0,5,29,4,0,1,0,0,0
42,1,104.42,11,16,4,4,1,0,0,1
13,0,153.0,8,24,4,1,1,0,5,1
147,0,137.7,8,22,4,2,1,0,3,0
167,0,102.0,9,16,4,4,0,0,3,0
2,0,102.7,8,2,4,1,0,0,0,1
96,0,180.3,4,28,4,3,0,0,5,0
38,0,117.9,7,20,4,1,0,0,0,0
86,1,97.54,7,26,4,3,0,0,1,1
6,2,163.33,8,13,4,1,2,0,0,1
15,0,114.33,6,12,4,1,2,0,0,0
0,0,116.0,3,4,4,2,0,0,3,1
7,1,70.0,10,17,4,1,1,3,0,1
5,1,120.0,10,19,4,1,1,0,0,1
2,0,90.0,11,11,3,1,0,0,4,1
3,0,120.0,8,17,2,2,1,0,0,0
123,1,118.8,9,5,4,3,1,3,0,0
20,0,80.0,3,9,3,3,0,0,0,1
0,1,136.0,9,19,3,1,2,0,3,1
12,2,94.35,10,23,4,3,2,0,0,1
113,0,55.63,3,29,4,4,0,3,0,1
121,0,90.95,6,4,3,2,2,0,3,1
84,0,80.0,11,11,3,1,0,0,0,1
7,0,101.0,3,22,4,1,0,0,0,0
1,3,0.0,8,12,4,2,0,0,1,1
52,1,118.0,8,28,4,0,1,3,0,0
25,1,60.0,12,27,3,3,0,0,0,1
7,1,144.86,11,6,4,5,2,0,0,1
111,1,139.5,7,23,4,3,2,1,0,1
39,1,70.87,11,12,4,11,5,3,0,0
101,1,134.1,8,20,4,1,1,0,0,1
21,1,37.07,11,5,3,3,0,0,0,1
48,1,88.4,12,4,4,3,2,0,0,1
98,0,198.9,6,2,4,3,0,0,5,0
36,3,159.3,5,1,4,2,2,0,3,1
74,3,89.25,9,15,4,2,0,0,0,1
172,1,96.3,7,3,4,1,2,0,0,1
2,3,130.0,10,27,4,2,0,3,0,1
122,0,80.0,12,8,4,3,0,0,0,0
6,0,104.0,10,9,3,0,2,0,0,1
40,2,99.71,10,7,4,3,0,0,0,1
47,2,150.3,7,2,4,1,1,0,3,1
0,0,65.0,12,21,3,1,0,0,0,1
117,1,114.3,5,6,4,2,0,0,3,1
3,2,67.0,5,12,2,1,0,0,0,1
147,1,6.0,4,4,4,3,1,0,1,1
1,2,221.33,10,6,4,3,0,0,5,1
4,0,73.8,2,22,3,1,1,0,0,1
122,2,81.26,8,21,3,5,3,0,0,1
235,0,97.71,9,28,4,2,0,0,0,0
38,4,179.3,10,20,4,1,0,0,5,1
75,0,135.0,10,11,4,5,0,0,0,0
12,1,164.0,9,22,4,4,0,3,0,1
210,0,72.25,8,15,3,5,2,0,0,1
147,2,143.1,9,18,4,3,2,0,3,1
5,2,114.0,9,9,4,2,0,0,0,1
27,0,156.0,5,18,4,1,0,0,3,1
136,1,117.29,5,29,4,3,2,0,3,1
79,2,148.86,7,6,4,4,1,0,3,1
2,1,197.0,5,27,4,1,0,0,3,1
30,1,111.6,6,19,3,2,2,0,0,1
6,0,100.63,11,14,2,3,1,0,3,1
184,2,90.9,10,17,4,3,1,0,0,1
12,3,158.5,2,24,4,4,0,1,0,1
12,0,131.0,6,27,4,3,1,0,3,1
1,0,79.0,1,20,4,2,0,3,0,1
10,0,145.0,10,8,4,1,0,0,0,0
151,1,105.3,7,15,4,1,0,0,0,0
128,1,151.2,10,18,4,5,1,0,3,1
87,1,53.67,3,9,4,4,1,0,0,1
32,1,109.58,10,14,4,4,0,0,0,1
55,0,207.9,9,20,4,3,0,0,5,0
179,0,137.7,8,22,4,0,1,0,3,0
20,0,110.0,5,26,0,1,0,0,3,1
159,0,103.21,6,12,4,2,2,0,1,0
195,0,76.16,5,16,3,2,1,0,0,1
55,1,109.8,9,2,4,2,1,0,0,1
93,0,92.65,12,10,3,1,1,0,0,1
1,0,173.0,2,19,4,1,0,0,5,1
64,1,149.4,9,16,4,2,0,0,3,1
89,1,159.3,4,30,4,1,2,0,3,0
195,1,106.03,8,13,4,1,2,0,0,0
32,1,68.0,10,26,3,4,1,0,3,1
39,0,71.1,3,3,4,3,1,3,0,0
147,2,84.6,12,14,4,1,0,0,0,1
1,0,98.0,8,9,4,0,1,3,0,1
166,0,90.95,7,7,4,3,1,0,0,0
0,1,0.0,1,20,1,1,0,0,6,1
40,0,155.13,12,31,4,2,2,1,0,0
133,0,85.5,5,17,3,5,1,0,0,1
5,0,86.0,2,10,4,1,0,0,0,1
104,2,138.6,9,2,4,2,1,0,0,1
30,2,88.0,12,8,4,3,0,3,0,1
3,1,157.27,10,15,4,1,0,0,3,1
130,0,80.75,9,3,3,1,2,0,0,1
120,0,72.25,7,20,3,4,0,0,0,0
163,3,121.5,8,1,4,0,1,0,0,1
205,1,90.95,7,22,4,3,2,0,0,0
95,0,60.5,12,29,3,4,0,0,3,1
145,1,131.7,7,3,4,1,2,0,3,1
81,0,131.4,8,5,4,2,0,0,3,0
17,2,104.0,11,23,4,3,0,0,0,1
8,1,91.0,6,23,4,1,0,0,0,1
15,0,88.0,3,10,4,4,2,3,0,0
44,1,126.0,10,11,4,3,0,0,0,1
39,1,83.9,3,3,4,3,1,0,0,1
63,2,142.2,9,1,4,3,1,0,3,1
105,0,65.0,9,28,2,1,0,0,0,1
71,2,79.2,11,25,4,2,0,3,0,1
89,1,121.8,7,26,4,5,1,0,3,1
2,0,90.95,6,13,3,5,1,0,3,1
207,2,108.9,10,4,4,1,0,0,0,0
6,1,149.0,9,17,4,1,1,3,0,1
214,1,158.95,8,7,4,2,2,0,5,0
44,0,85.0,4,23,3,1,2,0,0,1
50,0,126.0,11,25,4,2,1,0,3,0
7,1,115.0,2,15,3,4,1,0,0,1
110,1,104.4,10,28,4,2,1,0,3,1
82,1,99.45,4,8,4,2,2,0,3,1
5,0,84.0,6,14,3,1,0,0,0,1
320,1,94.95,8,20,4,1,2,0,1,1
98,1,85.6,4,8,4,2,0,0,0,0
10,3,162.33,9,18,4,1,2,0,0,1
38,0,151.47,8,14,4,1,2,0,3,0
85,0,105.0,12,8,3,3,0,0,0,1
55,0,126.0,8,29,4,8,3,0,3,1
1,0,183.0,5,9,4,1,1,0,5,1
16,0,43.0,1,31,3,2,2,0,0,1
4,4,0.0,5,13,1,1,0,0,6,1
55,0,100.0,9,9,2,2,0,0,0,0
34,2,79.8,3,25,4,2,2,0,1,1
6,2,67.0,12,8,2,1,0,0,0,1
81,0,116.1,5,7,4,1,2,3,0,1
85,2,134.1,8,16,4,5,0,0,0,1
164,0,114.3,7,10,4,0,2,0,0,0
63,1,99.79,4,24,4,3,2,0,0,1
26,0,100.0,11,11,4,1,0,3,0,0
86,1,93.6,12,15,4,2,0,0,0,1
2,1,200.0,9,19,4,1,0,0,3,1
27,0,90.25,9,3,4,3,1,0,0,1
7,1,132.33,6,29,4,3,0,3,0,1
86,3,90.95,9,3,3,2,2,0,3,1
17,1,97.0,3,19,4,1,0,3,0,1
173,1,126.9,9,13,4,5,2,0,0,0
52,0,79.2,11,3,4,1,0,3,0,0
12,0,90.0,8,5,2,3,0,0,0,1
159,1,114.75,5,13,4,2,2,0,0,0
215,0,67.26,11,30,4,4,0,0,1,0
189,1,60.0,3,25,3,2,1,0,3,1
213,0,119.85,9,19,4,5,3,0,0,0
41,0,114.04,3,28,4,4,1,0,3,1
24,0,53.85,9,1,3,6,2,0,0,1
62,1,111.88,12,23,4,2,1,1,0,1
17,0,97.0,3,11,4,2,1,3,0,0
42,2,94.5,10,19,4,1,1,0,0,1
47,1,79.2,11,11,4,2,1,3,0,0
18,0,79.0,3,15,4,4,0,3,0,1
1,1,111.0,6,14,4,1,0,0,0,1
3,0,89.0,4,8,4,1,0,3,0,0
89,0,162.3,4,9,4,1,2,0,5,1
4,0,90.0,5,20,2,1,0,0,3,0
104,1,108.0,10,17,4,2,1,3,0,0
97,1,76.5,8,19,4,1,0,0,0,1
181,0,85.5,8,27,4,1,2,3,0,0
85,1,116.1,6,21,4,2,0,3,0,1
118,1,85.5,7,19,4,0,2,0,0,0
58,1,139.5,10,20,4,3,0,0,3,0
40,0,85.5,6,27,3,2,1,0,0,1
38,1,104.64,9,25,4,0,2,0,0,0
9,1,115.0,2,27,4,1,1,0,3,0
125,0,90.0,12,2,4,1,0,0,0,1
5,0,65.0,5,10,2,1,0,0,0,1
33,1,67.5,8,5,4,4,0,0,1,0
281,0,108.8,10,3,4,3,1,0,3,0
45,1,79.2,11,11,4,2,0,3,0,1
53,1,161.78,8,25,4,3,1,0,3,1
151,1,143.28,12,29,4,3,0,0,0,0
12,2,177.0,6,19,4,2,2,0,3,1
92,0,149.4,9,9,4,2,2,0,3,0
21,3,124.25,8,29,4,3,1,0,0,1
50,1,74.8,11,15,4,4,0,3,0,1
35,1,151.5,10,8,4,1,2,0,3,1
54,0,144.0,8,28,4,3,2,1,0,1
24,1,117.67,9,17,4,3,0,0,0,1
1,0,115.0,8,4,4,1,0,0,0,1
49,1,90.9,4,19,4,1,0,0,0,1
60,1,63.49,3,12,4,2,2,0,3,1
54,0,159.3,6,4,4,1,0,0,3,0
100,1,121.5,7,16,4,1,2,0,0,0
107,1,119.7,8,21,4,1,2,0,0,1
111,1,86.9,9,1,4,3,0,3,0,1
18,0,74.8,11,25,4,2,2,3,0,0
73,2,89.25,10,22,4,3,0,0,0,1
37,2,135.9,7,13,4,4,0,0,0,1
77,3,132.3,10,7,4,2,1,0,3,1
216,0,172.23,11,6,4,5,2,0,0,0
75,0,75.0,4,26,3,4,0,0,0,1
15,1,81.0,11,6,4,2,0,0,0,1
56,0,132.6,5,13,4,5,2,0,3,0
1,0,80.0,7,21,3,1,0,3,0,1
105,0,139.5,7,31,4,3,2,0,3,0
40,0,107.1,4,1,4,2,1,3,0,0
59,0,75.0,11,18,3,2,2,0,0,1
110,0,85.75,5,17,3,7,2,0,0,1
25,0,75.0,10,19,3,2,1,0,3,1
4,1,99.0,4,2,4,1,0,3,0,1
46,2,125.1,8,17,4,1,0,3,0,1
76,1,135.0,10,12,4,4,2,0,0,0
27,0,163.8,10,3,4,4,1,0,3,0
43,0,68.0,3,25,3,2,1,0,0,1
70,1,72.9,2,26,4,2,0,0,0,0
132,0,90.95,6,28,4,4,0,0,0,1
9,0,96.0,12,9,4,3,0,0,0,1
247,1,67.26,12,24,4,3,2,0,1,1
179,0,93.5,9,20,4,0,1,0,0,0
79,0,80.75,4,7,4,3,1,0,0,0
67,2,132.3,6,26,4,0,2,0,3,1
80,0,96.9,6,27,3,3,1,0,0,1
71,0,127.0,9,22,3,3,0,1,0,1
126,0,97.75,7,6,4,4,0,3,0,0
127,1,146.92,10,2,4,3,2,0,5,1
81,1,161.1,8,16,4,2,0,0,0,1
6,3,69.5,1,12,4,2,0,3,0,1
192,1,117.3,7,25,3,4,1,0,4,0
192,2,76.5,8,6,4,3,2,0,0,1
21,1,95.48,10,26,4,2,0,0,0,1
72,1,119.85,5,13,4,2,2,0,0,1
10,0,137.7,7,4,2,1,1,0,0,1
23,1,68.53,9,12,4,0,1,3,0,1
0,2,122.0,8,27,4,1,0,0,0,1
2,2,145.0,9,20,4,3,2,0,0,1
28,0,82.65,10,15,4,3,0,0,0,1
17,1,230.0,8,22,4,3,1,0,5,1
199,0,106.0,9,12,2,2,1,0,4,0
55,1,60.0,1,31,3,1,2,0,0,1
141,2,105.3,7,17,4,1,2,0,0,1
157,0,106.0,8,1,2,2,1,0,4,0
93,0,134.1,8,3,4,4,1,0,0,0
35,0,94.5,4,22,4,2,1,3,0,1
6,1,106.33,3,10,4,3,0,0,0,1
32,2,126.0,4,20,4,2,0,0,0,1
15,1,85.29,8,27,4,5,2,0,1,0
53,1,120.0,4,28,4,3,0,0,0,1
101,1,69.5,2,18,4,3,0,3,0,1
9,2,178.0,10,30,4,0,2,1,0,1
30,0,85.0,10,16,3,1,2,0,0,1
4,3,128.0,8,17,4,1,1,0,0,1
173,2,94.5,7,8,4,1,0,3,0,1
144,0,131.7,8,24,4,3,0,0,3,0
69,0,72.25,4,10,3,0,1,3,0,1
88,1,119.0,12,17,4,5,2,0,3,1
6,0,77.0,9,24,3,1,0,0,0,1
45,1,95.0,4,23,3,1,2,0,0,1
104,1,88.4,12,8,4,3,1,0,0,1
19,1,95.0,9,19,3,2,1,0,0,1
4,0,66.0,2,23,2,1,0,0,0,1
0,0,75.0,3,24,3,1,0,0,0,1
110,0,90.95,4,20,4,2,0,0,3,1
164,1,96.3,7,1,4,2,0,0,0,1
32,2,88.0,12,2,4,2,0,3,0,1
1,1,111.35,5,30,4,3,1,0,0,1
38,0,96.3,10,20,4,5,0,0,0,1
2,0,87.78,5,31,4,3,0,3,0,1
1,1,116.0,4,16,4,2,2,0,3,1
89,0,80.3,3,3,4,3,0,0,0,1
8,2,81.0,8,19,4,3,0,3,0,1
33,0,80.1,4,18,4,1,1,3,0,1
79,0,143.1,7,9,4,3,2,0,3,1
15,2,117.0,8,30,4,2,0,0,0,1
49,0,152.1,8,15,4,2,1,0,0,0
197,0,96.3,10,29,4,1,2,0,0,0
93,1,122.4,11,3,4,3,0,0,3,1
20,0,129.0,10,4,4,3,0,3,0,0
88,1,102.6,11,18,4,2,0,0,3,0
18,1,110.46,7,11,4,2,1,0,0,1
87,1,79.5,4,4,4,2,1,3,0,1
103,0,94.5,7,18,3,1,2,1,0,1
1,1,65.0,11,5,3,1,0,0,0,1
53,1,137.7,4,7,4,3,0,0,3,1
19,0,149.0,10,3,4,2,1,0,0,0
14,0,98.39,12,3,4,2,2,0,3,1
5,0,151.0,8,9,4,3,0,0,0,0
147,1,114.3,8,6,4,1,0,0,0,0
69,1,92.28,5,11,4,4,0,0,0,1
14,1,108.45,11,2,4,3,1,0,3,1
7,2,155.45,9,28,4,8,3,0,0,1
103,0,205.0,12,31,3,1,2,0,0,0
67,2,130.4,12,5,4,1,2,3,0,1
0,2,146.4,9,8,4,5,0,0,0,1
19,1,130.0,2,19,4,2,2,0,3,1
29,1,148.0,7,28,4,1,0,3,0,1
5,0,254.0,3,27,4,3,2,1,5,0
125,0,138.3,12,27,4,3,0,0,3,0
67,0,80.75,4,3,4,4,2,3,0,1
5,2,184.0,9,7,4,1,0,0,3,1
139,0,151.2,10,8,4,1,2,0,3,0
222,0,118.0,4,28,4,3,2,0,0,0
28,0,81.0,2,4,4,1,0,0,0,0
39,1,67.5,2,13,4,1,2,3,0,1
1,0,200.0,6,10,4,1,0,0,5,1
137,2,117.3,12,24,4,3,2,1,0,1
158,1,126.9,9,16,4,1,0,0,0,0
3,1,136.0,6,10,4,1,0,0,3,1
71,0,183.5,10,22,3,1,1,1,3,1
92,1,80.75,6,26,3,1,2,0,0,1
0,1,136.0,10,15,4,2,0,0,3,1
0,0,148.67,8,13,4,3,0,0,0,0
3,2,178.67,11,18,4,2,1,0,5,1
10,0,79.2,12,16,4,2,1,0,0,1
0,1,110.46,7,5,4,3,0,3,0,1
55,1,84.8,3,1,4,2,0,0,0,1
45,0,168.3,5,12,4,3,2,0,3,1
22,0,82.33,2,4,4,3,0,0,0,0
88,0,75.0,12,18,3,1,2,0,0,1
0,2,129.0,6,18,4,1,0,3,0,1
99,1,96.3,4,13,4,2,0,0,0,0
89,1,127.8,7,14,4,2,0,0,3,0
15,0,99.0,9,12,4,0,1,0,0,0
1,0,85.0,12,10,4,1,0,3,0,1
195,1,89.25,9,7,4,5,1,0,0,1
14,1,72.0,5,18,3,4,0,0,0,1
208,0,116.1,9,11,4,1,2,3,1,0
218,2,106.1,10,7,4,2,1,0,0,0
5,1,143.5,6,20,4,3,1,0,3,0
3,0,131.0,7,24,4,0,1,0,0,1
3,2,102.8,4,23,4,1,1,0,0,1
9,1,89.0,1,4,4,0,1,0,0,1
5,1,136.0,4,21,4,3,0,0,3,1
80,1,76.5,7,3,4,2,1,0,0,0
183,0,98.1,10,11,4,1,0,3,0,0
30,1,85.0,3,11,3,2,2,0,0,1
135,2,79.2,12,28,4,1,0,3,0,0
100,1,86.09,4,8,4,5,2,0,0,1
5,0,84.0,9,26,2,0,1,0,0,1
31,0,105.3,5,13,3,2,0,0,3,1
0,0,67.0,11,24,2,1,0,0,0,1
1,2,0.0,10,3,1,1,1,0,0,1
4,2,81.6,12,19,4,3,1,0,0,1
151,1,162.0,9,23,4,2,2,0,3,0
146,2,130.0,6,29,4,2,0,0,0,1
137,1,136.34,8,4,4,3,1,0,3,1
46,2,163.8,5,16,4,1,1,0,3,1
77,1,90.9,4,14,4,1,0,0,0,0
2,1,86.0,12,14,2,3,0,0,0,1
88,0,98.18,4,26,4,4,0,0,0,0
209,1,81.9,12,8,4,3,0,0,0,1
30,1,92.0,1,1,4,2,0,3,0,1
149,0,80.75,8,27,3,3,2,0,0,1
53,0,123.3,4,2,4,1,0,0,3,0
3,0,139.0,3,23,4,2,0,0,0,0
13,1,160.0,9,4,4,1,2,0,3,1
31,3,78.0,5,21,3,1,0,0,0,1
25,0,9.0,11,11,1,2,0,0,0,1
4,0,98.32,5,15,2,2,2,0,0,1
14,0,100.0,10,15,3,2,0,0,0,1
125,1,117.0,8,21,4,3,2,0,3,1
15,1,116.31,10,4,4,2,0,0,0,1
74,1,63.75,11,17,4,3,0,0,0,0
56,0,103.86,11,3,4,3,0,0,0,1
60,0,121.5,4,30,4,1,1,0,0,0
5,1,125.33,12,10,4,1,2,0,3,1
28,1,117.0,9,12,4,1,2,0,0,0
54,2,85.5,9,15,4,1,0,0,0,1
73,0,77.04,4,26,3,3,0,0,0,1
49,0,75.0,11,2,3,4,0,0,0,1
2,0,94.0,8,3,2,2,0,0,3,1
7,1,154.0,7,11,4,0,1,0,0,1
3,0,0.0,6,24,4,0,0,0,3,1
249,0,184.65,12,27,3,5,0,0,0,1
92,1,76.5,7,4,4,1,2,0,0,0
12,0,183.67,3,24,4,3,0,0,3,0
103,1,76.22,4,11,4,0,1,0,0,1
124,1,48.33,3,15,3,5,1,0,0,1
88,2,150.45,4,3,4,2,2,0,5,1
29,1,139.0,7,28,4,1,0,3,0,1
17,0,187.0,7,9,4,1,1,0,3,0
121,0,107.95,7,3,4,2,2,0,0,0
22,2,95.0,9,1,4,5,1,0,0,1
7,2,107.03,8,31,4,1,0,0,0,1
0,1,155.0,9,21,4,3,1,0,3,1
51,1,108.0,10,5,4,2,0,3,0,1
43,0,137.33,12,31,3,3,0,1,0,1
274,1,96.5,7,31,4,1,2,0,1,1
37,1,158.4,10,2,4,1,2,0,3,1
188,0,61.88,11,21,3,2,1,0,0,1
137,1,105.3,7,12,4,3,0,0,0,1
69,1,88.4,7,28,3,5,2,0,0,1
28,1,98.0,10,12,2,1,0,0,0,1
238,0,80.0,10,13,3,3,0,0,0,1
54,1,83.8,11,18,4,3,2,3,0,1
335,0,0.0,10,13,4,3,0,0,0,0
126,0,103.5,5,7,4,1,0,3,0,0
40,0,109.8,4,18,4,0,1,0,3,1
197,1,86.9,8,11,4,1,0,0,3,0
57,2,202.5,10,12,4,2,0,1,3,1
34,1,151.2,10,4,4,3,0,0,3,1
7,0,66.0,2,29,2,1,1,0,0,1
65,1,107.1,9,6,4,2,0,0,0,1
248,2,83.38,10,13,4,3,2,0,0,1
43,0,168.3,7,14,4,1,0,0,3,0
9,0,142.0,8,16,4,5,1,0,0,0
0,1,114.0,8,20,4,1,0,0,0,1
158,1,89.25,10,5,4,1,1,0,0,1
192,0,19.15,9,25,3,3,2,0,0,0
1,1,96.3,10,23,4,2,2,0,0,1
20,1,97.0,3,11,4,2,1,3,0,1
52,0,94.5,4,12,4,3,0,3,0,0
34,0,85.0,10,26,3,4,1,0,0,1
176,0,143.1,9,15,4,3,0,0,0,0
38,2,87.0,12,13,4,1,2,0,0,1
4,1,139.33,9,30,4,3,0,3,0,1
43,2,176.67,11,9,4,3,0,0,0,1
19,0,139.0,7,27,4,2,0,3,0,1
242,0,108.8,9,10,4,2,2,0,3,0
14,1,97.75,5,31,4,2,0,0,0,1
2,0,65.0,9,27,2,0,2,0,0,0
36,1,108.9,6,19,4,1,2,0,0,1
153,1,90.0,12,10,4,1,2,0,0,1
1,1,89.5,12,20,4,3,0,0,0,1
7,0,79.0,11,3,2,1,0,0,0,1
84,2,168.3,9,13,4,5,0,0,3,1
62,2,137.7,4,24,4,1,2,0,3,1
12,1,111.0,2,12,4,3,2,0,0,1
54,3,85.6,11,2,4,4,1,3,0,1
6,1,97.02,10,18,4,2,2,0,0,1
36,1,63.06,3,9,4,4,0,0,0,0
66,2,93.6,11,2,4,4,0,0,0,1
1,0,101.5,8,14,3,2,0,1,0,1
13,0,78.0,12,20,4,3,0,3,0,1
136,1,154.8,9,30,4,2,1,0,3,0
116,0,89.25,5,15,4,3,2,3,0,0
18,1,186.5,10,2,4,2,0,0,5,1
72,0,84.0,9,18,3,1,0,1,0,1
10,1,99.0,8,17,4,3,1,0,0,0
158,0,114.3,8,13,4,1,1,0,0,0
35,1,68.07,12,9,4,7,2,0,0,1
46,0,85.5,10,16,3,2,2,0,0,1
68,1,112.2,4,6,4,5,2,0,3,1
72,0,132.6,5,22,4,3,2,0,3,0
12,1,89.59,12,10,4,3,2,0,0,1
0,0,160.0,9,27,2,1,0,0,3,1
57,1,123.3,9,2,4,2,0,0,3,1
117,0,105.3,5,6,4,2,1,0,0,0
75,1,127.8,7,30,4,1,0,0,3,1
45,1,83.3,2,18,4,3,0,0,0,1
56,0,68.72,10,9,4,4,2,0,1,0
1,1,232.5,11,6,4,0,2,0,3,1
101,1,68.0,8,6,4,2,0,0,0,1
33,1,111.42,8,29,4,4,1,0,0,1
193,0,65.0,10,15,4,3,0,0,0,0
0,0,0.0,7,19,1,1,0,0,0,1
48,1,158.0,10,22,4,1,1,0,5,1
3,0,70.0,10,7,3,4,0,0,0,1
28,1,97.63,4,17,4,1,2,0,0,0
3,2,133.0,9,21,4,2,1,3,0,1
9,0,58.0,2,8,3,2,1,3,0,1
99,0,236.52,10,21,4,3,2,1,5,0
16,1,136.0,4,25,4,2,1,0,3,1
183,1,112.0,8,9,4,3,0,0,0,0
46,1,75.0,3,29,3,5,0,0,0,1
18,1,139.0,9,20,4,1,0,0,0,1
212,1,70.0,5,20,3,3,2,0,0,1
13,1,101.0,11,22,4,0,1,0,3,1
40,1,73.8,12,5,3,1,2,0,3,1
86,1,95.85,3,26,4,3,2,0,0,1
56,0,74.0,6,9,3,3,1,0,0,1
45,0,76.3,2,29,4,2,1,0,0,1
64,0,70.46,3,10,4,13,6,3,0,0
6,0,132.0,7,2,4,1,1,3,0,0
0,0,86.0,1,2,4,1,1,0,0,1
122,1,101.15,7,14,4,8,2,0,0,1
77,0,87.31,3,22,4,5,2,0,0,1
23,0,79.2,11,24,4,3,1,3,0,0
80,2,137.7,4,11,4,2,1,0,0,1
82,1,103.7,4,14,4,3,1,0,3,0
56,2,79.2,12,12,4,0,1,3,0,1
268,0,78.0,4,8,4,3,2,0,0,0
11,0,58.0,12,11,3,2,1,0,0,1
130,1,104.4,5,5,4,3,0,0,0,1
48,3,168.3,8,15,4,4,1,0,3,1
32,2,97.92,10,5,4,4,1,0,0,1
47,1,150.3,7,2,4,1,1,0,3,0
29,3,186.2,10,5,4,2,0,0,3,1
2,0,80.0,1,29,4,1,0,0,0,1
6,0,79.0,7,12,2,1,0,0,0,1
44,1,71.1,3,9,4,3,0,3,0,1
108,2,123.25,7,5,4,5,1,0,0,0
82,0,99.45,3,24,4,3,1,0,3,1
92,0,90.95,4,25,4,3,1,0,0,0
28,0,156.0,5,20,4,2,0,0,3,0
14,0,73.0,5,27,3,1,0,0,0,1
213,1,94.5,8,12,4,2,1,3,0,1
26,0,115.0,4,15,4,2,0,3,0,0
52,0,72.0,12,9,3,2,1,0,0,1
10,0,146.0,7,11,3,3,1,0,0,1
32,0,109.87,9,25,4,3,2,0,3,1
213,1,108.95,8,2,4,5,0,0,0,0
0,0,132.44,5,1,4,0,2,0,0,1
14,1,78.54,9,4,4,3,2,0,3,1
59,2,138.6,12,24,4,1,2,0,3,1
39,2,135.9,9,12,4,0,1,0,0,1
216,1,86.63,7,18,4,1,1,0,1,0
2,1,127.33,8,17,4,2,1,0,0,1
92,0,150.3,8,20,4,2,2,0,3,0
48,1,78.54,10,14,4,4,1,0,3,1
41,2,132.67,10,26,4,3,0,0,0,1
114,0,72.25,8,22,3,3,1,0,0,1
178,0,88.77,8,27,4,1,1,0,1,0
99,2,137.7,7,15,4,2,1,0,3,1
19,0,46.4,2,15,3,4,1,0,0,1
96,2,135.72,10,21,4,3,2,0,3,1
264,1,95.4,7,4,4,2,1,0,0,0
16,1,131.0,7,28,4,2,0,0,0,0
88,0,121.5,5,13,4,2,0,0,0,1
0,0,145.0,10,21,4,1,0,0,0,1
26,1,79.85,10,4,4,3,2,0,3,0
18,0,87.0,2,21,3,2,2,0,0,1
5,1,76.58,11,10,4,4,0,0,3,1
21,0,64.8,3,1,3,1,0,0,0,1
105,3,102.83,11,12,4,5,2,0,0,1
75,1,76.5,10,31,4,2,2,0,0,0
32,0,150.3,3,31,4,3,1,0,0,0
62,1,58.94,3,4,4,2,2,0,0,1
40,1,73.9,1,22,4,2,1,0,0,1
7,2,90.0,8,26,4,4,0,0,0,1
32,1,109.0,10,27,4,3,0,3,0,1
110,1,85.87,11,2,4,3,0,3,0,1
76,1,237.2,6,17,4,2,2,0,1,1
0,1,0.0,3,29,1,2,0,0,0,1
52,0,37.33,12,5,3,1,2,0,0,1
89,0,126.9,5,7,4,1,1,0,0,0
81,0,132.3,10,8,4,3,2,0,3,0
62,1,115.04,9,27,4,2,0,0,3,1
115,0,131.4,8,26,4,2,2,0,3,0
109,1,76.5,7,16,4,1,0,0,0,0
23,2,95.0,4,2,3,2,2,0,0,1
45,2,94.5,10,20,4,1,0,0,0,1
69,0,150.3,7,2,4,1,0,0,3,0
1,1,103.0,2,27,4,1,0,0,0,1
314,0,68.66,12,26,4,6,3,3,0,0
4,4,0.0,7,5,1,1,0,0,0,1
58,1,125.1,6,21,4,1,0,0,0,1
6,1,0.0,6,20,1,0,1,0,3,1
54,1,73.5,2,27,4,1,2,3,0,0
136,1,105.3,8,3,4,3,0,0,0,1
83,1,141.1,7,28,4,3,0,0,3,1
17,1,143.43,11,9,4,4,0,0,3,1
15,1,130.0,2,19,4,2,0,0,3,1
98,1,115.6,4,12,3,3,0,0,3,1
74,0,114.3,3,24,4,3,0,0,3,0
52,1,99.9,6,20,4,3,1,0,0,1
69,0,123.98,9,1,4,6,2,3,0,0
14,0,65.0,6,15,2,1,0,0,0,1
72,1,151.2,10,18,4,3,0,0,3,0
6,0,87.0,12,18,4,2,1,0,0,1
10,0,66.0,1,28,2,1,0,0,0,1
45,1,152.1,9,15,4,1,0,0,0,1
22,0,97.6,8,31,4,2,0,0,0,1
154,3,126.9,9,8,4,3,0,0,0,1
14,0,187.0,7,3,4,1,2,0,3,0
6,0,49.59,11,28,4,3,1,3,0,1
96,1,118.8,6,29,4,2,0,0,0,1
33,0,123.82,10,2,4,3,2,1,3,0
218,1,90.95,8,20,4,3,2,0,0,0
4,2,133.0,2,28,4,2,2,0,3,1
1,0,65.0,9,2,2,2,0,0,0,1
129,2,151.84,8,3,4,5,2,0,3,1
156,0,99.45,8,2,4,4,0,0,0,0
115,0,1.0,2,27,4,1,0,0,0,1
66,0,75.0,10,9,3,2,1,0,0,1
71,0,115.6,6,1,3,4,1,0,3,0
1,0,95.65,8,23,4,2,0,3,3,1
36,1,100.0,10,28,3,2,1,0,0,1
99,1,72.25,12,15,4,3,0,0,0,1
76,1,207.9,9,4,4,0,2,0,5,0
75,0,75.0,11,29,3,5,0,0,0,1
31,1,134.1,10,4,4,1,0,0,0,1
22,0,0.0,2,2,1,2,0,0,0,1
1,0,107.03,8,20,4,1,0,3,0,1
9,2,148.0,8,14,4,1,2,3,0,1
42,0,62.8,3,25,3,2,1,3,0,1
62,2,102.6,12,7,4,1,0,0,3,1
34,0,152.1,7,29,4,1,0,0,0,1
44,1,104.4,3,31,4,1,0,0,3,1
90,1,90.9,4,18,4,2,1,0,0,0
72,0,70.72,11,18,4,2,2,0,0,1
73,2,159.3,5,25,4,2,0,0,3,1
72,0,95.0,9,21,3,3,0,0,0,1
89,1,68.0,7,6,4,4,1,0,0,0
9,1,130.0,8,20,4,1,0,0,0,0
53,0,96.3,3,6,4,1,2,0,3,0
87,2,69.53,10,31,4,2,1,0,0,1
8,0,72.22,12,6,4,1,2,0,3,1
1,1,66.0,2,3,2,1,0,0,0,1
21,2,164.0,10,10,4,3,1,0,3,1
4,0,65.0,9,19,2,0,1,0,0,1
214,0,90.9,8,16,4,3,0,0,0,0
13,0,40.0,12,13,3,5,2,0,0,1
3,0,120.0,6,10,3,2,0,0,0,1
32,0,85.0,10,15,3,1,1,0,0,1
200,0,213.6,10,31,4,2,1,1,5,0
61,2,102.6,12,2,4,2,0,0,3,1
34,0,65.0,3,4,3,3,2,0,0,1
134,2,137.7,9,29,4,3,1,0,3,0
83,1,97.54,7,23,4,1,2,0,1,1
288,0,107.38,12,25,4,4,2,0,3,1
203,0,58.14,8,3,4,4,0,3,0,0
70,2,61.56,4,2,4,3,2,0,0,1
72,1,110.8,12,30,4,4,0,0,0,1
63,0,193.68,11,7,4,2,1,0,5,1
85,0,102.43,4,28,4,3,1,3,0,0
68,0,132.6,5,21,4,3,2,0,3,0
65,1,125.1,9,27,4,3,0,3,0,1
69,2,135.9,8,16,4,3,0,0,0,1
2,1,177.5,8,16,4,2,0,0,0,1
1,0,71.65,8,1,4,1,1,3,0,1
89,1,150.3,8,15,4,1,1,0,3,1
158,0,138.83,8,14,4,4,2,1,0,0
3,0,139.0,8,6,4,1,0,3,0,0
156,1,158.95,8,28,4,2,2,0,5,0
50,0,75.0,3,29,3,3,0,0,0,1
24,0,80.0,12,2,3,2,1,0,0,1
5,0,105.0,9,8,4,3,0,0,0,1
174,1,99.45,8,12,4,2,2,0,0,1
1,0,0.0,8,20,1,2,0,0,0,1
3,0,46.54,8,31,3,3,1,0,0,1
36,0,71.25,10,29,3,3,1,0,3,1
94,0,123.3,7,21,4,3,1,0,3,1
72,1,104.4,3,14,4,2,1,0,3,1
60,0,78.3,2,5,4,2,1,0,0,1
78,2,177.3,4,7,4,2,0,0,5,1
113,1,82.0,3,22,3,3,0,0,0,1
167,0,119.85,9,3,4,5,2,0,0,0
48,0,157.5,7,2,4,3,2,0,3,0
100,0,132.18,5,2,4,3,1,0,0,0
58,2,159.3,6,10,4,2,1,0,3,1
49,2,72.25,6,17,3,3,2,3,0,1
4,0,106.14,8,14,4,5,2,0,0,1
41,0,142.2,6,17,4,2,0,0,3,0
0,1,89.0,2,27,4,1,0,0,0,1
111,3,168.3,9,16,4,2,0,0,3,1
183,0,123.3,10,28,4,2,2,0,3,0
44,1,117.15,4,23,4,2,2,0,3,1
91,0,116.1,6,18,4,1,1,3,0,0
123,0,89.92,3,30,4,3,0,0,1,0
0,0,79.0,1,26,2,2,0,0,0,1
52,0,145.24,10,23,4,3,2,0,4,0
124,1,114.3,8,11,4,3,0,0,0,1
0,0,110.0,9,19,2,2,1,0,3,1
2,0,79.0,2,13,4,1,0,3,0,0
2,1,78.0,12,17,4,1,0,3,0,1
83,2,90.32,12,26,4,3,1,0,3,1
219,0,69.33,8,12,4,2,1,0,0,0
42,0,117.9,4,2,4,1,0,0,0,1
55,0,88.0,11,2,4,4,0,3,0,1
56,0,112.2,4,8,4,5,2,0,3,0
35,3,138.0,10,9,4,1,2,0,0,1
224,1,86.62,8,1,4,2,1,0,1,1
3,0,80.0,8,28,3,0,1,0,0,1
11,1,152.67,6,2,4,3,0,0,3,1
95,0,126.9,5,7,4,1,0,0,0,0
77,2,149.4,7,3,4,5,3,0,3,1
47,0,73.8,3,21,3,0,1,0,3,1
40,1,67.5,2,14,4,1,2,3,0,0
28,2,99.87,10,12,4,2,1,0,0,1
59,1,139.5,10,19,4,3,0,0,3,0
50,0,111.6,12,27,4,1,0,0,0,0
214,0,103.5,10,7,4,2,1,0,0,0
42,1,109.31,4,28,4,3,1,3,0,1
115,0,72.25,8,20,3,2,2,0,0,1
68,1,65.29,10,17,4,4,2,0,0,1
88,0,56.94,2,29,4,3,1,0,0,0
152,1,146.7,8,13,4,1,2,0,3,0
0,1,95.0,11,6,4,1,0,0,0,1
72,1,146.7,7,27,4,2,0,0,3,1
77,2,95.7,3,22,4,4,0,0,0,0
30,0,0.0,10,8,4,0,0,0,0,1
155,0,161.1,9,1,4,3,2,1,0,0
2,1,123.68,11,21,4,3,1,1,0,1
29,0,139.6,5,20,4,2,1,0,3,0
18,0,114.0,6,12,4,0,2,0,0,0
114,1,75.0,6,1,3,3,0,0,0,1
122,0,110.24,4,2,3,1,2,1,0,1
181,0,76.5,7,1,4,4,1,0,0,0
104,0,76.5,4,15,4,2,2,3,0,0
5,4,0.0,8,24,1,2,0,0,0,1
1,1,130.94,9,20,4,1,0,0,0,1
2,0,81.6,12,17,4,2,2,0,0,1
6,0,89.0,10,3,2,0,1,0,0,1
55,1,74.8,11,11,4,5,2,3,0,0
1,0,169.33,10,9,4,2,1,0,0,1
5,0,119.0,5,31,4,2,0,3,0,1
205,0,90.0,5,29,4,1,2,0,0,0
47,1,88.4,11,16,4,4,0,0,0,1
10,1,112.33,6,21,4,3,0,3,0,1
54,1,104.4,3,31,4,3,0,0,3,1
67,1,116.1,6,9,4,3,0,3,0,1
5,2,141.5,9,8,4,3,1,3,0,1
86,0,73.95,3,20,4,2,2,0,0,1
162,1,70.0,9,17,3,3,0,0,0,1
103,1,108.34,7,11,4,2,1,0,0,1
0,0,56.0,12,22,4,1,0,3,0,1
47,3,142.2,9,2,4,2,1,0,3,1
12,2,0.0,8,17,1,1,0,0,0,1
50,0,69.0,11,10,3,4,0,0,3,1
94,2,65.45,11,23,4,2,1,0,3,1
7,1,80.3,1,13,4,1,0,0,0,1
26,1,151.0,7,2,4,1,1,0,0,0
32,2,67.5,2,6,4,1,1,3,0,1
1,1,89.3,1,9,4,1,1,0,3,1
30,1,96.3,10,12,4,3,1,0,0,1
0,0,65.0,11,23,2,1,0,0,0,1
20,2,129.0,9,24,4,1,2,3,0,1
23,1,105.0,10,18,3,3,2,0,3,1
19,1,121.75,10,1,4,3,1,0,3,1
19,0,114.0,5,7,4,1,1,3,0,0
184,0,69.9,11,24,4,3,0,3,0,0
2,2,179.0,8,6,4,1,0,0,0,1
2,1,79.0,12,14,2,1,0,0,0,1
196,0,105.3,8,28,4,1,2,0,0,0
0,0,99.0,8,11,4,1,0,0,0,1
109,2,146.7,7,10,4,0,2,0,3,1
227,2,102.85,10,4,4,5,0,0,0,0
115,1,77.18,8,3,4,4,0,0,0,1
91,0,134.1,8,21,4,0,2,0,0,1
75,0,91.38,7,28,4,3,0,0,0,1
206,1,99.21,8,28,4,5,2,0,0,0
43,2,83.85,6,8,4,1,0,0,0,1
117,1,105.3,5,5,4,3,0,0,0,1
5,1,130.0,2,3,4,1,0,0,3,1
12,1,117.04,10,1,4,2,0,3,0,1
142,2,94.5,8,3,4,1,0,3,0,1
93,1,96.3,4,20,4,2,0,0,0,1
188,1,134.4,9,28,4,4,2,0,3,0
46,0,85.5,10,24,3,3,1,0,0,1
0,0,0.0,12,31,1,1,0,0,0,1
100,2,72.25,12,12,4,1,2,0,0,1
8,0,103.0,3,6,4,2,2,0,0,1
0,0,127.0,6,26,4,0,1,0,0,1
99,0,137.7,5,1,4,1,2,0,0,0
97,1,99.45,4,27,4,4,0,0,0,1
29,2,154.93,9,25,4,1,2,0,3,1
82,0,73.9,4,3,4,3,2,0,0,1
8,0,111.35,5,25,4,1,0,0,0,0
101,2,80.75,5,17,3,3,0,0,0,1
3,1,195.0,9,26,4,1,1,0,3,1
131,1,103.5,7,7,4,1,0,3,0,1
141,0,137.7,8,22,4,2,1,0,3,0
108,0,85.85,4,15,4,3,2,0,0,0
139,0,85.5,7,2,4,1,0,3,0,0
119,1,119.28,7,18,4,6,3,0,3,1
80,0,144.0,9,19,3,2,1,0,0,1
82,1,72.25,11,2,4,3,1,0,0,0
11,1,62.91,2,13,4,1,2,0,0,1
322,0,82.79,12,30,4,3,2,0,0,0
72,1,81.3,3,16,4,3,0,0,0,1
9,1,90.5,9,21,3,1,1,0,0,1
62,0,60.0,11,25,3,4,1,0,3,1
23,2,148.0,12,30,4,2,0,0,3,1
127,0,130.05,7,25,4,3,1,0,3,1
4,2,91.5,11,19,4,1,1,3,0,1
71,1,145.0,11,10,4,2,0,3,0,1
46,1,74.8,11,3,4,3,1,3,0,1
5,2,124.0,8,15,4,1,0,0,0,1
33,0,85.5,6,20,3,2,1,0,0,1
146,2,127.8,7,8,4,1,0,0,3,1
60,1,93.6,11,14,4,1,1,0,0,1
0,0,88.94,10,11,4,0,2,0,0,1
8,1,65.0,7,26,2,1,0,0,0,1
43,1,349.63,12,29,4,3,0,1,5,1
172,0,108.9,10,4,4,3,0,0,0,0
40,0,127.16,8,28,4,5,2,0,0,1
20,0,76.0,1,10,2,0,1,0,0,1
52,1,115.09,10,31,4,5,1,0,3,1
6,1,135.5,12,24,4,1,0,1,0,1
9,1,166.0,7,13,4,3,0,0,3,1
1,1,67.0,8,30,2,2,0,0,0,1
12,1,125.0,5,30,4,0,1,0,0,1
144,1,114.3,5,6,4,2,0,0,3,0
47,0,135.0,10,11,4,2,0,0,0,1
157,2,114.3,8,10,4,3,0,0,0,0
5,1,105.0,9,26,3,2,2,0,3,1
35,0,63.0,3,12,3,3,2,0,0,1
54,2,149.4,8,19,4,2,1,0,3,1
159,1,130.5,8,7,4,1,2,0,0,0
246,1,96.73,7,20,3,3,0,0,0,0
134,0,72.25,7,26,3,4,0,0,0,1
10,2,149.0,9,19,4,1,1,0,0,1
20,0,80.0,12,27,3,2,0,0,0,1
168,2,127.0,10,1,4,1,1,0,0,0
53,1,107.1,7,3,4,1,2,3,0,1
92,4,147.9,12,6,4,10,2,0,5,1
32,1,152.1,8,6,4,2,2,0,0,0
45,1,149.4,9,9,4,1,0,0,3,1
252,2,148.58,12,28,4,9,2,0,1,0
102,0,75.0,5,16,3,2,1,0,0,1
95,0,81.5,3,23,4,3,0,3,0,1
9,1,147.3,8,6,3,1,0,0,3,1
251,1,105.64,9,3,4,5,2,0,3,0
171,0,80.75,7,11,4,4,1,3,0,0
80,2,149.4,9,17,4,3,2,0,3,1
134,2,129.6,9,22,4,3,0,0,0,1
120,0,143.1,9,20,4,5,1,0,3,0
43,1,148.13,3,25,4,2,2,1,0,0
142,0,114.3,5,22,4,1,2,0,3,1
92,2,112.5,8,22,4,0,1,0,0,1
35,0,99.0,9,26,4,0,1,3,0,0
194,0,86.75,7,15,4,1,0,0,1,0
62,1,98.55,9,4,4,2,2,0,0,0
11,0,91.5,12,2,4,2,0,3,0,1
47,0,65.0,12,16,2,1,0,0,0,1
27,0,65.0,6,29,2,1,0,0,0,1
117,1,94.5,5,3,4,2,0,3,0,1
3,0,79.0,2,7,4,0,2,3,0,0
141,1,103.5,7,14,4,3,0,3,0,1
31,0,73.9,1,19,4,3,0,0,0,1
97,0,112.6,9,8,3,3,2,0,0,1
2,1,174.0,9,9,4,3,0,0,5,1
36,2,81.9,3,10,4,1,0,0,0,1
153,1,72.25,10,16,3,2,2,3,0,1
33,0,135.9,3,24,4,2,0,0,0,1
90,1,74.8,12,24,4,3,2,3,0,1
224,1,114.9,9,4,4,4,2,0,0,0
8,1,128.0,8,22,4,1,1,3,0,1
4,0,57.75,12,1,4,2,0,3,0,1
60,0,94.5,4,17,4,0,1,3,0,1
115,1,105.3,5,16,4,2,1,0,0,1
45,1,71.1,3,10,4,2,0,3,0,1
0,0,153.0,8,8,4,1,0,0,5,1
71,0,105.0,12,6,3,4,0,0,0,1
4,0,60.4,2,14,3,0,1,3,0,0
26,0,95.0,6,11,3,1,2,0,0,1
96,1,94.35,4,9,4,3,2,0,3,1
3,0,240.0,10,11,4,1,0,0,5,0
12,2,125.0,8,20,4,3,0,0,0,1
170,1,112.2,8,11,4,3,2,0,3,0
24,2,146.0,6,9,4,2,0,0,3,1
14,0,90.0,8,25,3,3,0,0,0,1
9,0,174.25,10,22,3,1,0,0,5,1
27,1,139.0,10,5,4,2,0,0,0,1
207,0,112.5,8,17,4,2,0,0,0,0
57,0,123.55,8,29,4,8,3,0,3,0
219,0,72.25,8,17,3,3,0,0,0,1
87,1,98.25,9,15,4,3,0,0,0,1
202,1,120.0,10,15,4,1,2,0,3,0
67,0,80.75,5,30,3,3,1,0,0,1
63,0,102.6,11,18,4,1,0,0,3,0
31,1,130.5,8,26,4,1,0,0,0,0
244,1,92.4,10,30,4,1,2,3,0,1
47,2,58.94,1,31,4,2,2,0,0,1
25,2,89.89,12,10,4,2,2,0,0,1
44,0,85.5,8,24,3,2,0,0,0,1
11,0,66.0,1,30,2,1,0,0,0,1
20,0,107.67,3,19,4,1,2,3,0,1
58,1,116.1,6,10,4,2,1,3,0,1
116,0,75.27,6,30,4,3,2,3,0,1
10,0,87.0,2,22,3,3,1,0,0,1
5,1,65.0,9,26,2,0,1,0,0,1
61,0,99.9,6,26,4,0,1,0,0,0
74,2,88.2,12,2,4,2,1,3,0,1
144,1,151.2,10,4,4,5,0,0,3,0
142,1,136.85,7,5,4,5,0,0,3,1
77,0,76.5,3,31,4,3,0,3,0,0
8,0,72.0,3,10,3,5,2,0,0,1
12,0,100.87,5,30,4,2,1,0,0,0
79,1,159.3,5,13,4,2,0,0,3,0
1,0,78.52,1,23,4,1,2,0,1,1
82,0,72.25,11,21,4,1,0,0,0,1
4,1,65.0,7,18,2,1,1,0,0,1
39,0,91.13,1,1,4,2,2,0,1,1
0,0,116.45,6,28,2,1,0,0,0,1
21,1,94.35,6,12,4,1,2,0,0,1
17,1,89.71,10,2,4,2,0,0,0,1
39,0,0.0,8,14,4,2,0,1,0,1
138,1,96.3,8,27,4,1,2,0,0,1
7,2,98.6,12,26,3,1,2,1,0,1
148,0,127.8,8,21,4,2,2,0,3,1
119,0,110.0,6,7,3,1,0,0,0,1
52,1,135.9,8,2,4,5,2,0,0,1
54,0,99.9,6,20,4,0,1,0,0,0
7,0,89.0,4,11,4,0,1,3,0,1
1,1,100.1,10,12,4,2,0,3,0,1
44,0,103.95,3,17,4,2,0,0,3,1
4,1,67.0,12,20,2,3,0,0,0,1
32,0,149.4,9,11,4,1,2,0,3,0
162,1,90.9,10,25,4,4,0,0,0,1
67,1,103.14,12,27,4,3,2,0,0,1
5,0,105.0,11,1,4,2,2,0,3,1
23,0,118.0,9,8,4,1,0,3,0,0
0,3,107.0,10,19,2,4,0,0,0,1
0,2,129.0,6,18,4,1,2,3,0,1
4,1,133.0,2,4,4,2,0,0,3,1
18,0,137.67,3,19,4,1,2,0,0,0
70,2,121.55,4,4,4,3,1,0,0,1
18,0,95.0,4,18,4,1,1,0,0,0
7,0,88.27,4,10,4,1,2,0,0,1
47,0,85.5,10,18,3,3,0,0,0,1
12,0,112.42,5,30,4,2,1,0,3,0
0,0,174.0,12,6,4,1,0,0,5,1
21,2,104.43,9,12,4,5,2,0,0,1
0,0,165.0,9,1,4,3,0,0,0,1
93,1,109.83,8,13,4,1,0,0,1,1
110,4,119.85,6,13,4,5,2,0,0,1
22,2,88.4,12,19,4,3,1,0,0,1
29,1,70.88,11,14,4,5,2,0,3,1
65,0,80.75,6,9,3,3,1,0,0,1
197,0,110.43,12,29,4,4,0,0,0,1
31,0,85.5,10,4,3,1,0,0,0,1
225,0,105.3,8,13,4,1,2,0,0,0
7,2,164.0,10,7,4,3,0,0,0,1
0,3,126.0,9,19,4,2,2,0,0,1
57,0,74.8,12,15,4,4,2,3,0,0
55,1,135.9,9,18,4,0,1,0,0,1
1,0,65.6,11,24,4,1,0,3,0,1
64,2,111.6,12,26,4,2,1,0,3,1
91,2,195.0,7,18,4,2,1,1,3,1
238,1,126.9,9,21,4,2,0,0,0,0
44,2,120.6,9,12,4,1,2,0,0,1
93,1,79.2,12,18,4,1,2,3,0,1
45,1,112.8,4,17,4,1,2,0,3,0
22,0,67.52,3,6,4,3,2,0,0,1
51,0,60.0,11,14,3,1,2,0,3,1
292,1,163.63,10,23,4,4,2,0,1,0
24,1,85.0,10,17,3,3,1,0,0,1
183,1,105.3,7,16,4,1,2,0,3,0
84,0,100.33,12,31,3,3,0,1,0,1
11,0,203.5,4,24,4,2,2,0,5,0
31,1,110.7,6,8,4,2,0,0,0,0
109,1,216.0,11,8,3,4,0,0,4,0
7,0,109.0,10,26,4,1,0,0,0,1
21,1,88.4,12,20,4,5,2,0,0,1
201,1,96.62,8,12,4,4,2,0,0,0
3,2,102.0,3,3,4,3,2,0,0,1
51,0,88.0,11,2,4,4,1,3,0,0
40,2,130.9,12,4,4,2,2,0,3,1
20,2,140.33,9,21,4,5,1,3,0,1
102,1,118.8,10,6,4,1,0,0,0,0
22,2,177.0,5,21,4,1,0,0,3,1
0,1,129.0,6,4,4,1,0,3,0,1
9,0,65.91,12,5,4,1,2,0,0,1
13,1,141.33,3,28,4,2,1,0,0,1
100,2,137.7,7,18,4,1,1,0,3,1
6,0,163.67,7,4,4,2,1,0,0,0
92,2,76.5,7,1,4,4,2,0,0,1
15,2,103.44,4,27,4,3,0,0,0,1
2,1,65.0,12,17,2,1,2,0,0,1
13,1,111.85,6,5,4,0,1,0,0,1
79,0,87.3,3,4,4,2,0,0,3,0
326,2,67.5,11,24,4,3,0,3,0,0
150,1,126.86,6,30,4,6,2,0,3,0
11,1,109.0,5,7,4,1,2,3,0,1
3,0,90.0,5,23,3,1,1,0,0,1
8,1,120.47,11,7,4,3,1,0,0,1
157,0,108.66,8,31,4,3,0,0,1,0
7,1,123.2,10,20,4,3,0,0,0,1
50,0,85.85,3,28,4,3,1,0,0,1
63,2,121.5,7,24,4,1,2,0,0,1
23,2,88.0,11,17,4,2,0,3,0,1
48,0,104.4,3,31,4,3,0,0,3,1
40,0,90.27,10,21,4,4,0,1,0,1
14,2,211.0,5,15,4,0,2,0,5,1
123,0,162.0,9,20,4,5,1,0,3,0
224,0,68.61,12,25,4,5,2,3,0,0
50,2,93.6,11,18,4,2,1,0,0,1
131,0,94.5,5,12,4,2,0,3,0,0
231,0,86.63,8,11,4,2,0,0,1,0
3,1,143.0,9,5,4,1,0,0,0,1
31,0,168.63,10,19,4,1,0,0,5,0
45,0,80.3,1,23,4,1,1,0,0,1
80,1,207.9,11,11,4,2,0,1,5,1
91,1,113.7,10,23,4,4,2,0,3,1
214,0,120.9,9,29,4,3,0,0,0,0
86,1,81.86,12,30,4,3,0,0,0,1
0,0,65.0,10,12,2,0,1,0,0,1
15,0,40.67,2,12,3,2,1,0,0,1
91,2,113.4,10,3,4,1,1,0,0,1
51,2,132.6,5,10,4,5,1,0,3,1
294,0,112.5,12,26,4,0,1,1,0,1
181,0,85.5,8,25,4,1,0,3,0,0
38,0,80.0,10,13,3,3,0,0,0,1
22,0,191.0,8,21,4,3,2,0,3,0
91,0,185.85,5,13,4,2,0,0,0,0
119,0,155.7,8,7,4,6,4,0,3,0
4,0,89.0,5,8,4,0,1,3,0,1
134,1,94.5,7,17,4,0,1,3,0,0
57,3,85.5,10,28,4,2,0,0,0,1
83,1,76.5,7,6,4,5,2,0,0,0
6,2,162.33,9,18,4,1,2,0,0,1
30,0,195.53,9,24,4,2,2,0,5,0
148,0,90.9,8,22,4,4,1,3,0,0
7,2,55.0,3,2,3,2,0,0,0,1
6,1,108.0,12,12,4,0,1,0,0,1
9,1,139.0,7,6,4,1,0,0,0,1
20,0,85.0,9,11,3,1,2,3,0,1
33,1,104.0,12,8,4,3,0,0,0,1
1,2,98.0,8,23,4,0,2,0,0,1
172,1,99.9,11,12,4,1,0,0,0,1
236,0,89.0,8,2,2,5,0,0,0,1
8,0,6.0,1,28,4,2,0,0,0,1
121,1,99.45,5,2,4,3,1,0,0,1
150,0,173.25,7,7,4,3,1,1,0,0
131,1,86.9,10,21,4,2,2,0,0,1
99,1,85.5,4,8,4,2,0,3,1,0
49,2,74.8,11,13,4,3,2,3,0,1
8,0,146.0,4,21,4,3,0,0,3,1
89,0,63.58,3,24,3,3,0,0,0,1
0,1,146.0,8,13,4,3,1,0,0,1
37,1,97.0,12,19,4,1,1,0,3,1
78,0,96.3,4,9,4,1,2,0,0,1
38,1,152.1,8,10,4,1,0,0,0,1
121,0,43.5,3,19,3,2,2,0,0,1
18,0,104.0,12,23,4,1,0,0,0,1
2,0,65.0,10,2,3,2,1,0,0,1
79,0,95.0,6,24,3,2,0,0,0,1
126,2,144.5,7,13,4,4,1,1,3,1
418,0,75.0,9,26,4,2,1,0,0,0
50,0,99.45,4,11,4,3,1,0,0,0
40,1,88.2,3,20,4,1,2,3,0,1
108,1,76.5,8,24,4,2,1,0,0,1
104,0,68.42,4,19,4,3,0,0,0,1
24,1,119.0,9,25,4,2,2,3,0,0
5,0,65.0,9,22,2,1,0,0,0,1
18,0,72.9,1,26,4,3,0,0,0,1
165,0,150.45,9,2,4,3,2,0,3,0
1,0,92.0,4,6,3,1,0,1,3,1
49,4,150.3,7,1,4,2,1,0,3,1
29,2,104.5,9,1,4,2,0,3,0,1
68,1,118.8,4,26,4,2,0,0,3,1
36,2,126.9,5,21,4,2,2,0,0,1
47,1,101.7,6,21,4,3,0,0,0,1
166,0,96.3,8,27,4,1,2,0,0,0
45,2,112.5,3,18,4,2,1,0,3,1
25,1,95.0,10,10,3,1,1,0,0,1
162,1,76.5,8,28,4,2,1,0,0,0
129,1,80.75,4,11,4,3,1,3,0,1
108,1,79.2,12,10,4,1,2,3,0,0
29,1,102.0,4,14,4,3,0,3,0,1
204,0,61.38,10,9,3,2,2,0,0,1
3,0,105.0,2,21,4,0,2,0,3,1
12,1,145.0,7,11,4,1,1,0,0,1
71,0,101.87,10,7,4,2,2,0,3,0
36,1,88.63,1,27,4,3,0,0,3,1
199,0,77.89,12,28,4,4,2,0,3,0
50,1,51.0,3,5,4,10,4,0,3,0
9,3,168.0,9,8,4,1,0,0,0,1
136,1,122.4,11,22,4,2,0,0,3,0
66,0,168.3,9,9,4,2,0,0,3,0
95,1,90.3,4,17,4,1,2,0,0,1
158,0,89.25,7,24,4,2,2,3,0,0
38,2,117.9,6,30,4,3,0,0,0,1
65,1,149.4,9,9,4,2,0,0,3,1
25,2,88.0,11,17,4,3,0,3,0,1
2,2,130.0,2,6,4,2,2,0,3,1
178,2,127.5,8,10,4,3,0,0,0,0
103,0,78.3,3,18,4,2,0,0,0,1
138,1,115.6,7,18,4,4,1,0,3,1
99,2,118.8,10,19,4,4,0,0,0,1
1,0,0.0,10,1,4,0,0,3,0,1
74,2,90.23,10,31,4,3,1,0,0,1
16,1,113.67,12,4,4,2,1,0,3,1
0,0,89.75,11,16,3,1,0,0,0,1
43,0,86.61,2,17,4,3,0,0,4,0
108,0,110.75,5,8,3,0,2,1,0,0
64,3,98.55,9,5,4,1,1,0,0,1
34,0,99.45,10,16,4,2,0,0,0,1
12,0,94.0,12,14,4,1,0,0,0,1
262,0,104.55,12,26,4,3,1,0,3,1
12,2,124.0,9,20,4,1,2,0,0,1
1,1,79.0,2,12,4,2,0,3,0,1
23,0,156.5,9,15,4,3,1,0,0,0
155,2,121.55,6,28,4,5,2,0,3,0
261,1,93.78,10,22,4,4,2,0,0,1
14,0,127.0,5,23,4,2,1,0,0,0
116,0,72.0,2,28,3,2,2,0,0,0
40,0,96.3,10,11,3,3,0,0,3,1
23,1,130.0,9,8,4,2,0,0,0,1
4,0,110.0,9,30,2,2,0,0,0,0
134,0,79.2,11,12,4,1,2,3,0,0
0,0,180.0,9,20,4,1,0,3,0,1
42,1,71.1,3,11,4,2,1,3,0,1
69,0,85.85,4,2,4,2,2,0,0,0
100,0,88.74,12,26,4,4,1,3,0,0
7,0,117.9,5,24,2,1,0,0,0,1
103,0,118.8,8,3,4,3,0,0,3,0
112,0,90.0,6,2,3,1,0,0,0,1
109,1,82.45,4,3,4,2,2,0,0,1
39,1,242.77,10,17,4,3,1,0,6,1
44,0,208.62,10,17,4,4,1,0,5,0
21,1,125.0,8,28,4,1,2,0,0,1
26,0,101.0,6,23,4,1,0,0,0,0
5,0,80.0,12,1,2,3,0,0,0,1
11,1,68.53,4,5,4,1,0,3,0,1
9,0,44.8,1,8,3,3,2,0,0,1
1,1,82.0,3,15,3,3,0,0,0,1
47,0,152.2,11,7,4,3,1,3,0,0
24,2,68.99,1,6,4,4,1,0,0,1
6,1,91.0,2,16,4,1,0,0,0,0
106,1,91.89,7,13,3,3,0,0,0,1
34,0,149.4,8,10,4,1,0,0,3,0
111,2,118.8,9,11,4,2,2,3,0,0
13,2,140.0,10,17,4,2,1,3,0,1
11,0,1.48,12,30,4,2,0,0,3,1
79,0,88.5,4,17,4,1,2,3,0,0
293,0,93.67,12,25,4,6,4,0,0,0
125,3,105.3,8,20,4,2,2,0,0,1
115,2,132.3,10,9,4,1,2,0,3,0
30,1,78.6,1,31,4,0,2,0,3,1
76,0,105.3,3,24,4,3,0,0,0,0
87,1,82.45,4,7,4,3,1,0,0,1
108,2,108.0,10,17,4,3,1,3,0,1
33,2,116.1,5,19,4,1,0,3,0,1
181,1,103.7,7,26,4,4,0,0,3,0
56,1,140.4,6,1,4,3,0,0,3,1
66,0,120.6,8,31,4,4,0,3,0,0
10,3,141.0,5,9,4,3,1,0,3,1
49,1,115.5,9,5,4,2,1,0,3,0
162,1,118.8,7,27,4,1,0,0,3,0
21,1,140.0,8,30,4,1,0,0,0,1
22,1,139.0,7,6,4,2,0,3,0,1
49,0,87.3,3,7,4,2,1,0,3,0
168,0,105.3,8,20,4,1,1,0,0,0
101,1,118.8,10,7,4,2,1,0,0,1
35,1,97.4,3,5,4,1,2,0,3,1
48,2,195.3,9,6,4,5,1,0,5,1
1,1,91.0,2,13,4,1,0,0,0,1
6,0,65.0,10,10,3,1,2,0,0,1
18,0,97.0,12,26,4,1,2,0,0,1
18,2,76.81,9,2,4,3,0,0,0,1
14,0,127.67,4,16,4,1,2,0,0,0
14,1,139.0,7,8,4,1,0,3,0,1
9,1,97.02,5,29,4,0,2,0,0,1
14,0,95.0,10,26,3,1,0,0,0,1
81,2,62.37,1,29,4,2,1,0,1,1
24,1,104.61,5,31,4,4,0,0,3,1
131,2,76.23,8,5,4,2,0,3,0,1
15,0,97.0,12,23,4,1,0,0,0,1
253,2,80.75,9,12,4,5,2,0,0,1
40,2,113.4,10,27,3,3,0,1,1,1
0,0,116.45,6,16,3,3,2,0,0,1
44,3,133.44,10,18,4,5,0,0,3,1
6,0,129.7,9,19,4,1,1,0,0,1
33,1,117.3,3,5,4,1,0,0,3,1
6,2,130.0,2,25,4,3,1,0,3,1
8,2,80.85,9,8,4,2,0,0,0,1
71,0,69.05,3,17,4,2,0,0,1,1
87,1,85.5,3,25,4,2,1,3,0,0
127,0,103.5,7,7,4,3,0,3,0,0
78,0,69.7,3,22,3,2,0,0,3,1
443,0,65.0,4,29,4,1,0,0,0,0
61,0,118.8,4,7,4,3,0,0,3,1
8,1,80.08,3,16,4,1,0,0,0,1
6,1,88.4,12,12,4,3,1,0,0,1
29,0,210.03,9,23,4,2,1,1,5,0
142,0,110.75,5,29,3,5,2,1,0,1
58,0,60.0,2,5,3,2,1,0,0,1
122,3,144.9,9,7,4,4,2,0,3,1
7,0,58.0,12,9,3,3,0,0,0,1
38,1,161.33,10,19,4,3,0,0,3,0
30,0,133.58,5,21,4,2,2,0,0,1
3,0,89.0,3,21,4,1,1,3,0,1
72,0,63.75,3,13,4,3,2,3,0,0
65,2,125.1,9,8,4,1,0,3,0,1
27,1,120.12,5,18,4,1,0,0,3,1
6,0,111.67,11,22,4,1,2,0,0,1
19,1,139.13,9,23,4,2,0,0,0,1
0,1,114.0,10,13,4,1,0,3,0,1
26,0,124.7,5,11,4,4,2,3,0,0
3,1,151.0,8,5,4,2,0,0,0,1
87,1,78.5,2,12,4,2,1,3,0,1
78,1,169.91,12,29,3,3,1,0,0,1
169,2,134.52,8,14,4,3,2,0,0,0
35,0,60.0,11,2,3,3,1,0,3,1
42,0,89.0,6,13,2,1,1,0,0,1
2,0,125.0,9,1,2,1,0,0,4,1
34,1,78.3,2,13,4,1,0,0,0,1
25,0,84.0,7,12,3,4,0,3,0,1
17,2,224.1,9,21,4,1,0,0,5,1
336,0,78.0,9,21,3,4,1,0,0,1
19,1,79.0,2,25,4,3,0,3,0,0
259,0,89.0,10,5,3,4,0,0,0,0
74,0,75.0,12,9,3,2,1,0,0,1
71,2,77.0,11,12,4,4,2,3,0,1
418,0,86.0,9,26,3,2,1,1,0,0
80,0,126.9,5,14,4,1,2,0,0,0
5,0,138.0,4,10,4,5,2,0,3,0
11,0,65.0,9,15,2,3,0,0,0,1
45,1,101.7,6,20,4,2,1,0,0,0
154,0,189.9,6,12,4,1,2,0,5,0
1,0,105.0,9,1,4,1,0,0,0,1
73,0,96.3,4,3,4,1,2,0,3,0
50,0,48.6,3,11,4,2,0,3,0,1
2,2,142.0,12,28,4,2,0,0,0,1
160,2,200.7,10,13,4,3,2,0,3,0
133,0,113.05,5,14,4,2,2,0,3,1
5,1,170.0,8,13,4,2,2,0,0,1
0,1,67.0,12,19,2,3,1,0,0,1
72,0,62.38,3,24,3,3,1,0,0,1
2,1,244.8,4,23,4,1,2,0,3,1
1,0,89.0,5,9,4,1,1,3,0,1
67,1,99.45,4,24,4,2,2,0,0,1
71,0,85.5,4,18,4,1,1,3,0,1
40,0,134.0,11,6,3,0,2,0,0,1
3,0,153.0,8,11,4,1,0,3,5,1
69,1,159.3,5,14,4,1,2,0,0,1
5,1,99.0,4,2,4,1,0,3,0,1
59,1,116.1,5,21,4,3,2,3,0,0
14,2,169.0,7,16,4,1,0,0,0,1
25,2,229.0,10,13,4,1,0,0,5,1
12,0,71.0,1,19,3,2,0,0,0,1
9,1,148.5,5,10,4,4,0,0,3,1
34,0,76.5,10,13,3,3,0,0,0,1
1,0,75.0,3,8,2,3,0,0,3,1
55,1,95.1,6,26,4,1,2,3,0,1
172,1,137.7,8,25,4,3,0,0,0,0
0,1,109.0,10,1,2,1,0,0,0,1
252,1,69.42,12,28,4,7,2,3,0,0
134,2,103.5,8,11,4,3,0,3,0,1
92,2,119.85,6,10,4,2,2,0,0,1
20,0,85.0,10,4,3,2,0,0,0,1
6,3,129.0,10,20,4,2,0,0,0,1
265,1,109.0,6,24,4,2,0,1,0,0
52,0,140.0,5,20,3,2,0,0,0,1
33,1,88.4,2,19,4,2,0,0,0,1
122,2,97.0,6,30,3,3,0,0,3,1
185,0,116.1,9,15,4,3,0,3,0,0
24,1,74.8,2,12,4,2,1,0,0,1
68,1,136.3,10,10,4,2,1,0,0,1
36,2,86.63,8,29,4,2,1,0,0,1
217,0,167.95,8,7,4,5,2,0,5,0
186,0,89.25,8,16,4,4,0,3,0,0
179,0,111.6,8,31,4,2,0,0,0,0
270,0,70.0,4,20,3,4,0,0,0,1
2,0,156.0,5,5,4,1,0,0,3,1
78,0,90.9,4,8,4,1,0,0,0,0
3,1,121.0,6,12,4,0,1,0,0,1
86,1,73.95,3,20,4,2,2,0,0,1
74,1,99.45,3,21,4,3,1,0,3,1
0,0,65.0,12,21,3,1,0,0,0,1
0,1,90.0,8,1,4,0,1,3,0,1
120,0,90.95,4,8,4,3,2,0,0,0
5,2,221.0,5,19,4,1,0,0,5,1
118,2,110.8,12,28,4,4,1,0,0,0
35,1,83.9,3,3,4,3,2,0,0,1
78,1,83.85,3,1,4,8,2,0,3,1
196,0,85.5,8,6,4,1,1,3,0,0
107,0,105.3,7,13,4,4,1,0,0,0
114,0,99.9,5,2,4,1,1,0,0,0
42,1,129.2,11,14,4,4,1,1,3,0
51,0,112.0,11,4,3,2,1,0,0,1
0,0,97.0,3,5,4,1,0,3,0,1
119,1,114.3,8,13,4,2,2,0,0,1
196,0,121.98,9,3,4,6,2,0,3,0
259,3,80.26,12,28,4,5,2,0,0,1
83,2,120.15,11,9,4,4,2,3,0,1
128,2,76.5,8,8,4,1,1,0,0,1
103,0,70.03,4,17,4,2,2,0,3,1
61,0,118.8,4,22,4,2,1,0,3,0
2,1,75.0,2,8,4,1,1,3,0,1
0,1,150.0,5,11,4,3,0,0,0,1
22,0,199.0,12,29,4,5,0,0,5,1
51,1,108.0,10,5,4,2,0,3,0,0
40,0,60.0,11,7,3,1,2,0,3,1
124,0,104.4,10,25,4,3,0,0,3,0
77,0,77.35,3,22,4,5,0,3,0,1
44,3,96.3,10,31,4,1,0,0,0,1
17,2,110.0,10,27,4,1,0,3,0,1
56,1,87.32,6,21,4,3,0,0,3,1
7,0,48.4,1,18,3,4,1,0,0,1
3,0,139.0,7,8,4,2,0,3,0,0
0,1,83.16,12,26,4,0,1,0,3,1
2,1,195.0,9,22,4,1,0,0,0,1
20,2,67.22,2,24,4,2,0,0,0,1
12,0,80.0,1,26,2,2,0,0,0,1
5,0,74.0,12,2,2,1,0,0,0,1
113,1,76.5,8,22,4,1,0,0,0,0
62,1,95.67,10,6,4,3,0,0,0,1
52,1,107.0,3,19,3,1,2,1,0,1
23,0,104.0,12,16,4,1,0,0,0,1
1,1,124.0,8,2,4,2,0,3,0,1
249,0,96.3,10,28,4,2,1,0,0,0
92,2,132.6,6,1,4,4,0,0,3,1
0,0,120.0,9,12,3,4,1,0,0,1
73,0,85.0,9,18,3,3,2,3,0,0
1,1,127.0,6,28,4,1,0,3,0,1
1,0,129.0,5,12,4,1,0,3,0,1
19,2,119.33,11,12,4,1,2,0,3,1
54,0,95.36,3,28,4,4,1,0,4,1
43,0,60.29,1,15,4,2,1,0,0,0
191,1,153.5,8,14,4,2,2,1,3,0
31,2,129.0,10,27,4,3,0,0,0,1
112,1,111.78,5,4,4,4,0,0,0,1
18,2,74.8,11,14,4,4,1,3,0,1
46,0,140.4,5,16,4,1,1,0,3,1
18,1,158.0,12,30,4,1,0,0,0,1
12,0,131.0,4,25,4,0,1,0,0,0
86,1,80.75,4,9,3,2,2,0,0,1
13,1,134.75,11,7,4,1,1,3,0,1
90,1,127.8,4,28,4,2,0,0,0,0
66,3,88.4,11,25,4,3,2,0,0,1
5,1,68.22,2,1,4,2,1,0,0,1
87,0,150.3,8,12,4,2,0,0,3,0
9,0,84.0,1,20,4,4,0,0,0,1
86,1,60.0,3,2,3,2,0,0,0,1
22,0,139.0,9,26,4,3,1,0,0,0
14,2,184.0,9,22,4,1,0,0,3,1
39,1,81.0,2,26,4,1,0,3,0,1
2,0,65.0,5,15,2,1,2,0,0,1
0,1,155.0,5,20,4,1,0,0,0,1
5,0,65.0,12,1,2,4,0,0,0,1
43,1,0.0,10,17,4,0,0,0,0,1
44,0,91.2,11,19,4,1,1,0,0,0
159,0,149.6,12,30,4,2,2,0,5,1
1,0,86.0,9,25,3,3,2,0,0,1
46,1,102.6,12,2,4,2,1,0,3,1
31,1,88.4,11,13,4,2,2,0,0,1
0,2,155.0,10,7,4,2,0,0,3,1
232,0,80.75,9,15,3,3,0,0,0,1
53,0,143.1,5,21,4,1,0,0,0,1
6,1,80.3,1,16,4,1,0,0,0,1
29,0,92.4,8,31,4,3,0,3,0,0
4,1,141.0,7,23,4,1,1,0,0,1
17,0,91.0,2,19,4,2,0,0,0,1
8,0,112.5,4,7,4,3,1,0,0,1
14,1,69.5,1,23,4,1,1,3,0,1
0,0,109.0,3,14,4,1,1,0,0,1
191,0,114.3,11,25,4,1,0,0,3,0
91,2,126.0,7,20,4,2,0,0,0,1
5,0,84.33,3,22,4,3,0,0,0,1
238,1,159.3,10,6,4,3,0,0,3,0
155,1,135.9,9,2,4,2,1,0,0,0
149,1,99.45,7,23,4,4,2,0,0,1
23,1,85.67,3,12,4,1,2,0,0,0
35,0,85.5,9,17,3,1,1,0,0,1
31,0,94.5,4,24,4,0,1,3,0,0
1,1,0.0,11,9,1,4,2,0,0,1
197,2,137.7,8,27,4,3,2,1,3,0
69,2,126.9,5,17,4,3,0,0,0,1
1,2,95.0,8,11,4,1,0,0,0,1
237,0,80.26,12,28,4,5,2,0,0,0
82,2,83.87,4,3,4,4,2,0,0,1
33,0,79.11,10,21,3,4,0,1,0,1
37,0,112.2,3,24,4,3,0,0,0,0
1,0,97.0,6,23,4,1,0,3,0,1
186,2,130.05,8,6,4,6,2,0,3,0
160,0,90.0,4,27,4,4,2,0,0,0
11,1,139.33,10,9,4,2,1,3,0,1
4,0,104.0,4,12,0,2,0,0,0,1
29,1,150.06,11,9,4,4,0,0,0,1
13,0,79.0,7,11,2,1,1,0,0,1
110,0,135.9,5,6,4,1,0,0,0,0
0,0,140.0,7,14,2,1,0,0,4,1
169,0,62.73,8,22,4,3,1,3,0,0
58,0,105.3,4,13,4,2,0,0,0,0
5,0,65.0,5,10,2,1,0,0,0,1
206,1,119.85,9,27,4,4,0,0,0,0
220,1,105.84,6,2,4,3,0,0,0,0
26,0,91.0,2,19,4,2,0,0,0,0
61,1,75.0,11,23,3,3,0,0,0,1
3,0,81.0,2,14,4,0,2,3,0,1
0,0,120.0,10,12,3,1,0,0,0,1
55,1,102.6,11,22,4,2,0,0,3,1
13,0,130.33,4,5,4,5,1,0,3,1
19,0,65.0,11,14,2,0,1,0,0,1
62,0,75.0,11,20,3,3,2,0,0,1
58,1,92.75,10,10,4,1,2,0,0,1
186,2,168.3,7,7,4,2,0,0,5,0
121,0,105.3,7,23,4,1,1,0,0,1
3,0,90.6,3,7,4,4,1,3,0,0
41,0,135.9,8,20,4,5,2,0,0,0
1,2,81.0,8,7,4,1,0,3,0,1
151,0,95.4,6,2,4,3,0,3,0,0
155,0,86.4,8,28,4,0,2,3,0,0
86,0,118.8,7,13,4,4,0,0,3,0
45,2,78.54,10,16,4,2,2,0,3,1
12,0,118.67,12,30,4,4,2,0,3,1
63,1,93.6,11,1,4,4,0,0,0,1
34,0,80.0,12,1,2,3,0,0,0,1
7,1,67.0,7,11,2,1,1,0,0,1
68,0,109.65,4,23,4,3,2,0,0,0
89,3,108.0,10,8,4,2,2,0,1,1
9,1,77.75,1,29,4,2,0,0,1,1
4,1,92.43,12,26,4,5,2,0,3,1
17,2,135.0,10,7,4,1,0,3,0,1
1,0,85.0,1,23,4,1,0,0,0,1
113,0,85.85,4,24,4,2,2,0,1,1
40,1,75.0,11,2,3,4,0,0,0,1
113,0,107.55,7,18,4,3,1,0,0,0
92,1,90.0,1,16,4,1,1,0,0,1
197,2,112.32,8,23,4,5,2,0,0,0
84,0,116.1,6,10,4,2,0,3,0,0
40,1,145.98,9,26,4,4,1,0,3,1
99,0,80.0,2,19,2,1,0,0,0,1
17,1,74.61,9,14,4,3,1,0,3,1
182,0,99.3,8,24,4,3,0,0,0,0
58,1,85.3,3,1,4,8,2,0,3,1
0,0,82.0,1,5,4,1,0,0,0,1
77,0,80.75,4,8,4,6,2,0,0,0
21,0,159.0,8,1,4,3,1,0,0,0
31,1,88.0,11,27,4,0,2,3,0,1
9,0,70.07,2,24,4,1,0,0,0,0
115,0,60.0,2,27,4,2,2,0,0,0
120,0,99.45,5,9,4,3,1,0,0,0
95,0,119.85,6,10,4,2,2,0,0,1
1,0,105.0,8,10,4,0,1,0,0,1
1,1,102.0,2,27,4,1,0,0,0,1
83,1,118.8,7,15,4,2,1,0,3,0
11,0,181.0,7,18,3,1,1,0,4,1
10,1,131.0,4,8,4,2,0,0,3,0
10,0,118.0,3,18,4,2,0,0,0,0
6,0,0.0,12,10,4,1,0,1,0,1
110,0,120.0,10,9,3,0,1,0,0,1
2,0,92.98,10,11,4,1,0,3,0,1
33,1,182.85,3,22,4,3,0,0,6,1
35,3,89.28,10,16,3,2,0,0,0,1
18,3,158.0,5,21,4,1,1,0,3,1
23,0,95.98,9,7,4,7,3,0,0,1
155,0,117.42,8,30,4,11,4,0,0,0
0,1,159.0,9,12,4,0,1,0,0,1
42,1,131.4,3,22,4,1,0,0,3,1
74,1,89.25,10,28,4,2,0,0,0,1
6,1,109.5,2,24,4,4,0,0,3,1
14,1,124.0,8,31,4,1,0,0,0,1
130,2,155.7,8,6,4,4,2,0,3,1
25,1,148.0,6,2,4,2,0,0,3,1
278,0,89.25,11,28,4,3,1,0,0,0
1,0,81.0,8,8,4,2,2,3,0,1
283,0,106.0,12,5,2,2,1,0,4,1
65,2,81.9,11,18,4,1,0,0,3,1
49,0,60.0,11,9,3,2,1,0,3,1
140,0,113.9,7,31,4,3,2,0,3,0
0,0,80.0,8,5,4,2,0,0,0,1
47,1,68.07,11,21,4,4,1,0,0,1
182,1,94.5,8,3,4,1,0,3,0,0
0,1,126.0,10,5,4,0,1,0,0,1
85,1,167.8,8,3,4,6,2,0,3,1
9,1,62.58,2,6,4,6,2,3,0,1
137,0,198.0,8,8,4,3,1,1,3,0
105,0,65.0,9,28,2,1,0,0,0,1
196,1,99.45,8,1,4,5,2,0,3,1
112,1,79.2,12,16,4,2,1,3,0,0
15,1,93.0,2,24,4,4,0,0,0,1
6,1,79.0,2,3,4,1,0,0,0,0
109,2,129.59,6,8,4,3,0,0,3,1
14,0,161.0,3,31,4,3,2,0,3,1
174,0,105.3,8,13,4,1,1,0,0,0
109,4,131.8,7,8,4,2,0,0,0,1
182,0,114.75,7,30,4,2,2,0,0,0
2,1,78.2,11,6,3,5,2,0,3,1
64,1,118.8,4,23,4,1,2,0,3,0
32,1,99.0,9,25,4,1,2,3,0,1
73,0,80.75,4,2,3,2,2,0,0,1
24,0,94.33,3,10,4,3,0,0,0,1
71,1,90.95,3,18,4,2,2,0,0,1
22,2,95.0,9,3,4,2,0,0,0,1
72,1,168.3,9,6,4,2,0,0,3,1
44,0,150.3,7,1,4,2,0,0,3,0
0,0,0.0,9,1,1,1,0,0,0,1
0,0,95.0,10,17,2,0,1,0,0,1
55,2,168.3,9,28,4,2,0,0,3,1
6,1,87.78,9,21,4,1,1,3,0,1
205,0,111.35,9,27,4,6,2,0,0,0
72,1,71.4,9,19,3,4,2,0,0,1
48,1,80.3,3,5,4,1,0,0,0,1
98,3,116.1,6,10,4,2,1,3,0,1
77,0,116.94,9,22,4,4,0,0,0,0
59,0,85.5,5,14,3,3,2,0,0,1
152,1,114.43,12,27,4,6,2,0,0,1
137,1,79.72,5,22,4,3,2,0,0,1
60,0,75.0,11,25,3,2,2,0,0,1
103,0,149.4,9,8,4,3,0,0,3,0
54,2,159.3,7,3,4,0,1,0,3,1
120,1,103.5,5,2,4,1,1,3,0,1
16,1,102.0,1,27,4,1,0,0,0,1
95,1,85.0,11,18,4,3,2,0,0,1
27,1,91.0,2,20,4,1,1,0,0,0
1,0,109.0,7,29,4,1,0,3,0,1
91,1,120.69,8,14,4,0,1,0,0,1
49,1,72.25,6,17,3,3,2,3,0,1
4,0,80.0,2,19,2,1,0,0,0,0
109,0,68.72,7,13,4,4,2,3,0,1
38,1,168.3,3,25,4,2,0,0,3,1
7,1,89.0,11,3,4,2,0,0,0,1
76,0,127.8,7,9,4,1,2,0,3,0
168,1,112.8,7,18,4,2,1,0,3,0
38,1,87.3,2,5,4,2,0,0,3,0
68,1,63.75,3,13,4,2,2,3,0,1
28,0,129.0,10,25,4,3,0,0,0,1
26,1,67.76,12,21,4,1,0,3,0,1
143,0,94.5,8,20,4,1,0,3,0,1
215,0,90.95,10,3,3,3,1,0,3,1
18,2,166.85,12,30,4,2,2,0,3,1
13,0,78.0,12,19,4,1,1,3,0,1
51,0,123.3,9,2,4,2,1,0,3,0
145,1,114.3,7,7,4,3,0,0,0,0
49,1,75.95,1,24,4,3,2,0,0,1
0,1,69.0,11,30,4,7,3,0,0,1
181,1,72.75,8,6,4,5,2,0,0,1
1,2,90.0,8,8,4,1,1,0,0,1
37,0,71.55,2,12,4,2,1,0,1,1
98,1,69.3,11,14,4,3,1,0,0,1
22,0,95.0,4,19,4,1,0,0,0,0
3,0,136.0,10,18,4,1,2,0,3,1
3,0,81.88,12,6,4,3,0,0,0,1
84,1,126.9,8,4,4,2,0,0,0,1
63,0,132.3,10,20,4,2,0,0,3,0
39,0,150.3,2,21,4,1,2,0,5,0
119,0,103.7,4,28,4,4,2,0,3,0
23,0,129.2,4,9,4,3,2,0,3,0
86,1,56.93,2,20,4,3,2,0,0,1
14,2,156.0,8,22,4,1,1,0,3,1
216,0,67.5,12,4,4,1,2,3,0,0
3,1,100.0,2,9,4,3,0,0,0,0
2,0,88.0,1,2,4,3,2,0,0,1
49,3,109.8,9,4,4,0,2,0,0,1
40,0,165.6,6,9,4,2,0,1,3,0
11,2,90.0,8,24,4,3,1,0,0,1
69,0,198.9,5,7,4,1,2,0,5,1
74,2,127.8,12,10,4,1,0,1,0,1
33,1,75.6,10,7,3,3,0,0,0,1
47,1,207.9,8,22,4,3,1,0,5,0
36,1,67.32,3,29,3,2,0,0,0,1
79,1,87.3,3,28,4,2,1,0,0,1
36,2,152.4,4,28,4,3,0,0,3,1
0,0,119.97,9,23,4,2,0,0,0,1
20,0,221.0,4,2,4,1,0,0,5,0
8,0,146.0,6,4,4,1,1,0,3,1
187,1,119.85,9,22,4,3,1,0,0,0
24,1,0.0,9,11,4,0,1,3,0,1
74,2,121.2,4,17,4,3,2,0,3,1
0,0,79.0,1,12,4,1,0,3,0,1
32,1,86.15,2,19,4,2,2,0,0,1
15,1,113.5,12,4,4,2,2,0,0,1
34,0,108.0,10,2,4,1,2,3,0,0
79,0,119.07,10,12,4,2,0,0,3,0
1,0,75.0,1,15,4,1,0,3,0,1
40,0,126.9,5,7,4,1,0,0,0,1
56,0,88.4,11,14,4,5,1,0,0,0
94,1,119.0,12,23,4,2,2,0,3,1
0,2,225.0,8,23,4,1,0,0,3,1
31,1,111.6,10,2,4,1,0,0,0,0
1,3,97.0,12,15,4,1,0,0,0,1
0,0,91.2,9,8,3,1,0,0,0,1
0,1,89.0,4,4,4,0,1,3,0,1
134,1,114.3,8,10,4,2,0,0,0,1
20,0,90.0,9,18,3,2,2,0,0,0
62,0,143.1,5,7,4,1,0,0,0,0
28,1,75.18,11,3,4,3,0,0,0,1
1,0,128.52,12,24,4,3,2,0,3,1
39,0,117.9,7,2,4,1,2,0,0,0
32,1,66.59,12,17,4,2,2,3,0,1
7,0,85.0,7,26,3,4,0,0,0,1
47,2,150.3,6,18,4,1,2,0,3,1
24,1,100.0,2,24,4,4,0,0,0,0
189,4,96.3,10,28,4,2,1,0,0,1
142,1,128.7,7,1,4,2,0,0,3,1
60,0,60.0,10,12,3,1,1,0,0,1
78,1,105.3,3,24,4,3,0,0,0,1
40,0,67.0,3,13,2,1,2,0,0,1
0,1,41.84,1,10,4,5,2,0,0,1
100,1,93.3,3,25,4,2,1,0,0,0
38,1,120.7,12,21,4,4,1,0,0,1
11,0,90.0,8,21,4,2,1,0,0,1
143,2,101.54,4,23,4,4,2,0,3,0
12,0,122.33,4,27,4,3,0,3,0,1
26,0,147.0,10,2,4,1,2,0,0,0
9,0,86.25,1,17,4,0,2,0,1,1
151,2,167.45,7,1,4,7,2,0,5,0
6,0,99.2,5,9,2,2,1,0,0,1
134,2,93.08,7,2,4,2,2,0,0,1
15,2,99.67,11,19,4,1,2,0,0,1
122,1,105.3,5,12,4,2,0,0,0,1
148,1,123.3,10,25,4,1,0,0,3,1
17,2,158.0,9,25,4,2,2,0,0,1
6,0,80.2,2,28,3,5,2,0,3,1
3,1,87.01,6,22,4,2,0,3,0,1
84,2,94.0,7,25,4,1,0,0,0,1
75,2,115.85,5,22,4,2,2,0,0,1
50,2,115.2,3,24,4,1,0,0,0,1
216,0,86.7,8,30,3,4,0,0,3,1
55,0,74.88,11,23,4,1,0,0,0,1
202,0,90.0,5,29,3,1,2,0,0,0
10,2,90.0,8,20,4,2,0,3,0,1
24,0,94.93,12,8,4,3,0,0,3,1
4,1,75.0,11,13,2,0,2,0,0,1
25,1,101.0,11,17,4,2,0,0,0,1
63,1,141.3,6,19,4,1,2,0,3,1
68,1,75.65,4,1,4,2,2,3,0,0
58,1,149.4,9,8,4,2,0,0,3,1
51,2,130.9,12,20,4,5,1,0,3,1
137,2,117.3,12,24,4,3,2,1,0,1
14,1,107.67,11,18,4,2,1,0,0,1
159,0,198.9,5,26,4,3,0,0,5,0
152,1,114.3,8,10,4,2,0,0,0,0
133,0,177.3,7,25,4,2,1,0,5,0
53,0,94.32,9,11,4,0,1,3,0,1
121,1,105.3,7,16,4,1,2,0,0,1
4,1,100.8,10,19,3,2,1,0,0,1
160,1,76.5,8,5,4,2,0,0,0,1
95,1,126.0,11,26,4,1,1,0,3,0
26,0,65.0,7,11,2,0,1,0,0,1
215,0,115.6,9,28,4,4,0,0,0,0
1,0,95.0,6,22,0,3,0,0,0,1
255,0,100.3,9,12,4,5,1,0,0,0
219,0,96.3,8,15,4,1,1,0,0,0
33,0,72.38,2,17,3,4,0,0,3,1
45,2,207.9,8,20,4,1,0,0,5,1
87,0,49.07,11,20,3,2,1,0,0,1
386,1,90.0,10,23,3,0,2,1,0,1
207,1,105.3,8,5,4,2,0,0,3,0
43,1,98.1,9,7,4,1,0,0,0,1
88,0,0.0,12,4,1,2,0,0,0,1
26,1,65.0,11,23,3,3,1,0,0,1
44,1,74.82,1,29,4,3,2,0,0,1
39,1,94.5,6,21,4,3,0,0,0,1
120,1,129.81,9,11,4,5,2,0,0,1
10,0,66.0,2,4,2,1,0,0,0,1
56,1,60.0,2,8,3,4,1,0,0,1
66,1,137.7,4,22,4,2,0,0,3,0
43,0,153.9,3,1,4,1,0,0,5,0
23,1,139.0,9,16,4,1,0,3,0,1
53,1,167.22,9,26,3,3,2,0,3,1
120,0,89.74,4,7,4,5,2,0,0,1
1,0,76.0,1,5,2,1,0,0,0,1
220,0,85.5,8,29,4,1,1,3,0,0
169,0,96.3,6,30,4,2,0,0,0,0
11,1,131.75,8,28,4,2,2,0,0,1
2,0,0.0,10,12,1,2,1,0,0,1
185,2,70.03,7,8,4,2,2,0,0,1
310,2,68.57,12,27,4,10,2,3,0,0
259,3,73.41,12,28,4,5,2,0,1,1
24,1,95.48,9,22,4,3,0,0,0,1
24,1,60.06,11,20,4,0,1,3,0,1
195,2,146.7,8,7,4,1,2,0,3,0
2,0,67.0,7,3,2,0,2,0,0,1
183,1,112.0,8,9,3,3,0,0,0,0
267,0,80.75,10,25,3,2,0,0,0,1
94,0,80.75,5,2,3,3,1,0,0,1
220,1,118.25,10,24,4,4,1,3,0,0
42,0,81.9,3,11,4,2,0,0,0,1
4,0,70.0,1,8,3,2,1,0,0,1
1,0,109.0,2,9,4,1,0,0,0,1
46,1,134.1,6,29,4,2,0,0,0,1
57,1,157.14,6,2,4,2,0,1,3,0
168,2,72.25,8,12,3,3,2,0,0,1
6,0,75.0,8,21,3,0,1,3,0,1
64,2,83.61,12,25,4,2,2,0,3,1
125,0,143.1,9,20,4,5,1,0,3,0
29,0,104.0,12,17,4,1,1,0,0,0
4,1,94.36,6,17,4,2,1,3,0,1
9,0,89.0,4,19,4,1,0,3,0,0
22,1,0.0,11,26,1,0,0,0,1,1
20,0,98.4,10,12,4,5,1,0,0,1
112,1,146.7,8,8,4,4,1,0,3,1
0,0,0.0,9,8,1,1,0,0,0,1
125,1,116.1,6,17,4,2,0,3,0,1
20,1,131.35,12,28,4,4,0,0,3,1
24,1,118.15,7,2,4,1,0,0,0,1
4,1,68.0,2,29,2,4,1,0,0,1
46,3,93.6,11,18,4,2,0,0,0,1
4,1,120.0,6,6,3,3,1,0,0,1
1,0,47.25,8,29,3,1,2,1,0,1
1,0,65.6,12,27,4,1,0,3,0,1
13,1,75.0,10,6,3,3,0,0,3,1
0,0,0.0,9,1,1,1,0,0,1,1
14,1,89.32,3,29,4,2,0,0,3,1
92,0,89.55,9,12,3,2,2,0,0,1
139,1,130.5,8,9,4,5,0,0,0,1
0,0,96.3,6,27,4,0,1,0,0,1
29,0,75.0,10,27,3,3,0,0,3,1
4,1,133.41,7,15,4,5,2,0,4,1
0,0,145.85,5,23,4,1,1,0,0,1
6,0,95.0,4,7,0,1,0,0,0,1
58,1,153.85,3,28,4,2,1,0,5,1
258,0,90.1,10,2,4,5,2,3,0,0
19,1,68.26,11,20,4,5,2,0,0,1
99,2,186.3,7,3,4,1,2,0,5,1
17,1,117.04,10,7,4,2,2,0,0,1
139,0,131.36,7,16,4,9,4,0,0,0
81,0,132.6,5,21,4,2,2,0,3,0
287,1,90.95,10,19,4,4,1,0,0,1
4,2,120.0,11,5,4,1,0,0,0,1
20,2,196.0,10,27,4,3,0,0,5,1
1,0,95.0,6,7,2,1,0,0,0,1
13,2,126.0,10,19,4,1,1,0,0,1
1,0,119.0,5,5,3,3,0,0,4,1
195,1,94.5,8,13,4,1,2,0,0,1
1,0,59.75,1,8,4,3,2,0,3,1
209,0,55.96,7,29,4,4,1,0,0,0
59,0,75.0,11,12,3,1,2,0,0,1
126,1,90.95,6,28,4,4,0,0,0,1
113,3,117.3,12,6,4,4,0,1,0,1
118,1,98.25,10,16,4,2,1,0,0,1
2,1,80.0,1,30,4,1,0,0,0,1
68,2,116.45,4,1,4,2,2,0,3,1
73,0,75.0,12,4,3,0,2,0,0,1
64,0,80.1,10,25,4,2,0,3,0,1
7,0,79.0,11,16,2,0,1,0,0,1
30,0,157.5,4,14,4,2,0,1,3,0
0,1,0.0,3,10,1,1,0,3,6,1
13,0,107.8,2,29,4,3,1,1,0,1
216,2,96.3,8,27,4,1,2,0,0,1
17,1,121.0,5,31,4,2,0,0,0,1
117,0,90.95,10,24,3,2,1,0,3,1
125,0,140.27,7,31,4,5,2,0,3,1
210,0,68.0,7,30,4,3,1,0,1,0
6,1,93.0,3,2,4,1,0,0,0,0
325,1,189.55,11,6,4,3,2,0,0,0
247,1,111.0,6,6,3,1,1,1,0,0
1,0,119.0,3,28,4,0,1,0,0,1
16,1,111.75,10,1,4,3,1,0,0,1
8,0,65.0,10,23,2,2,0,0,0,1
4,2,128.5,9,12,4,1,1,0,0,1
34,0,135.9,8,1,4,2,1,0,0,0
21,0,75.0,10,12,3,3,1,0,3,1
195,1,112.56,9,27,4,5,2,0,0,0
9,1,89.0,1,12,4,4,0,0,0,1
56,1,100.67,11,11,4,2,1,0,0,0
98,1,90.0,11,2,4,4,1,0,0,1
16,0,154.33,4,30,4,4,2,0,3,0
36,1,135.9,8,19,4,3,2,0,0,1
12,0,110.5,10,5,3,4,1,1,0,1
1,1,137.0,4,4,4,1,1,0,3,1
98,1,98.24,4,26,4,5,2,0,0,1
6,1,65.0,6,8,2,1,0,0,0,1
81,0,110.16,4,24,4,3,2,1,3,0
57,2,117.45,9,4,4,2,2,0,3,1
143,1,84.6,11,17,4,1,0,0,0,0
29,1,89.9,11,17,4,3,1,0,0,1
37,1,125.1,3,18,4,1,0,1,0,1
186,0,68.68,10,28,3,1,0,0,0,1
39,1,77.5,3,4,4,2,0,0,0,1
116,1,104.14,3,25,4,5,2,0,0,1
296,0,158.4,7,24,4,5,2,0,5,0
7,1,85.85,3,5,4,1,2,0,3,1
43,0,68.47,3,8,4,5,1,0,0,0
174,1,99.45,8,13,4,2,2,0,0,1
64,0,161.1,8,8,4,1,1,0,3,1
21,0,141.0,5,24,4,2,0,0,0,0
190,0,109.3,5,6,4,2,2,0,1,0
6,2,95.0,12,10,4,1,0,3,0,1
68,0,164.88,11,2,4,4,1,0,1,0
9,0,72.8,1,27,4,2,0,0,0,1
13,1,135.0,10,28,4,2,0,0,0,1
26,0,99.2,10,26,4,1,0,0,0,0
84,0,89.75,3,24,4,3,1,3,0,1
2,0,99.0,4,21,2,1,0,0,3,0
0,0,79.0,2,10,4,1,0,3,0,1
15,1,109.0,5,31,4,3,0,3,0,1
15,1,65.2,2,4,4,5,2,3,0,1
31,1,57.59,11,25,4,2,2,3,0,1
15,1,165.0,9,1,4,5,0,0,5,0
69,0,111.9,6,27,4,2,1,0,0,0
0,2,0.0,11,14,4,0,0,0,0,1
196,0,105.4,9,12,4,5,2,0,0,0
9,1,75.0,11,1,4,1,2,3,0,1
0,0,0.0,8,25,1,7,2,0,0,1
2,1,95.0,4,29,3,2,1,0,0,1
12,1,152.0,4,29,4,3,2,0,3,1
84,0,65.0,9,7,2,1,0,0,0,1
41,0,85.0,3,16,3,3,0,0,0,1
6,1,196.0,4,23,4,1,1,0,5,1
85,1,201.6,8,19,4,4,2,1,3,1
6,0,109.65,11,10,2,1,0,0,0,1
70,0,95.2,4,23,4,2,2,0,0,0
37,2,127.8,3,23,4,4,2,0,0,0
81,1,76.5,8,3,4,12,5,0,0,0
28,1,87.0,1,4,3,3,1,0,0,1
48,1,138.5,3,21,4,3,1,0,0,0
67,1,76.16,3,26,3,1,2,0,0,1
40,1,67.76,11,18,4,2,1,3,0,1
69,1,57.52,10,28,4,1,0,3,0,1
217,1,177.3,8,7,4,1,2,0,5,0
111,1,55.96,7,22,4,2,0,0,0,1
110,0,80.0,10,9,4,1,2,0,0,0
42,2,168.3,5,12,4,2,0,0,3,1
129,0,80.75,10,24,3,3,1,0,0,1
93,2,76.5,8,15,4,3,2,0,0,0
186,1,112.01,9,4,4,2,2,0,1,0
10,2,98.33,11,28,4,2,1,0,0,1
113,2,115.85,6,16,4,3,2,0,0,1
0,0,139.0,6,2,4,1,0,0,0,1
1,0,91.0,11,17,4,1,0,0,0,1
4,0,65.0,10,18,2,1,2,0,0,1
213,0,110.7,12,17,4,1,0,0,3,1
31,2,108.9,5,22,4,0,1,0,0,1
15,0,133.2,4,6,4,4,1,0,3,0
135,2,94.5,5,22,4,0,2,3,0,1
56,1,156.6,12,19,4,0,1,0,5,1
5,0,95.0,4,11,0,3,1,0,0,1
69,1,110.5,4,23,4,2,2,0,0,1
162,1,120.82,8,14,4,5,2,0,0,0
13,1,96.0,1,20,4,2,0,0,0,1
85,0,100.0,9,30,3,3,0,1,0,1
147,2,72.25,12,29,4,3,0,0,0,0
36,0,150.3,6,29,4,4,0,0,3,0
70,1,74.8,12,3,4,2,2,3,0,1
40,0,88.5,3,1,4,3,0,0,3,0
47,1,115.2,12,6,4,0,2,0,0,1
0,1,0.0,8,26,4,1,0,0,4,1
1,1,86.0,1,26,4,1,0,0,0,1
42,1,74.8,12,9,4,2,2,3,0,1
54,0,90.95,6,20,3,2,1,0,3,1
223,0,73.96,9,30,4,3,2,3,0,0
32,2,94.5,10,6,4,3,0,0,0,1
210,0,96.3,10,19,4,4,0,0,0,0
18,0,100.0,6,21,2,3,0,0,0,1
1,1,78.0,12,6,4,2,0,3,0,1
196,1,150.45,9,19,4,3,1,0,0,0
50,2,81.56,12,5,4,3,1,0,0,1
51,1,68.47,11,17,4,3,0,0,0,1
164,0,94.5,7,21,4,3,0,3,0,0
5,0,75.0,1,7,4,1,0,3,0,1
223,2,128.7,10,29,4,1,2,0,3,0
1,1,80.0,3,15,3,3,0,0,0,1
30,0,138.93,6,8,4,9,2,0,3,0
1,1,140.0,11,4,4,1,0,3,0,1
24,0,0.0,5,8,1,2,2,0,0,1
193,1,120.7,12,28,4,4,0,0,3,0
40,2,109.8,9,1,4,1,0,0,0,1
34,0,66.0,1,24,2,0,1,0,0,1
83,1,105.61,12,26,4,3,1,0,3,1
110,1,98.2,7,23,3,1,0,1,1,1
5,0,112.0,10,18,4,3,0,3,0,1
54,1,132.3,9,30,4,1,0,0,3,1
157,2,102.86,10,22,4,5,2,0,0,0
29,0,120.35,4,19,4,4,0,0,3,0
128,0,130.5,7,8,4,2,0,0,0,0
3,0,159.0,5,19,2,1,0,0,4,1
3,1,124.0,6,23,4,1,0,0,3,1
82,1,103.5,7,25,4,3,1,3,0,1
7,1,142.6,9,12,4,3,2,0,0,1
100,2,210.6,5,15,4,0,2,1,3,0
386,0,3.0,10,23,1,0,2,1,0,1
22,0,80.8,2,12,4,2,2,0,3,0
33,1,89.78,10,6,4,4,0,0,0,0
49,0,60.0,11,9,3,3,1,0,3,1
5,1,206.0,9,26,4,2,2,0,0,1
101,0,187.85,6,1,4,4,0,0,5,0
30,0,112.58,4,2,4,2,2,3,0,0
20,1,134.1,9,22,4,3,0,3,0,1
80,0,85.0,9,4,3,4,2,0,0,1
167,2,96.9,8,21,3,5,4,0,0,1
0,0,97.32,4,23,4,1,0,0,0,1
175,1,96.3,7,13,4,2,0,0,0,1
16,0,114.57,10,3,4,5,2,0,0,1
58,1,86.72,4,25,4,3,1,0,3,1
76,1,116.36,10,22,4,5,2,0,3,1
6,0,116.0,4,16,4,1,1,0,0,1
203,0,67.5,12,1,4,3,0,3,0,0
37,0,60.0,11,4,3,3,0,0,3,1
29,1,95.95,4,17,4,0,2,0,0,1
8,0,116.5,6,20,4,3,1,3,0,0
162,0,85.5,6,30,4,1,0,3,0,0
110,1,104.4,10,27,4,3,0,0,3,0
0,1,98.6,11,13,4,2,2,0,0,1
135,1,103.5,8,9,4,3,0,3,0,1
18,0,85.0,2,22,4,0,1,0,0,1
35,0,118.8,9,5,4,3,1,0,0,1
31,0,161.1,7,23,4,1,1,0,0,1
4,1,104.0,11,6,4,2,1,3,0,1
53,1,104.58,4,25,4,4,1,0,3,1
13,1,141.0,6,19,4,1,2,0,0,1
4,0,175.0,8,30,4,2,0,0,3,1
51,1,94.5,10,11,4,0,1,0,0,1
36,3,96.9,11,14,4,4,1,0,3,1
38,1,78.3,2,12,4,2,2,0,0,0
1,1,70.4,11,30,4,2,0,3,0,1
40,1,83.9,3,5,4,3,2,0,0,1
104,0,61.43,2,29,4,5,1,0,0,0
4,1,121.0,8,2,4,1,0,0,0,1
59,1,74.8,11,21,4,3,1,3,0,1
65,0,72.25,10,8,3,3,0,0,0,1
3,1,91.0,5,21,3,1,1,1,0,1
221,1,96.9,8,22,3,1,1,0,0,1
12,1,98.5,9,1,3,3,0,0,0,1
85,0,87.0,2,13,4,1,0,0,0,0
97,1,118.8,10,12,4,2,0,0,0,1
105,1,119.85,5,16,4,3,1,0,0,1
243,0,65.29,9,1,4,3,0,0,0,0
8,0,91.0,2,16,4,1,0,0,0,1
191,0,96.9,8,1,3,2,1,0,0,1
150,1,118.62,8,28,4,3,2,0,0,1
9,0,55.0,3,2,2,2,0,0,0,0
6,0,129.0,5,12,2,1,0,0,0,1
117,0,105.26,6,9,4,3,2,3,0,1
23,1,92.0,8,31,4,4,1,0,0,1
6,1,88.51,4,21,4,3,0,0,0,1
9,0,75.0,7,27,3,3,0,3,0,1
3,0,92.7,5,2,3,2,1,0,0,1
9,0,119.5,5,18,4,2,0,0,1,0
313,1,91.8,12,1,4,3,0,0,3,0
29,0,38.67,2,13,3,1,2,0,0,1
184,0,101.05,10,4,4,3,0,0,1,0
8,0,170.63,10,6,2,1,0,0,4,0
11,3,135.0,10,2,4,0,2,3,0,1
8,1,98.0,6,1,2,1,0,0,0,1
4,1,205.0,11,9,4,1,0,0,0,1
59,0,85.0,7,18,3,1,1,0,0,1
9,1,153.0,8,17,4,2,1,0,5,0
2,1,95.0,11,4,4,1,0,3,0,1
62,2,101.15,3,28,4,3,1,0,0,1
122,0,94.0,4,15,3,2,0,0,0,1
133,0,97.92,9,4,3,0,2,0,0,1
45,0,122.4,6,18,3,1,1,0,3,1
161,1,127.8,8,16,4,2,0,0,3,0
48,0,72.9,3,7,4,2,1,0,0,0
102,0,150.3,8,24,4,4,0,0,3,0
220,1,137.7,8,31,4,2,0,0,3,0
89,1,113.4,10,3,4,1,1,0,0,1
84,2,170.1,6,15,4,4,1,0,3,1
11,1,90.0,8,24,4,0,1,0,0,1
58,0,79.2,12,15,4,3,0,3,0,0
151,0,70.0,1,19,3,2,0,0,0,1
62,2,124.5,9,5,4,2,1,0,3,1
25,1,90.98,9,21,4,3,1,0,3,1
217,0,101.15,9,29,4,3,1,3,0,0
6,2,213.0,6,7,4,5,0,0,5,1
116,1,81.9,4,17,4,1,2,0,0,1
0,0,119.0,10,15,3,1,0,0,0,1
8,1,58.0,12,15,3,3,0,0,0,1
2,0,90.0,9,10,2,1,0,0,0,1
61,1,111.6,12,30,4,4,1,0,0,1
138,0,104.55,8,4,4,3,2,0,0,0
202,1,96.3,7,29,4,1,0,0,0,0
196,0,85.5,7,20,4,3,0,0,0,0
51,0,125.1,8,18,4,2,0,3,0,0
151,0,200.0,6,27,4,0,1,0,4,0
1,0,65.0,8,18,2,2,0,0,0,1
14,0,95.0,6,17,3,4,2,0,0,1
52,1,96.9,12,9,4,2,2,0,3,1
30,0,116.1,5,21,4,1,0,3,0,0
3,1,65.0,3,20,2,0,2,0,0,1
161,1,101.15,7,31,4,3,2,0,0,0
70,1,77.86,12,23,4,2,2,0,1,1
0,0,124.0,9,9,4,1,0,0,0,1
9,0,65.0,11,11,2,1,0,0,0,1
4,1,0.0,7,5,1,1,0,0,0,1
45,1,135.9,8,7,4,0,2,0,0,1
69,1,135.9,5,10,4,1,0,0,0,1
42,1,98.36,10,26,4,5,2,0,0,1
11,0,69.6,12,8,3,1,0,0,0,1
0,0,65.0,8,31,2,2,1,0,0,1
81,1,76.5,7,27,4,2,1,0,0,0
63,1,103.95,9,4,4,2,2,0,0,1
97,1,60.5,12,29,3,4,0,0,3,1
47,2,161.1,7,17,4,3,2,0,3,1
3,0,104.0,3,3,4,1,0,0,0,1
21,2,162.67,11,11,4,2,1,1,3,1
16,1,129.0,8,21,4,0,1,3,0,0
30,1,83.8,11,29,4,4,0,3,0,1
52,2,108.11,5,27,4,2,1,0,3,1
13,0,65.0,2,17,2,1,0,0,0,1
11,0,93.8,2,12,3,2,1,0,3,1
176,0,125.1,9,8,4,3,0,0,0,0
26,1,139.0,9,25,4,1,2,0,0,1
254,0,73.95,12,30,4,2,2,3,0,0
6,1,136.67,5,16,4,2,1,0,0,1
150,2,99.45,7,24,4,4,2,0,0,1
45,0,60.0,11,6,3,2,1,0,3,1
1,0,110.0,10,11,0,2,0,0,3,1
16,1,129.0,9,27,4,2,0,3,0,1
296,0,96.0,9,21,3,4,0,1,0,1
3,2,195.0,10,9,4,0,1,0,4,1
11,0,55.0,11,30,3,2,1,0,0,1
46,0,118.8,10,10,3,1,0,1,3,1
115,2,68.0,7,10,4,3,2,0,0,0
129,1,121.5,5,13,4,2,1,0,3,1
77,1,109.8,4,25,4,1,1,0,3,1
0,1,106.67,8,22,4,1,2,0,0,1
6,0,75.0,11,1,3,3,0,0,0,1
93,3,150.45,5,12,4,3,2,0,0,1
33,2,82.9,3,5,4,1,2,0,0,1
22,1,89.0,9,11,4,0,1,3,0,1
40,1,88.4,11,15,4,5,0,0,0,1
49,1,129.2,11,24,4,3,2,1,3,1
18,1,125.0,8,20,4,1,0,0,0,1
105,1,118.8,7,15,4,2,1,0,3,1
68,0,60.0,11,29,3,2,2,0,3,1
33,2,105.3,10,19,4,1,1,0,3,1
14,1,118.0,2,24,3,3,0,0,0,1
92,2,117.9,8,26,4,2,1,0,0,1
84,1,189.9,8,14,4,0,2,0,5,1
14,2,75.27,11,14,4,3,1,0,3,1
31,1,90.0,10,26,3,2,1,0,3,1
40,1,77.55,1,14,4,3,0,0,1,1
9,1,186.0,3,20,4,1,2,0,3,1
31,1,173.25,10,3,4,5,1,0,3,0
36,0,144.0,10,6,3,3,0,0,4,1
90,0,74.95,3,6,4,3,2,0,0,1
33,0,64.0,1,25,2,3,1,0,0,1
32,0,95.0,10,10,2,2,1,0,0,1
75,0,0.0,7,18,4,2,1,0,0,1
4,2,145.0,10,25,4,4,0,0,0,1
95,1,119.85,6,10,4,2,2,0,0,1
7,0,151.0,8,7,4,2,2,0,0,0
138,1,79.2,11,25,4,2,0,3,0,1
57,0,105.3,4,11,4,2,1,0,0,0
89,1,96.3,4,12,4,3,0,0,0,1
2,1,89.0,4,16,4,1,0,3,0,1
70,2,165.63,7,14,4,3,1,0,6,1
218,1,122.4,10,5,4,3,0,0,3,0
140,2,108.0,10,11,4,3,0,3,0,0
102,0,80.75,5,29,3,1,2,0,0,0
6,1,97.0,1,16,4,1,1,0,0,1
85,0,75.0,10,6,3,3,1,0,0,0
37,0,211.5,6,10,4,3,2,0,5,0
29,2,212.0,9,24,4,2,0,0,5,1
69,1,76.5,7,22,4,5,2,0,0,0
175,0,126.9,9,18,4,0,2,0,0,0
121,1,88.77,6,30,4,2,0,0,1,1
27,0,95.0,5,9,3,2,1,0,0,1
0,0,131.0,3,23,4,3,0,0,0,1
1,0,75.0,3,7,2,3,1,0,3,0
63,0,126.9,5,15,4,1,2,0,0,0
147,0,122.04,8,13,4,5,2,0,0,0
178,2,90.9,10,26,4,4,0,0,0,1
5,2,75.0,7,4,3,2,1,0,0,1
41,2,105.9,10,16,4,2,1,0,0,1
20,4,129.5,3,9,4,4,0,0,3,1
124,1,114.3,5,6,4,2,0,0,3,1
12,1,64.0,12,5,3,1,1,0,0,1
122,0,94.5,5,17,4,3,0,3,0,1
46,0,79.2,12,25,4,1,2,3,0,1
46,0,156.6,11,18,4,2,0,0,5,1
125,0,116.1,6,9,4,1,0,3,0,1
1,0,96.0,8,10,4,3,1,3,0,1
1,0,100.0,10,2,3,2,0,0,0,1
0,1,109.0,6,8,4,2,0,3,0,1
74,0,85.5,4,8,4,1,0,3,0,0
197,1,108.45,8,9,4,4,0,0,0,0
111,1,189.0,7,23,4,3,2,1,3,1
0,0,0.0,5,2,4,2,1,0,0,1
6,1,104.25,12,13,4,0,1,0,1,1
2,1,101.0,4,17,4,0,2,0,0,1
164,0,133.45,8,19,4,3,2,1,0,0
54,1,65.0,11,18,2,1,0,0,0,1
2,0,65.0,10,27,2,1,0,0,0,1
9,3,165.0,8,13,4,1,1,0,0,1
157,1,123.3,7,7,4,3,0,0,0,0
35,1,139.14,9,24,4,3,2,0,3,1
237,1,107.53,10,12,4,4,0,0,0,0
51,1,85.5,9,10,3,2,2,0,0,1
32,0,85.0,3,13,3,2,2,0,0,1
36,1,53.97,1,29,4,2,1,3,0,1
4,0,0.0,9,18,1,3,2,0,0,1
28,1,103.87,9,22,4,4,0,0,0,1
162,0,168.3,7,4,4,0,1,0,5,0
16,0,75.0,3,11,2,1,0,0,0,1
86,2,137.7,7,14,4,3,1,0,3,1
1,1,106.0,2,1,4,0,1,0,3,1
66,1,105.33,11,12,4,1,2,0,0,0
19,2,82.13,2,7,4,1,2,0,3,1
123,0,76.5,7,13,4,3,1,0,0,0
60,0,75.48,6,21,3,3,0,0,0,1
52,2,79.2,11,25,4,2,0,3,0,1
31,0,74.8,11,17,4,3,1,3,0,0
57,0,148.95,4,28,4,2,0,0,0,1
109,1,90.96,5,8,3,3,2,0,3,1
6,0,94.0,11,8,2,1,0,0,3,1
41,0,60.0,11,8,3,2,2,0,3,1
132,2,114.75,7,13,4,4,2,0,0,1
203,0,120.7,12,30,4,2,2,0,3,1
1,1,149.0,9,1,4,1,0,3,0,1
20,0,231.5,9,18,4,2,2,0,5,0
81,1,111.78,4,24,4,2,2,1,3,1
57,1,63.75,3,11,4,2,2,3,0,1
67,3,105.3,7,24,4,3,2,0,0,1
11,1,129.75,7,25,4,2,1,0,0,1
62,0,60.0,11,25,3,4,0,0,3,1
215,0,96.3,7,8,4,2,1,0,0,0
71,0,116.1,6,9,4,1,0,3,0,0
12,0,105.9,12,4,4,3,2,0,3,1
15,0,85.33,2,18,3,3,0,0,0,1
120,0,146.7,7,12,4,3,0,0,3,1
23,1,0.0,12,8,4,0,0,0,3,1
34,0,194.85,8,15,4,3,1,1,0,0
0,1,89.0,4,7,4,2,0,3,0,1
99,0,85.5,3,24,4,3,0,3,0,1
124,1,137.7,7,16,4,1,2,0,3,0
20,0,102.4,12,23,4,2,2,0,0,1
96,0,76.5,8,22,4,5,2,0,0,0
116,0,70.0,2,28,3,1,2,0,0,0
155,3,105.52,8,14,4,5,2,0,0,1
7,0,97.0,5,16,4,0,1,0,0,1
166,1,99.78,9,30,4,2,0,0,0,1
110,1,148.2,8,1,4,5,1,0,3,1
68,1,71.46,10,25,4,4,0,0,3,1
259,0,72.0,11,12,4,5,2,0,1,0
77,1,75.16,4,13,4,4,1,0,0,1
56,0,63.75,3,12,4,2,2,0,0,0
36,0,96.9,12,3,4,2,2,0,3,1
143,1,97.54,8,18,4,1,0,0,1,1
47,0,126.0,11,16,4,3,0,0,3,0
135,2,92.28,7,15,4,2,2,3,0,1
142,0,109.8,8,26,4,2,0,0,3,0
100,0,108.0,10,16,4,1,0,1,0,0
0,1,0.0,2,17,1,1,0,0,5,1
6,2,77.0,12,18,4,1,0,0,1,1
28,1,169.0,7,27,4,1,0,0,0,1
82,1,85.7,7,10,4,1,2,0,0,1
75,0,67.83,10,20,3,5,1,0,1,1
6,1,81.0,12,16,4,1,0,0,0,1
11,2,124.0,9,4,4,2,0,0,0,1
24,1,60.75,11,3,3,4,0,0,0,1
0,2,115.0,9,18,4,1,0,3,3,1
174,0,94.5,7,31,4,0,2,3,0,0
132,0,89.76,10,7,3,2,1,0,0,1
99,1,114.3,6,29,4,3,0,0,0,1
0,0,90.0,5,13,3,2,0,0,0,1
0,1,156.0,8,25,4,2,0,0,5,1
9,0,56.0,3,2,3,2,0,0,0,1
377,1,112.0,10,14,4,2,0,1,0,0
35,0,87.0,3,8,3,3,0,0,0,1
3,0,98.0,5,2,2,0,1,0,0,1
152,0,56.52,10,29,3,3,1,0,0,1
0,0,65.0,4,18,2,0,1,0,0,1
58,0,75.0,11,23,3,4,0,0,0,1
0,2,158.0,9,23,4,2,0,0,0,1
59,1,104.64,8,5,4,2,1,0,0,1
6,0,55.0,12,3,3,2,0,0,0,1
125,1,72.25,12,11,4,2,0,0,0,0
117,1,123.3,7,29,4,2,0,0,3,1
48,0,75.0,10,31,3,2,1,0,0,1
88,2,131.4,8,19,4,1,0,0,3,1
7,1,128.0,8,23,4,1,0,3,0,1
7,2,104.0,12,4,4,0,2,0,0,1
92,1,99.9,7,15,4,1,0,0,0,1
36,1,135.9,8,11,4,1,0,0,0,0
47,1,130.61,9,27,4,4,0,0,3,0
4,1,146.0,6,7,4,4,0,0,3,1
172,1,89.25,7,23,4,6,2,3,0,0
69,3,171.2,1,1,4,2,0,0,5,1
164,2,105.3,8,5,4,2,0,0,0,0
35,1,104.85,10,17,4,1,1,0,0,1
4,1,120.5,6,12,4,0,2,0,0,1
84,1,82.45,3,28,4,4,1,0,0,1
25,1,166.0,7,4,4,3,1,0,3,1
55,0,159.3,6,2,4,2,0,0,3,0
183,2,123.3,10,26,4,4,0,0,3,0
145,1,108.0,10,8,4,1,2,3,0,0
7,0,136.0,9,22,4,3,0,0,3,1
10,0,95.0,3,31,2,1,0,0,0,0
176,0,108.9,10,7,4,2,0,0,0,0
117,2,93.6,12,26,4,2,1,0,0,1
23,1,0.0,10,8,4,0,0,0,0,1
181,1,112.2,8,4,4,5,2,0,3,0
11,1,95.33,8,18,4,3,0,0,0,1
26,0,126.0,4,13,4,1,0,0,3,1
35,0,116.1,3,16,4,2,0,1,0,0
37,0,96.3,4,30,3,3,2,0,3,1
42,0,93.6,3,22,4,1,0,0,0,1
45,1,94.5,4,13,4,2,0,3,0,1
34,0,65.0,9,15,2,1,0,0,0,0
30,1,113.4,11,18,4,3,0,0,0,1
66,3,177.66,9,4,4,3,2,0,5,1
85,0,177.3,8,24,4,1,0,0,3,1
0,1,97.0,6,23,4,1,0,0,0,1
81,1,67.5,3,9,4,3,0,3,0,1
72,1,53.95,9,19,4,3,1,0,3,1
128,0,85.5,8,28,4,0,2,3,0,1
0,0,84.0,4,5,3,1,0,3,0,1
3,1,110.5,12,28,4,4,0,0,0,1
121,0,95.04,8,3,3,3,0,0,3,1
1,1,205.0,9,27,4,2,0,0,3,1
0,0,0.0,9,22,1,1,0,0,0,1
76,1,69.3,4,21,4,1,0,3,0,1
42,1,75.95,1,17,4,0,2,0,0,1
120,0,68.0,11,16,4,4,2,0,0,0
59,0,74.83,3,31,3,3,0,0,0,1
71,1,72.25,8,9,3,3,0,0,0,1
14,0,167.2,9,15,4,2,0,0,4,1
115,1,99.9,7,23,4,1,0,0,0,1
17,0,72.4,3,31,3,1,0,0,0,1
31,1,75.0,10,25,3,1,2,0,3,1
60,3,105.4,12,23,4,2,2,0,0,1
6,0,176.0,2,24,4,2,0,0,5,1
68,1,131.4,8,30,4,5,1,0,0,1
97,1,117.9,8,8,4,4,1,0,0,1
0,0,170.0,9,29,4,1,0,0,0,1
128,1,140.7,8,4,4,3,0,0,3,1
159,0,65.0,4,9,3,1,1,0,0,1
3,1,0.0,11,25,1,2,0,0,0,1
19,1,150.02,9,18,4,4,2,0,5,0
15,1,160.0,3,20,4,2,2,0,0,1
92,0,99.45,4,11,4,5,1,0,3,0
20,0,75.0,10,18,3,1,2,0,3,1
90,3,95.0,9,5,3,5,1,0,0,1
2,1,97.54,11,22,4,4,0,0,0,1
41,1,177.3,8,24,4,3,0,0,3,1
1,2,129.0,6,22,4,1,0,3,0,1
155,2,90.95,6,28,4,5,2,0,0,1
86,0,90.0,9,9,2,2,0,0,0,1
10,2,81.0,12,24,4,1,0,0,0,1
100,0,62.86,4,12,4,3,0,0,0,1
104,1,125.1,10,25,4,3,0,1,0,1
3,0,65.0,9,18,2,2,2,0,0,1
38,2,159.3,7,19,4,2,0,0,3,1
92,0,106.08,5,24,3,4,0,0,3,1
194,1,132.18,8,19,4,2,2,0,3,0
20,2,80.85,9,2,4,4,0,0,0,1
64,1,200.1,8,6,4,1,1,0,0,1
8,0,85.0,2,15,4,2,1,0,0,0
68,2,75.9,11,14,4,3,1,3,0,1
10,2,97.0,11,13,4,2,2,0,0,1
28,1,220.53,9,22,4,3,1,0,5,1
29,0,97.33,4,18,4,3,1,0,0,1
18,0,104.0,11,16,4,0,1,0,0,1
3,0,90.0,9,24,3,1,0,0,0,1
90,1,76.5,4,8,4,2,1,3,0,1
4,0,116.0,9,26,3,1,1,0,0,1
4,1,88.0,12,14,4,1,0,0,0,1
40,1,94.5,6,21,4,3,0,0,0,1
179,0,80.75,7,18,4,3,1,3,0,0
53,1,81.0,12,29,4,2,0,3,0,1
141,0,80.75,10,6,3,3,1,0,0,1
8,1,133.0,8,16,4,2,0,3,0,1
3,1,177.5,9,19,4,1,1,0,3,1
16,0,86.0,2,6,2,1,0,0,4,1
160,1,85.0,11,20,4,3,2,0,0,0
198,0,99.95,8,8,4,4,1,0,0,0
12,0,85.0,7,17,3,0,1,0,0,0
31,2,72.8,2,20,4,1,1,0,0,1
141,1,129.6,9,14,4,4,0,0,0,1
29,2,81.55,3,4,4,2,0,3,0,1
24,2,114.0,10,8,4,3,0,3,0,1
4,0,95.0,5,9,3,2,1,0,0,1
76,1,125.1,9,27,4,3,0,3,0,1
0,2,98.0,12,7,4,1,0,0,0,1
166,3,87.5,11,12,4,4,2,0,0,1
54,2,168.3,7,25,4,5,1,0,3,1
32,1,135.9,7,3,4,2,2,0,0,1
19,1,165.0,9,5,4,1,2,0,5,1
213,1,92.29,6,30,4,5,2,3,0,1
39,1,126.0,10,2,4,1,2,0,0,0
4,2,152.85,4,17,4,1,2,0,5,1
1,1,65.0,3,2,2,1,0,0,0,1
54,0,47.43,3,1,4,4,0,3,0,0
7,3,126.0,9,19,4,2,2,0,0,1
87,2,112.03,8,27,4,4,2,0,0,1
88,1,187.85,5,16,4,4,1,0,5,0
190,0,117.45,12,22,4,8,3,0,3,1
8,0,94.0,11,23,4,1,0,0,0,1
4,1,125.0,5,1,4,0,1,0,0,1
15,0,69.0,12,1,4,2,0,0,0,1
68,0,93.6,11,25,4,2,0,0,0,1
0,1,221.0,5,14,4,1,0,0,5,0
65,1,112.2,4,8,4,3,2,0,3,1
38,2,139.95,4,12,4,4,0,0,0,1
20,0,79.0,3,31,2,2,0,0,0,0
30,0,163.62,8,6,3,1,0,0,4,1
37,1,72.91,9,5,4,3,1,3,0,1
2,2,102.0,2,12,4,2,0,0,0,1
14,2,100.0,11,3,4,2,0,3,0,1
30,0,117.0,3,5,3,1,2,1,0,1
3,0,107.0,3,4,4,2,0,0,0,1
194,1,76.85,7,9,4,1,2,0,1,1
5,0,133.0,3,23,4,3,0,0,0,1
169,0,123.25,5,25,4,4,0,0,3,0
0,2,106.0,8,25,4,2,0,0,0,1
0,0,70.0,2,10,2,1,0,0,0,1
62,1,60.29,3,11,4,2,1,0,0,1
58,1,72.69,11,2,4,4,0,0,3,1
68,1,168.3,9,9,4,2,1,0,3,1
45,0,78.3,3,3,4,3,0,0,0,0
5,0,95.0,4,4,0,3,1,0,0,1
28,0,84.65,2,5,4,2,2,0,0,1
116,2,129.6,9,15,4,3,0,0,0,1
98,0,75.0,12,21,3,4,0,0,0,1
149,0,71.0,1,17,3,3,2,0,0,1
145,0,118.8,7,28,4,2,0,0,3,1
1,0,95.0,9,20,0,1,0,0,0,1
16,1,58.45,11,25,4,3,2,0,0,0
103,0,125.0,12,31,3,2,2,0,0,1
0,0,178.0,3,25,4,1,0,0,0,1
21,0,59.5,11,10,3,3,1,3,0,1
44,1,74.8,12,2,4,2,2,3,0,1
85,0,76.5,7,24,4,3,2,0,0,0
63,0,210.6,5,14,4,1,1,1,3,0
77,0,198.9,8,9,4,2,0,0,5,1
98,0,144.9,7,8,4,3,2,0,3,0
12,0,79.0,12,12,2,1,1,0,0,1
52,1,108.0,10,17,4,2,1,3,0,1
282,0,115.6,12,29,4,3,1,1,0,1
33,1,98.3,2,6,4,1,1,0,3,1
44,2,74.8,11,1,4,4,0,3,0,1
8,1,86.72,11,11,4,2,2,0,0,1
70,0,146.7,7,31,4,0,1,0,3,0
4,0,76.8,2,19,3,2,1,0,0,1
47,0,140.4,6,16,4,3,1,0,3,0
24,2,172.0,5,1,4,0,2,0,3,1
112,1,52.85,12,4,4,2,2,0,0,1
34,1,89.1,6,26,4,0,2,3,0,1
20,0,116.0,6,8,3,2,0,0,0,1
0,0,118.09,9,29,4,1,0,3,0,0
0,0,155.33,8,31,4,2,1,0,5,1
8,2,126.0,9,20,4,1,2,0,0,1
120,0,140.7,7,28,4,3,0,0,3,1
141,2,119.0,8,4,4,3,1,0,0,1
163,1,91.63,10,8,4,1,1,3,0,1
147,1,124.0,6,2,3,3,0,0,0,0
204,2,168.3,9,12,4,1,1,0,3,0
6,1,88.35,12,19,4,3,1,0,0,1
7,1,146.67,10,29,4,1,2,0,0,1
196,0,101.15,12,27,4,5,1,0,3,1
64,2,148.5,8,29,4,4,1,0,0,0
91,1,107.1,8,21,4,0,2,3,0,1
52,1,127.37,11,9,4,3,0,3,0,0
12,0,139.0,7,24,4,0,1,3,0,1
166,0,85.01,7,24,3,2,2,1,0,0
21,2,89.0,9,12,4,0,1,3,0,1
1,1,101.0,3,9,4,1,0,0,0,1
22,1,124.0,9,13,3,3,0,0,0,1
118,0,95.7,4,16,4,1,2,0,3,0
121,1,112.5,7,7,4,2,0,3,0,1
151,2,133.45,7,29,4,3,2,0,0,0
0,0,56.0,12,20,4,1,0,3,0,1
83,0,105.3,3,25,4,2,1,0,3,0
15,0,164.0,9,28,4,1,0,0,3,1
86,1,105.4,4,25,4,5,3,0,0,0
35,0,63.75,12,19,3,3,1,0,0,1
132,1,144.9,5,27,4,2,0,0,3,1
9,1,71.84,3,1,4,3,0,0,0,1
156,1,99.88,6,8,4,4,0,3,0,0
17,0,82.08,10,20,4,3,0,0,0,1
161,1,97.75,7,7,4,3,1,3,0,0
2,1,141.0,6,17,4,1,0,0,0,1
48,0,121.5,5,29,4,0,2,0,0,0
47,2,130.05,4,10,4,2,2,0,3,1
54,2,159.3,6,17,4,2,1,0,3,1
5,1,84.96,8,17,4,1,0,3,0,1
117,2,89.25,4,17,4,2,2,0,3,1
12,1,130.0,2,5,4,2,1,0,3,1
17,1,165.0,8,24,4,3,0,0,3,1
82,1,93.6,12,23,4,1,0,0,0,1
88,3,108.0,10,8,4,2,2,0,1,1
72,0,60.0,2,13,3,2,2,0,0,1
91,0,80.75,5,12,3,3,0,0,0,1
50,0,196.91,9,3,4,10,4,0,5,0
45,0,63.75,3,7,4,3,1,3,0,0
229,0,96.3,10,16,4,1,2,0,0,0
19,1,89.89,12,6,4,4,0,0,0,1
1,1,96.0,8,10,4,3,1,3,0,1
122,1,139.95,8,3,4,4,0,0,3,0
11,0,100.0,10,11,2,3,2,0,0,1
7,0,65.0,10,12,2,0,1,0,0,1
38,0,88.8,6,20,4,3,1,0,0,0
71,1,93.08,6,17,3,2,2,0,0,1
29,0,75.0,10,20,3,3,0,0,3,1
14,1,67.76,12,1,4,2,0,3,0,1
39,0,71.1,3,11,4,1,0,3,0,0
12,0,72.96,1,10,4,5,2,0,3,1
20,1,160.0,7,5,4,1,0,0,0,1
67,0,76.5,7,20,4,8,3,0,0,0
4,2,176.0,7,27,4,4,0,0,3,1
4,0,68.0,7,16,3,2,2,0,0,0
194,0,96.3,10,22,4,5,2,0,0,0
127,3,90.0,11,2,4,4,1,0,0,1
65,0,80.75,4,27,3,4,0,0,0,1
75,0,135.0,10,20,4,1,0,0,0,0
94,0,137.4,6,3,4,2,1,0,3,0
126,2,130.05,7,23,4,3,2,0,3,1
77,1,99.0,1,18,4,2,1,0,0,1
50,1,158.4,10,18,4,1,0,0,3,1
62,3,126.0,11,19,4,1,2,0,3,1
60,0,48.0,9,21,3,1,1,0,0,0
12,2,129.5,5,16,4,0,1,0,0,1
12,1,160.0,10,16,4,0,1,0,0,1
47,2,87.0,12,24,4,1,0,0,0,1
56,0,113.4,6,8,4,2,0,0,0,0
60,0,135.9,9,27,4,3,0,0,0,0
120,0,114.3,8,10,4,4,0,0,0,0
106,1,141.3,7,18,4,4,1,0,3,1
6,0,110.0,10,26,0,4,1,0,3,1
1,2,184.5,8,16,4,1,0,3,0,1
1,1,130.0,5,28,4,1,1,0,0,1
13,0,79.15,3,27,3,2,2,0,0,1
82,0,143.1,6,14,4,1,0,3,0,0
16,0,95.0,10,8,0,1,2,0,0,1
7,0,95.0,5,9,2,2,1,0,0,1
204,1,98.44,10,2,4,2,2,0,0,1
7,2,153.5,9,15,4,2,0,3,0,1
11,1,95.48,3,16,4,3,0,0,3,1
8,1,116.67,11,3,4,3,0,3,0,1
23,0,89.0,4,8,4,1,0,3,0,1
22,1,138.0,8,1,4,0,1,0,0,1
95,1,155.72,12,7,4,4,0,0,1,1
184,1,65.29,10,17,4,6,2,0,1,1
16,1,184.0,9,22,4,1,0,0,3,1
75,0,75.0,4,25,3,3,1,0,0,1
108,2,138.55,7,6,4,4,1,0,3,1
25,2,165.5,9,15,4,3,1,0,0,1
2,2,185.0,8,11,4,1,0,0,3,1
66,1,213.1,10,23,4,2,2,0,6,1
57,0,23.0,2,8,4,2,1,0,1,1
9,1,128.5,9,11,4,2,0,0,0,1
19,0,169.0,7,27,4,2,0,0,0,1
12,1,101.68,6,30,4,1,0,3,0,1
64,1,109.65,4,1,4,10,4,0,3,0
5,0,75.0,8,12,3,1,0,0,0,1
133,1,42.17,3,11,3,2,1,0,0,1
252,0,111.6,10,15,4,1,1,0,0,0
23,0,180.25,11,6,4,2,2,0,0,1
78,0,48.33,3,25,3,4,2,0,0,1
66,1,62.18,3,19,4,2,2,3,0,1
36,2,148.5,10,3,4,1,1,0,3,1
61,0,107.1,8,29,4,3,1,0,0,1
34,1,207.9,8,21,4,0,1,0,5,1
119,0,72.25,8,13,3,6,2,0,0,1
32,0,60.83,9,15,3,5,1,0,0,1
64,2,145.5,9,2,4,1,0,0,0,1
13,2,102.0,9,13,4,2,2,0,0,1
49,0,102.3,4,3,4,1,2,0,0,1
1,0,71.0,2,25,4,3,0,0,1,1
17,2,106.0,12,28,4,0,1,0,0,1
145,0,106.32,8,15,4,2,1,0,1,1
18,1,79.0,2,24,4,4,0,3,0,0
13,0,6.0,3,20,4,0,1,0,0,1
6,0,108.05,10,13,4,1,0,3,3,1
28,0,77.0,10,19,3,2,1,0,0,1
17,3,124.0,11,25,4,2,0,0,0,1
0,1,79.0,12,13,2,1,0,0,0,1
13,2,88.4,12,19,4,5,1,0,0,1
8,0,81.0,2,19,2,1,0,0,0,0
28,0,133.17,9,29,4,3,0,0,0,1
29,2,119.77,4,5,4,4,0,0,3,1
175,0,162.9,10,28,4,2,2,0,5,0
72,1,82.45,3,8,4,4,0,0,3,0
24,2,88.0,12,4,4,1,2,3,0,1
115,1,90.9,10,26,4,1,0,0,0,1
162,0,80.75,8,27,4,2,2,3,0,0
1,1,68.0,11,5,3,2,2,0,0,1
77,1,116.1,5,7,4,1,0,3,0,1
94,1,164.9,5,3,4,5,2,1,3,0
41,1,104.99,8,15,4,2,1,3,0,1
43,0,126.9,4,30,4,1,0,0,0,0
20,1,174.0,9,16,4,2,0,0,3,1
39,0,100.62,8,28,4,3,2,3,0,1
33,0,134.1,7,19,4,2,0,0,0,0
0,0,87.78,9,30,4,1,0,3,0,1
11,0,69.6,1,12,4,2,0,0,0,1
63,1,89.25,10,10,4,1,1,0,0,1
3,0,93.0,2,27,4,1,0,0,0,1
37,0,116.1,6,16,4,1,0,3,0,0
244,2,94.5,12,21,4,2,0,0,0,0
114,0,150.45,6,15,4,4,0,0,3,1
42,1,80.3,2,3,4,3,0,0,0,1
138,0,80.75,9,11,3,1,2,0,0,1
3,1,93.0,2,4,4,1,0,0,0,1
200,1,90.95,7,15,4,7,3,0,0,0
44,1,104.48,10,3,4,3,1,0,3,1
41,0,74.88,10,27,4,4,0,0,0,1
135,1,90.0,6,28,4,2,0,3,0,1
10,0,85.0,8,31,3,5,2,0,0,1
2,0,67.0,3,31,2,2,0,0,0,1
57,0,75.0,11,11,3,2,0,0,0,1
63,0,58.0,2,15,3,3,1,0,0,1
51,1,87.3,9,7,4,1,0,3,0,1
167,2,85.0,11,19,4,3,2,0,0,1
188,1,90.9,7,25,4,2,1,0,0,1
144,0,146.7,8,4,4,2,0,0,3,1
168,0,205.0,11,25,4,2,2,0,6,0
35,0,126.9,5,9,4,2,1,0,0,0
25,0,72.8,2,14,4,1,2,0,0,0
143,0,106.0,7,18,2,3,1,0,4,1
40,0,125.55,10,5,4,1,0,0,3,0
38,2,94.5,9,14,4,3,1,0,0,1
22,1,118.07,11,10,4,3,0,0,3,1
55,0,109.35,5,30,4,2,1,0,0,0
18,0,73.95,1,12,4,2,0,0,0,1
7,1,92.4,10,28,4,2,0,0,0,1
278,0,84.15,12,27,3,5,0,0,0,1
35,0,79.2,12,7,4,7,2,3,0,0
1,3,106.0,8,20,4,2,0,0,0,1
1,0,149.0,9,14,4,1,0,3,0,1
52,2,88.4,12,1,4,3,1,0,0,1
1,2,65.0,7,31,2,1,2,0,0,1
63,0,63.75,8,15,3,2,1,3,0,1
36,2,159.3,7,20,4,2,0,0,3,1
36,0,101.7,8,28,4,1,2,3,0,1
150,0,96.0,6,16,3,3,0,0,0,0
114,1,125.1,10,27,4,1,0,0,0,1
197,0,112.0,8,25,3,3,0,0,0,0
18,2,158.0,12,30,4,2,0,0,0,1
3,0,124.0,6,27,3,1,1,3,0,1
2,1,84.5,2,22,4,3,1,0,0,1
80,0,0.0,9,26,4,2,1,1,0,1
2,0,70.0,2,17,3,4,1,0,0,1
130,2,67.5,3,25,3,2,1,0,0,1
184,2,130.5,8,2,4,3,0,0,0,0
97,0,80.75,5,16,3,1,1,0,0,1
9,1,78.03,9,7,4,2,1,0,0,1
8,1,127.4,10,30,4,3,2,0,0,1
48,3,131.7,7,9,4,1,2,0,0,1
12,0,81.0,2,23,4,4,0,3,0,1
53,0,60.0,1,24,3,3,2,0,0,1
40,1,100.1,11,11,4,2,0,0,0,1
0,0,165.0,3,21,4,3,1,0,0,1
84,1,87.3,3,29,4,3,0,0,0,1
39,0,60.0,10,30,3,2,1,0,3,1
132,0,121.37,7,31,4,5,2,0,3,0
12,3,86.4,11,11,4,2,2,0,0,1
43,0,75.0,11,1,3,3,0,0,0,1
0,1,45.0,2,15,3,1,1,0,3,1
228,3,123.25,10,20,4,3,1,1,0,1
218,2,116.1,9,29,4,1,0,3,0,0
83,1,0.0,12,17,1,0,0,0,0,1
71,1,108.0,10,7,4,1,0,0,1,1
18,2,127.0,9,3,4,1,1,3,0,1
232,2,91.45,12,28,4,4,0,0,0,1
6,0,148.39,12,18,4,1,2,0,5,1
8,2,136.0,10,18,4,2,2,0,3,1
116,0,70.0,2,28,3,0,2,0,0,1
119,1,114.3,8,16,4,2,0,0,0,1
5,0,96.0,10,4,4,1,2,0,0,1
96,1,88.4,12,7,4,4,0,0,0,1
9,0,75.0,11,18,2,2,0,0,0,1
29,0,139.0,10,21,4,2,0,0,0,0
178,0,88.5,7,22,4,2,1,3,0,0
7,0,71.0,12,30,3,4,0,0,0,1
115,1,96.33,9,23,4,2,1,3,0,1
21,0,84.0,7,5,2,1,0,0,0,1
49,1,79.63,3,4,4,2,1,0,0,1
158,0,99.45,8,1,4,5,2,0,0,0
48,0,127.8,4,15,4,1,0,0,3,1
26,1,108.58,11,11,4,2,2,0,3,1
2,0,78.52,1,23,4,1,2,0,1,1
52,1,150.9,8,27,4,1,2,0,3,0
0,0,74.69,11,15,4,0,1,0,0,1
3,0,82.88,12,21,4,4,1,0,0,1
4,0,80.0,8,29,3,1,1,0,0,1
44,0,107.1,4,4,4,0,1,3,0,0
44,1,59.95,3,4,4,6,2,0,0,1
29,1,128.6,4,1,4,2,1,0,0,1
11,2,153.0,8,28,4,2,0,0,5,1
0,0,110.4,9,8,3,2,0,0,0,1
59,0,147.9,12,16,4,3,2,0,5,0
50,0,142.2,9,2,4,2,0,0,3,0
148,1,182.83,8,15,4,3,1,0,5,1
28,0,93.6,6,12,4,7,4,0,3,1
27,2,91.83,10,4,4,1,2,0,0,1
31,1,64.67,11,14,4,5,2,0,0,1
198,0,72.25,8,25,3,3,2,0,0,1
166,0,72.25,7,30,3,1,2,0,0,1
89,1,118.8,10,10,4,1,1,0,0,0
11,1,76.93,11,18,4,7,3,0,0,0
60,1,75.0,4,8,3,2,2,0,0,1
96,0,116.1,5,23,4,0,1,3,0,1
110,1,96.3,4,27,4,3,0,0,0,1
135,0,102.09,7,16,3,1,1,0,3,0
74,0,77.62,4,28,4,2,0,3,0,1
0,1,91.0,11,9,4,3,1,0,0,1
42,0,88.2,3,22,4,1,0,3,0,1
1,2,121.0,4,22,4,2,1,0,0,1
3,3,188.0,8,24,4,1,0,0,3,1
183,0,187.5,8,16,4,5,0,1,3,0
43,1,94.8,11,30,4,4,2,3,0,1
190,0,95.0,6,22,3,4,0,0,0,1
56,0,141.3,6,9,4,1,0,0,3,0
18,0,85.0,10,2,3,2,2,0,0,1
30,1,104.64,9,15,4,2,0,0,0,1
287,1,105.3,10,29,4,1,2,0,3,0
35,1,127.44,9,5,4,3,1,0,0,1
68,2,151.2,10,9,4,3,2,0,3,1
32,1,109.8,4,16,4,1,1,0,0,1
86,1,82.45,3,29,4,4,0,0,0,1
3,0,0.0,4,9,1,1,0,1,0,1
2,0,98.0,3,22,4,2,0,3,0,1
88,1,58.9,4,8,4,2,1,3,0,1
52,3,105.4,12,19,4,5,1,0,0,1
0,1,95.67,11,20,2,5,2,0,0,1
84,1,85.5,8,3,4,2,1,0,0,1
163,0,80.75,10,2,3,3,2,0,0,1
35,2,119.0,8,30,4,4,0,0,0,1
4,0,130.4,9,18,4,1,2,0,0,0
11,0,130.33,4,6,4,4,2,0,3,1
18,1,133.0,9,22,4,3,0,0,0,1
21,2,175.95,6,1,4,4,0,0,5,1
23,0,128.49,5,21,4,4,2,0,1,0
190,1,81.9,11,14,4,2,1,0,0,1
107,1,46.63,12,23,4,4,2,0,0,1
15,0,65.0,10,13,2,1,0,0,0,1
47,1,73.08,3,30,4,3,0,0,0,1
2,0,75.0,12,11,3,1,0,0,0,1
111,0,137.7,8,1,4,3,1,0,3,0
33,0,140.4,3,24,4,2,0,0,3,0
15,1,139.0,8,31,4,4,0,0,0,1
1,2,104.0,3,2,4,1,0,0,0,1
37,1,111.6,6,29,3,1,0,0,0,1
238,0,86.75,8,5,4,2,0,0,1,0
77,1,75.0,12,9,3,2,0,0,0,1
235,1,103.06,9,13,4,4,0,0,0,0
100,0,100.0,9,28,4,4,0,0,0,0
148,1,105.96,7,25,4,5,2,0,0,1
238,1,107.0,9,20,3,4,0,0,3,0
66,1,108.0,10,20,4,2,0,0,1,1
149,0,95.4,6,3,4,1,0,3,0,1
25,0,56.98,2,16,4,2,0,3,0,0
75,1,130.5,6,16,4,3,0,0,0,1
0,0,106.0,5,9,4,0,1,0,0,1
10,0,79.0,3,6,4,0,1,3,0,0
0,2,114.0,9,30,4,1,0,3,0,1
220,1,126.9,9,28,4,2,0,0,0,0
41,1,110.7,6,20,4,3,1,0,0,1
133,0,86.36,8,15,3,2,1,0,0,0
18,1,129.67,4,12,4,3,0,0,0,1
30,2,146.1,7,15,4,4,2,0,0,1
53,1,91.48,3,6,4,0,1,0,3,1
100,2,146.7,7,3,4,0,2,0,3,1
228,1,73.6,6,4,4,1,0,0,0,0
12,3,184.0,2,24,4,4,0,1,3,1
0,1,159.75,10,7,4,4,0,0,3,1
1,1,65.0,2,3,2,1,0,0,0,1
28,0,85.0,10,20,3,3,0,0,0,1
161,1,91.48,10,2,4,3,2,0,0,1
54,0,146.7,7,2,4,5,2,0,0,0
20,1,109.0,6,8,4,1,0,3,0,1
28,0,87.0,3,7,3,3,1,0,0,1
100,1,72.25,4,18,4,3,1,3,0,1
113,0,116.1,6,9,4,3,0,3,0,1
169,2,212.86,8,18,4,2,0,0,1,0
49,0,134.1,6,29,4,4,2,0,0,1
42,2,142.2,8,30,4,4,0,0,3,1
22,2,115.0,10,6,4,4,0,0,0,1
2,0,2.0,2,12,1,1,0,0,0,1
345,2,78.3,12,20,4,2,0,0,0,0
151,0,130.0,9,17,3,1,0,0,0,0
12,0,129.0,2,7,4,1,2,1,0,0
3,2,0.0,7,2,1,1,0,0,1,1
102,0,140.4,5,19,4,3,0,0,3,1
18,3,187.0,7,1,4,2,1,0,3,1
19,0,95.0,9,10,3,2,2,0,0,1
53,0,125.1,5,6,4,1,0,3,0,0
0,0,87.78,10,18,4,0,1,3,0,1
53,1,118.8,4,21,4,3,0,0,3,1
192,0,94.5,8,3,4,2,0,3,0,0
64,1,87.3,3,10,4,3,0,0,3,1
0,0,31.0,3,16,3,2,0,0,1,1
163,2,76.5,8,19,4,4,2,0,0,1
139,1,62.0,2,11,3,3,0,0,3,1
1,0,85.0,2,15,4,1,1,0,0,1
102,0,108.0,10,2,4,1,2,3,0,0
13,0,91.0,6,23,4,1,0,0,0,1
34,1,54.71,12,3,4,5,2,3,0,1
144,0,112.0,7,3,3,2,2,0,0,1
5,1,155.0,5,1,4,0,1,0,3,1
9,1,149.0,9,22,4,1,0,3,0,1
55,0,80.3,2,26,4,2,0,0,0,1
60,1,62.18,10,9,4,2,0,0,0,1
110,2,130.0,10,9,3,2,2,0,0,0
31,0,76.1,3,5,4,1,2,3,0,1
127,1,81.96,6,29,4,5,2,3,0,1
12,0,104.0,12,12,4,0,1,0,0,1
4,1,59.75,1,16,4,1,1,3,0,1
281,0,126.3,10,3,4,3,1,0,3,0
47,2,156.6,11,25,4,2,0,0,5,1
117,0,83.64,5,10,4,4,0,0,0,1
33,0,139.52,4,24,4,4,2,0,5,0
35,0,128.4,6,27,4,5,1,0,3,0
232,0,110.7,11,24,4,3,0,0,3,0
14,1,109.25,5,23,3,0,1,0,0,1
143,1,118.65,6,26,4,0,2,0,0,0
18,0,115.0,4,14,4,2,0,3,0,0
98,1,124.25,7,25,4,1,1,0,3,0
10,1,91.0,6,23,4,1,0,0,0,1
67,2,219.6,4,30,4,1,1,1,3,1
112,0,72.25,7,6,3,5,2,0,0,1
2,1,89.0,5,9,4,0,1,3,0,1
69,0,107.95,4,23,4,2,2,0,3,1
57,1,105.3,7,12,4,1,0,0,0,1
31,0,168.3,7,9,4,1,2,0,3,0
3,0,67.5,1,9,4,1,1,3,0,1
37,0,123.0,10,26,4,1,0,0,0,1
248,1,90.95,8,14,4,5,2,0,0,1
33,0,69.5,2,4,4,3,0,0,0,1
82,1,99.45,4,9,4,4,2,0,3,1
3,1,201.0,8,1,4,0,1,0,5,1
123,1,76.5,8,12,4,2,0,0,0,1
120,1,80.75,4,12,4,4,0,3,0,1
4,0,159.0,10,10,2,2,1,0,0,1
29,1,101.0,4,18,4,0,1,0,0,1
14,1,199.8,10,22,4,3,2,0,5,1
4,0,145.25,6,10,4,4,2,0,3,0
35,1,73.9,2,9,4,4,0,0,0,1
55,0,87.0,4,6,3,1,0,1,0,1
87,1,135.0,10,10,4,3,1,0,0,0
19,0,68.5,9,12,2,0,1,0,0,1
40,0,110.7,6,26,4,3,2,0,0,1
4,1,187.0,3,26,4,1,0,0,3,1
66,1,102.6,12,7,4,3,0,0,3,1
53,1,88.4,11,21,4,4,1,0,0,1
56,0,140.4,6,4,4,1,0,0,3,0
45,2,106.2,11,5,4,1,1,0,3,1
20,0,139.0,4,9,4,1,1,0,3,0
171,2,81.25,7,22,3,6,2,0,0,0
62,0,75.0,11,20,3,2,2,0,0,1
34,0,100.0,10,26,3,3,0,0,0,1
71,1,119.85,5,30,4,3,1,0,0,1
34,1,95.17,9,26,4,3,1,0,3,1
45,0,149.4,5,12,4,3,2,0,3,1
52,0,48.4,3,7,3,4,1,0,0,1
182,2,112.2,8,10,4,7,2,0,3,0
24,0,76.14,1,30,4,11,4,0,0,1
58,2,85.5,10,30,4,1,0,0,0,1
19,0,6.0,11,7,4,1,1,0,3,1
103,1,95.88,5,5,4,3,1,0,3,1
157,0,87.13,7,16,4,2,2,3,0,0
158,1,114.75,5,25,4,4,0,0,0,0
56,0,74.8,3,21,4,3,1,0,0,1
0,2,139.0,8,31,4,2,0,3,0,1
58,0,118.8,4,22,4,2,1,0,3,0
82,0,72.25,6,6,3,3,1,3,0,1
33,0,73.1,3,2,4,4,0,3,0,0
83,2,96.3,4,10,4,1,2,0,0,1
29,0,111.15,4,12,4,2,0,0,0,0
1,1,0.0,7,30,1,1,0,0,0,1
245,1,58.36,12,27,4,5,2,0,0,0
2,1,0.0,5,29,4,0,0,3,0,1
247,0,115.0,6,6,4,1,1,1,0,0
0,0,0.0,8,4,1,2,0,0,0,1
18,2,199.43,12,23,4,2,0,0,6,1
73,2,85.0,4,16,4,2,2,3,0,1
67,2,183.6,9,8,4,4,2,1,3,1
46,0,75.0,11,4,3,2,0,0,0,1
127,1,101.55,12,27,4,3,0,0,3,0
24,0,72.8,2,22,3,2,1,0,0,0
28,1,235.5,9,13,4,2,0,0,5,1
96,0,90.95,9,13,3,3,0,0,3,1
20,0,119.0,9,19,2,0,1,0,0,1
101,0,70.0,4,4,3,2,1,0,0,0
37,1,132.84,9,29,4,2,0,0,3,0
141,2,72.25,7,13,3,4,1,0,0,1
13,2,129.0,9,25,4,1,2,3,0,1
126,1,80.75,9,12,3,2,1,0,0,0
0,0,126.0,9,12,4,1,1,0,0,0
138,1,68.0,7,11,4,6,3,0,0,0
47,1,105.5,11,5,4,2,0,0,1,1
193,0,110.7,12,29,4,3,0,0,3,1
6,0,95.0,5,31,2,2,0,0,0,1
129,3,146.7,8,17,4,1,0,0,3,1
64,1,131.4,12,30,4,1,0,0,3,1
73,2,122.4,6,4,4,1,1,0,0,1
1,1,176.0,5,21,4,1,0,0,3,0
3,0,114.5,9,3,4,2,0,0,0,1
5,2,105.0,8,20,4,1,0,0,0,1
23,2,161.5,9,24,4,2,2,0,3,1
151,1,71.0,1,19,3,3,0,0,0,1
27,1,104.0,9,25,4,0,1,3,0,1
5,0,177.33,9,12,4,2,1,0,3,0
193,1,90.95,7,9,4,5,2,0,0,1
49,1,77.39,12,23,4,5,2,3,0,1
151,0,95.82,5,31,4,3,0,0,1,0
153,1,93.2,7,1,4,2,2,0,0,1
59,1,122.4,12,29,4,3,0,0,0,1
6,1,75.0,3,20,3,0,2,0,0,1
18,1,139.0,9,15,4,1,0,3,0,0
134,2,105.7,5,26,4,3,1,0,0,1
68,0,79.56,4,24,3,2,2,0,0,0
41,0,110.31,11,23,4,4,1,0,3,1
15,0,60.0,12,29,3,2,0,0,0,1
46,0,124.71,11,7,4,5,1,0,0,1
36,0,64.0,2,11,3,3,0,0,0,1
58,2,202.3,3,30,4,4,0,1,5,0
163,1,73.37,4,9,4,5,2,0,0,1
25,1,65.0,12,27,3,1,0,0,0,1
5,1,142.33,7,3,4,1,2,0,0,0
39,0,90.95,11,10,4,4,0,0,0,1
4,1,128.59,6,2,4,3,1,0,0,1
161,3,80.1,10,25,4,2,0,3,0,1
25,1,118.15,9,19,4,4,2,0,3,1
195,0,140.25,9,5,4,4,1,0,3,0
96,2,188.16,7,23,4,3,2,0,6,1
55,2,122.4,9,7,4,4,1,0,3,1
146,1,103.5,8,14,4,0,1,3,0,0
108,0,153.9,5,27,3,2,2,0,4,1
8,1,99.0,5,25,4,1,0,3,0,1
46,2,106.2,11,3,4,3,0,0,3,1
43,1,203.85,8,15,4,2,1,1,0,1
76,0,126.9,5,17,4,3,0,0,0,1
18,0,141.56,6,7,4,7,2,0,3,0
2,1,159.0,11,17,4,3,0,1,3,0
10,1,79.39,12,5,4,1,2,0,0,1
14,0,109.0,6,8,4,1,0,3,0,1
68,1,135.9,5,10,4,3,0,0,0,1
91,0,52.02,4,1,4,2,2,3,0,1
51,1,149.4,9,18,4,3,2,0,3,1
18,1,191.0,12,23,4,2,1,0,3,1
67,1,79.2,11,1,4,4,0,3,0,1
173,2,130.55,7,23,4,2,2,0,3,0
49,0,126.9,5,21,4,1,0,0,0,0
6,1,80.0,8,10,4,5,1,3,0,1
162,1,95.25,5,4,3,4,0,0,0,1
64,1,79.2,11,20,4,1,2,3,0,1
22,0,97.0,11,26,4,2,0,0,0,0
38,0,131.4,3,18,4,2,1,0,3,0
17,1,68.0,2,6,4,5,2,0,0,0
28,1,130.66,7,2,4,3,2,3,0,1
1,2,135.4,10,10,3,1,1,3,0,1
9,0,154.33,8,12,4,2,1,0,0,1
50,0,71.33,12,31,3,3,0,0,0,1
38,1,141.68,6,9,4,2,0,1,3,1
5,1,108.0,2,27,4,1,2,0,3,1
1,1,139.0,7,4,4,1,1,3,0,1
71,1,108.0,10,7,4,1,0,0,1,1
116,1,90.0,11,3,4,3,1,0,0,1
359,3,78.0,10,14,3,3,2,0,0,1
4,2,183.5,3,11,4,2,0,1,3,1
134,2,89.85,7,12,4,4,0,0,0,1
4,0,117.0,2,8,3,2,1,1,0,1
308,1,88.0,11,23,4,3,0,0,0,0
4,0,110.0,10,10,0,0,1,0,3,1
22,0,87.0,3,4,3,2,0,0,0,1
139,0,126.9,6,13,4,0,1,0,0,1
62,1,114.3,7,26,4,3,0,0,0,0
39,1,64.64,2,8,4,1,1,0,0,1
62,1,91.48,4,21,4,3,0,0,3,1
58,3,99.0,9,5,4,0,1,3,0,1
44,1,85.5,9,17,4,2,0,0,0,1
58,0,75.0,11,16,3,3,0,0,0,1
76,3,127.38,9,21,4,3,0,0,1,1
5,2,90.0,8,10,4,5,1,0,0,1
156,1,104.32,10,26,4,9,2,0,3,0
0,0,131.0,4,30,4,1,0,0,0,1
30,0,140.4,5,20,4,2,2,0,3,0
1,0,114.0,8,11,4,3,0,0,0,1
13,0,79.2,12,19,4,1,1,3,0,1
68,0,75.0,12,4,3,0,2,0,0,1
129,1,76.3,7,4,4,5,2,0,0,1
34,1,105.3,4,22,4,1,0,0,0,1
163,0,116.1,9,7,4,2,0,3,0,0
7,2,115.0,9,5,4,1,0,3,0,1
48,1,85.5,10,21,3,2,1,0,0,1
5,2,177.0,5,3,4,2,0,0,3,1
94,2,132.3,10,19,4,4,0,0,3,1
114,0,57.73,3,11,4,1,0,0,0,1
163,1,118.8,7,22,4,2,0,0,3,0
170,0,105.3,8,1,4,2,1,0,0,0
15,1,0.0,8,28,1,1,0,0,1,1
6,1,97.79,9,2,4,3,2,3,0,1
139,1,98.87,8,23,4,5,2,0,0,1
91,0,135.9,6,19,4,1,2,0,0,0
146,1,117.66,7,30,4,10,4,0,3,0
199,1,120.7,12,28,4,4,0,0,3,0
148,1,104.4,10,27,4,3,0,0,3,0
3,0,58.0,12,17,3,3,0,0,0,1
154,1,120.7,7,7,4,3,2,0,3,0
42,0,60.0,11,5,3,3,0,0,3,1
100,0,0.0,9,28,4,4,0,1,0,1
91,0,65.0,9,14,2,2,0,0,0,1
3,0,95.0,4,29,3,2,2,0,0,1
10,1,146.0,4,23,4,1,1,0,3,0
35,0,125.1,8,10,4,2,0,3,0,0
5,0,79.0,2,13,4,1,2,3,0,0
113,0,80.14,5,10,4,5,2,0,0,0
35,0,219.6,8,19,4,3,2,1,3,0
97,1,76.5,4,2,4,1,0,3,0,1
71,1,88.4,11,19,4,2,2,0,0,0
25,3,181.0,7,29,4,1,0,0,5,1
106,0,55.08,7,21,4,2,0,3,0,0
55,1,134.1,9,12,4,0,1,3,0,0
9,1,94.86,9,4,4,2,2,0,3,1
74,3,137.7,7,13,4,4,0,0,3,1
70,0,80.75,5,2,3,4,1,0,0,0
60,1,137.7,7,24,4,4,2,0,3,1
17,1,96.08,1,1,4,2,1,0,1,1
43,0,87.97,2,14,4,1,2,0,3,1
58,0,73.95,2,6,4,2,2,0,0,0
0,0,97.0,5,9,4,0,1,0,0,1
159,1,82.19,7,6,4,5,2,0,0,1
98,3,93.6,12,5,4,1,1,0,0,1
89,1,90.95,4,10,4,3,2,0,0,1
156,2,171.96,8,13,4,5,2,1,0,0
84,2,89.25,10,16,4,2,1,0,0,1
78,2,62.18,9,30,4,1,0,0,0,1
110,0,106.68,5,3,4,4,0,0,0,0
6,2,126.0,10,5,4,0,1,0,0,1
3,0,124.0,6,27,3,0,1,3,0,1
80,1,114.9,12,27,4,3,0,0,3,1
3,1,122.0,11,20,4,2,0,0,0,1
114,2,87.67,6,6,4,3,1,0,0,1
29,0,87.0,3,2,3,4,1,0,0,1
0,0,124.0,8,11,4,3,0,0,0,1
35,1,88.4,12,2,4,2,2,0,0,1
49,1,65.75,2,22,4,3,1,3,0,1
52,1,74.8,11,23,4,4,0,3,0,1
1,2,135.75,9,6,4,2,2,0,0,1
124,0,198.9,5,31,4,3,0,0,5,0
21,0,156.0,5,21,4,1,2,0,3,0
22,0,75.0,10,20,3,4,0,0,3,1
80,1,75.0,12,5,3,1,1,0,0,1
133,3,151.2,10,10,4,0,1,0,3,1
160,0,138.55,8,8,4,5,2,0,3,0
2,0,175.0,10,10,4,3,1,0,3,1
225,3,70.55,12,27,4,5,0,3,0,1
228,1,90.9,8,10,4,2,0,0,0,0
109,0,80.75,10,23,3,1,2,0,0,0
64,2,116.1,4,29,4,2,1,3,0,1
15,0,98.1,4,14,4,1,0,3,0,1
18,0,102.88,12,4,4,2,2,0,1,1
36,0,60.29,1,12,4,4,0,0,0,0
1,2,75.0,11,29,3,1,0,0,0,1
44,0,99.0,8,30,4,3,0,3,0,0
37,1,175.5,10,15,4,1,1,0,3,1
16,2,105.0,9,9,4,3,0,0,0,1
87,0,74.15,4,14,4,1,0,0,0,0
1,0,0.0,11,10,1,1,0,0,0,1
38,1,87.71,3,3,2,3,0,0,0,1
65,0,123.93,7,28,4,2,0,0,3,0
143,0,112.45,8,25,3,3,1,1,3,1
214,1,90.95,8,9,4,5,2,0,0,1
2,0,83.8,2,10,3,4,1,0,0,1
172,2,117.3,8,19,4,2,1,0,0,0
172,2,128.7,7,19,4,2,0,0,3,0
207,0,72.25,8,20,3,6,4,0,0,1
72,2,137.7,4,13,4,2,0,0,3,1
158,1,82.88,7,2,4,2,2,3,0,1
165,0,137.34,8,13,4,5,2,0,0,0
138,0,102.25,7,5,3,5,1,1,0,1
17,0,139.0,7,11,4,1,1,3,0,1
149,1,90.0,3,19,4,1,1,0,0,1
15,1,109.55,8,17,4,1,0,0,1,1
55,1,108.0,9,2,4,2,1,3,0,0
71,0,131.18,4,25,4,5,1,0,3,1
108,3,150.3,8,27,4,1,1,0,3,1
1,2,153.0,8,9,4,0,1,0,5,1
13,2,119.0,4,8,4,1,0,0,0,1
31,0,116.1,3,26,4,1,1,3,0,0
16,1,89.0,9,11,4,0,2,3,0,1
20,0,89.0,9,11,4,0,1,3,0,1
47,0,120.0,9,13,3,3,0,0,3,1
108,1,146.7,8,6,4,5,2,0,3,1
176,0,90.95,7,12,4,4,0,0,0,0
153,1,103.5,7,29,4,1,0,3,0,0
56,2,115.09,4,24,4,3,2,0,0,1
1,0,117.0,2,27,4,1,1,0,3,1
10,0,119.0,6,14,4,1,0,0,3,0
5,0,156.6,12,4,4,0,1,0,5,1
9,0,67.0,3,31,2,2,0,0,0,1
18,2,120.0,2,22,4,2,1,0,0,1
62,0,152.1,8,21,4,0,1,0,0,0
167,1,119.7,5,20,4,2,1,0,0,0
6,2,116.0,12,18,4,1,2,0,0,1
9,1,79.0,2,12,4,2,0,3,0,0
30,1,125.1,7,27,4,1,0,3,0,1
61,1,80.75,10,24,4,1,0,0,0,1
35,1,80.3,2,12,4,2,0,0,0,1
39,2,90.9,11,27,4,2,0,0,0,1
38,0,133.8,3,24,4,3,0,0,0,0
235,2,105.3,8,6,4,1,1,0,0,0
9,0,48.67,2,12,3,2,1,0,3,1
181,1,120.0,10,11,3,2,0,0,0,0
31,0,67.0,11,13,2,2,2,0,0,1
58,0,109.65,5,12,4,3,1,0,0,0
50,0,170.85,4,13,4,4,1,0,5,0
31,0,70.0,9,16,3,2,1,0,0,1
0,1,79.0,5,8,4,0,1,3,0,1
7,1,140.0,10,4,4,5,0,3,0,1
40,1,104.49,9,29,4,1,0,3,0,1
57,0,80.3,2,11,4,3,0,0,0,1
136,0,154.8,9,30,4,2,1,0,3,0
185,1,114.75,8,2,4,6,2,0,0,0
169,0,76.5,9,1,3,3,1,0,0,1
102,1,108.0,10,2,4,1,2,3,0,1
4,2,147.33,12,28,4,3,0,0,0,1
0,1,90.0,12,26,4,2,2,3,0,1
37,1,120.7,11,16,4,4,2,1,0,1
116,1,109.25,7,12,4,5,0,0,0,1
4,2,99.5,11,22,4,2,0,0,0,1
47,2,81.0,12,24,4,1,0,0,0,1
63,0,80.3,3,5,4,1,2,0,0,1
54,0,75.0,3,29,3,3,0,0,0,1
14,0,135.2,9,15,4,1,0,0,0,1
109,1,129.6,9,7,4,3,0,0,0,1
5,0,110.0,9,12,0,1,1,0,3,0
19,1,89.89,12,3,4,2,2,0,0,1
10,1,79.0,2,13,4,1,0,3,0,1
2,2,209.5,9,30,4,2,0,0,3,1
12,1,65.0,6,20,2,0,1,0,0,1
71,0,168.3,8,14,4,1,2,0,3,0
43,1,140.4,5,21,4,2,2,0,3,1
77,0,89.25,9,18,4,2,2,0,0,1
102,1,147.9,12,1,4,3,2,0,5,1
47,0,75.0,10,30,3,5,2,0,0,1
32,0,137.52,8,21,3,1,2,0,4,1
47,1,125.1,9,11,4,0,2,3,0,1
84,1,79.2,11,26,4,1,0,3,0,0
80,2,149.4,9,16,4,2,0,0,3,1
18,3,124.25,8,28,4,2,2,0,0,1
188,1,105.3,8,3,4,3,0,0,0,0
155,1,148.58,12,29,4,3,2,0,5,0
71,1,131.4,8,26,4,2,2,0,0,1
38,0,60.0,11,5,3,3,1,0,3,1
35,0,132.3,6,21,4,1,0,0,3,0
98,1,132.6,5,21,4,4,2,0,3,1
112,1,127.8,8,11,4,3,1,0,3,1
177,2,76.5,8,19,4,4,0,0,0,1
93,1,159.17,9,10,4,5,2,0,3,0
89,1,71.28,11,27,4,0,2,3,0,0
106,0,82.45,4,17,4,3,2,0,0,1
55,1,93.6,11,25,4,1,0,0,0,1
52,0,132.9,7,8,4,2,1,0,0,0
53,0,67.5,2,24,4,3,0,3,0,0
34,0,95.2,12,25,4,2,2,0,0,0
2,2,169.0,10,11,4,1,0,0,0,1
41,0,107.1,4,1,4,2,0,3,0,1
67,0,32.71,11,1,3,1,2,0,0,1
57,0,111.6,5,18,3,2,0,0,0,1
104,3,120.8,7,18,4,6,3,0,3,1
114,0,76.5,7,11,4,1,2,0,0,0
292,0,112.0,7,21,3,2,0,1,0,0
140,1,105.3,5,29,4,1,2,0,0,1
177,0,77.03,7,18,4,2,1,0,0,0
25,0,94.33,3,10,4,3,0,0,0,1
0,0,89.0,4,5,4,1,0,3,0,1
151,1,131.75,7,14,4,8,2,0,3,0
46,1,139.5,10,4,4,4,0,0,3,0
38,1,137.7,4,10,4,3,2,0,0,1
126,0,72.25,8,3,3,3,0,0,0,0
52,0,79.2,9,5,4,0,1,3,0,1
49,0,107.1,7,1,4,2,0,3,0,0
162,0,35.0,9,17,3,3,0,0,0,1
119,0,109.8,12,24,4,1,1,0,0,0
14,0,95.0,10,3,2,0,1,0,0,1
177,0,75.2,3,21,3,5,1,0,0,1
77,0,85.5,4,1,4,2,1,3,0,0
79,1,90.95,3,24,4,3,1,0,0,0
56,1,60.0,11,6,3,2,1,0,3,1
13,2,90.0,8,24,4,2,1,0,0,1
120,0,71.0,4,5,3,2,0,0,0,1
29,0,46.67,11,14,3,1,2,0,3,1
2,0,153.8,11,25,3,2,0,0,5,1
169,1,77.0,4,22,3,2,2,0,0,1
13,0,88.0,12,5,4,1,1,3,0,1
70,2,107.95,4,16,4,2,2,0,3,1
29,0,85.0,4,6,3,4,0,3,0,1
69,0,137.7,7,25,4,1,1,0,3,1
87,0,75.0,12,17,3,1,2,0,0,1
11,1,119.0,5,31,4,2,0,3,0,0
12,1,91.0,2,18,4,3,1,0,0,1
59,1,131.4,12,29,4,2,0,0,3,1
86,1,146.6,11,6,4,2,2,0,3,0
0,1,65.0,3,21,2,0,1,0,0,1
179,2,90.95,7,6,4,4,0,0,0,1
6,1,0.0,9,23,4,1,0,0,3,1
23,0,94.0,10,7,3,5,2,0,0,1
12,1,120.06,11,9,4,4,0,3,0,1
84,1,132.3,10,17,4,5,2,0,3,1
134,0,109.8,8,25,4,3,0,0,3,0
151,1,137.13,7,5,4,5,1,0,3,0
137,1,80.75,4,18,4,3,1,3,0,1
47,1,103.05,10,1,4,3,1,0,0,1
14,0,69.75,3,10,3,3,1,0,3,1
86,1,126.9,6,17,4,3,2,0,0,1
16,0,77.53,12,22,4,3,2,0,3,1
46,0,79.2,11,22,4,1,0,3,0,0
26,2,133.5,9,12,4,1,1,0,0,1
25,1,85.0,10,18,3,3,0,0,0,1
212,0,84.31,5,30,4,3,1,0,0,0
3,1,56.0,3,1,1,3,0,0,0,1
122,1,114.3,8,6,4,2,2,0,0,0
80,1,106.2,3,25,3,2,2,0,0,1
85,2,85.0,10,6,3,3,1,0,0,1
5,1,89.3,1,15,4,1,0,0,3,1
69,2,135.15,5,9,4,4,1,0,0,1
166,2,121.5,8,2,4,3,0,0,0,0
5,2,155.0,8,22,4,4,1,0,3,1
23,2,96.0,9,2,4,2,0,3,0,1
91,0,110.0,9,30,3,2,1,0,0,1
36,0,137.7,4,10,4,1,2,0,0,0
44,0,212.42,3,18,4,3,2,1,5,0
47,1,60.0,11,7,3,2,2,0,3,1
5,1,65.0,8,24,2,1,0,0,0,1
83,1,76.5,8,5,4,4,1,0,0,1
69,1,150.3,3,12,4,1,1,0,5,0
34,0,131.4,4,4,4,4,1,0,3,0
42,0,63.0,3,21,3,2,1,0,0,0
19,1,90.98,9,21,4,3,1,0,3,1
96,2,79.2,12,5,4,1,1,3,0,1
38,0,85.5,9,18,3,1,2,0,0,1
88,0,80.75,5,2,3,2,1,0,0,1
4,0,65.0,10,6,2,3,0,0,0,1
161,0,126.9,9,15,4,3,1,0,0,0
3,0,89.0,12,4,3,0,2,0,0,1
6,1,97.02,5,23,4,2,1,0,0,1
46,1,67.15,3,10,4,3,1,3,0,1
277,0,93.08,10,20,4,3,1,0,0,0
232,1,66.53,10,23,4,3,2,0,0,1
38,0,151.47,8,19,4,2,2,0,3,0
14,0,80.09,1,20,4,14,5,0,0,1
14,2,109.75,9,7,4,3,1,0,0,1
65,0,159.3,8,29,4,3,1,0,3,0
27,0,65.0,11,29,2,0,1,0,0,1
125,2,63.75,7,10,3,5,2,3,0,1
64,0,94.5,7,24,4,2,2,3,0,0
128,1,123.3,10,29,4,1,2,0,3,0
192,0,66.71,5,28,4,5,2,0,0,0
99,0,187.85,5,19,4,3,2,0,5,1
9,1,155.0,11,9,4,3,0,3,0,1
30,1,74.8,11,29,4,4,0,3,0,1
3,1,72.07,2,7,4,2,2,0,0,1
5,1,129.0,8,26,4,2,0,3,0,1
93,3,96.3,4,12,4,3,0,0,0,1
232,1,105.25,7,12,4,4,0,0,1,0
18,0,65.0,6,20,2,0,1,0,0,1
20,1,90.65,11,13,4,2,2,0,0,1
110,1,108.0,10,12,4,1,0,3,0,0
25,0,108.0,9,12,4,0,1,0,0,0
63,0,68.0,7,2,4,3,1,0,0,0
0,0,119.0,4,22,4,2,0,3,0,1
269,0,105.3,12,31,4,1,1,0,0,1
0,1,145.0,8,4,4,1,0,0,3,1
24,1,127.48,5,31,4,4,0,0,3,1
173,0,96.9,8,22,3,1,1,0,0,1
0,1,129.83,8,27,4,2,2,0,3,1
3,0,60.83,2,13,4,1,1,3,0,1
43,0,88.2,3,22,4,3,0,3,0,0
72,1,95.2,4,23,4,2,2,0,0,1
173,1,98.1,10,1,4,1,2,3,0,1
6,0,127.0,3,11,4,2,0,0,0,0
1,1,135.0,5,11,4,1,0,0,0,1
47,2,93.6,12,17,4,2,2,0,0,1
172,0,80.75,9,16,3,2,2,0,0,1
128,2,117.0,4,9,4,1,2,0,3,0
5,0,131.0,4,21,4,2,0,0,3,0
1,1,131.0,7,29,4,2,0,0,0,1
10,1,78.63,11,23,4,3,1,3,0,1
205,0,80.24,6,20,3,5,2,0,0,0
202,0,90.0,5,29,4,1,2,0,0,0
6,2,93.0,7,21,2,2,0,0,0,1
15,0,231.0,8,16,4,2,0,0,5,0
7,0,151.0,7,11,4,2,1,0,0,1
15,1,65.6,11,25,4,10,4,0,0,0
20,0,79.0,2,12,4,2,0,3,0,0
3,0,65.0,10,12,2,0,1,0,0,1
279,1,76.5,10,10,3,2,1,0,0,1
49,0,67.32,3,21,3,3,1,0,0,1
14,2,136.0,10,26,4,1,1,0,3,1
4,2,198.0,8,24,4,1,0,0,3,1
3,1,126.0,9,13,4,0,1,0,0,1
40,1,108.5,3,23,4,3,0,3,0,1
13,0,122.0,8,26,4,3,2,3,0,0
3,0,66.0,1,21,2,1,0,0,0,1
72,1,60.0,2,12,3,2,0,0,0,1
76,0,130.0,5,17,2,2,0,0,0,1
33,1,6.0,1,6,4,2,0,0,1,1
23,0,102.0,1,2,3,1,2,1,0,1
52,0,126.9,5,14,4,3,2,0,0,1
47,1,88.4,12,2,4,6,2,0,0,1
101,2,90.0,11,26,4,1,2,0,0,1
76,1,100.6,3,23,4,4,1,0,0,1
69,1,139.57,10,16,4,3,2,0,5,1
74,0,128.7,4,6,4,3,0,0,0,0
64,1,81.08,7,18,4,2,1,0,0,1
4,0,98.1,9,26,3,1,1,0,0,0
32,0,63.75,10,5,3,3,1,0,3,1
1,0,108.04,10,6,4,1,0,3,3,1
120,1,109.65,5,31,4,7,2,3,0,0
53,2,66.53,9,2,4,5,2,3,0,1
40,0,89.4,5,21,4,1,0,3,0,0
224,1,65.0,10,2,3,2,1,0,0,1
86,0,139.95,7,27,4,4,0,0,3,0
24,0,99.5,9,7,3,2,1,0,0,1
54,0,114.63,4,11,4,5,2,0,3,1
16,1,118.8,12,4,4,0,2,0,0,1
70,2,109.8,12,25,4,1,2,0,0,1
0,0,82.88,12,19,4,4,1,0,0,1
4,1,88.0,2,12,4,2,0,3,0,1
5,1,146.0,6,7,4,4,0,0,3,1
0,2,150.0,10,20,4,1,0,3,0,1
29,0,105.0,7,6,2,2,0,0,3,1
32,1,121.5,2,26,4,2,0,0,3,0
6,0,212.72,11,9,4,4,0,0,5,0
8,0,127.0,2,4,4,3,0,0,0,0
97,0,84.43,5,1,4,4,2,3,0,0
69,0,106.0,9,22,3,2,0,1,0,1
335,1,90.0,10,13,3,3,1,0,0,1
0,0,88.0,12,5,4,0,1,3,0,1
46,1,128.38,11,4,4,3,2,0,0,1
0,0,64.5,1,18,3,1,1,0,0,1
30,1,97.71,5,15,4,3,2,0,0,1
103,1,99.9,4,8,4,1,0,0,0,1
45,0,81.62,10,23,4,1,0,0,0,1
35,0,144.63,10,2,4,2,2,0,3,1
47,1,89.3,2,20,4,1,2,0,3,1
117,1,155.7,8,12,4,2,1,0,3,1
26,1,118.0,3,7,3,3,1,0,0,1
33,0,71.84,1,3,4,1,2,0,0,1
47,1,126.9,6,2,4,1,0,0,0,1
27,1,139.0,8,22,4,2,1,3,0,0
23,2,159.0,9,15,4,3,0,0,0,1
281,0,168.3,10,3,4,3,1,0,5,0
1,1,65.0,1,7,2,1,0,0,0,1
6,0,145.9,8,25,4,3,1,0,3,0
63,1,105.6,4,25,4,2,1,0,0,1
169,1,105.3,8,22,4,1,1,0,0,0
13,0,54.75,10,20,3,4,0,0,0,1
155,1,76.58,5,16,4,3,1,0,0,1
9,2,153.0,8,17,4,2,1,0,0,1
9,1,140.0,10,16,4,2,2,3,0,0
188,1,102.5,9,6,4,0,2,0,0,0
55,0,137.7,4,8,4,1,0,0,3,0
9,2,131.0,5,31,4,1,0,0,0,1
12,1,93.0,2,7,4,0,1,0,0,0
5,0,116.42,6,26,4,3,2,3,0,0
230,0,103.5,10,7,4,2,0,0,0,0
349,0,96.67,10,4,3,5,1,0,0,0
48,1,89.1,6,21,4,1,0,3,0,1
76,0,63.75,7,25,3,1,1,3,0,0
7,0,89.8,11,17,4,1,0,0,0,1
132,0,137.7,8,2,4,3,0,0,3,0
4,2,109.0,3,11,4,2,1,0,0,1
2,0,94.0,11,2,0,2,0,0,3,1
48,1,63.22,4,1,4,3,2,3,0,1
32,2,124.25,9,16,4,2,2,0,1,1
36,1,105.48,4,23,4,3,2,0,0,1
67,1,63.75,3,10,4,3,2,3,0,1
70,0,166.9,9,15,4,2,0,0,3,0
1,2,142.0,5,3,4,1,0,0,0,1
212,1,129.65,9,26,4,3,1,0,0,0
88,1,102.3,6,26,4,1,2,0,0,1
97,0,61.0,12,30,3,4,0,0,3,1
37,2,104.0,11,17,4,2,0,0,0,1
3,0,166.25,9,26,2,1,1,0,4,1
0,0,65.0,9,20,2,0,2,0,0,1
24,0,120.27,4,10,4,3,2,0,3,0
24,0,285.17,5,21,4,1,2,0,6,0
30,0,85.0,10,27,3,3,0,0,0,1
28,0,156.0,5,28,4,1,0,0,3,1
126,1,90.9,6,26,4,0,2,0,0,1
21,1,0.0,2,15,4,0,0,0,5,1
92,0,96.3,6,27,4,0,1,0,0,0
64,1,73.95,3,9,4,4,1,0,0,0
33,1,80.46,2,23,4,5,0,0,0,1
16,1,120.0,12,29,4,3,0,3,0,1
21,0,91.0,2,13,4,1,1,0,0,0
62,0,67.5,3,11,4,2,0,3,0,1
130,0,84.15,4,18,4,3,1,0,0,1
116,0,75.0,5,31,3,3,0,0,0,1
86,1,88.2,11,30,4,1,0,0,0,1
50,1,68.07,12,3,4,2,2,0,0,1
113,2,115.74,12,26,4,5,1,0,3,1
169,1,107.25,5,20,3,2,2,3,0,0
2,0,64.8,11,30,3,0,1,0,0,1
50,0,98.1,11,2,3,4,0,0,0,1
30,0,109.35,10,2,4,2,2,0,0,1
13,0,64.0,2,26,3,2,0,0,0,1
24,0,120.0,6,6,4,2,1,0,0,0
65,3,149.4,9,15,4,5,2,0,3,1
159,0,143.7,8,5,4,2,1,0,0,0
38,2,88.4,11,19,4,2,2,0,0,1
122,0,105.3,5,12,4,2,0,0,0,0
12,0,95.0,2,15,4,3,1,0,0,1
4,1,106.14,8,14,4,5,2,0,0,1
48,0,75.0,11,10,3,3,0,0,0,1
12,0,72.0,1,19,3,3,0,0,0,1
33,1,88.0,12,10,4,1,0,3,0,1
28,1,80.85,4,12,4,1,0,3,0,1
101,1,163.2,6,1,4,4,1,1,3,1
0,1,129.0,6,21,4,1,0,3,0,1
0,1,112.0,2,23,4,4,0,0,0,1
42,1,103.84,4,21,4,3,1,0,0,1
116,0,81.67,2,28,3,1,2,0,0,1
37,3,216.9,7,7,4,1,0,0,5,1
110,1,114.3,7,8,4,2,1,0,0,1
170,2,96.9,9,12,3,1,0,1,0,1
9,2,179.0,6,20,4,2,1,1,0,1
8,1,77.35,12,26,4,3,2,3,0,1
0,0,65.0,4,20,2,1,0,0,0,1
143,0,0.0,4,24,4,0,0,0,0,1
0,0,80.0,8,23,4,0,1,0,0,1
48,0,93.5,3,20,4,3,2,0,0,1
46,1,98.3,3,4,4,2,1,0,3,1
30,0,186.22,11,2,4,9,4,0,5,0
112,1,198.9,8,14,4,0,2,0,5,1
90,2,129.9,8,31,4,3,0,0,0,1
141,0,167.4,8,31,4,4,0,0,3,1
99,0,130.05,6,26,4,2,2,0,3,0
135,1,79.72,5,9,4,4,1,0,0,0
0,0,73.81,8,2,4,1,0,3,0,1
26,0,77.0,11,16,2,3,0,0,0,0
6,1,152.84,9,20,4,0,2,0,0,1
1,2,155.0,5,31,4,1,0,0,3,1
209,1,90.95,8,16,4,4,0,0,0,0
21,2,147.9,11,19,4,2,2,0,5,1
117,1,79.69,6,28,4,3,0,3,0,1
15,0,83.03,3,8,4,1,0,0,1,0
79,1,70.0,12,19,3,1,2,0,0,1
13,1,87.78,10,25,4,3,0,3,0,1
5,1,159.0,9,19,4,0,1,0,0,1
19,2,121.2,12,28,4,5,2,0,3,1
29,0,67.0,4,5,2,3,0,0,0,1
15,1,109.34,4,20,4,1,0,0,3,1
27,1,130.92,2,28,4,3,2,0,3,1
22,0,95.0,4,18,4,1,1,0,0,1
209,0,89.2,9,6,4,2,2,0,0,0
19,0,99.2,8,31,4,1,0,0,0,0
148,0,105.3,5,5,4,3,0,0,0,1
110,1,86.9,9,14,4,4,0,3,0,1
2,0,151.0,7,12,4,1,0,0,0,1
34,2,88.0,11,14,4,0,1,3,0,1
147,2,103.7,7,1,4,2,2,0,3,1
97,1,74.8,11,27,4,2,2,3,0,0
44,0,94.8,11,2,4,4,0,0,0,1
89,0,57.6,11,16,4,4,0,3,0,0
29,0,96.53,4,14,4,3,1,3,0,0
65,0,162.45,6,10,4,7,3,0,0,0
68,0,73.95,3,10,4,3,1,0,0,0
2,1,198.28,10,19,4,3,0,0,5,1
21,1,102.0,11,1,4,4,0,0,0,1
146,2,146.7,7,8,4,1,0,0,3,1
96,2,159.3,6,13,4,1,1,0,3,1
4,1,97.75,12,2,4,5,2,0,3,1
39,1,121.8,3,23,4,3,0,0,3,0
45,0,152.1,8,4,4,1,0,0,0,0
5,0,99.0,5,29,2,0,1,0,0,1
179,0,126.9,9,30,4,2,2,0,3,0
3,0,107.0,2,29,2,2,1,0,4,1
32,1,85.0,10,25,3,3,0,0,0,1
63,3,190.8,10,17,4,3,1,0,5,1
248,1,67.26,12,24,4,3,2,0,1,1
51,0,63.75,3,9,4,6,2,3,0,0
20,0,80.0,11,4,4,1,0,3,0,0
43,0,96.3,4,21,3,2,0,0,3,1
38,0,69.44,2,20,4,3,2,0,3,0
12,0,154.0,9,5,4,2,1,0,3,0
5,0,67.0,9,28,2,1,0,0,0,1
20,3,113.33,11,10,4,3,0,3,0,1
19,1,126.0,10,13,4,4,0,0,0,1
83,2,210.6,6,10,4,2,1,1,3,1
39,1,107.1,7,1,4,1,0,3,0,1
27,2,187.0,7,23,4,1,0,0,3,1
52,1,60.0,11,19,3,3,0,0,3,1
56,0,88.23,11,10,4,3,1,0,0,1
1,1,89.0,4,4,4,1,1,3,0,1
1,1,146.7,7,10,4,0,1,0,3,1
86,0,127.8,4,20,4,2,0,0,3,0
20,0,81.0,1,22,4,1,0,0,0,1
106,2,128.0,12,21,4,5,2,0,3,1
54,0,112.2,4,10,4,3,2,0,3,0
30,0,99.0,4,13,4,4,0,3,0,0
6,0,79.0,3,16,2,1,0,0,0,1
12,1,152.0,9,17,4,1,0,0,0,1
108,2,140.0,12,25,4,2,2,0,3,1
41,1,60.0,11,1,3,3,2,0,3,1
5,2,0.0,11,20,1,0,1,0,3,1
64,1,103.95,9,4,4,2,2,0,0,1
92,2,152.1,9,2,4,2,1,0,0,1
16,1,97.02,9,30,4,1,0,0,0,1
45,0,82.98,9,8,4,5,0,0,0,1
63,0,116.1,6,17,4,2,0,3,0,0
56,0,140.4,6,1,4,3,0,0,3,1
9,1,87.0,10,31,4,1,2,0,0,1
12,0,154.0,9,4,4,0,2,0,3,0
144,1,85.5,6,26,4,0,2,3,0,1
180,1,122.25,7,31,4,4,2,0,0,0
29,0,89.93,3,4,4,2,1,0,0,1
93,0,61.0,12,30,3,4,0,0,3,1
5,0,65.0,10,20,2,2,0,0,0,1
100,0,65.96,4,18,3,3,1,0,0,1
48,1,168.3,8,24,4,4,0,0,3,1
89,1,149.4,9,16,4,2,2,0,3,1
7,1,231.78,10,13,4,2,0,0,6,1
88,1,207.9,9,24,4,1,2,0,5,0
31,0,144.9,3,24,4,2,0,0,3,0
0,1,230.0,8,17,4,1,0,0,5,1
1,0,189.5,7,6,4,4,0,0,3,1
104,2,91.6,12,25,4,1,2,0,1,1
51,0,76.5,3,11,4,2,1,3,0,0
0,0,65.0,2,2,2,2,0,0,0,1
16,2,105.0,9,4,4,1,0,0,0,1
11,1,65.1,11,14,4,2,1,3,0,1
117,1,90.4,12,20,4,7,2,0,0,1
122,2,75.9,11,14,4,3,1,3,0,0
97,1,90.08,7,14,4,3,0,0,0,1
84,2,80.75,10,21,3,2,1,0,0,1
28,2,130.0,11,2,4,3,0,0,0,1
65,3,114.3,9,2,4,2,2,0,0,1
237,2,90.95,10,17,4,3,1,0,0,0
149,1,80.75,6,26,4,2,2,3,0,1
237,1,86.5,8,5,4,2,0,0,1,0
188,2,85.5,10,27,4,3,0,3,0,0
26,0,85.0,11,1,4,3,2,0,1,1
95,2,108.0,10,8,4,2,2,3,0,1
291,0,146.2,12,24,4,6,2,0,5,1
66,0,154.8,6,4,4,1,1,0,3,0
21,0,150.45,11,2,4,3,1,0,5,1
32,0,63.0,11,11,3,2,0,3,0,1
31,0,125.1,5,17,4,2,0,3,0,0
55,2,144.0,8,31,4,3,0,1,0,1
163,1,72.25,8,21,3,6,4,1,0,1
120,0,118.8,9,1,4,3,1,3,0,0
112,0,131.4,8,17,4,2,0,0,3,0
133,1,127.15,5,24,4,5,1,0,3,1
21,1,123.2,11,10,4,1,0,3,0,1
16,0,70.72,12,22,4,3,2,0,0,1
18,0,113.67,3,19,4,1,2,0,0,0
90,1,102.25,7,13,3,3,0,1,0,1
33,2,152.1,7,1,4,1,0,0,0,1
34,0,162.45,3,18,4,2,0,0,5,0
44,0,112.0,11,5,3,2,2,0,0,1
33,2,147.9,11,19,4,6,2,0,5,0
18,1,128.0,6,23,4,1,0,0,3,1
262,1,100.3,10,7,4,3,2,0,0,0
79,1,67.85,4,4,4,5,1,0,0,1
145,1,138.5,8,29,3,1,2,1,0,1
0,0,138.0,12,11,4,0,1,0,3,1
48,2,98.87,6,8,4,3,0,0,3,1
7,0,77.25,12,20,4,0,1,0,1,1
23,0,105.0,9,4,4,1,0,0,0,1
61,4,96.9,12,22,4,5,2,0,3,1
33,0,63.0,11,20,3,1,2,3,0,1
1,0,95.0,5,10,3,3,0,0,0,1
5,0,96.0,9,1,4,3,0,3,0,1
94,1,80.75,3,28,3,4,1,0,0,1
75,1,140.4,5,3,4,2,0,0,3,0
0,0,103.0,3,15,4,1,0,0,0,1
75,0,80.75,6,8,3,4,2,0,0,1
32,0,165.15,4,27,4,1,0,1,0,1
35,1,140.4,4,30,4,1,2,0,3,1
114,0,191.0,7,17,4,5,4,1,3,0
62,1,69.5,3,4,4,2,1,3,0,1
53,1,94.5,10,26,4,2,1,0,0,1
141,1,104.55,5,15,4,2,2,0,0,1
271,0,95.0,9,21,3,3,0,1,0,0
44,1,88.22,11,29,4,3,0,0,0,1
47,1,94.5,10,22,4,1,0,0,0,1
3,1,72.75,11,9,4,5,1,0,3,1
89,1,85.0,9,4,3,5,2,0,0,1
159,0,187.85,5,26,4,3,0,0,5,0
41,1,93.45,1,16,4,1,0,0,3,1
1,1,111.65,9,22,4,3,0,0,0,1
58,1,94.5,6,22,4,2,0,0,0,1
15,0,177.0,6,17,4,2,2,0,3,0
4,2,90.0,8,11,4,5,0,0,0,1
204,3,123.82,8,15,4,10,5,0,3,1
0,0,139.0,3,20,4,0,1,0,3,1
40,1,104.85,10,19,4,5,1,0,0,1
6,1,97.0,3,11,4,2,1,3,0,1
158,1,90.95,6,30,4,3,1,0,0,1
28,0,90.0,5,17,3,2,0,0,0,1
25,0,70.0,1,9,3,1,1,0,0,1
35,1,83.9,3,3,4,3,1,0,0,1
26,1,120.12,5,20,4,2,0,0,3,1
221,0,187.0,7,2,4,2,2,0,5,0
90,0,150.3,8,16,4,11,4,0,3,0
5,1,66.0,2,10,2,1,0,0,0,1
54,0,80.3,3,4,4,2,0,0,0,1
260,0,113.4,9,22,4,3,0,3,0,0
66,1,68.0,12,23,3,5,2,0,0,1
0,2,135.5,10,1,4,2,0,0,0,1
33,0,143.94,9,1,4,5,2,1,4,1
105,1,96.9,7,21,3,3,1,0,0,1
59,1,96.9,12,4,4,2,2,0,3,1
4,1,117.0,1,26,4,3,0,0,3,1
5,1,141.0,6,18,4,1,1,0,0,1
190,0,110.9,9,30,4,7,2,0,0,0
33,1,152.1,8,11,4,1,0,0,0,1
9,2,91.25,5,7,4,2,2,0,0,1
216,1,96.3,8,5,4,1,0,0,0,0
35,0,60.0,1,13,3,4,0,0,0,1
6,1,110.0,5,24,2,2,0,0,0,1
0,1,135.0,6,12,4,0,1,0,0,1
63,0,75.0,11,28,3,3,1,0,0,1
5,0,65.0,10,27,2,1,0,0,0,1
0,0,158.0,5,9,4,1,1,0,3,1
101,1,72.25,8,22,3,3,1,0,0,1
4,0,144.8,5,20,3,1,0,0,4,1
3,1,169.0,8,26,4,2,0,0,0,1
64,0,116.1,5,21,4,1,1,3,0,0
60,1,96.17,6,17,4,5,2,3,0,0
33,1,140.4,4,29,4,2,2,0,3,1
78,1,116.1,5,7,4,1,0,3,0,1
75,1,112.79,10,22,4,2,2,0,3,0
67,1,49.09,3,13,4,2,2,3,0,1
91,0,40.67,3,4,3,2,1,0,0,1
3,0,77.0,9,21,3,0,1,0,0,1
9,2,111.35,5,31,4,2,0,0,0,1
36,0,102.6,10,13,4,1,0,3,0,0
14,0,166.25,10,7,2,2,0,0,4,0
143,1,151.2,10,6,4,3,0,0,3,0
32,0,85.0,10,24,3,3,1,0,0,1
126,0,139.5,8,3,4,1,0,1,0,0
0,0,127.0,2,15,4,0,1,0,3,1
18,3,122.5,9,4,4,0,2,0,0,1
115,0,151.2,10,15,4,4,2,0,3,0
21,3,115.55,11,22,4,5,0,1,0,1
53,1,98.6,3,29,4,4,0,0,3,1
109,1,66.49,10,25,4,3,0,0,0,1
28,1,129.55,6,30,4,3,1,3,0,1
30,2,94.5,9,14,4,3,1,0,0,1
28,0,103.55,5,22,4,2,2,3,0,0
29,3,166.25,10,5,4,2,0,0,3,1
4,0,85.0,9,19,3,0,1,3,0,1
5,0,117.0,11,4,4,1,0,0,3,1
59,0,80.75,3,31,3,3,1,0,0,1
127,2,94.78,8,27,3,1,2,0,3,0
11,2,196.0,7,21,4,1,0,0,3,1
57,1,78.3,3,12,4,1,2,0,0,1
192,0,89.25,8,24,4,4,0,3,0,0
80,1,80.33,3,17,4,3,1,0,0,1
159,0,144.0,9,19,4,2,1,0,0,0
142,1,76.5,8,13,4,5,2,0,0,1
75,0,108.45,3,22,4,4,0,0,3,1
84,2,114.34,5,13,4,2,1,3,0,1
23,0,85.6,8,25,4,3,1,0,0,0
47,1,140.4,5,21,4,1,1,0,3,1
79,0,76.5,4,2,4,1,1,3,0,0
49,2,168.3,7,17,4,0,1,0,3,1
74,0,132.3,10,21,4,2,0,0,3,0
29,2,90.25,9,30,4,2,0,0,0,1
26,1,139.0,10,21,4,2,0,0,0,1
116,1,73.77,4,28,4,5,2,0,0,1
0,0,90.0,8,6,4,1,0,0,0,1
157,1,68.0,12,8,3,3,0,0,0,1
28,2,156.25,4,11,4,3,1,1,0,1
1,0,79.5,7,26,2,2,0,0,0,1
106,0,103.0,11,6,2,0,1,0,3,1
0,1,107.0,11,2,4,4,1,0,0,1
42,0,103.5,3,27,4,0,2,0,0,0
2,1,122.0,6,26,4,0,2,3,0,1
162,2,139.05,8,21,4,2,2,0,3,0
53,0,116.1,5,31,4,2,0,3,0,0
148,1,115.2,6,1,4,2,0,0,3,0
210,1,90.95,8,7,4,3,2,0,0,1
27,1,68.07,11,23,4,4,0,0,0,1
121,2,198.9,8,23,4,1,0,0,5,1
95,0,72.8,4,5,4,2,0,0,0,0
7,0,65.0,9,8,2,2,0,0,0,1
212,0,78.0,5,20,4,3,2,0,0,0
159,1,123.3,10,26,4,4,1,0,3,0
26,0,118.5,10,26,4,1,0,0,0,0
75,3,157.25,11,7,4,2,1,0,0,1
193,0,95.2,8,26,4,2,2,0,0,0
78,2,128.7,4,11,4,2,1,0,3,1
18,0,85.0,7,17,3,1,2,0,0,1
156,0,116.1,9,25,4,1,2,3,0,0
131,0,59.5,3,20,3,3,2,0,0,1
92,0,101.52,5,30,3,2,1,0,0,1
131,0,36.25,8,15,4,1,2,1,0,0
65,1,135.9,9,22,4,1,0,0,0,1
11,0,122.13,10,8,4,1,2,0,0,1
26,2,169.0,8,7,4,2,2,0,0,1
32,1,72.42,9,2,4,1,0,3,0,1
24,0,135.0,5,11,4,4,0,0,0,1
58,1,80.3,3,4,4,2,0,0,0,1
85,1,99.9,7,25,4,1,1,0,0,1
51,2,109.8,9,4,4,0,1,0,0,1
0,0,111.67,10,15,4,1,2,3,0,1
150,0,135.0,10,3,4,2,1,0,0,0
22,0,149.33,6,2,4,3,0,0,3,0
27,1,80.75,5,29,3,2,2,0,0,1
2,0,113.05,5,28,4,3,2,0,0,0
188,1,86.75,7,7,4,2,0,0,1,0
29,1,86.45,2,12,4,2,0,0,0,1
1,2,0.0,5,17,1,1,0,0,3,1
0,0,80.0,5,6,4,1,0,0,0,1
40,3,177.3,8,14,4,0,2,0,3,1
32,0,73.87,10,12,4,2,1,0,0,1
58,0,79.2,12,12,4,0,1,3,0,0
26,1,89.0,2,3,4,4,0,0,0,1
30,2,161.1,8,5,4,1,0,0,0,1
79,0,105.0,12,7,3,3,0,0,0,1
23,2,188.0,12,30,4,1,0,0,3,1
8,2,139.0,8,11,4,2,0,3,0,1
29,1,139.0,8,8,4,0,1,3,0,1
10,0,110.0,9,30,0,2,2,0,3,1
2,1,160.0,7,7,4,3,1,0,0,1
12,4,0.0,8,17,1,1,0,0,0,1
48,1,140.4,5,24,4,2,0,0,3,1
82,2,123.0,10,21,4,4,2,0,3,0
20,0,65.58,3,7,3,3,1,0,0,1
2,1,67.0,4,21,2,1,0,0,0,1
62,1,144.0,8,8,4,3,1,0,0,1
6,0,88.92,3,22,4,5,0,3,0,1
38,2,118.0,11,4,4,2,1,0,3,1
4,0,0.0,12,11,1,1,0,0,1,1
1,0,65.0,3,1,2,1,0,0,0,1
6,2,95.33,8,14,4,2,1,0,0,1
49,0,91.44,2,22,3,5,2,0,4,0
108,0,199.8,10,11,4,4,0,0,5,0
62,3,88.4,11,16,4,4,0,0,0,1
105,0,110.0,10,12,4,2,1,1,0,0
159,1,144.0,9,19,3,2,1,0,0,0
193,0,130.05,8,7,4,5,2,0,3,0
48,0,186.52,10,25,3,3,2,1,5,1
14,1,138.0,12,28,4,1,0,0,0,1
203,0,116.1,9,27,4,3,0,3,0,0
111,2,148.5,8,6,4,1,2,1,0,1
1,2,139.0,6,8,4,1,0,0,3,1
15,1,104.72,10,7,4,3,0,0,3,1
42,1,168.3,7,24,4,0,2,0,3,1
15,1,141.68,9,15,4,2,0,0,3,1
32,0,126.9,5,8,4,1,2,0,0,0
211,1,143.1,10,7,4,2,0,1,0,0
61,0,171.0,3,20,4,1,2,0,5,1
6,2,104.5,9,7,4,1,1,0,0,1
245,1,145.8,12,29,4,3,1,0,0,1
49,1,135.9,6,4,4,1,1,0,3,1
191,0,94.5,8,22,4,2,1,3,0,0
5,0,123.5,4,24,4,2,2,0,0,1
36,0,113.1,4,27,4,3,0,0,0,0
137,1,114.28,10,15,4,5,2,0,3,1
62,0,99.9,6,20,4,1,1,0,0,0
177,0,82.96,7,27,4,2,0,0,3,0
15,1,130.0,8,28,4,0,2,0,0,1
8,1,78.0,12,17,4,1,0,3,0,1
85,0,143.23,4,28,4,3,1,0,3,0
0,0,0.0,7,20,4,1,0,1,0,1
92,1,72.49,3,18,4,2,2,0,3,1
77,2,159.3,7,4,4,4,1,0,3,1
38,1,157.14,11,6,4,3,2,3,0,0
87,0,75.0,5,8,3,3,2,0,0,1
1,1,159.0,9,15,4,1,0,3,0,1
162,0,105.3,7,1,4,2,1,0,0,0
11,1,110.46,7,24,4,2,2,0,0,1
125,1,79.2,12,26,4,1,1,3,0,0
31,2,200.0,9,25,4,2,0,0,0,1
55,2,150.45,5,12,4,3,2,0,3,1
1,0,120.0,10,27,4,1,0,0,0,1
202,0,128.7,10,22,4,1,2,0,3,0
4,0,124.36,9,13,4,2,0,0,3,0
145,0,177.75,10,22,4,1,1,1,0,0
68,0,183.6,8,19,4,2,1,1,3,0
103,0,134.1,8,13,4,3,2,0,0,0
38,0,127.39,5,13,4,2,1,0,1,1
42,0,80.3,2,20,4,1,0,0,0,1
10,0,83.58,1,2,4,1,2,0,1,1
61,0,159.3,5,7,4,1,2,0,0,0
0,1,0.0,2,10,1,1,0,0,5,1
37,0,72.0,12,1,3,3,0,0,0,1
45,0,159.3,4,30,4,1,1,0,3,0
19,0,110.0,6,22,2,2,0,0,0,1
1,0,75.0,1,3,4,0,1,3,0,1
6,1,97.02,10,11,4,1,2,0,0,1
180,1,129.7,8,3,4,5,2,0,3,0
11,0,85.0,10,18,3,2,2,0,0,1
8,0,79.0,12,9,2,2,0,0,0,1
123,0,110.33,3,30,4,3,0,0,3,0
0,0,106.4,6,27,3,0,1,0,0,1
227,0,90.95,8,24,4,4,1,0,0,0
24,1,127.97,4,10,4,5,2,0,3,0
16,2,137.0,4,17,4,0,1,0,3,1
4,2,200.75,9,19,4,2,2,0,5,1
25,1,129.0,10,3,4,1,1,3,0,0
0,0,65.0,8,3,2,2,1,0,0,1
68,0,89.53,6,18,4,1,2,0,0,0
2,0,97.0,2,5,2,2,0,0,4,1
229,0,128.7,10,28,4,2,1,0,3,0
4,0,121.0,5,31,2,2,0,0,0,1
77,1,134.85,5,14,4,2,2,0,3,1
5,1,12.0,9,2,3,1,0,0,0,1
0,0,100.0,8,22,2,1,1,0,0,1
100,2,146.7,7,18,4,1,1,0,3,1
62,3,149.4,9,14,4,4,1,0,3,1
0,0,99.2,9,7,3,1,1,0,0,1
116,0,85.0,2,28,3,1,2,0,0,1
30,1,135.9,7,26,4,4,0,0,0,0
69,0,79.05,3,16,4,4,1,0,0,0
5,1,105.0,11,2,4,2,1,0,3,1
11,1,90.0,8,29,4,1,0,0,0,1
46,0,60.0,1,18,3,1,1,0,0,1
5,0,110.0,10,1,2,1,0,0,0,0
46,1,76.48,3,15,4,5,2,0,3,0
24,0,78.0,8,19,4,3,2,0,0,0
46,1,89.1,6,22,4,2,0,3,0,1
1,2,78.0,12,14,4,1,0,3,0,1
81,0,0.0,4,1,1,2,0,0,0,1
34,0,124.65,3,24,4,3,1,0,0,0
74,2,174.42,12,25,4,1,2,0,6,1
0,0,137.0,4,13,4,1,0,0,3,1
61,0,56.0,12,27,3,3,2,0,3,1
14,0,136.0,8,16,4,2,0,0,0,0
1,0,90.0,9,14,3,2,1,0,0,1
179,2,108.9,10,1,4,1,2,0,0,0
107,0,79.2,11,25,4,1,0,3,0,0
1,0,81.0,2,26,4,1,0,3,0,1
101,3,121.5,7,15,4,1,0,0,0,1
94,1,69.1,4,12,4,5,2,0,0,1
4,1,162.67,3,24,4,3,0,0,3,1
46,1,87.0,12,23,4,2,0,0,0,1
65,1,68.85,7,10,4,2,0,0,0,0
89,2,107.1,6,26,4,3,2,0,0,1
148,0,96.9,8,21,3,1,2,0,0,0
130,3,71.6,5,1,4,2,2,0,0,1
32,1,140.7,4,13,4,3,0,0,3,1
162,0,158.56,12,26,4,5,2,0,0,1
159,2,85.0,11,22,4,4,0,0,0,1
15,1,75.5,1,25,4,10,4,0,0,1
50,1,108.0,11,3,4,3,1,0,0,0
2,1,76.0,1,4,4,0,1,0,0,1
132,0,105.3,5,6,4,2,0,0,0,1
0,0,147.5,9,5,4,1,1,0,0,1
64,1,0.0,10,15,1,1,0,0,0,1
14,0,82.0,9,17,3,2,0,1,0,1
2,0,65.0,7,29,2,1,0,0,0,1
42,2,88.4,12,11,4,3,2,0,0,1
60,4,168.3,9,12,4,4,1,0,3,1
35,1,110.7,6,26,4,3,2,0,0,1
72,1,96.9,7,17,3,4,2,0,0,1
147,0,72.25,7,25,3,5,2,0,0,1
24,0,105.0,10,19,3,4,1,0,3,1
258,1,106.2,9,29,4,1,0,0,0,0
107,0,103.57,12,31,3,5,2,0,0,1
17,1,87.0,2,22,3,1,1,0,0,1
2,1,175.56,10,4,4,4,0,0,5,1
20,2,104.0,11,24,4,3,0,0,0,1
210,0,0.0,10,8,4,3,1,1,0,0
74,1,117.73,12,29,4,2,0,0,3,1
0,1,161.0,10,9,4,1,0,3,0,1
21,1,174.0,11,18,4,2,0,0,5,0
83,0,112.8,9,1,3,1,0,0,0,1
153,1,91.38,7,27,4,4,0,3,0,1
11,2,182.0,3,24,4,2,0,0,3,1
20,0,110.0,5,26,0,1,0,0,3,0
186,0,121.5,8,3,4,2,0,0,0,0
166,0,93.5,9,16,4,4,0,0,0,0
64,2,93.6,11,1,4,4,0,0,0,1
0,0,85.0,2,10,4,1,0,0,0,0
22,0,65.0,8,26,2,2,0,0,0,1
5,0,65.0,9,28,2,0,1,0,0,1
86,1,85.5,4,26,4,1,0,3,0,1
5,0,90.33,11,23,4,3,0,3,0,0
28,1,87.01,10,19,4,1,0,3,0,1
21,1,122.19,12,1,4,3,1,1,0,1
2,0,77.0,9,20,3,0,2,0,0,1
4,1,119.0,8,29,4,0,1,3,0,1
18,2,210.0,11,7,4,2,1,0,3,1
7,2,67.0,12,14,2,2,0,0,0,1
3,1,131.0,4,27,4,2,0,0,0,1
12,0,65.0,6,14,2,2,0,0,0,1
148,2,98.39,7,1,4,6,2,0,0,1
160,1,131.4,9,29,4,3,1,0,3,0
4,0,140.0,8,21,4,2,2,0,0,0
89,0,127.33,9,25,3,1,2,0,0,0
2,0,94.0,10,30,0,0,2,0,3,1
31,1,96.3,11,26,4,3,0,0,0,1
141,1,96.9,7,12,3,5,2,1,0,1
142,1,83.78,6,1,4,4,1,0,3,1
44,1,113.7,10,20,4,3,0,3,0,1
18,2,107.0,10,5,4,4,1,0,0,1
135,0,80.75,9,8,3,4,2,0,0,1
49,1,98.82,12,1,4,2,0,0,0,1
1,0,104.0,10,30,4,2,0,3,0,1
5,0,95.0,4,11,0,11,5,0,0,0
18,0,109.0,3,17,4,3,0,0,0,0
0,0,109.0,3,20,4,0,2,3,0,1
160,0,105.3,7,24,4,0,1,0,0,0
1,0,67.0,6,1,2,1,0,0,0,1
49,1,81.9,3,15,4,2,0,0,0,1
80,2,85.5,3,25,4,2,1,0,0,1
12,0,95.0,11,10,4,4,0,0,0,1
35,2,88.0,11,23,4,1,0,3,0,1
3,0,65.0,9,19,2,0,1,0,0,1
13,1,75.0,8,7,4,1,0,0,0,1
279,1,80.75,8,25,4,5,2,3,0,0
81,2,139.5,7,27,4,3,0,0,3,1
136,0,118.8,10,5,4,4,0,0,0,0
89,1,63.75,11,17,4,3,0,0,0,0
17,1,159.0,3,30,4,3,0,0,0,1
89,0,96.3,4,3,4,0,1,0,0,0
92,0,150.3,8,22,4,3,1,0,3,0
3,2,146.4,11,3,4,3,2,0,0,1
95,0,76.5,4,3,4,1,2,3,0,1
36,1,123.97,9,4,4,1,2,0,3,0
129,3,101.18,12,8,4,2,0,0,3,1
58,1,99.88,4,27,4,4,0,3,0,1
167,0,78.2,10,5,3,2,0,0,0,0
280,1,94.95,8,12,4,1,0,0,1,0
9,0,85.0,2,21,4,1,2,0,0,0
1,0,83.2,11,10,4,4,0,0,0,1
11,0,75.0,1,15,4,2,1,3,0,1
2,1,79.0,1,21,4,1,0,0,0,1
10,2,171.33,9,18,4,1,2,0,0,1
1,0,99.0,6,14,4,1,0,3,0,1
28,1,85.6,11,13,3,2,0,0,0,1
5,0,92.0,3,2,4,1,0,0,0,1
27,0,107.92,2,21,4,2,2,0,4,1
71,0,133.5,6,10,4,7,2,0,0,0
0,0,55.0,3,15,3,4,0,0,3,1
23,1,99.0,10,30,4,3,2,3,0,0
48,1,149.4,8,1,4,1,1,0,3,0
12,0,91.45,11,3,4,4,0,0,3,1
16,0,82.8,2,5,4,2,0,0,3,1
41,0,72.37,2,18,4,3,0,0,1,1
186,1,105.3,7,18,4,2,1,0,0,0
60,0,114.57,4,30,3,1,1,0,0,1
156,1,93.08,7,2,4,2,2,0,0,0
59,1,139.5,9,7,4,1,0,0,3,1
180,1,66.49,10,26,4,4,0,0,0,1
3,0,75.0,12,25,3,2,1,0,0,1
155,1,96.12,8,22,4,5,2,0,0,1
4,0,154.0,3,5,4,1,0,1,3,0
112,1,103.53,5,14,4,3,2,0,0,1
34,0,85.0,10,20,3,3,0,0,0,1
71,0,263.91,10,20,4,3,1,0,6,0
196,1,96.05,9,4,4,3,2,3,0,1
132,1,107.0,4,6,4,2,0,0,0,0
65,0,177.3,7,27,4,3,0,0,5,0
110,0,168.3,9,23,4,2,0,0,3,0
226,0,112.0,9,2,4,2,1,3,0,0
144,0,123.3,10,25,4,5,0,0,3,0
78,0,105.3,3,25,4,2,1,0,3,0
33,0,108.0,10,2,4,1,2,3,0,1
106,0,159.3,6,17,4,2,1,0,0,0
37,0,120.0,12,28,4,3,0,3,0,0
71,1,79.2,12,8,4,1,0,3,0,1
113,0,150.3,8,23,4,2,0,0,3,0
110,0,84.6,11,28,4,0,1,0,0,1
17,0,145.0,4,14,4,2,0,0,0,0
5,0,90.0,9,20,2,0,2,0,0,1
167,0,80.75,6,28,4,4,0,3,0,0
20,1,208.0,12,31,4,1,1,0,5,1
19,0,79.88,2,1,4,5,1,0,1,0
34,1,158.4,10,2,4,1,2,0,3,1
21,0,105.0,9,3,4,2,0,0,0,1
167,0,119.85,9,3,4,10,4,0,0,0
162,0,103.5,8,8,4,2,1,3,0,0
18,3,75.0,11,8,2,1,0,0,0,1
79,0,87.3,4,2,4,1,1,0,0,0
133,0,116.95,5,4,4,4,0,0,3,0
41,0,76.5,7,3,3,1,2,0,0,1
27,0,118.15,9,19,3,0,1,0,0,0
13,0,85.85,11,12,4,2,2,3,0,1
136,1,170.36,5,7,4,5,2,0,5,0
15,0,92.5,11,17,4,4,2,3,0,0
124,0,96.3,4,29,4,2,0,0,0,0
2,1,0.0,9,28,4,1,0,3,0,1
28,0,90.98,8,29,4,3,1,0,0,1
7,1,99.0,7,20,4,1,0,3,0,1
37,1,64.8,3,23,3,4,0,3,0,1
84,2,149.4,9,9,4,2,0,0,3,1
117,1,116.05,7,8,4,3,2,0,0,1
207,0,183.0,12,30,3,2,1,1,0,1
160,1,129.0,6,17,4,2,1,0,3,0
1,0,141.0,5,11,3,1,0,0,0,1
113,1,129.6,9,11,4,3,2,0,0,1
40,1,174.3,7,15,4,2,1,0,3,1
208,0,83.85,10,3,4,0,1,0,0,0
16,0,6.0,3,8,1,2,0,0,3,1
10,0,111.0,4,7,4,3,0,0,0,0
300,3,67.5,12,22,4,2,0,3,0,1
8,0,156.0,6,15,4,2,0,0,3,0
42,0,65.0,3,4,3,2,1,0,0,1
79,0,187.85,5,2,4,4,1,0,5,0
76,1,80.3,2,21,4,1,2,0,0,1
6,1,128.0,10,27,4,3,2,3,0,1
56,0,93.6,12,7,4,3,0,0,0,0
1,0,107.0,10,25,3,3,0,0,3,1
77,2,118.8,7,26,4,4,0,0,3,1
6,1,65.0,6,8,2,1,0,0,0,1
142,1,130.5,8,9,4,3,0,0,0,0
15,1,151.0,7,5,4,3,0,0,0,1
149,1,65.45,11,16,4,4,0,0,0,1
208,0,75.44,12,29,4,4,0,0,0,0
187,2,152.15,9,12,4,4,1,1,0,0
247,0,109.0,6,6,4,1,1,1,0,0
62,2,146.7,7,26,4,4,0,0,3,1
119,2,132.3,10,16,4,3,2,0,3,1
28,0,104.0,11,25,4,2,1,0,0,0
74,3,80.1,10,27,4,2,0,3,0,1
48,0,85.5,5,30,3,3,1,0,0,1
151,1,128.56,12,29,4,3,1,0,0,0
63,2,123.66,10,24,4,3,1,1,3,1
11,1,120.0,12,30,4,2,0,3,0,1
60,3,88.4,12,23,4,2,2,0,0,1
99,0,67.5,3,17,4,2,0,3,0,1
48,0,74.0,2,7,3,1,2,0,0,1
30,0,89.1,9,25,4,0,2,3,0,0
4,0,96.0,5,29,3,0,1,0,0,1
4,0,95.0,4,19,0,2,0,0,0,1
3,2,126.67,8,14,4,2,1,0,0,1
78,0,110.0,5,19,3,3,1,0,0,1
2,3,225.0,10,5,4,2,0,0,4,1
3,0,90.0,9,14,3,5,2,1,0,1
53,1,67.5,3,12,4,1,2,3,0,1
1,0,70.0,8,11,2,2,0,0,0,0
8,0,78.0,12,16,4,2,0,3,0,1
130,2,6.0,3,25,1,1,0,0,0,1
10,1,153.0,8,25,4,4,0,0,5,1
56,0,60.0,11,6,3,2,2,0,3,1
128,2,116.32,7,11,4,2,1,0,0,1
5,1,125.0,4,21,4,3,2,0,0,1
5,0,125.0,5,15,3,1,2,1,0,1
34,1,143.55,9,24,4,1,1,0,3,0
3,1,66.57,2,18,4,1,0,0,0,1
54,2,83.7,11,11,4,2,0,3,0,1
102,0,89.25,10,16,4,2,1,0,0,1
150,0,90.1,7,25,4,15,5,3,0,0
15,0,97.0,3,12,4,1,2,0,0,0
102,2,85.0,11,17,4,3,2,0,0,0
60,1,126.9,5,21,4,1,1,0,0,1
38,1,64.72,10,31,3,4,2,0,0,1
58,2,189.0,4,5,4,3,0,1,3,1
40,0,117.9,6,29,4,3,0,0,0,1
39,0,126.9,5,7,4,1,0,0,0,0
3,0,75.0,7,11,3,1,0,0,0,1
64,4,105.6,10,31,4,2,1,0,3,1
12,1,152.0,9,17,4,1,0,0,0,0
12,1,87.0,2,14,3,1,2,0,0,1
0,2,159.0,6,22,4,1,0,0,0,1
69,2,79.38,10,31,4,4,1,3,0,0
18,0,69.0,2,19,3,2,1,0,0,0
50,1,93.5,3,21,4,3,1,0,0,1
63,0,80.75,4,26,3,4,0,0,0,1
16,1,283.67,8,19,4,2,1,1,5,1
66,0,150.45,5,1,4,2,2,0,3,1
166,2,102.6,9,30,4,2,2,3,0,0
0,1,89.0,3,4,4,1,0,3,0,1
11,1,90.33,3,6,4,1,2,0,0,1
54,1,126.9,6,4,4,1,1,0,3,1
74,1,132.6,5,15,4,2,2,0,3,1
128,2,146.7,7,8,4,2,0,0,0,1
130,0,105.3,7,17,4,1,2,0,0,1
1,2,0.0,8,26,1,1,0,0,3,1
204,1,180.9,10,7,4,2,0,0,5,0
14,2,147.0,5,8,4,0,2,0,3,1
90,2,124.5,7,19,4,3,0,0,0,1
125,0,87.13,7,3,4,2,2,3,0,0
31,1,210.6,7,18,4,3,1,1,3,0
1,0,135.0,9,17,2,1,0,0,0,1
58,0,60.0,11,18,3,4,0,0,3,1
35,1,107.1,6,21,4,2,0,0,0,1
26,1,231.0,9,24,4,3,1,0,5,0
5,2,65.0,7,18,2,1,1,0,0,1
157,0,217.6,8,19,4,3,2,1,5,0
13,2,90.0,8,18,4,2,0,0,0,1
0,1,133.0,9,5,4,1,0,0,0,0
235,1,96.3,8,6,4,1,1,0,0,1
36,0,58.92,12,24,4,3,1,0,0,1
58,1,152.08,9,26,4,3,1,0,5,1
62,1,70.78,7,18,4,3,1,3,0,1
14,1,153.38,9,14,4,4,1,0,5,1
22,0,137.0,3,31,4,3,2,0,0,0
20,0,89.0,4,4,4,1,1,3,0,0
13,0,170.0,11,8,2,2,0,0,0,1
0,0,117.04,10,29,4,1,1,0,0,1
34,0,60.0,11,1,3,1,2,0,3,1
52,1,120.7,12,3,4,3,2,1,0,1
20,1,97.0,12,18,4,0,2,3,0,1
99,2,269.3,7,22,4,2,1,0,6,0
6,0,73.15,11,16,4,3,1,3,0,1
215,1,94.35,12,30,4,2,2,0,0,0
125,0,99.9,7,29,4,1,0,0,0,1
70,0,186.3,4,20,4,1,0,0,5,0
51,0,67.5,7,8,3,4,1,0,0,1
116,1,76.92,9,18,4,2,1,1,0,0
91,0,92.65,12,8,3,3,0,0,0,1
71,1,80.75,6,17,3,2,2,0,0,1
53,2,137.7,7,18,4,1,1,0,3,1
19,1,53.5,3,27,3,1,2,1,0,1
19,0,66.0,2,21,3,1,2,0,0,1
21,0,95.0,4,28,3,1,0,0,0,1
127,1,79.2,11,25,4,2,1,3,0,1
3,0,195.0,9,26,4,0,1,3,4,1
28,0,113.1,4,12,4,3,0,0,0,1
30,1,144.9,7,12,4,2,0,0,0,1
30,0,139.28,10,3,4,3,1,0,0,0
93,0,128.78,6,14,4,4,0,3,0,0
36,0,133.1,6,29,4,2,0,0,3,1
119,1,116.45,7,19,4,4,0,0,3,1
4,0,0.0,4,30,4,0,0,0,0,1
31,0,96.3,6,17,3,5,2,0,3,1
57,0,140.13,9,7,4,3,0,0,3,1
28,0,118.15,8,29,4,3,1,0,0,1
22,0,43.5,12,8,3,4,0,0,0,1
54,0,118.8,10,10,4,2,1,0,0,0
37,2,145.8,9,21,4,3,1,0,0,1
1,1,115.0,4,9,4,1,2,0,0,1
102,0,159.3,6,10,4,2,1,0,0,1
74,0,81.25,7,23,3,2,2,0,0,1
68,1,88.4,12,1,4,3,1,0,0,1
16,0,75.0,3,11,2,1,0,0,0,1
89,0,186.3,7,21,4,2,0,0,5,0
27,2,139.0,7,6,4,1,0,3,0,1
90,1,90.3,4,9,4,1,2,0,0,1
75,1,99.0,7,10,4,2,2,3,0,1
46,0,74.8,3,18,3,2,2,0,1,1
13,2,80.0,8,18,4,2,0,0,0,1
24,3,94.35,6,12,4,0,2,0,0,1
198,0,137.7,8,22,4,2,1,0,3,0
53,3,134.45,11,10,4,3,1,0,3,1
105,0,105.3,6,27,4,1,1,0,0,0
5,0,95.0,11,7,0,2,1,0,3,0
32,1,96.0,11,14,4,0,1,0,0,0
61,2,126.9,5,13,4,2,1,0,0,1
1,0,75.0,12,15,2,1,0,0,0,1
21,1,79.0,2,17,4,3,0,3,0,1
189,1,97.75,8,15,3,4,1,1,0,1
19,1,64.67,11,14,4,3,1,0,0,1
179,0,103.69,8,31,4,2,0,0,1,0
93,2,137.7,7,12,4,2,0,0,3,1
168,0,159.3,9,19,4,1,1,0,3,0
125,0,94.5,5,6,4,2,0,3,0,0
205,2,126.9,9,5,4,2,1,0,0,0
179,2,121.5,9,24,4,1,2,0,0,0
22,3,109.25,9,17,4,3,1,0,0,1
21,0,85.0,3,4,4,1,0,0,0,0
11,3,116.71,10,23,4,5,2,3,0,1
36,0,111.6,4,29,3,1,0,3,0,1
70,1,126.9,6,9,4,3,1,0,0,1
148,0,90.9,8,26,4,2,1,0,0,0
10,1,160.0,7,24,4,0,1,0,0,0
84,0,75.34,3,30,3,4,1,0,0,1
265,0,72.25,8,3,3,5,2,0,0,1
386,1,90.0,10,23,3,0,2,1,0,0
73,1,159.3,4,30,4,1,2,0,3,0
5,1,120.6,2,28,4,3,2,0,3,1
29,1,82.61,5,31,4,3,0,0,0,1
4,1,1.0,1,22,1,2,0,0,6,1
27,0,137.0,4,17,4,0,1,0,3,0
7,1,67.0,11,17,2,1,0,0,0,1
1,0,79.0,11,26,2,1,0,0,0,1
15,1,129.0,10,4,3,3,0,0,0,1
4,0,81.0,2,5,4,2,2,3,0,0
5,2,133.33,11,4,4,2,1,3,0,1
71,2,124.95,4,23,4,3,2,0,3,1
106,0,99.9,7,16,4,1,1,0,0,0
54,3,118.33,11,5,4,1,2,3,0,1
44,1,66.29,2,21,4,5,2,3,0,1
81,0,85.0,9,5,3,5,1,0,0,1
135,1,99.9,5,6,4,2,0,0,0,1
156,0,112.2,8,20,4,2,2,0,3,0
313,0,77.69,12,23,4,7,3,0,0,0
73,2,79.2,11,27,4,2,1,0,0,1
13,1,101.0,4,8,4,1,0,0,0,1
51,2,108.0,12,5,4,2,1,0,0,1
20,0,66.0,1,31,3,1,2,0,0,1
21,0,131.0,3,4,4,1,0,1,0,1
54,0,103.5,7,10,4,0,2,3,0,0
35,2,71.25,11,26,2,4,2,0,1,1
0,2,93.5,7,23,4,1,0,0,3,1
31,1,129.6,8,23,4,5,2,0,0,1
28,0,85.5,10,3,3,2,1,0,0,1
9,2,90.0,8,23,4,3,2,0,0,1
11,1,111.0,11,18,4,2,0,0,0,0
51,0,60.0,11,12,3,3,2,0,3,1
35,0,71.1,3,11,4,2,0,3,0,1
35,0,111.83,8,28,4,2,2,0,0,0
112,2,100.3,12,6,4,4,0,0,0,0
28,1,158.86,7,24,4,3,2,0,0,1
57,0,76.2,12,26,4,6,2,0,0,1
1,1,112.42,7,6,4,1,0,0,0,1
136,0,106.25,6,28,4,5,2,0,0,1
6,0,84.0,3,13,2,0,1,0,0,0
54,1,85.5,12,27,4,0,2,3,0,1
48,0,135.9,7,27,4,2,0,0,0,1
3,2,98.0,8,22,4,1,1,0,0,1
127,0,84.15,12,29,3,3,1,0,0,1
1,0,100.0,6,2,2,2,0,0,0,1
32,1,94.94,9,2,4,2,1,0,3,1
77,2,128.7,4,14,4,3,0,0,3,1
158,2,114.3,7,8,4,2,0,0,0,0
27,1,80.85,10,4,4,0,1,0,0,1
76,0,80.75,9,17,4,4,2,0,0,1
19,0,115.0,3,3,4,1,0,3,0,0
82,0,80.75,4,11,3,2,1,0,0,1
19,2,175.0,7,5,4,4,0,0,3,1
236,0,89.25,10,3,4,1,0,0,0,0
12,1,108.0,2,27,4,1,0,0,3,1
6,2,170.0,8,14,4,2,2,0,3,1
0,2,90.0,8,6,4,1,0,0,0,1
47,0,134.1,7,5,4,1,0,0,0,0
16,1,148.0,2,27,4,3,2,1,3,1
61,1,118.8,9,2,4,2,2,0,0,1
153,2,130.5,7,23,4,1,1,0,0,0
63,2,135.9,8,14,4,2,2,0,0,1
80,0,119.07,10,6,4,3,0,0,3,0
17,0,88.0,12,16,4,2,0,3,0,1
0,0,90.71,5,11,4,1,0,3,0,1
4,2,106.0,8,19,4,2,0,0,0,1
4,0,65.0,11,13,2,1,2,0,0,1
148,1,93.5,9,11,4,2,0,0,0,1
173,2,100.8,3,31,4,3,0,0,0,0
6,2,97.0,8,26,4,1,0,3,0,1
3,2,137.29,9,10,4,5,2,0,0,1
67,3,112.9,12,5,4,1,2,3,0,1
105,2,118.8,9,4,4,2,2,3,0,1
107,0,103.5,7,7,4,3,0,3,0,0
144,0,213.3,9,22,4,3,1,1,3,0
34,1,107.1,6,14,4,3,0,3,0,1
237,2,87.67,9,22,4,3,1,0,0,1
65,1,72.09,10,30,4,0,1,3,0,0
150,2,90.0,6,16,3,3,0,1,0,1
1,1,170.0,9,26,4,1,1,3,0,1
114,0,75.0,7,1,4,2,1,0,0,0
84,0,137.7,7,13,4,4,0,0,3,0
138,1,105.28,5,14,4,5,2,0,0,1
3,0,85.0,2,13,3,1,2,0,0,1
58,0,94.5,7,18,4,2,1,3,0,0
98,0,80.75,9,16,3,2,1,0,0,1
39,0,72.0,11,21,3,2,1,0,0,1
53,1,135.9,9,15,4,1,0,0,0,1
3,0,98.8,9,7,3,1,1,0,0,1
5,2,117.67,9,3,4,3,0,0,0,1
167,0,62.18,6,28,4,4,0,3,0,0
23,1,81.75,12,16,4,2,0,0,1,1
148,0,138.14,8,16,4,5,2,0,3,0
8,3,129.2,6,4,4,1,0,0,0,1
21,1,99.33,9,29,4,1,0,3,0,1
220,1,112.65,10,5,4,4,1,0,0,0
28,1,89.0,2,10,4,2,0,0,0,1
131,1,105.3,7,4,4,2,1,0,0,1
238,1,132.6,10,4,4,5,2,0,3,0
32,1,0.0,12,17,1,1,1,0,0,1
49,1,71.1,3,17,4,1,0,3,0,0
69,0,68.0,11,13,3,1,2,0,0,1
31,1,89.3,2,5,4,1,0,0,0,1
54,2,118.8,4,10,4,1,2,0,3,1
335,0,80.0,10,13,3,2,0,0,0,1
6,1,126.0,5,9,4,1,1,0,3,1
57,1,103.62,12,29,4,5,1,3,3,1
3,0,65.0,11,5,2,1,0,0,0,1
47,2,95.48,10,15,4,3,2,0,3,1
147,0,76.5,8,11,4,3,0,0,0,0
99,1,88.6,6,21,4,3,0,0,0,0
85,1,131.4,6,4,4,1,1,0,0,1
9,1,131.33,4,8,4,2,1,0,3,1
4,1,110.53,2,25,4,11,4,0,3,0
238,1,94.07,9,1,4,4,2,0,0,1
1,0,72.67,12,29,4,2,0,3,0,1
57,0,113.85,12,26,4,6,4,0,0,1
65,0,91.2,9,5,4,2,1,3,0,0
27,1,171.44,12,7,4,4,0,0,3,1
188,1,116.1,9,1,4,3,0,3,0,0
73,1,89.25,10,26,4,3,1,0,0,1
41,1,143.4,5,17,4,3,0,0,3,1
282,0,77.0,11,12,3,1,2,0,0,1
22,1,120.0,9,8,4,1,0,0,3,1
55,1,94.5,10,9,4,2,0,0,0,1
18,0,110.4,9,18,4,2,2,0,0,0
40,1,112.5,8,28,4,1,2,0,0,1
71,0,95.25,3,3,4,3,1,0,0,1
19,1,117.0,10,6,4,3,0,0,3,1
14,1,110.8,6,8,3,4,0,0,0,1
0,0,59.04,8,1,4,0,1,3,0,1
37,1,83.9,3,7,4,3,1,0,0,1
0,0,85.0,2,24,4,1,0,3,0,1
10,0,129.0,10,14,3,2,1,0,0,1
27,2,104.0,12,7,4,3,0,0,0,1
56,2,119.7,7,3,4,3,2,0,0,1
98,1,124.2,11,18,4,2,1,1,0,1
140,2,195.3,7,8,4,1,0,0,5,1
221,0,60.0,10,17,3,1,2,0,0,1
36,1,168.3,7,26,4,5,2,0,3,1
83,0,59.6,3,7,4,1,1,3,0,1
127,0,105.3,5,22,4,1,2,0,0,0
0,1,65.0,10,5,2,2,0,0,0,1
15,1,89.0,6,23,4,1,0,3,0,0
59,1,79.2,11,25,4,2,1,3,0,1
76,0,80.75,4,12,4,4,0,3,0,0
29,2,155.64,5,19,4,3,2,0,3,1
40,1,96.91,12,7,4,4,0,0,3,1
66,1,108.11,5,14,4,1,2,0,3,1
0,0,125.7,9,21,3,2,1,1,0,1
36,1,114.3,3,12,4,1,1,0,3,0
60,0,121.98,12,2,4,2,2,0,3,0
73,1,129.96,5,25,4,4,1,0,3,1
5,1,109.0,3,14,4,3,1,0,0,1
78,0,132.3,10,21,4,2,2,0,3,0
67,0,140.4,5,4,4,1,0,0,3,0
79,0,70.0,11,13,3,2,0,0,0,1
59,0,142.2,9,1,4,2,0,0,3,1
63,1,92.28,5,16,4,3,1,0,0,1
33,2,141.3,6,27,4,1,1,0,3,1
41,1,98.1,6,27,4,1,1,3,0,0
81,0,85.0,9,5,3,3,1,0,0,1
157,2,121.5,7,14,4,2,0,0,0,0
39,1,88.0,12,9,4,2,0,3,0,1
33,0,90.54,4,18,4,4,1,3,0,0
33,1,61.75,2,7,4,2,2,0,3,1
45,1,135.9,6,17,4,4,2,0,3,1
0,0,139.0,6,7,4,1,0,0,3,0
1,1,80.0,1,29,4,2,0,3,0,1
13,2,260.0,11,10,4,1,0,0,6,1
6,0,75.0,7,8,3,2,1,0,0,1
3,1,95.0,4,21,4,1,0,0,0,1
155,0,186.3,8,16,4,2,0,0,5,0
267,0,77.73,12,23,4,7,2,0,0,0
141,1,82.45,7,5,3,5,2,0,3,1
29,1,104.0,12,1,4,3,2,0,0,1
14,1,87.0,11,4,4,1,0,0,0,0
41,1,117.9,3,31,4,3,0,0,0,1
13,0,52.5,12,28,3,3,1,0,3,1
170,1,114.75,7,30,4,2,2,0,0,0
30,1,118.58,10,16,4,2,2,0,3,1
21,0,67.32,12,19,4,4,1,0,0,1
6,1,130.0,3,23,4,3,0,3,0,1
85,0,157.25,3,24,4,3,2,0,5,0
72,1,79.2,11,18,4,2,0,3,0,0
64,1,140.0,5,17,2,2,0,0,0,1
55,1,59.28,2,5,4,2,1,0,0,1
21,1,151.33,10,23,4,2,1,0,3,1
64,2,149.0,11,17,4,3,0,0,3,1
154,1,120.7,7,7,4,3,1,0,3,0
104,1,140.4,5,17,4,3,0,0,3,1
153,2,80.1,10,27,4,1,0,3,0,0
34,1,120.9,3,26,4,1,2,0,0,1
164,1,100.3,6,19,4,2,2,0,0,0
6,1,71.2,4,3,3,1,2,3,0,1
117,2,123.3,10,28,4,2,2,0,3,1
17,1,142.63,11,9,4,4,0,0,0,1
1,0,91.0,2,19,2,1,0,0,0,1
33,0,77.4,10,28,3,4,1,0,3,1
1,0,103.0,3,8,4,2,0,0,0,1
11,1,119.7,10,4,4,3,2,0,0,1
193,1,97.71,9,10,4,1,2,0,0,1
2,0,72.25,6,16,3,3,1,3,0,1
9,1,137.63,10,29,4,2,2,0,0,1
17,0,97.0,3,19,4,1,1,3,0,0
71,0,75.95,2,23,4,4,0,0,0,1
80,1,140.4,5,1,4,1,2,0,3,1
25,0,106.2,9,9,4,1,0,3,0,0
17,0,65.2,2,5,4,2,0,3,0,1
222,2,111.35,9,29,4,3,1,0,0,0
49,1,121.5,5,9,4,0,1,0,0,1
134,1,89.25,7,13,4,4,0,3,0,1
8,1,156.0,6,18,4,1,2,0,3,1
10,0,169.0,6,12,4,6,4,0,3,0
0,0,181.0,11,23,4,1,0,0,5,0
79,1,126.0,12,27,4,1,0,0,3,1
41,1,99.0,3,20,4,0,2,0,0,1
259,0,89.0,10,5,4,4,0,0,0,0
2,0,214.0,6,29,4,4,0,0,5,0
126,1,88.68,4,19,4,5,1,0,0,1
4,3,120.0,9,14,4,0,1,0,0,1
217,0,86.63,8,3,4,3,0,0,1,0
6,0,95.0,10,13,4,1,0,0,0,1
173,1,65.49,7,11,4,3,1,0,0,1
83,0,162.3,8,21,4,1,2,0,3,1
113,0,61.25,3,29,3,4,0,0,0,1
133,0,103.7,6,27,4,4,1,0,3,0
4,1,95.0,1,28,4,3,0,0,0,1
8,0,130.0,4,13,2,15,6,0,0,0
92,2,103.7,12,7,4,4,0,0,0,1
6,1,139.0,6,30,4,1,0,3,0,1
86,2,90.0,11,4,4,2,1,0,0,1
17,0,95.0,10,3,2,1,1,0,0,1
230,2,83.78,5,12,4,3,1,0,0,1
12,0,75.0,1,22,4,2,0,3,0,1
6,0,85.0,5,9,3,2,1,3,0,1
79,1,74.8,11,17,4,3,1,3,0,1
1,2,145.0,10,9,4,2,2,0,0,1
66,0,105.3,4,23,4,1,1,0,0,0
45,2,124.1,3,19,4,2,2,0,3,1
87,1,112.25,10,23,3,1,2,1,0,1
235,0,119.85,9,28,4,4,0,0,0,0
3,0,66.0,1,11,2,0,1,0,0,1
5,0,106.83,2,12,4,8,4,0,3,0
232,3,80.75,10,19,4,4,0,0,0,1
70,0,115.6,5,9,3,2,1,0,3,1
184,3,130.05,8,3,4,5,2,0,3,1
48,0,80.1,3,28,4,0,1,3,0,1
27,0,112.8,5,18,3,1,0,0,0,1
127,2,108.0,10,3,4,5,2,3,0,1
20,1,88.0,12,4,4,0,2,3,0,1
91,0,109.98,10,24,4,4,1,0,3,1
91,1,61.33,10,30,4,2,2,3,0,1
81,0,96.3,3,27,4,0,1,0,0,1
87,1,106.25,10,23,3,1,2,1,0,1
58,0,91.0,1,27,3,2,0,0,0,1
1,0,100.47,12,7,4,4,1,0,3,1
0,1,65.0,8,1,2,0,1,0,0,1
15,0,79.75,11,19,2,3,2,0,0,1
165,2,118.8,10,20,4,2,0,0,0,0
70,0,78.3,3,12,4,1,2,0,0,0
45,0,76.77,10,24,4,2,2,0,1,1
94,0,72.25,11,17,4,1,0,0,0,0
6,2,114.5,9,2,4,4,0,0,0,1
95,0,149.58,7,30,4,6,4,0,3,0
0,0,98.1,10,1,4,1,2,3,0,1
256,3,96.3,10,20,4,3,0,0,0,1
71,0,93.6,7,12,3,6,2,0,0,0
0,0,79.0,2,16,4,1,0,0,0,1
1,1,130.0,11,16,4,2,0,0,3,1
4,1,80.0,1,20,4,1,0,0,0,1
184,2,164.25,8,17,4,1,0,1,0,0
3,0,189.75,2,29,4,3,1,0,5,1
9,0,95.0,4,27,2,2,0,0,0,1
2,1,95.0,4,20,4,1,0,0,0,1
55,0,62.67,12,31,3,3,0,0,0,1
0,0,120.0,10,13,4,1,0,3,0,1
33,1,81.9,3,15,4,4,0,0,0,1
57,0,91.0,9,16,3,2,0,1,0,1
105,1,99.45,6,26,4,2,2,0,0,1
78,1,108.45,4,6,4,4,0,0,3,1
214,1,90.95,10,20,4,5,2,0,0,1
22,1,154.0,11,17,4,3,0,0,3,0
16,0,127.5,4,7,4,3,1,0,3,0
1,0,93.0,7,20,3,1,0,0,0,1
64,0,46.4,3,12,3,3,2,0,0,1
68,3,135.0,10,8,4,1,2,0,0,1
211,1,67.5,11,18,4,2,0,3,0,0
8,2,90.0,8,26,4,4,0,0,0,1
10,2,186.67,10,2,4,2,1,0,3,1
17,1,103.39,2,19,4,15,6,0,3,0
0,0,67.0,4,1,2,1,0,0,0,1
35,0,214.76,8,17,4,3,0,0,6,0
1,0,183.5,12,31,4,3,0,3,0,1
5,0,68.0,12,19,4,1,1,3,0,1
127,0,105.3,5,6,4,2,0,0,0,0
22,1,141.0,6,17,4,2,0,0,0,1
294,1,117.0,9,21,3,4,0,1,0,0
8,0,142.67,6,8,4,3,0,0,3,0
127,2,132.3,10,12,4,3,0,0,3,0
99,0,168.3,9,5,4,4,1,0,3,0
307,0,73.95,12,8,4,8,4,0,0,0
196,0,105.3,8,4,4,3,0,0,0,0
173,0,80.75,7,8,4,5,2,3,0,0
28,0,75.0,10,29,3,2,0,0,0,1
10,1,89.89,12,3,4,2,2,0,0,1
73,0,155.76,3,27,4,2,2,0,5,0
12,0,79.0,2,23,4,1,0,3,0,0
80,1,93.25,7,25,3,1,1,0,0,1
74,1,61.08,10,31,4,5,2,3,0,1
107,0,120.0,6,10,3,1,0,0,0,1
14,1,149.33,6,3,4,2,1,0,3,1
7,1,79.0,11,16,2,1,0,0,0,1
119,1,68.0,7,20,4,0,1,0,0,0
50,0,60.0,11,11,3,3,0,0,3,1
111,1,105.4,4,26,3,3,0,0,0,1
60,0,75.0,11,15,3,3,0,0,0,1
272,1,94.35,10,15,4,4,2,0,0,0
171,0,89.25,8,2,4,5,0,3,0,0
51,1,75.6,9,16,3,5,2,0,0,1
176,0,49.58,8,25,4,4,0,3,0,0
7,0,0.0,2,15,4,0,0,0,0,1
20,1,141.0,6,18,4,1,2,0,0,1
135,3,151.2,10,13,4,2,0,0,3,1
95,1,38.67,3,22,3,3,0,0,0,1
71,1,70.13,3,17,4,3,1,0,0,1
3,1,175.56,10,6,4,3,0,0,5,1
3,2,106.0,2,15,4,3,1,0,3,1
132,0,140.27,7,31,4,5,2,0,3,0
18,0,79.0,2,12,4,2,1,3,0,0
91,0,80.75,9,19,3,2,1,0,0,1
55,1,58.94,1,25,4,3,1,0,0,1
120,0,140.4,6,13,4,0,1,0,3,0
117,1,97.75,6,28,4,4,0,3,1,1
6,0,85.0,2,16,4,1,0,0,0,1
50,0,78.3,2,26,4,2,0,0,0,0
14,0,184.0,9,22,4,1,0,0,3,1
29,0,75.0,2,4,4,1,0,3,0,0
5,1,145.0,10,5,4,3,1,0,0,1
157,2,123.3,8,10,4,3,0,0,0,0
118,1,114.3,8,11,4,1,0,0,0,1
51,1,69.12,9,30,4,6,2,0,0,1
49,1,145.61,12,28,4,4,1,1,0,1
36,3,0.0,7,20,4,0,0,0,5,1
2,1,120.0,10,22,4,1,0,0,0,1
27,2,96.9,11,13,4,2,2,0,3,1
12,0,85.0,3,7,4,2,1,0,0,0
16,0,129.0,6,17,4,2,1,3,0,0
88,1,126.9,4,30,4,1,0,0,0,1
4,0,88.0,12,1,4,1,0,3,0,1
1,0,80.0,1,19,3,3,0,0,0,1
1,2,150.0,10,17,4,0,1,0,0,1
12,0,68.8,8,16,3,3,2,0,0,1
18,1,82.13,10,31,4,2,1,3,0,1
15,1,175.0,8,14,4,0,1,0,3,1
14,0,137.7,4,7,4,3,2,0,0,0
51,0,158.0,5,27,4,1,0,0,3,0
86,0,96.9,7,10,3,2,2,0,0,1
0,1,110.0,9,28,2,1,0,0,3,1
7,1,151.0,6,30,4,1,0,0,0,1
126,0,80.75,6,2,3,3,0,0,0,1
64,2,144.9,9,18,4,1,2,0,0,1
10,0,12.0,11,13,4,2,0,0,0,1
80,0,168.3,9,15,4,3,1,0,3,1
2,3,169.0,3,23,4,2,0,0,3,1
4,0,81.0,2,13,4,1,0,3,0,1
15,1,114.0,3,4,4,2,0,0,0,0
7,0,82.0,1,4,4,2,1,0,0,1
10,0,87.0,12,23,4,4,0,0,0,1
3,0,89.0,8,11,4,2,0,3,0,1
1,1,106.0,1,29,4,2,2,0,3,1
22,0,132.0,12,29,4,4,0,0,3,1
102,1,132.6,5,15,4,13,6,0,3,0
38,2,107.55,8,27,4,2,2,3,0,1
58,2,109.4,12,28,4,4,1,0,0,1
42,0,74.88,11,25,4,2,0,0,0,1
197,0,160.6,12,21,3,4,1,1,0,1
65,4,79.2,11,1,4,1,0,3,0,1
5,0,95.0,6,20,2,0,1,0,0,1
1,0,135.0,5,11,3,1,0,0,0,1
123,2,105.61,12,26,4,3,1,0,3,1
95,2,108.0,10,2,4,1,2,3,0,1
1,2,111.65,9,20,4,3,2,0,0,1
184,1,90.9,10,29,4,1,2,0,0,0
95,0,60.0,12,29,3,3,0,0,3,1
2,0,110.0,10,12,0,2,0,0,3,1
73,0,72.0,10,28,3,1,0,0,0,1
1,0,136.0,10,4,4,1,2,0,3,1
166,1,103.5,8,6,4,1,2,3,0,0
12,2,130.0,2,7,4,3,2,0,3,1
241,1,106.2,6,20,4,6,3,0,0,0
75,2,120.7,12,24,4,2,2,1,0,1
127,0,97.75,11,19,4,2,2,0,3,0
1,2,135.0,10,20,4,2,0,3,0,1
8,1,130.0,2,26,4,2,1,0,3,1
92,1,106.43,10,31,4,3,1,0,0,0
43,1,88.46,11,11,4,2,1,0,0,1
62,0,75.0,9,21,3,1,0,1,0,1
22,1,125.1,10,2,4,0,2,0,0,1
136,0,198.9,5,26,4,3,0,0,5,0
52,1,99.88,3,31,4,3,1,0,3,1
0,0,135.67,7,8,4,2,1,3,0,1
68,0,116.1,5,10,4,3,0,3,0,0
28,0,108.42,6,14,4,3,0,0,3,1
0,1,121.5,6,21,4,1,0,0,0,1
253,2,73.95,12,13,4,5,1,0,0,1
73,0,75.0,11,27,3,1,2,0,0,1
195,2,90.9,10,18,4,4,0,0,0,0
34,1,97.4,3,3,4,3,2,0,3,1
132,0,72.25,7,19,3,5,1,0,0,1
86,1,87.5,9,24,3,2,0,0,0,1
22,1,105.64,9,15,4,3,1,0,3,1
115,0,90.95,5,2,3,3,1,0,3,1
56,1,93.6,12,8,4,3,0,0,0,1
31,1,108.0,8,30,4,3,0,3,0,1
13,1,90.98,9,20,4,3,2,0,3,1
58,3,86.4,11,18,4,2,1,0,0,1
72,2,87.3,4,3,4,1,2,0,0,1
64,0,85.0,5,10,3,4,0,3,0,1
178,1,102.3,7,20,4,3,0,0,0,0
13,1,87.78,5,30,4,2,1,3,0,1
79,2,137.7,7,19,4,2,0,0,0,1
8,1,72.0,2,18,3,3,1,0,0,1
47,2,109.8,8,30,4,4,0,0,0,1
5,1,143.0,7,17,2,3,2,0,4,0
31,2,80.0,7,22,3,2,1,0,0,1
30,0,139.05,2,2,4,5,1,0,1,0
7,2,160.33,7,4,4,2,1,0,0,1
25,0,85.0,10,9,3,2,2,0,0,1
10,0,119.0,10,14,3,2,0,0,0,1
0,2,129.0,6,17,4,1,0,3,0,1
93,2,149.1,9,1,4,3,0,0,0,0
2,2,152.0,9,10,4,2,0,0,0,1
8,1,126.0,10,20,4,2,0,0,0,1
145,0,153.0,10,22,4,1,1,1,0,0
9,1,64.03,2,26,4,2,1,0,3,1
167,1,108.9,10,1,4,2,2,0,0,0
3,0,75.0,10,24,3,0,1,0,0,1
89,2,55.63,11,28,4,1,2,0,0,1
30,0,75.6,4,12,4,2,0,0,0,1
94,0,127.93,5,18,4,4,0,0,0,0
13,0,95.0,4,11,4,0,1,0,0,0
37,1,69.53,12,24,4,1,0,3,1,1
12,1,119.0,5,23,4,2,1,3,0,1
4,0,66.0,1,12,2,2,0,0,0,1
132,0,72.25,7,1,3,2,1,0,0,1
58,2,110.36,10,15,4,3,2,0,1,1
74,0,168.3,9,14,4,4,0,0,3,1
46,2,69.0,12,26,4,3,2,0,0,1
25,1,126.23,6,14,4,4,0,0,3,1
14,1,156.0,6,19,4,2,2,0,3,1
9,1,116.27,8,14,4,1,2,0,0,1
4,2,75.0,9,27,3,1,0,0,0,1
129,0,80.75,9,11,3,1,2,0,0,1
10,0,6.0,10,4,1,1,2,0,0,1
60,1,96.3,12,9,4,4,0,0,0,1
27,1,54.71,12,4,4,3,2,3,0,1
31,0,103.05,8,28,4,0,2,3,0,1
142,0,107.0,6,20,3,2,1,0,3,1
126,2,178.5,7,13,4,4,1,1,3,1
88,1,149.4,9,15,4,3,2,0,3,1
10,1,93.0,2,6,4,1,0,0,0,1
4,0,65.0,12,8,2,2,0,0,0,1
34,0,65.0,10,25,2,1,2,0,0,1
8,1,187.55,9,12,4,1,1,0,3,1
156,0,151.2,10,6,4,3,0,0,3,0
78,1,138.6,10,26,4,2,0,1,3,1
113,0,126.65,5,18,4,4,1,3,0,0
3,2,149.0,9,15,4,2,0,3,0,1
21,0,117.0,4,13,4,2,0,3,0,0
58,1,90.95,9,8,3,3,1,0,3,1
31,1,140.4,5,20,4,1,0,0,3,1
4,1,103.0,7,1,2,1,0,0,3,1
186,1,112.2,8,3,4,5,2,0,3,0
0,0,91.0,1,22,4,1,0,0,0,1
80,1,94.5,7,24,4,0,2,3,0,1
61,2,89.25,10,28,4,2,0,0,0,1
127,1,94.5,7,25,4,0,1,3,0,1
127,2,139.95,7,27,4,4,0,0,3,1
1,1,120.0,12,29,4,2,0,3,0,1
4,1,76.22,2,7,4,2,2,0,0,1
48,1,138.6,12,23,4,2,1,0,3,1
64,2,115.5,9,5,4,2,1,0,3,1
57,1,60.98,11,22,4,1,0,3,0,1
118,0,109.86,6,20,4,3,1,0,0,0
35,0,95.4,3,16,4,4,0,0,3,1
259,0,90.0,5,5,4,3,0,0,0,0
23,1,147.9,11,22,4,4,0,0,5,0
36,0,60.0,11,3,3,5,0,0,3,1
221,1,48.0,8,12,3,1,0,1,0,1
126,1,134.18,7,18,4,5,2,1,0,1
58,2,89.4,5,16,4,2,1,3,0,1
44,1,82.13,11,21,4,2,1,3,0,1
15,0,220.0,10,29,4,1,1,0,5,0
144,0,89.25,7,15,4,4,2,3,0,0
9,1,75.0,12,10,2,1,0,0,0,1
231,0,94.5,8,27,4,1,1,3,0,0
9,2,130.17,9,12,4,4,2,0,0,1
3,1,179.71,9,11,4,5,2,0,3,0
52,1,137.7,7,12,4,2,0,0,3,1
149,1,195.3,8,12,4,2,1,0,5,1
107,0,117.28,11,6,4,2,2,0,3,1
18,1,65.0,6,20,2,0,1,0,0,1
28,1,89.0,1,16,4,1,0,0,0,1
143,0,85.5,8,26,4,1,0,3,0,1
187,3,108.9,10,7,4,2,1,0,0,1
93,0,109.35,7,14,4,3,1,0,0,0
65,0,105.3,4,13,4,1,0,0,0,1
7,1,65.0,11,2,2,5,2,0,0,1
37,0,65.0,5,8,2,0,1,0,0,1
0,1,149.0,11,4,4,2,0,3,0,1
83,0,104.4,10,25,4,3,0,0,3,1
4,0,93.56,8,2,4,1,0,3,0,1
6,3,91.0,11,13,4,2,2,0,0,1
4,1,93.17,4,15,4,2,1,0,0,1
48,1,137.7,4,11,4,2,1,0,3,0
282,1,83.3,12,29,4,3,1,0,0,1
23,0,75.0,10,18,3,3,2,0,3,1
55,1,83.3,2,26,4,2,1,0,0,1
3,0,95.0,10,20,3,1,0,0,0,1
105,0,82.45,4,18,4,3,1,0,0,1
74,2,93.6,11,11,4,2,1,0,0,1
0,0,0.0,12,31,1,1,0,3,2,1
72,0,159.3,8,29,4,1,1,0,3,0
93,0,129.51,10,16,4,6,4,0,3,0
18,0,50.33,2,22,3,5,1,0,0,1
88,1,58.68,2,13,4,6,2,0,0,1
38,0,135.9,8,21,4,2,2,0,0,0
116,0,0.0,2,28,4,2,2,0,0,1
124,0,72.5,8,8,3,1,2,1,0,1
123,1,151.43,11,6,4,2,2,0,0,1
79,1,56.94,3,12,4,5,2,0,0,1
36,0,67.5,2,13,4,1,0,3,0,0
70,1,64.67,4,3,4,4,2,0,0,1
52,0,60.0,11,19,3,3,0,0,3,1
17,1,61.88,2,13,4,2,2,0,0,1
75,0,70.0,3,17,3,3,1,0,0,0
0,0,63.76,10,21,4,2,0,3,0,1
33,2,95.0,10,17,4,4,2,0,1,1
6,1,119.0,6,12,4,0,1,3,0,0
133,1,81.25,7,13,3,4,0,0,0,1
19,0,82.83,2,18,4,3,0,0,0,1
115,0,64.75,2,27,3,6,2,0,0,0
0,1,182.33,5,27,4,2,0,0,3,0
168,0,168.3,7,4,4,2,1,0,5,0
1,0,77.6,1,22,4,2,0,0,3,1
40,0,77.23,2,14,4,5,2,3,0,0
4,2,67.58,12,20,4,4,0,3,0,1
0,1,45.0,10,28,3,1,0,0,0,1
221,1,90.95,8,14,4,5,4,0,0,1
3,2,88.0,12,15,4,1,0,0,0,1
25,0,185.0,9,18,4,0,1,0,3,1
181,1,120.0,10,11,3,1,0,0,0,0
8,1,65.0,7,28,2,1,0,0,0,1
68,1,78.3,2,13,4,1,1,0,0,1
4,0,95.0,6,24,3,2,0,0,0,1
17,1,65.1,11,18,4,1,0,3,0,1
70,2,68.0,3,16,4,4,0,3,0,1
97,1,103.7,12,12,4,5,2,0,0,1
18,1,80.0,2,8,4,2,1,0,0,1
9,0,67.0,11,23,2,2,0,0,0,1
189,2,112.2,8,16,4,4,0,0,3,0
77,1,135.15,5,12,4,3,1,0,0,1
61,0,116.1,5,11,4,3,0,3,0,0
35,1,98.1,2,29,4,5,1,0,0,0
45,0,65.0,4,10,2,0,1,0,0,0
76,2,140.4,5,12,4,3,0,0,3,1
9,3,0.0,11,11,1,2,0,0,0,1
153,1,123.25,8,9,4,5,1,0,0,0
6,0,65.0,9,26,2,0,1,0,0,1
0,0,12.0,3,24,4,1,0,0,1,1
1,2,133.0,6,28,4,1,0,0,0,1
3,3,90.0,8,23,4,0,1,0,0,1
81,1,79.2,12,8,4,3,0,3,0,1
152,0,98.0,11,1,3,4,0,1,0,1
4,3,109.23,11,17,4,3,1,0,0,1
106,2,84.58,7,13,3,4,0,0,0,1
10,0,74.0,12,10,2,1,0,0,0,1
162,1,130.05,7,6,4,4,0,0,3,0
263,0,110.0,10,21,4,2,0,0,0,0
72,1,72.25,3,18,4,3,2,3,0,0
41,1,158.95,7,31,3,3,2,0,4,1
44,0,115.68,11,5,4,6,3,0,3,1
24,1,139.0,9,16,4,2,0,3,0,1
5,1,121.43,7,14,4,3,0,0,3,1
71,1,124.44,12,4,4,2,0,0,4,1
261,0,68.0,11,20,3,1,2,0,0,0
51,1,79.2,12,9,4,2,0,3,0,1
1,1,190.0,9,27,4,1,0,0,0,1
10,1,74.8,12,23,4,2,2,3,0,1
103,1,76.5,8,8,4,1,1,0,0,1
7,2,0.0,11,10,1,2,0,0,0,1
2,1,98.0,8,10,4,1,1,0,0,0
53,0,109.8,8,30,4,3,0,0,0,0
149,1,99.45,7,12,4,5,0,0,0,1
54,0,85.0,8,11,3,3,2,0,0,0
93,0,170.1,5,8,4,1,2,1,0,1
230,1,90.9,9,2,4,2,1,0,0,1
183,1,102.1,9,21,4,4,0,0,3,0
73,0,107.1,7,6,4,2,0,3,0,0
31,1,71.1,3,17,4,1,0,3,0,1
67,1,91.2,9,5,4,2,1,3,0,0
66,1,106.5,11,10,4,3,0,3,0,1
177,1,93.38,7,20,4,5,2,0,0,1
172,1,99.45,8,12,4,4,2,0,0,1
66,2,187.85,5,25,4,5,2,0,5,1
4,1,41.0,2,1,2,0,1,0,0,1
135,2,131.4,12,28,4,1,0,0,3,0
83,0,48.33,3,12,3,4,2,0,0,1
12,0,67.0,10,12,2,1,0,0,0,1
7,1,156.0,5,4,4,3,0,0,3,1
48,1,139.5,10,9,4,0,2,0,3,0
22,1,71.6,2,4,4,3,0,0,0,1
26,1,151.0,5,19,4,3,1,0,3,1
0,2,0.0,7,22,1,2,0,0,4,1
11,0,76.29,12,2,4,2,2,3,0,1
0,0,105.5,9,2,4,2,0,3,3,1
111,0,85.0,12,7,4,4,0,0,0,0
20,1,143.0,5,28,4,1,1,0,3,1
38,0,140.4,5,13,4,2,1,0,3,0
119,0,85.5,6,28,4,1,0,3,0,0
30,4,168.3,7,7,4,4,2,0,3,1
18,0,85.0,10,10,3,3,1,0,0,1
2,0,118.76,5,31,4,4,0,0,0,1
140,1,103.5,8,12,4,2,0,3,0,1
277,0,100.3,9,12,4,4,1,0,0,0
23,1,129.0,4,19,4,2,0,0,3,1
210,3,108.3,8,17,4,3,0,0,3,1
1,1,72.0,12,5,3,2,2,0,0,1
3,2,158.5,6,28,4,4,0,0,3,1
13,1,85.29,8,27,4,5,2,0,1,0
0,0,65.0,1,18,2,1,1,0,0,1
31,0,100.0,6,2,3,2,0,0,0,1
31,1,63.0,12,11,3,2,1,0,0,1
39,0,198.9,7,20,4,2,0,0,5,0
65,0,63.75,3,13,4,2,2,3,0,1
160,1,107.0,4,17,4,2,2,0,0,0
3,0,199.4,4,7,4,8,2,0,5,0
59,0,102.6,6,27,4,3,1,3,0,0
79,2,109.8,12,9,4,2,1,0,0,1
219,1,145.1,9,13,4,2,0,0,0,0
91,0,114.3,7,6,4,1,0,0,0,1
4,1,106.0,8,21,4,2,0,0,0,1
25,2,129.0,10,17,4,2,1,0,0,1
33,1,97.71,5,9,4,4,1,0,0,1
43,2,109.2,4,28,4,3,0,3,0,1
4,1,93.0,1,26,4,1,0,0,0,1
2,0,65.0,6,29,2,1,0,0,0,1
89,0,75.0,5,1,3,1,2,0,0,1
36,1,99.48,11,15,4,4,0,1,3,0
16,2,111.35,5,29,4,2,2,0,3,1
33,1,64.46,3,5,4,6,4,0,0,1
101,0,72.25,7,24,3,3,2,0,0,0
19,1,60.83,3,14,4,2,1,3,0,1
211,0,90.95,7,30,4,3,2,0,0,0
9,1,85.0,2,12,4,2,1,0,0,0
190,0,128.92,8,22,4,6,3,1,0,0
8,0,89.0,12,19,3,2,2,1,0,1
1,0,124.0,8,11,4,1,0,0,0,1
102,1,108.3,5,3,4,3,0,0,0,1
52,0,85.5,4,18,4,1,1,3,0,1
23,0,136.0,3,26,4,2,2,0,0,0
52,0,140.4,5,31,4,3,0,0,3,1
108,1,158.4,12,26,4,4,1,1,0,0
109,0,72.25,7,18,4,6,3,0,0,0
17,2,74.8,11,16,4,4,0,3,0,1
2,2,92.54,11,16,4,6,2,0,0,1
43,1,97.0,11,16,4,1,0,3,0,1
106,1,76.5,8,13,4,7,2,0,0,1
10,1,92.0,2,12,4,2,1,0,0,1
52,0,99.9,4,7,4,1,0,0,0,0
240,1,95.63,9,3,4,2,2,0,0,0
52,1,108.0,10,2,4,0,2,3,0,0
17,0,95.0,9,26,2,1,1,0,0,1
38,0,118.8,4,21,4,3,1,0,3,0
132,0,70.56,8,30,4,2,0,0,1,1
49,0,106.25,5,19,3,5,2,1,0,1
142,1,129.0,6,10,4,2,1,0,3,1
59,2,196.35,12,13,4,5,0,1,5,1
57,1,59.21,2,27,4,4,2,0,0,1
328,0,95.4,9,29,4,3,0,0,0,0
23,2,200.0,8,21,4,1,2,0,3,1
13,1,93.8,3,1,4,1,0,0,3,1
4,0,147.33,10,16,4,1,2,0,0,1
3,2,130.0,10,13,4,1,0,0,0,1
36,0,72.0,11,26,3,1,2,0,0,1
69,0,118.8,4,22,4,2,1,0,3,0
175,0,126.9,9,11,4,0,1,0,0,0
188,2,168.3,7,16,4,1,2,0,5,0
120,0,94.86,4,5,4,4,0,0,4,1
0,0,0.0,12,2,1,2,0,0,0,1
219,0,108.0,9,4,4,1,0,1,0,0
0,0,154.0,7,27,4,2,0,3,0,1
87,0,75.0,12,15,3,3,0,0,0,1
69,0,126.9,6,17,4,2,1,0,0,1
233,0,86.62,8,11,4,2,0,0,1,0
24,0,132.0,12,20,3,1,0,1,0,1
0,1,141.0,3,19,4,1,1,0,0,0
4,1,0.0,2,15,1,1,1,0,0,1
246,0,104.55,12,26,4,3,1,0,3,1
8,0,95.0,4,5,4,1,0,0,0,1
124,1,137.7,11,2,4,4,0,1,3,1
35,1,80.3,2,7,4,2,2,0,0,1
0,0,63.2,11,30,4,2,0,0,3,1
24,0,115.0,10,10,3,3,1,1,0,1
208,1,90.0,4,23,3,3,2,0,3,1
70,0,59.5,3,24,3,3,0,0,0,1
29,1,86.0,3,5,3,1,2,0,0,1
88,0,82.45,7,15,3,2,1,0,3,0
39,1,51.28,3,10,4,3,1,3,0,0
62,0,67.0,10,23,2,0,1,0,0,1
9,0,65.0,11,23,2,2,0,0,0,1
65,0,75.0,11,18,3,2,0,0,0,1
5,1,90.0,8,10,4,5,1,0,0,1
55,1,127.82,3,31,3,1,0,0,0,1
14,3,138.05,8,13,4,1,1,0,1,1
43,0,140.4,5,14,4,1,0,0,3,0
9,1,123.2,11,10,4,3,0,0,0,1
150,1,91.48,9,25,4,0,2,0,0,1
11,1,94.6,12,6,4,0,2,0,0,1
45,3,159.08,1,1,4,2,2,3,5,1
15,0,60.0,12,27,3,1,0,0,0,1
107,0,130.5,9,19,4,1,1,0,0,0
15,0,195.4,3,17,4,3,2,0,5,0
11,1,87.0,1,29,4,2,0,1,0,1
37,0,116.1,5,7,4,1,0,3,0,0
4,1,75.35,1,10,4,14,6,0,0,1
187,1,122.4,10,1,4,2,2,0,3,0
5,0,229.46,10,4,4,5,0,0,6,0
1,1,176.0,5,20,4,1,0,0,3,1
71,1,87.13,4,3,4,2,2,0,0,1
133,3,156.15,9,19,4,4,1,0,0,1
19,1,130.0,11,4,4,1,0,0,3,0
185,0,84.82,8,25,4,3,2,0,1,0
25,0,149.4,4,15,4,3,2,1,0,0
1,0,0.0,6,11,4,0,0,0,0,1
70,0,80.33,12,9,3,2,0,0,0,1
21,2,170.0,9,23,4,2,0,0,0,1
45,1,128.4,6,8,4,3,0,0,3,1
169,0,90.9,10,25,4,4,0,0,0,0
49,1,116.7,6,26,4,1,2,0,0,1
105,0,78.3,3,22,4,1,0,0,0,1
15,1,105.0,9,8,4,4,0,0,0,1
202,2,90.95,8,8,4,7,3,0,0,1
205,0,86.63,7,21,4,2,0,0,1,0
11,1,148.0,12,29,4,3,0,0,3,1
13,0,92.0,10,31,4,4,1,3,0,0
15,1,109.0,5,31,4,3,0,3,0,1
80,0,160.0,10,9,3,2,0,1,3,1
2,2,124.0,8,13,4,1,0,0,0,1
40,2,94.5,9,19,4,2,2,0,0,1
69,0,85.0,9,19,3,2,1,3,0,1
147,1,92.08,6,26,4,5,3,0,0,1
249,1,53.45,12,29,4,3,2,3,0,1
6,2,149.0,10,31,4,2,1,0,0,1
98,0,119.85,5,21,4,2,2,0,0,1
155,1,115.68,8,9,4,4,0,0,0,0
10,0,52.0,12,27,3,1,2,0,6,1
15,2,77.35,11,22,4,5,2,3,0,0
84,0,96.3,7,17,4,3,2,3,0,0
11,0,67.0,11,25,2,1,0,0,0,1
112,2,137.7,7,13,4,2,0,0,3,1
55,1,97.93,9,2,4,6,2,0,0,1
117,2,149.3,5,5,4,3,0,0,3,1
23,1,91.0,2,13,4,1,0,0,0,1
0,0,80.75,6,13,3,2,1,0,0,1
38,0,149.4,9,10,4,2,2,0,3,0
67,0,75.0,11,25,3,2,2,0,0,1
23,1,137.65,6,1,4,4,0,0,3,1
13,0,80.0,1,31,2,0,2,0,0,1
277,2,96.3,10,21,4,2,0,0,0,0
167,1,80.75,7,6,4,4,0,3,0,1
84,0,65.0,9,7,2,1,0,0,0,1
129,1,94.5,5,12,4,2,0,3,0,1
180,0,70.0,10,16,4,1,0,0,0,0
3,0,58.0,12,3,3,3,2,0,0,1
23,2,160.5,6,17,4,2,0,0,3,1
41,1,121.33,11,11,4,2,1,0,0,0
0,0,128.0,8,18,4,1,0,0,3,1
143,1,112.0,7,2,3,1,2,0,0,1
2,1,146.0,4,27,4,2,0,0,3,1
79,3,120.6,7,24,4,4,2,0,3,1
137,0,83.47,8,17,3,4,1,1,0,1
64,1,126.0,11,1,4,4,0,0,3,1
35,1,58.0,1,8,3,2,2,0,0,1
90,3,127.71,12,26,4,3,1,0,3,1
126,0,118.8,9,8,4,3,0,3,0,0
4,3,108.67,11,19,4,1,2,0,0,1
162,2,121.5,7,25,4,0,1,0,0,0
14,1,114.0,9,15,4,2,0,0,0,1
6,0,92.0,2,22,4,2,1,0,0,1
3,0,65.0,6,6,2,0,1,0,0,1
26,1,125.83,10,6,4,3,0,0,0,1
174,0,141.3,10,4,4,4,0,0,3,0
17,1,135.0,10,7,4,2,0,3,0,0
294,2,70.55,11,12,4,3,2,3,0,0
195,2,96.3,10,28,4,2,2,0,0,1
132,3,179.0,10,21,4,1,0,0,0,1
16,2,0.0,6,12,1,0,1,0,6,1
111,1,101.58,5,2,4,3,1,0,0,1
5,0,130.13,4,28,4,1,0,1,0,1
3,1,78.3,1,9,4,1,1,0,0,1
35,0,93.6,12,20,4,2,0,0,0,0
153,3,151.2,10,17,4,5,2,0,3,1
2,0,75.0,12,22,2,1,0,0,0,1
3,0,0.0,9,12,1,1,0,0,1,1
81,0,135.0,10,21,4,2,1,0,0,0
96,1,121.8,4,10,4,1,2,0,0,1
118,1,86.67,11,13,4,4,2,0,0,1
76,0,142.2,7,10,4,2,2,0,3,1
66,0,96.3,3,9,4,3,0,0,3,1
31,1,120.42,10,24,4,2,2,0,0,1
43,0,99.2,11,15,4,1,0,3,0,1
54,1,77.25,11,11,4,3,2,0,0,1
61,1,115.25,9,3,3,2,2,1,0,1
1,0,86.25,12,23,4,3,0,0,1,1
0,1,0.0,9,27,1,0,1,0,0,1
120,0,85.5,6,27,4,2,1,3,0,1
125,0,55.0,3,27,3,2,2,0,0,0
158,2,121.55,6,30,4,3,1,0,3,0
20,1,112.25,8,29,4,3,1,3,0,1
57,1,115.6,4,12,4,5,0,0,3,1
2,1,149.0,10,15,4,1,0,3,0,1
141,0,124.8,8,15,4,5,1,0,3,0
157,0,94.5,8,3,4,1,0,3,0,0
277,0,80.0,9,5,4,5,2,0,0,0
50,2,1.0,1,14,4,3,0,0,0,1
12,2,141.0,8,15,4,3,1,0,0,1
1,0,130.33,9,3,4,3,0,0,0,1
95,3,103.7,12,21,4,5,2,0,0,1
53,1,108.0,10,17,4,1,1,3,0,1
13,0,82.4,8,21,4,3,2,3,0,1
12,0,65.0,12,8,2,2,0,0,0,1
39,2,88.4,11,15,4,3,0,0,0,1
128,1,97.42,7,11,4,2,1,0,3,1
12,2,111.0,2,27,4,1,0,0,0,1
0,0,134.0,3,26,4,1,1,3,0,1
3,0,127.8,4,29,3,1,0,0,3,1
66,1,141.9,9,1,4,3,0,0,0,1
48,2,154.98,9,26,4,4,1,0,3,1
59,0,82.45,3,13,4,2,2,0,3,0
160,0,97.75,7,6,4,4,0,3,0,0
2,0,205.0,10,10,4,1,1,0,5,0
3,0,153.0,8,11,4,3,0,3,5,0
146,0,186.3,8,11,4,2,0,0,5,1
15,2,124.0,9,20,4,3,2,0,0,1
114,0,41.43,11,30,3,5,2,0,0,1
14,0,159.0,5,8,4,3,2,0,3,0
0,1,158.0,8,18,4,1,0,3,0,0
84,0,131.4,8,15,4,3,1,0,3,1
158,1,114.75,5,25,4,4,0,0,0,0
23,1,75.0,10,21,3,3,0,0,3,1
98,2,93.6,12,5,4,1,1,0,0,1
6,0,70.0,2,21,3,3,2,0,0,1
72,0,95.4,11,12,4,1,1,0,0,0
0,0,65.0,10,13,2,1,0,0,0,1
52,0,51.0,3,13,4,2,2,3,0,1
4,1,65.0,8,7,2,1,2,0,0,1
103,1,114.3,7,12,4,5,1,0,0,1
90,0,46.67,3,28,3,2,1,0,3,1
30,1,144.8,10,4,4,4,0,0,3,1
2,1,67.0,5,4,2,1,0,0,0,1
154,0,112.0,7,13,3,4,1,0,0,0
213,0,118.65,9,27,4,4,0,0,0,0
90,1,109.8,12,18,4,0,2,0,0,1
41,0,68.0,11,27,3,2,2,0,0,1
174,1,159.3,9,20,4,5,1,0,3,0
16,1,129.0,10,5,3,1,0,0,0,1
22,0,135.0,3,22,4,1,0,0,0,0
75,2,150.3,7,2,4,1,1,0,3,1
141,2,132.6,10,24,4,2,1,0,3,1
178,1,109.8,7,23,4,1,2,0,3,0
38,0,92.86,8,21,4,0,2,3,0,0
24,2,139.0,8,20,4,1,1,3,0,1
1,1,80.0,8,7,4,2,0,0,0,1
43,2,168.3,8,5,4,2,2,0,3,1
26,0,85.0,10,16,3,0,2,0,0,1
109,1,76.5,8,9,4,3,2,0,0,1
0,0,97.0,6,23,4,1,0,0,0,1
78,1,109.18,3,23,3,4,0,1,0,1
40,0,75.6,10,19,3,3,1,0,0,0
68,1,105.3,7,18,4,1,1,0,0,1
40,0,85.0,3,13,3,1,2,0,0,1
62,0,111.6,8,30,4,5,0,0,3,0
31,4,120.7,12,12,4,3,1,1,0,1
0,1,90.95,6,17,3,2,0,0,3,1
73,1,112.05,10,31,4,1,1,0,0,0
2,1,89.0,5,8,4,0,1,3,0,1
242,1,96.3,8,19,4,2,0,0,0,0
35,0,81.9,3,7,4,2,1,0,0,0
0,0,119.0,4,26,4,1,0,3,0,1
56,0,75.0,4,4,3,2,1,0,0,1
71,1,105.3,12,24,4,3,1,0,0,1
221,0,112.5,8,31,4,1,0,0,0,0
79,1,88.4,12,7,4,4,0,0,0,1
93,0,60.0,12,27,3,3,2,0,3,1
178,1,143.7,8,23,4,3,0,0,3,0
1,1,78.0,12,13,4,3,0,3,0,1
120,0,79.2,12,4,4,1,2,3,0,0
3,0,67.0,9,19,2,0,1,0,0,1
25,0,216.0,3,29,4,4,0,0,5,0
74,1,126.0,12,22,4,3,0,0,3,1
85,0,60.0,12,17,3,3,1,0,3,1
15,0,111.0,12,3,4,1,0,0,0,1
55,2,159.3,4,29,4,2,0,0,0,1
138,2,82.2,11,30,4,3,0,3,0,1
5,1,139.13,9,16,4,1,0,0,0,1
14,1,81.0,1,21,4,3,0,0,0,1
104,0,90.95,10,23,3,1,2,0,3,1
31,1,126.9,5,2,4,2,1,0,0,1
5,0,110.0,10,26,0,4,1,0,3,1
128,0,79.2,11,26,4,1,1,3,0,0
57,1,64.67,12,12,4,4,1,0,0,1
4,1,67.0,4,18,2,1,1,0,0,1
41,1,57.83,2,9,4,2,0,0,0,1
55,0,112.59,9,28,4,2,0,3,0,0
10,1,136.67,8,26,4,2,1,0,0,1
60,1,88.61,3,17,4,3,1,0,0,1
191,1,93.5,9,2,4,4,0,0,0,0
7,2,193.0,2,29,4,2,1,1,3,1
98,2,109.65,5,3,4,4,0,3,0,1
9,1,95.0,6,17,3,2,1,0,0,1
47,1,81.9,3,13,4,1,2,0,0,1
6,0,74.69,12,17,4,2,0,0,3,1
73,0,91.36,4,29,4,2,1,0,0,1
120,1,220.0,8,5,4,10,4,0,6,0
19,1,130.67,6,21,4,3,0,0,0,1
151,0,119.97,6,16,4,5,2,0,3,0
20,1,240.0,8,19,4,1,0,0,5,1
126,0,73.12,7,11,4,2,1,3,0,0
50,1,75.95,1,24,4,3,2,0,0,1
52,0,140.4,5,31,4,5,0,0,3,1
6,0,103.0,3,13,4,0,2,0,0,0
2,2,0.0,1,27,1,1,0,0,0,1
16,3,165.0,9,5,4,1,2,0,5,1
29,1,66.0,12,6,3,1,2,3,0,1
15,0,87.0,2,20,3,2,2,0,0,1
98,0,65.0,9,21,2,1,0,0,0,1
27,0,85.0,10,19,3,3,0,0,0,1
113,2,132.77,5,18,4,4,1,0,0,1
52,0,109.65,5,7,4,5,2,3,0,0
47,0,85.0,8,22,3,3,1,0,0,1
96,1,72.25,11,28,4,1,0,0,0,0
76,0,116.1,5,22,4,0,1,3,0,0
54,3,106.2,11,11,4,2,0,0,3,1
1,0,55.0,3,15,1,2,0,0,0,1
10,2,161.0,9,24,4,1,0,0,0,1
111,0,76.97,4,18,4,4,1,0,1,1
74,0,99.45,4,13,4,4,0,0,0,1
13,0,140.0,11,8,4,1,0,3,0,1
4,0,63.8,1,25,3,3,1,0,0,1
3,0,90.67,6,10,3,2,1,0,0,1
78,1,147.9,12,3,4,3,2,0,5,1
15,2,102.0,12,29,4,3,1,3,0,1
26,0,65.0,8,8,2,0,1,0,0,1
20,1,89.0,1,30,4,1,2,0,0,1
27,0,43.43,2,11,3,5,2,0,0,1
3,1,67.57,12,21,4,4,0,3,0,1
15,1,80.0,8,27,4,2,0,0,0,0
26,1,95.96,10,31,4,5,2,0,0,1
0,0,73.64,12,5,4,1,1,0,1,1
199,0,94.5,10,1,4,7,2,0,0,0
6,0,157.0,4,15,4,2,1,0,3,1
166,1,96.3,6,26,4,0,1,0,0,1
12,0,216.0,5,13,4,2,2,0,5,0
38,0,73.1,3,4,3,2,0,0,1,1
35,0,81.9,3,9,4,5,2,0,0,0
22,2,107.0,10,6,4,4,0,0,0,1
18,0,81.35,10,4,4,4,2,0,0,1
51,1,68.0,12,4,3,2,2,0,0,1
94,0,146.7,7,7,4,3,2,0,3,0
58,1,123.3,3,31,4,3,0,0,3,1
0,0,67.5,8,24,3,2,1,0,1,1
61,0,121.5,7,23,4,1,1,0,0,0
11,2,145.53,9,30,4,2,0,0,3,1
14,2,149.0,4,24,4,0,2,0,0,1
9,1,107.0,6,13,4,1,1,0,0,1
34,1,138.0,10,30,4,0,2,0,0,1
82,0,90.95,9,5,3,7,3,0,3,1
0,0,89.0,4,3,4,0,1,3,0,1
52,0,127.8,4,15,4,1,0,0,3,1
176,2,137.7,8,9,4,3,0,0,3,0
62,1,73.95,2,26,4,3,2,0,0,0
23,0,142.0,10,2,4,2,1,0,3,1
1,1,101.0,1,30,4,1,1,0,0,1
26,2,123.0,11,17,4,2,0,0,3,1
77,1,118.8,7,26,4,4,0,0,3,1
5,1,75.0,12,20,4,0,1,3,0,1
57,0,158.85,9,7,4,4,0,0,3,0
5,0,83.03,2,11,4,3,0,0,1,0
135,1,92.28,6,14,4,4,0,0,0,0
14,2,159.33,6,12,4,1,2,0,3,1
20,0,88.4,12,22,4,3,1,0,0,1
91,0,75.0,5,11,3,4,0,0,0,1
83,1,102.6,12,26,4,2,1,0,3,1
8,1,130.0,2,9,4,4,0,0,3,1
11,1,138.5,8,15,3,1,2,1,0,1
63,1,133.0,12,30,4,2,0,0,3,1
156,0,96.3,6,26,4,0,1,0,0,0
113,0,38.67,3,20,3,1,2,0,0,1
36,2,89.1,6,1,4,1,0,3,0,1
67,1,140.4,5,31,4,3,0,0,3,1
56,2,209.0,11,7,4,2,1,0,3,1
256,0,115.0,6,15,3,2,0,1,0,0
2,1,103.0,11,23,4,1,0,0,0,1
184,1,103.5,8,13,4,1,0,3,0,0
109,3,131.4,8,11,4,3,1,0,3,1
6,1,211.41,9,25,4,2,2,0,6,1
64,0,85.0,10,16,3,1,0,0,0,1
103,1,140.0,12,19,4,2,1,0,3,0
5,1,159.0,9,15,4,1,0,0,0,1
12,1,107.0,10,25,4,0,1,0,0,1
124,1,114.3,5,6,4,2,1,0,3,1
94,1,72.25,12,3,4,2,0,0,0,1
51,1,123.3,8,28,4,3,2,0,3,0
95,2,90.9,10,31,4,0,1,0,0,1
24,1,85.0,10,16,3,2,2,0,0,1
4,0,144.0,5,23,3,0,1,3,0,1
98,2,79.2,11,26,4,1,1,3,0,0
5,2,201.0,4,22,4,2,1,0,5,1
3,1,80.1,1,16,4,2,2,0,0,1
63,1,111.6,9,1,4,4,2,0,3,1
55,2,109.8,8,30,4,4,0,0,0,0
21,0,67.0,11,21,2,0,1,0,0,1
21,2,139.0,9,15,4,2,0,3,0,1
64,1,132.3,10,14,4,2,1,0,3,1
0,0,90.0,8,15,4,1,2,0,0,1
113,0,138.55,7,1,4,6,2,0,3,0
42,1,182.7,3,18,4,2,1,0,3,0
2,0,75.0,6,30,3,1,0,3,0,1
212,0,70.0,5,20,3,3,2,0,0,1
188,2,135.9,9,22,4,2,0,0,0,0
59,1,118.27,4,24,4,5,2,0,3,1
4,0,92.93,8,2,4,1,0,3,0,1
46,0,116.1,5,22,4,0,1,3,0,1
141,0,82.45,7,5,3,5,2,0,3,1
5,1,99.0,4,11,3,1,1,3,0,1
2,1,133.6,2,8,4,4,1,0,3,1
219,0,106.25,10,24,4,5,1,0,0,0
13,0,156.0,5,6,4,2,0,0,3,1
0,1,89.0,4,16,4,1,0,3,0,1
88,0,108.0,10,10,4,3,1,3,0,0
101,1,63.75,12,8,4,1,0,0,0,0
170,1,70.0,4,23,3,1,2,0,0,1
6,0,97.0,12,17,4,2,0,0,3,1
5,0,71.8,12,5,3,1,2,0,0,1
107,2,146.7,6,28,4,5,0,0,3,1
54,1,75.95,2,8,4,4,1,0,0,1
109,1,85.0,3,20,3,1,2,0,5,1
174,0,90.95,9,8,3,3,0,0,3,1
154,1,72.25,6,29,3,4,1,0,0,1
12,3,111.35,5,30,4,1,1,0,0,1
50,0,142.2,7,10,4,2,2,0,3,1
0,0,84.8,7,30,3,1,2,0,0,1
2,0,197.0,5,20,4,1,0,0,3,1
69,0,82.45,3,30,4,4,0,0,0,0
66,0,94.5,4,13,4,2,0,3,0,1
7,2,111.71,9,8,4,5,2,0,0,1
190,0,110.0,6,22,3,4,1,0,6,0
196,0,128.7,8,6,4,1,1,0,0,0
125,2,132.3,10,17,4,0,1,0,3,1
195,1,130.5,8,13,4,1,1,0,0,0
54,2,139.5,10,31,4,1,0,3,5,1
195,0,109.23,9,3,4,6,2,0,0,0
14,1,89.0,4,3,4,0,2,3,0,0
4,1,176.0,5,27,4,1,0,0,3,1
182,1,83.5,10,31,4,3,1,0,1,1
23,1,77.25,1,29,4,2,1,0,1,1
37,0,70.0,12,14,3,2,1,0,0,1
214,1,96.3,8,11,4,3,0,0,0,0
47,1,72.36,10,19,3,3,1,0,1,1
0,0,90.78,4,23,4,1,0,0,0,1
44,1,125.1,8,22,4,2,1,3,0,1
116,0,104.4,10,29,4,1,0,0,3,1
200,1,62.18,8,6,4,2,2,3,0,1
161,1,95.2,4,29,4,2,2,3,0,1
157,0,108.0,10,3,4,2,1,3,0,0
109,4,118.46,7,6,4,4,2,0,3,1
41,0,113.0,10,26,4,2,0,0,0,1
137,0,90.95,6,28,4,4,0,0,0,0
218,0,86.62,8,3,4,3,0,0,1,0
37,0,88.0,12,10,4,1,1,3,0,0
14,1,109.55,8,17,4,1,0,0,1,1
36,0,160.5,2,26,4,2,1,0,5,0
86,1,121.14,10,22,4,3,2,0,3,0
63,0,71.0,1,19,3,2,0,0,0,1
130,0,101.98,8,20,4,13,6,3,0,0
45,1,96.33,9,10,4,1,2,3,0,1
179,1,130.05,8,4,4,3,2,0,3,0
26,0,87.0,2,28,3,1,2,0,0,1
0,0,79.0,2,12,4,2,0,3,0,1
348,0,62.64,12,6,3,1,0,0,0,1
2,1,101.0,4,21,4,1,0,0,0,1
64,1,116.1,4,29,4,2,1,3,0,1
20,0,95.0,5,11,3,4,0,0,0,1
5,2,161.0,11,25,4,1,0,0,3,1
3,0,67.5,1,8,4,1,0,3,0,1
57,0,94.5,4,11,4,2,1,3,0,0
0,0,75.0,11,16,2,2,1,0,0,1
1,0,89.25,6,17,3,1,0,1,0,1
92,1,96.3,4,14,4,3,0,0,0,1
96,1,79.0,11,6,2,3,2,0,0,1
151,0,71.0,1,19,3,4,0,0,0,1
51,1,66.3,2,25,4,8,2,0,0,0
41,0,105.3,10,3,4,2,1,0,0,0
28,0,93.4,9,5,4,3,1,0,0,1
25,1,104.0,6,1,4,2,0,3,0,1
27,0,90.0,3,10,4,1,0,3,0,1
50,0,88.4,12,4,4,2,2,0,0,1
79,0,95.0,9,3,3,5,2,0,0,1
109,0,133.2,8,24,4,4,0,0,3,0
59,2,80.3,3,2,4,3,0,0,0,1
35,2,74.8,12,4,4,5,2,3,0,1
24,1,139.0,8,21,4,0,1,3,0,0
48,0,67.5,2,19,4,2,1,3,0,0
24,2,124.0,9,19,4,1,1,0,0,1
49,1,158.4,10,15,4,1,2,0,3,0
55,0,116.1,5,21,4,1,2,3,0,0
0,1,96.6,8,20,4,1,1,3,3,1
38,3,77.23,11,2,4,4,0,0,3,1
2,2,0.0,12,1,4,0,0,0,0,1
11,0,85.0,2,13,3,3,2,0,0,1
54,1,109.8,8,29,4,4,1,0,0,1
37,0,135.45,3,24,4,2,0,0,3,1
9,0,75.0,1,29,4,1,0,3,0,1
149,0,105.3,8,20,4,2,2,0,0,0
138,1,71.67,7,2,4,2,2,0,0,1
79,1,102.6,11,17,4,3,0,0,3,0
33,1,71.1,3,15,4,3,0,3,0,1
84,1,151.59,7,31,4,5,2,0,3,1
79,0,96.3,3,21,4,2,1,0,0,0
151,1,77.23,6,3,4,2,2,0,0,1
5,0,137.67,6,2,4,3,0,0,0,0
15,1,105.0,9,9,4,2,0,0,0,1
14,0,85.0,7,23,3,4,2,0,0,1
19,0,135.0,5,7,4,1,0,0,0,1
105,0,96.3,4,17,4,1,2,0,3,1
2,0,140.0,10,25,4,1,0,0,0,1
67,0,85.5,3,19,4,1,2,3,0,0
72,0,75.82,6,26,4,2,2,0,0,1
31,2,77.86,11,23,4,4,0,0,1,0
48,1,93.5,3,20,4,3,2,0,0,1
4,1,65.46,11,13,4,0,1,3,0,1
85,2,97.02,4,7,4,5,2,0,3,1
19,0,191.0,8,14,4,1,2,0,3,0
8,1,126.0,7,19,4,2,0,0,0,1
89,2,155.57,7,16,4,5,2,1,3,1
9,1,131.0,4,12,4,1,0,0,0,1
34,1,170.4,10,8,4,1,2,0,3,0
100,1,84.58,4,5,4,4,0,0,0,1
63,1,73.8,11,3,4,3,0,3,0,1
7,0,101.0,4,3,4,1,2,0,0,0
50,0,63.75,3,5,4,5,2,3,0,0
124,0,135.0,10,9,4,0,2,0,3,0
7,0,124.0,8,17,4,1,0,0,0,0
52,0,140.4,5,28,4,2,2,0,3,0
15,0,93.0,2,25,4,2,0,0,0,1
226,1,119.85,9,21,4,5,2,0,0,0
8,2,158.0,9,9,4,1,0,3,0,1
45,2,157.68,6,27,4,3,1,1,3,1
42,1,86.4,10,6,4,1,0,0,0,0
131,3,87.03,8,3,3,3,0,0,0,1
183,0,98.1,10,11,4,1,0,3,0,0
112,1,76.5,8,17,4,2,1,0,0,1
286,0,58.5,9,16,3,2,0,1,0,1
3,1,63.5,8,10,3,2,1,0,0,1
2,0,101.36,11,24,4,3,1,0,3,1
119,1,118.8,8,17,4,8,2,0,3,0
0,0,133.0,9,4,4,2,0,0,0,0
206,1,168.3,8,5,4,1,0,0,5,0
105,0,72.25,8,26,3,4,2,0,0,0
119,0,51.69,12,29,4,1,0,3,0,1
52,1,140.4,5,15,4,1,2,0,3,1
115,0,98.25,5,5,4,3,1,3,0,1
118,0,119.0,6,6,3,1,1,0,0,1
28,0,132.05,7,3,4,2,2,3,0,0
1,0,129.0,5,13,4,1,0,3,0,1
71,0,105.4,4,24,4,3,2,0,3,0
73,1,93.6,11,12,4,1,2,0,0,1
23,1,112.0,11,11,4,1,0,0,0,1
12,2,90.0,8,29,4,1,0,0,0,1
36,2,120.0,3,16,4,3,0,0,3,1
47,0,55.24,1,30,4,2,2,0,0,1
93,0,105.4,4,26,4,5,1,0,0,1
114,0,140.4,6,2,4,3,0,0,3,0
97,2,68.79,10,19,4,2,1,0,1,1
21,0,87.0,2,23,3,5,0,0,0,1
221,0,74.44,12,23,4,4,2,0,0,0
24,2,207.0,4,14,4,3,0,0,5,1
90,0,133.2,8,7,4,2,2,0,3,1
119,1,76.5,8,14,4,2,2,0,0,1
151,2,76.5,8,21,4,3,2,0,0,1
77,0,116.1,6,1,4,3,0,3,0,0
75,0,82.45,4,1,4,3,2,0,0,0
77,1,105.3,4,6,4,2,0,0,3,1
44,1,101.34,4,25,4,3,1,0,0,1
22,1,81.0,2,19,4,2,0,3,0,1
131,1,94.5,5,8,4,1,2,3,0,1
98,0,80.1,10,26,4,2,0,3,0,0
49,1,192.6,9,19,4,3,1,1,3,0
98,0,82.5,4,9,4,1,2,3,0,1
29,3,150.17,8,28,4,1,2,0,3,1
36,1,168.3,7,15,4,1,0,0,3,1
36,0,103.95,4,8,4,1,0,0,5,1
61,0,89.5,3,4,4,2,0,3,0,1
59,0,59.5,3,18,3,5,2,0,0,1
120,2,88.38,8,20,3,5,2,1,0,1
157,1,78.45,7,27,4,5,2,0,0,1
0,0,147.0,9,22,2,2,0,0,0,1
4,2,133.5,9,7,4,1,1,0,0,1
98,1,114.3,7,7,4,1,0,0,0,0
26,3,170.0,11,11,4,1,0,0,3,1
213,0,67.5,12,17,4,1,0,3,0,1
68,1,65.0,12,2,2,1,0,0,0,1
155,1,96.3,6,27,4,1,1,0,0,1
25,1,112.25,10,6,4,4,0,0,0,1
113,1,96.3,4,15,4,2,0,0,0,1
166,2,0.0,4,21,4,0,0,0,1,1
17,3,132.0,4,14,4,4,2,0,0,1
3,0,95.48,5,13,4,1,0,3,0,0
35,0,89.0,5,16,2,0,1,0,0,1
17,0,93.0,2,12,4,2,1,0,0,0
220,2,73.95,11,29,4,5,2,0,0,1
243,0,73.95,11,24,4,3,1,0,0,0
61,1,159.3,5,4,4,1,0,0,0,1
40,1,63.0,12,26,3,2,2,0,0,1
4,0,149.0,5,28,4,1,0,3,0,1
1,2,112.0,2,14,3,2,2,0,3,1
4,0,68.0,11,6,3,2,2,0,0,1
25,0,127.67,5,21,4,1,2,0,0,0
77,1,100.97,12,31,4,4,2,0,0,1
145,0,202.5,10,22,4,1,1,1,3,0
149,0,106.25,6,28,4,5,2,0,0,0
204,0,99.45,8,8,4,3,1,0,3,0
14,2,131.43,10,13,4,5,2,0,0,1
48,2,115.5,7,9,4,1,2,0,0,1
25,2,109.0,5,22,4,1,2,3,0,1
10,0,79.0,3,7,4,2,1,3,0,0
177,0,105.3,7,30,4,1,0,0,0,0
18,1,140.9,6,2,4,3,1,0,3,1
7,1,77.5,1,19,4,3,0,0,0,1
76,1,87.3,4,1,4,2,0,0,0,1
62,0,96.23,9,4,4,2,2,0,1,0
0,1,107.0,11,6,4,1,0,0,0,1
21,0,138.0,8,1,4,3,1,3,0,0
75,0,75.0,12,5,3,3,1,0,0,1
13,0,147.9,11,13,4,4,2,0,5,0
207,0,81.6,8,13,4,6,4,3,0,0
55,2,73.8,11,10,4,1,0,0,0,1
41,0,174.0,9,5,4,2,1,0,5,0
34,1,131.4,4,2,4,1,1,0,3,1
138,0,72.5,8,22,3,1,2,1,0,1
16,0,107.0,5,25,3,1,0,0,3,1
6,0,90.0,5,17,3,1,0,0,0,1
53,1,122.4,6,18,4,4,2,0,3,0
2,1,86.0,1,16,4,1,0,3,0,1
76,1,109.8,6,27,4,3,1,0,0,1
63,0,65.66,2,18,4,3,2,0,1,0
185,1,99.45,8,10,4,6,2,0,0,1
20,0,77.71,11,11,4,5,2,3,0,0
46,0,108.72,9,9,3,2,0,0,0,1
143,0,129.6,9,22,4,3,1,0,0,0
19,1,111.75,10,1,4,3,1,0,0,0
63,0,137.7,7,25,4,3,1,0,3,0
207,0,90.95,8,5,4,3,2,0,0,0
4,0,92.4,10,11,4,3,2,0,0,1
123,3,90.0,11,28,4,1,1,0,0,1
320,0,90.0,8,18,3,2,0,1,0,0
46,1,79.2,11,11,4,2,0,3,0,0
32,0,228.6,4,16,4,5,2,1,5,0
8,0,89.0,10,20,2,1,0,0,0,1
166,0,81.25,7,30,3,1,2,0,0,1
0,1,143.0,6,28,4,1,0,0,0,1
56,3,133.1,3,20,4,3,2,0,3,1
32,1,83.9,2,22,4,2,1,0,0,1
94,0,105.3,4,14,4,3,0,0,3,0
145,2,76.5,7,4,4,1,2,0,0,0
20,1,85.5,9,25,3,0,2,0,0,1
306,3,104.4,8,14,4,1,2,0,0,1
15,0,63.6,3,13,4,3,2,3,0,0
66,0,85.0,5,5,3,4,2,3,0,1
5,1,93.5,11,15,4,2,2,0,0,1
76,0,82.45,3,18,4,2,2,0,0,1
0,1,0.0,9,20,1,3,2,0,0,1
19,1,95.0,10,27,2,1,0,0,0,1
53,1,149.4,8,6,4,1,0,0,3,1
11,2,111.0,2,3,4,2,0,0,0,1
18,0,54.0,1,2,3,1,0,0,0,1
0,2,150.0,10,30,4,0,2,0,0,1
29,1,99.49,4,15,4,7,3,0,0,0
193,1,76.85,7,9,4,1,2,0,1,1
71,0,88.5,4,24,4,1,2,3,0,1
152,1,83.83,6,29,4,4,0,0,1,1
27,1,90.84,5,22,4,2,2,0,0,1
0,0,95.5,8,31,2,2,1,0,0,1
53,2,89.1,9,1,4,2,0,3,0,1
33,3,125.1,9,9,4,2,0,3,0,1
301,0,52.0,11,18,4,2,0,0,0,0
90,0,80.75,4,16,4,2,2,0,0,1
95,3,132.3,10,6,4,2,0,0,3,1
81,2,89.25,10,24,4,3,2,0,0,1
1,0,65.0,11,19,2,1,0,0,0,1
9,0,65.0,12,10,2,1,0,0,0,1
7,1,97.0,5,16,4,0,1,0,0,1
7,2,137.0,8,24,4,1,0,3,0,1
16,1,85.0,10,8,3,1,1,0,0,1
192,0,95.0,6,24,3,2,0,0,0,0
49,2,93.6,12,8,4,3,0,0,0,1
29,1,85.59,4,24,4,0,2,0,0,1
261,2,90.95,10,13,3,3,0,0,3,1
95,1,80.61,12,24,4,4,2,3,0,1
22,1,224.0,9,25,4,4,2,0,5,1
98,1,85.05,10,30,4,2,2,0,0,1
133,2,74.8,12,22,4,4,2,3,0,0
0,0,65.0,10,3,2,0,1,0,0,1
26,0,90.44,3,1,4,5,0,1,0,1
174,1,103.5,8,7,4,1,2,3,0,0
38,0,55.59,1,15,4,2,1,0,0,1
57,0,124.2,9,6,4,3,0,0,3,0
96,1,88.83,4,8,4,2,2,0,0,1
11,0,95.0,9,11,3,1,2,0,0,1
5,0,63.0,12,26,4,2,2,3,0,1
64,2,74.61,12,25,4,2,2,0,3,1
0,0,92.98,8,25,4,1,0,3,0,1
24,0,229.6,10,6,4,2,0,1,4,0
212,1,96.9,8,19,3,2,2,0,0,1
57,0,145.8,6,4,4,1,1,0,3,1
50,1,76.92,6,22,4,1,0,0,0,1
78,1,95.0,9,29,3,3,0,0,0,1
275,0,110.0,4,17,4,0,2,1,0,0
142,2,72.25,7,13,3,4,1,0,0,1
20,1,122.0,8,31,4,2,0,0,0,0
83,1,140.4,8,12,4,2,0,0,3,0
52,1,79.2,11,25,4,2,1,3,0,0
33,0,121.5,5,8,4,1,2,0,0,0
9,1,80.3,1,15,4,2,1,0,0,1
57,0,77.85,6,27,4,2,1,3,0,0
2,0,99.14,8,19,4,5,2,0,0,1
5,2,80.3,1,15,4,2,1,0,0,1
6,0,125.0,5,31,4,3,0,0,0,0
48,0,149.4,9,18,4,2,2,0,3,0
11,2,78.94,9,8,3,4,0,0,1,1
36,0,139.14,9,24,4,3,2,0,3,0
136,0,130.5,7,6,4,1,0,0,0,1
31,0,152.1,2,26,4,2,0,0,5,0
4,1,77.77,4,3,4,0,2,0,0,1
121,2,139.5,8,18,4,3,2,0,3,1
20,0,107.0,10,4,4,4,2,0,0,1
1,1,188.0,12,29,4,2,0,0,3,1
0,0,124.0,8,10,4,3,1,0,0,1
6,0,96.25,12,7,4,0,1,0,1,1
81,1,80.75,10,6,4,3,0,0,0,0
107,1,61.09,12,26,4,3,1,3,0,1
26,0,171.0,2,10,4,4,2,0,5,0
13,0,85.0,9,8,3,5,1,3,3,1
123,0,120.34,10,21,4,5,2,0,3,1
256,0,115.0,6,15,4,2,0,1,0,0
1,0,154.5,10,18,4,2,0,0,0,1
39,2,130.9,12,8,4,8,2,0,3,1
33,1,63.75,10,31,3,2,2,0,3,1
202,1,96.3,7,9,4,1,1,0,0,1
49,2,83.8,12,8,4,3,1,3,0,1
12,1,91.38,11,23,4,4,0,0,0,1
162,1,130.05,7,29,4,3,2,0,3,0
7,1,124.0,4,10,4,0,2,0,3,1
60,0,143.1,4,30,4,1,1,0,0,0
152,2,184.34,7,30,4,11,5,1,0,0
43,1,79.46,11,11,4,2,1,0,0,1
190,4,132.6,9,2,4,4,2,0,3,1
45,2,126.9,5,21,4,1,1,0,0,1
5,1,166.5,9,17,4,2,2,0,0,0
278,0,103.95,7,16,4,1,2,0,1,0
130,0,140.4,9,25,4,5,3,0,3,0
23,1,129.0,4,16,4,1,1,0,3,1
138,0,130.05,7,16,4,3,2,0,0,1
3,4,155.68,9,20,4,3,0,0,1,1
17,0,65.0,12,9,2,1,0,0,0,1
15,1,90.33,12,10,4,1,2,3,0,1
2,1,87.0,3,7,3,2,1,0,0,1
55,0,129.6,10,21,4,2,2,0,4,1
154,0,90.95,6,28,4,4,0,0,0,0
21,0,67.0,11,21,2,0,1,0,0,0
4,0,111.2,9,20,3,0,2,0,0,1
36,1,99.0,10,20,4,1,0,3,0,1
3,1,166.0,10,7,4,2,1,0,0,1
12,2,130.0,8,28,4,0,2,0,0,1
22,1,87.0,11,14,4,1,1,0,0,1
290,1,89.5,6,17,3,2,1,0,0,1
112,0,99.45,4,27,4,4,0,0,3,0
254,1,100.3,9,29,4,3,1,0,0,0
1,0,0.0,9,5,1,0,0,0,0,1
116,1,101.58,4,28,4,3,1,0,3,0
4,1,87.01,3,18,4,2,0,3,0,1
68,2,96.17,9,12,4,5,2,0,0,1
2,2,100.1,8,17,4,1,0,0,0,1
29,1,96.3,10,13,4,4,0,0,0,1
172,0,94.95,6,2,4,2,0,3,0,0
4,1,211.33,9,14,3,2,1,0,5,1
50,1,74.8,11,20,4,5,2,3,0,0
12,2,111.0,2,7,4,0,2,0,0,1
51,1,64.45,10,27,4,1,0,3,0,1
3,0,80.0,12,19,3,1,2,0,0,1
132,0,102.28,7,21,4,4,2,0,0,0
77,2,164.3,6,19,4,0,2,0,3,1
2,1,100.67,11,21,4,2,1,0,0,1
79,1,160.78,12,30,3,2,0,0,0,1
125,0,68.0,6,30,3,3,1,0,0,1
150,2,131.75,7,14,4,8,2,0,3,0
89,2,95.0,9,20,3,5,2,0,0,1
44,0,80.3,2,19,4,2,1,0,0,1
98,2,79.2,12,8,4,3,0,3,0,1
85,1,91.48,7,13,4,4,1,0,3,1
43,0,75.0,11,8,3,3,0,0,0,1
155,0,126.48,9,16,4,4,2,1,0,0
137,1,65.45,11,16,4,4,2,0,0,1
17,0,108.2,12,9,3,7,2,1,3,1
39,1,135.0,11,10,4,3,0,3,0,1
4,0,81.0,2,6,4,1,0,3,0,1
95,2,72.25,12,4,4,2,2,0,0,1
1,2,179.0,5,27,4,2,0,0,0,1
20,1,118.15,9,20,4,3,2,0,3,1
0,0,50.0,2,11,2,1,0,0,0,1
17,1,113.33,10,1,4,3,0,0,0,1
7,0,94.0,8,8,2,0,1,0,3,1
2,2,100.67,8,21,4,2,1,0,0,1
21,1,183.15,9,9,4,2,0,1,0,1
0,0,0.0,12,16,1,1,0,0,0,1
232,1,104.13,8,29,4,10,4,0,3,0
53,0,75.0,11,11,3,2,2,0,0,1
90,1,114.3,4,15,4,2,1,0,3,1
90,1,95.7,4,9,4,2,2,0,0,1
209,1,105.3,8,5,4,2,1,0,0,0
190,0,59.16,12,1,3,3,2,0,0,1
45,0,68.0,11,13,3,4,2,0,3,1
159,1,132.96,7,22,4,5,2,1,0,0
5,1,96.0,12,13,4,1,0,0,0,1
5,1,67.0,9,27,2,3,0,0,0,1
122,0,142.2,7,30,4,2,2,0,3,0
87,0,97.71,6,9,4,3,0,0,0,1
1,1,108.0,11,18,4,1,0,3,0,1
96,0,88.83,4,8,4,2,2,0,0,1
21,1,136.0,4,11,4,2,1,0,3,1
80,0,87.32,1,7,4,1,0,0,0,1
15,2,123.0,12,30,4,4,1,0,3,1
159,2,134.46,9,30,4,3,2,0,3,0
43,1,73.1,3,10,4,3,0,3,0,1
4,0,103.0,4,10,4,0,2,0,0,1
132,0,72.25,7,14,3,3,0,0,0,1
36,1,68.07,12,10,4,6,2,0,0,1
92,2,117.0,10,6,4,1,0,3,0,1
52,0,99.0,8,28,4,0,1,3,0,1
124,0,143.1,9,20,4,5,1,0,3,0
150,0,80.75,9,26,3,0,1,0,0,1
171,0,99.45,7,29,4,2,2,0,0,0
14,0,80.08,5,31,4,2,0,3,0,1
1,1,174.0,8,26,4,2,1,0,3,1
13,1,64.0,12,6,3,0,2,0,0,1
25,2,172.0,3,26,4,2,2,0,0,1
21,0,130.9,5,29,4,2,2,0,3,0
45,1,116.1,5,21,4,2,2,3,0,1
7,0,65.0,12,8,2,4,0,0,0,1
19,1,166.0,8,10,4,1,0,0,3,0
147,0,178.59,10,24,4,5,2,1,3,0
98,0,52.7,12,29,3,3,0,0,0,1
220,1,90.0,8,15,4,1,1,3,0,1
297,0,90.95,10,23,4,2,2,0,0,0
87,2,80.75,4,9,4,2,2,3,0,1
67,2,81.9,11,20,4,2,0,0,3,1
40,0,108.23,3,21,4,3,1,0,3,1
143,0,121.8,7,19,4,3,0,0,3,0
195,0,80.75,7,25,4,3,1,3,0,0
184,1,173.25,8,2,4,5,2,1,0,0
24,2,150.0,6,14,4,5,0,0,3,1
81,0,116.1,5,7,4,1,0,3,0,1
179,0,80.75,9,12,3,5,2,0,0,1
25,0,152.0,12,25,4,0,2,1,3,0
13,0,65.0,6,14,2,3,0,0,0,1
19,0,48.67,2,8,3,2,1,0,3,1
59,2,137.7,4,21,4,1,0,0,3,1
184,1,99.45,8,9,4,4,0,0,0,0
27,1,131.44,6,29,4,4,1,3,0,1
246,1,58.36,12,27,4,5,2,0,0,1
61,0,90.0,11,26,3,1,2,0,0,1
128,2,162.0,9,24,4,3,2,0,3,1
2,0,79.0,11,9,1,2,1,0,0,1
333,0,73.95,12,21,4,4,0,0,0,0
113,2,92.94,7,5,4,5,1,0,3,1
1,0,0.0,8,26,1,1,0,0,0,1
41,0,100.0,10,24,3,3,1,0,0,1
33,1,79.35,10,1,4,2,0,0,0,1
84,0,134.1,8,14,4,2,2,0,0,0
98,1,141.6,5,4,4,4,1,0,3,1
133,0,106.0,6,13,3,4,1,1,0,1
14,1,88.0,11,23,2,1,0,0,0,1
2,1,40.0,3,16,2,3,0,0,0,1
1,0,85.0,5,12,3,1,0,3,0,1
35,0,87.3,2,10,4,4,0,0,0,0
20,2,124.0,9,22,4,3,0,0,0,1
49,1,124.4,10,30,4,3,2,0,3,0
11,1,127.6,8,19,4,1,0,0,1,1
138,1,109.8,8,5,4,2,0,0,0,1
59,0,126.0,12,11,4,1,2,0,3,0
86,1,107.1,8,12,4,2,0,3,0,1
20,1,169.0,7,1,4,1,0,0,0,0
0,1,141.0,5,12,4,1,0,0,0,1
56,0,94.5,6,20,4,2,1,0,0,0
5,0,63.1,1,15,4,2,0,3,0,1
80,0,80.75,4,11,3,2,1,0,0,1
162,0,112.0,7,14,4,3,0,0,0,0
24,0,50.0,12,5,2,2,2,0,0,1
71,1,86.25,6,28,4,3,0,0,0,1
6,1,139.0,6,30,4,1,0,3,0,0
46,0,67.5,3,4,4,2,0,3,0,0
35,0,69.53,2,15,4,1,1,0,1,1
26,0,85.0,7,3,3,3,2,0,0,1
64,1,71.83,3,22,3,4,0,0,0,1
4,1,128.0,8,21,4,2,2,3,0,1
1,2,111.0,7,20,4,1,0,0,0,1
0,0,265.0,7,8,4,2,2,0,6,0
3,1,66.0,2,25,2,1,0,0,0,1
146,1,114.3,8,5,4,1,0,0,0,1
1,0,101.0,3,28,4,0,1,0,0,1
27,1,74.8,12,6,4,4,0,3,0,1
0,0,154.0,10,20,4,1,0,0,0,1
143,2,105.3,7,12,4,2,0,0,0,1
56,2,119.0,11,22,4,4,0,0,3,1
21,0,95.0,10,17,2,1,1,0,0,1
8,0,62.37,11,26,4,1,0,0,0,1
43,0,74.88,12,27,4,1,0,0,0,1
83,1,105.3,3,19,4,1,1,0,0,1
73,0,73.0,10,28,3,1,0,0,0,1
90,0,88.74,12,26,4,4,1,3,0,0
45,2,85.5,10,22,4,3,0,0,0,1
53,0,131.52,5,21,3,3,2,1,0,1
40,0,85.5,10,16,3,2,2,0,0,0
6,1,106.33,11,27,4,1,2,0,0,1
63,0,136.0,5,17,3,3,0,0,0,1
13,1,119.0,6,28,4,1,0,3,0,1
110,0,120.0,10,9,3,0,1,0,0,0
123,1,70.73,4,30,4,5,2,0,0,1
144,1,81.08,7,25,4,1,1,0,0,1
62,0,104.0,7,20,3,3,1,1,0,1
51,0,121.2,9,24,3,3,0,0,0,1
33,0,108.9,5,25,4,1,0,0,0,1
1,0,106.4,7,6,3,1,0,3,0,1
55,0,85.5,8,30,3,6,2,0,0,1
35,2,170.0,10,12,4,4,0,0,3,1
176,0,198.9,9,15,4,3,0,0,5,0
10,1,93.0,2,9,4,3,0,0,0,0
123,1,155.7,8,13,4,2,2,0,3,1
161,1,66.53,6,28,4,7,2,0,0,1
15,2,129.0,8,21,4,0,1,3,0,1
7,1,66.22,2,15,4,3,1,0,0,0
10,0,81.0,2,20,4,3,2,3,0,1
42,1,85.0,9,24,3,1,0,0,0,1
34,2,74.8,11,14,4,5,2,0,0,0
236,0,159.3,9,22,4,3,0,0,3,0
3,1,161.0,5,28,4,1,0,0,0,1
0,1,164.0,10,9,4,1,0,0,0,1
63,1,126.0,4,2,4,1,1,0,3,1
2,0,87.3,1,15,4,2,0,0,3,1
54,2,72.63,12,25,4,3,2,0,0,1
137,1,103.7,6,28,4,4,0,0,3,0
32,1,149.4,7,7,4,1,0,0,3,1
10,0,114.0,9,22,4,2,0,3,0,1
5,1,72.75,12,24,4,2,0,3,0,1
1,2,111.0,2,3,4,4,0,0,0,1
33,1,120.6,10,3,4,0,1,3,0,1
44,0,87.2,11,19,4,1,1,3,0,0
4,1,72.75,11,29,4,0,2,3,0,1
98,0,58.0,3,11,3,2,1,0,0,1
29,0,59.29,9,17,3,5,2,0,3,1
4,2,78.0,12,15,4,1,0,3,0,1
26,0,74.8,12,22,4,3,1,0,0,0
78,1,80.75,4,10,4,2,2,3,0,1
80,0,93.6,11,12,4,1,1,0,0,0
28,0,115.0,12,31,3,3,0,0,0,1
8,1,188.01,10,29,4,1,2,0,5,1
225,0,150.11,12,29,4,3,2,0,5,1
81,0,94.0,3,25,3,2,1,0,0,1
25,0,57.5,11,22,3,3,2,0,0,1
17,0,65.0,4,21,2,2,0,0,0,1
73,0,150.45,5,9,4,4,1,0,0,0
102,1,114.3,7,23,4,5,2,0,0,1
44,2,98.8,11,22,4,2,0,0,0,1
2,0,89.0,4,24,4,0,1,3,0,0
131,0,132.3,10,15,4,1,2,0,3,0
64,3,130.05,4,4,4,3,1,0,3,1
155,1,137.7,7,16,4,1,1,0,3,0
0,1,126.0,6,22,4,1,0,0,3,1
118,0,99.28,9,3,3,5,2,0,0,1
22,0,190.58,4,16,4,2,2,0,6,0
122,0,75.0,6,9,3,3,1,0,0,1
79,0,95.2,4,3,4,4,2,0,3,0
5,0,95.0,4,18,2,0,1,0,0,0
1,0,119.0,6,1,4,1,0,3,0,1
12,0,86.0,2,6,4,1,1,0,0,1
51,0,62.21,10,28,4,4,0,3,0,1
130,3,122.4,11,12,4,1,2,0,3,1
145,1,76.5,8,9,4,1,2,0,0,0
5,1,153.0,8,15,4,1,1,3,5,1
0,0,65.0,12,14,2,1,0,0,0,1
0,0,40.0,9,28,2,0,1,0,0,1
25,2,101.33,10,9,4,4,2,3,0,1
49,0,60.0,11,9,3,4,1,0,3,1
4,0,58.0,12,4,3,2,1,0,0,1
96,2,81.08,7,16,4,1,2,0,0,1
75,0,75.0,4,24,3,1,2,0,0,1
36,0,86.5,3,1,2,1,0,0,0,1
9,1,12.0,10,20,4,1,0,0,3,1
5,2,221.38,10,1,4,2,2,0,6,1
25,2,80.85,9,15,4,3,0,0,0,1
26,1,143.5,8,7,4,0,2,3,0,1
257,3,106.2,10,2,4,1,2,0,0,1
0,0,75.0,12,15,2,1,0,0,0,1
101,0,78.3,3,18,4,2,1,0,0,0
104,0,159.9,10,29,4,1,2,0,5,0
60,0,63.75,3,5,4,6,2,0,0,0
190,0,95.0,6,22,3,4,0,0,0,1
35,1,102.0,6,21,4,2,0,0,0,1
24,1,101.0,11,8,4,0,2,0,0,1
71,1,88.83,3,17,4,3,1,0,3,1
16,1,103.0,3,18,4,1,0,0,1,1
62,1,207.9,9,24,4,4,2,0,5,1
52,1,122.4,12,29,4,3,0,0,0,1
0,0,79.0,11,29,2,1,0,0,0,1
44,1,97.07,11,22,4,3,0,0,0,0
64,0,138.24,11,9,4,4,1,0,3,1
9,0,98.64,12,25,4,3,2,0,4,1
47,1,117.9,7,1,4,3,2,0,0,1
2,1,0.0,1,27,1,1,0,0,0,1
124,0,99.45,5,5,4,3,1,0,0,1
119,3,72.25,12,26,4,1,2,0,0,1
31,0,162.35,6,20,4,1,1,0,5,0
3,1,79.0,11,2,2,2,1,0,0,1
1,0,118.0,9,29,2,3,0,1,0,1
82,1,90.95,10,10,3,3,1,0,3,1
76,1,89.7,11,14,4,3,1,0,0,1
2,0,120.0,6,2,4,2,0,0,0,1
14,2,205.0,9,15,4,1,0,0,3,1
14,1,120.0,10,5,4,0,1,0,0,1
78,0,135.9,9,3,4,3,2,0,0,0
84,2,121.5,7,15,4,2,0,0,0,1
61,0,134.53,6,18,4,2,2,0,3,0
15,0,65.0,12,27,3,1,0,0,0,1
32,1,130.0,11,11,4,2,0,0,0,1
40,0,74.8,12,1,4,3,1,3,0,0
124,1,118.8,7,16,4,1,2,0,3,0
4,0,66.0,2,14,2,1,2,0,0,1
111,1,120.0,10,10,3,2,1,0,0,1
28,1,87.0,3,7,3,2,1,0,0,1
104,2,67.9,8,11,4,3,0,0,1,1
299,0,100.3,9,17,4,5,2,0,0,0
113,1,105.3,5,2,4,2,1,0,0,1
53,1,60.98,12,9,4,2,1,3,0,1
104,1,114.3,7,3,4,2,2,0,0,1
15,0,111.0,5,29,4,0,2,0,0,0
71,0,75.54,10,30,4,0,1,0,0,0
56,1,85.5,4,18,4,1,1,3,0,1
110,1,109.25,5,1,4,3,2,0,0,1
84,1,93.6,11,18,4,2,0,0,0,0
19,2,174.0,9,29,4,2,0,0,3,1
20,0,147.9,12,22,4,3,1,0,5,1
0,0,153.0,8,8,4,1,2,3,5,1
0,1,73.9,1,6,4,1,0,0,0,1
179,0,82.18,8,26,4,2,2,0,0,0
101,0,132.6,6,1,4,4,0,0,3,0
5,1,0.0,12,5,1,0,1,0,0,1
0,0,81.0,8,6,4,3,1,3,0,1
10,2,78.5,1,17,4,5,2,3,0,1
95,2,151.2,10,17,4,2,1,0,3,1
6,0,88.0,4,11,3,1,1,0,0,1
124,0,92.65,11,26,3,1,0,0,0,1
19,2,139.0,9,15,4,1,0,3,0,1
6,3,122.48,12,30,4,2,2,0,0,1
175,1,140.4,9,17,4,1,1,0,3,0
158,0,75.6,7,16,4,1,0,3,0,0
64,1,111.9,6,27,4,2,1,0,0,1
0,0,0.0,1,20,1,1,0,0,0,1
156,1,85.0,11,16,4,4,0,0,0,0
179,1,90.95,7,17,4,2,2,0,0,1
50,0,96.3,4,3,4,0,1,0,0,0
81,2,135.15,5,9,4,4,1,0,0,0
65,2,137.7,7,23,4,1,1,0,3,1
32,0,67.0,7,4,2,1,1,0,0,1
124,0,74.8,12,7,4,4,1,3,0,0
95,1,99.9,10,31,4,0,1,0,0,1
44,0,187.11,9,15,4,3,1,0,5,0
131,0,112.5,6,30,4,3,0,0,0,0
31,0,98.1,5,22,4,0,2,3,0,0
11,0,78.8,6,14,4,1,0,3,0,1
40,0,118.8,4,22,4,2,0,0,3,0
55,1,126.9,6,18,4,2,2,0,3,1
34,1,81.9,3,12,4,1,0,0,0,1
0,0,106.0,2,13,4,1,1,0,3,0
3,0,118.15,7,11,2,2,1,0,0,1
117,1,105.3,7,19,4,2,0,0,0,1
2,1,119.0,4,20,2,1,0,0,3,1
28,0,75.0,10,19,3,4,1,0,3,1
95,2,119.0,12,7,4,4,0,0,3,1
172,1,300.0,7,29,3,3,2,1,0,0
160,0,119.85,5,27,4,2,0,0,0,0
287,2,100.8,9,29,4,3,0,0,0,0
86,0,86.36,7,1,3,2,1,0,0,1
52,2,116.1,5,13,4,2,1,3,0,1
162,0,146.7,8,14,4,1,2,0,0,0
12,0,111.35,5,31,4,3,0,0,0,0
63,1,97.71,5,22,4,1,2,0,0,1
182,1,120.0,10,12,4,1,0,0,0,0
45,1,159.12,5,17,3,2,0,0,5,1
14,2,65.8,1,15,4,2,0,0,0,1
15,1,84.0,8,13,2,1,1,0,0,1
1,0,80.0,11,3,3,3,0,0,0,1
89,2,104.0,12,10,4,1,1,0,0,1
0,1,0.0,2,25,1,1,0,0,0,1
40,1,145.35,3,23,4,4,0,0,3,0
7,1,144.14,9,11,4,2,2,0,5,0
104,0,80.75,5,5,3,3,2,0,0,1
41,0,74.4,9,18,4,3,2,0,0,1
30,0,137.52,9,12,4,3,1,0,4,1
7,0,114.0,10,27,2,1,0,0,0,1
20,1,231.0,8,6,4,1,0,0,5,1
70,1,89.25,10,22,4,3,0,0,0,1
61,0,90.0,11,21,3,1,2,0,3,1
94,0,96.3,4,8,4,2,1,0,0,0
70,2,174.3,4,16,4,1,2,0,5,1
23,2,139.0,9,25,4,3,2,0,0,1
6,1,97.0,12,12,4,0,1,3,0,1
37,1,108.8,12,27,4,4,0,0,0,1
2,1,102.0,2,6,4,1,1,0,0,1
11,0,85.0,10,3,3,2,1,0,0,1
60,0,116.1,6,1,4,1,0,3,0,0
42,1,80.76,3,6,4,2,2,0,0,0
1,0,75.0,3,8,3,3,0,0,0,1
63,2,107.1,9,1,4,3,2,0,0,1
3,0,119.0,4,28,4,1,0,3,0,1
0,0,95.0,10,17,2,0,1,0,0,1
21,1,93.0,3,10,4,2,0,0,0,1
4,1,0.0,11,19,1,1,0,0,3,1
13,0,102.33,6,12,4,1,2,3,0,1
26,0,99.2,3,30,2,2,0,0,0,1
28,0,76.69,1,18,4,1,1,0,3,1
0,0,95.0,10,17,2,1,1,0,0,1
1,0,79.0,2,13,2,1,0,0,0,1
57,0,72.47,12,25,4,5,2,0,0,1
85,1,114.4,3,30,3,3,0,0,0,1
58,0,56.6,12,23,3,4,0,1,0,1
50,0,131.4,11,11,4,2,0,1,0,0
7,1,117.0,9,21,3,4,0,1,0,1
199,1,106.2,4,14,4,3,1,0,0,0
28,2,115.23,9,27,4,3,0,0,0,1
1,1,116.0,4,8,4,2,2,0,0,1
85,0,99.3,4,7,4,3,0,0,3,0
1,0,121.0,6,11,4,1,0,0,0,1
192,0,96.3,10,21,4,2,1,0,0,0
94,0,73.95,3,19,4,2,2,0,0,0
1,0,99.3,8,26,3,3,0,0,0,1
122,2,128.0,3,27,3,1,2,1,0,1
26,0,133.0,10,2,4,1,2,3,0,1
23,2,110.84,4,18,4,4,1,0,3,1
151,1,99.3,8,19,4,3,2,0,1,0
98,0,126.9,5,7,4,1,0,0,0,0
165,0,94.5,7,17,4,0,1,3,0,0
1,0,180.0,9,24,4,1,0,3,0,0
77,2,104.4,10,25,4,3,0,0,3,1
119,0,166.5,10,22,4,1,1,1,3,0
9,1,245.0,9,30,4,3,2,0,5,1
0,1,91.0,11,9,4,0,1,0,0,1
12,1,65.0,9,19,2,0,1,0,0,1
32,3,96.3,11,14,4,1,0,0,0,1
0,1,0.0,12,11,1,1,0,0,0,1
118,1,133.46,7,11,4,5,2,0,0,1
22,1,95.0,11,19,4,3,0,0,0,1
212,0,81.77,6,19,4,0,2,0,0,0
283,0,82.79,12,30,4,3,2,0,0,0
0,1,122.5,12,30,4,4,0,0,0,1
60,1,132.45,9,5,4,5,1,0,3,0
15,0,0.0,12,17,1,2,0,0,6,1
54,2,79.2,12,5,4,0,1,3,0,1
48,1,74.8,11,13,4,5,2,3,0,0
14,0,182.0,3,26,4,1,1,0,3,0
3,0,110.0,10,23,0,1,2,0,3,1
58,0,140.4,6,1,4,3,0,0,3,0
19,2,89.3,1,29,4,2,1,0,0,1
75,1,103.7,4,25,4,3,1,0,3,1
220,1,156.0,9,17,4,1,2,1,0,0
90,0,142.2,8,7,4,2,2,0,3,1
144,1,112.03,5,22,4,3,2,0,3,1
2,0,103.0,11,23,4,1,0,0,0,0
9,2,89.55,11,26,4,1,1,0,0,1
103,1,113.05,12,27,3,3,0,0,4,1
57,2,141.84,9,7,4,4,1,0,3,1
132,0,106.2,11,1,4,5,0,0,0,0
81,0,80.75,10,22,3,2,2,0,0,1
86,1,123.84,10,22,4,3,2,0,0,0
132,0,162.0,9,9,4,3,2,0,3,0
39,0,126.9,5,21,4,1,2,0,0,0
26,0,139.0,9,15,4,2,0,3,0,0
26,0,77.0,10,19,3,2,1,0,0,1
0,0,88.0,2,15,0,3,1,0,0,1
53,1,83.92,3,15,4,5,2,0,0,1
148,1,65.83,11,2,4,3,0,0,0,1
92,0,96.3,4,19,4,2,0,0,0,0
8,0,120.95,5,29,3,3,2,1,3,1
1,1,131.0,4,27,4,2,0,0,0,1
10,1,0.0,1,17,4,0,0,3,0,1
1,1,90.33,1,17,4,4,2,0,0,1
5,0,151.0,7,16,4,1,0,0,0,0
0,0,85.0,4,19,2,1,0,0,0,1
1,1,121.5,6,14,4,4,0,3,0,1
9,0,156.0,5,5,4,1,0,0,3,0
241,1,95.0,7,3,4,1,2,3,0,1
0,2,81.0,8,7,4,2,0,3,0,1
131,1,103.05,10,10,4,1,1,3,0,1
9,1,160.29,7,14,4,5,2,0,3,1
141,0,96.9,8,20,3,2,2,0,0,1
145,0,69.56,4,29,4,4,2,0,0,1
20,0,79.0,1,4,2,2,1,0,0,1
170,1,96.3,6,28,4,3,0,0,0,1
66,2,130.5,7,24,4,0,2,0,0,1
12,0,80.0,2,24,4,3,0,0,0,1
2,1,129.0,6,16,4,2,0,3,0,1
148,0,61.56,4,23,4,1,2,3,0,1
196,0,80.75,5,12,3,3,1,0,0,1
39,2,74.8,12,27,4,1,0,3,0,1
34,0,75.0,10,30,3,2,2,0,0,1
12,3,97.0,11,15,4,4,0,0,0,1
149,0,124.2,6,3,4,1,0,0,0,1
17,0,95.0,10,9,0,3,2,0,0,1
30,0,85.0,3,13,3,1,2,0,0,1
43,1,125.53,4,30,4,1,1,0,0,1
26,1,110.0,8,31,4,2,0,3,0,1
25,1,139.0,8,2,4,3,0,3,0,0
153,2,186.3,8,20,4,1,2,0,5,0
143,2,129.6,9,21,4,4,1,0,0,0
42,1,130.5,9,18,4,0,2,0,0,0
74,0,126.9,6,10,4,1,0,0,0,1
5,0,55.0,12,2,3,3,0,0,0,1
22,0,84.33,3,3,4,3,0,3,0,1
7,0,87.0,2,28,3,2,2,0,0,1
65,2,97.33,10,28,4,2,0,0,0,1
63,0,99.0,9,3,4,1,0,3,0,0
63,0,168.3,8,8,4,0,1,0,3,0
0,0,77.0,11,14,2,0,1,0,0,1
67,1,119.0,12,4,4,2,2,0,3,1
37,0,140.4,5,27,4,1,0,0,3,0
44,1,93.33,11,3,4,3,0,0,0,1
3,2,156.0,4,1,4,2,0,0,3,1
50,0,112.5,4,8,4,2,0,0,0,0
4,1,139.0,8,6,4,1,0,3,0,1
126,1,76.58,5,4,4,4,0,0,0,1
53,1,76.58,4,11,4,3,1,0,0,1
16,1,106.0,2,26,4,2,1,0,3,0
14,0,76.5,9,27,3,1,0,3,0,1
60,0,123.3,9,2,4,2,0,0,3,0
3,1,93.0,3,8,4,4,0,3,0,1
3,1,47.5,4,23,3,1,2,0,0,1
54,1,95.0,10,29,3,1,2,0,1,1
50,1,75.0,11,11,3,2,1,0,0,1
65,0,89.1,6,21,4,3,0,3,0,0
66,0,126.9,6,17,4,2,1,0,0,0
45,0,60.0,11,9,3,3,1,0,3,1
8,0,56.0,3,1,3,3,0,0,0,1
32,1,99.0,8,28,4,0,1,3,0,1
29,1,66.18,12,2,2,2,0,0,0,1
1,1,181.0,8,2,4,1,0,0,3,1
90,0,105.4,10,19,3,4,0,0,0,1
57,1,146.7,7,14,4,1,0,0,3,1
10,1,120.35,5,29,4,0,1,0,0,1
0,2,45.0,4,28,3,1,0,0,0,1
193,1,189.0,8,22,4,1,1,1,3,0
100,1,154.7,4,13,4,4,0,0,5,0
0,0,79.0,2,15,4,0,1,3,0,1
14,2,146.2,3,19,4,3,2,0,0,1
73,1,53.38,3,24,3,3,0,0,0,1
137,2,135.9,9,6,4,2,0,0,0,1
13,3,208.83,7,19,4,3,0,1,0,1
107,1,80.75,5,29,4,1,2,0,0,0
33,0,98.1,4,17,4,3,2,0,0,0
57,1,119.85,5,11,4,4,1,0,0,1
3,3,152.0,9,12,4,1,0,0,0,1
93,1,76.5,7,23,4,2,0,0,0,0
23,0,95.0,10,15,0,1,2,0,0,0
18,1,75.0,12,30,3,2,1,0,0,1
54,0,81.0,10,16,3,2,2,0,0,1
167,0,105.3,8,6,4,1,0,0,0,0
75,0,65.0,12,9,2,2,0,0,0,1
119,0,76.5,8,5,4,2,0,0,0,1
45,1,124.6,7,2,4,1,2,3,0,0
22,1,67.0,2,19,2,1,0,0,0,1
11,0,92.8,4,7,3,1,0,0,3,1
10,1,65.0,6,27,2,0,1,0,0,1
69,0,82.45,3,13,4,3,2,0,3,1
11,0,74.8,3,11,3,2,0,0,0,1
353,0,73.74,12,29,4,3,1,0,1,0
15,0,153.0,8,29,4,1,1,0,5,0
80,1,75.79,7,31,4,7,2,0,0,1
247,0,110.78,12,27,4,5,1,0,3,1
155,1,101.88,7,17,4,5,2,0,0,0
20,0,65.0,10,11,2,1,2,0,0,1
46,0,120.0,9,12,3,3,1,0,3,1
6,1,131.0,4,15,4,1,0,0,0,1
54,0,116.1,5,21,4,1,0,3,0,0
145,0,151.2,8,17,4,2,0,0,3,1
28,2,81.1,2,6,4,1,2,0,0,1
151,2,130.5,8,10,4,3,0,0,0,0
28,1,73.39,2,5,4,2,2,0,1,1
66,1,89.25,10,19,4,3,1,0,0,1
44,2,89.1,10,16,4,0,1,3,0,1
1,1,103.18,10,9,4,0,1,3,0,1
102,0,126.0,12,6,4,1,0,0,3,1
140,0,82.45,8,9,3,5,0,0,3,1
46,0,86.4,12,7,4,3,0,0,0,0
21,1,109.6,10,31,4,4,1,0,0,1
81,0,89.25,9,16,4,4,2,0,0,1
23,2,89.0,9,11,4,0,2,3,0,1
72,0,89.25,9,16,4,2,0,0,0,0
85,0,82.45,3,29,4,4,0,0,0,1
10,0,80.0,3,14,3,2,1,0,0,1
196,0,116.1,9,11,4,0,2,3,0,0
23,2,105.0,10,4,4,2,2,0,0,1
7,2,152.0,9,15,4,2,0,0,0,1
5,2,66.0,2,4,3,1,0,0,0,1
86,1,137.7,7,14,4,3,0,0,3,1
47,0,116.1,5,21,4,1,1,3,0,0
12,1,93.0,2,26,4,2,0,0,0,1
2,1,102.0,2,13,4,1,0,0,0,1
14,3,113.14,9,5,4,5,2,0,0,1
66,0,120.6,8,31,4,4,0,3,0,1
55,0,0.0,4,6,4,1,0,1,0,1
40,2,183.9,6,27,4,2,1,0,5,1
84,0,78.3,3,3,4,3,0,0,0,0
0,0,90.0,1,25,4,0,1,3,0,1
82,2,72.25,11,2,4,2,1,0,0,1
1,0,95.0,11,26,4,1,0,3,0,1
3,0,126.0,10,11,4,0,1,0,0,1
40,1,196.0,10,21,4,1,0,0,3,1
8,1,83.39,10,25,4,1,0,3,0,1
8,1,100.0,6,23,4,1,0,0,0,1
163,2,126.9,9,12,4,2,1,0,0,0
159,0,112.5,8,26,4,1,0,0,0,0
1,2,106.0,8,28,4,2,1,0,0,1
4,0,81.0,2,5,4,2,0,3,0,1
44,0,113.52,4,10,4,3,2,0,3,0
86,0,139.6,7,9,3,4,2,1,3,1
109,1,120.28,5,4,4,4,0,0,3,1
17,0,97.0,3,16,4,1,0,3,0,0
0,0,6.0,1,7,4,1,0,0,1,1
48,1,135.9,9,19,4,1,1,0,0,1
11,2,103.0,11,29,4,1,0,0,0,1
142,1,126.65,7,2,4,3,2,0,3,0
70,1,9.0,4,12,4,4,0,0,1,1
59,1,89.1,6,26,4,0,1,3,0,1
95,0,75.1,3,23,4,3,0,3,0,1
8,0,171.0,2,22,4,3,1,0,5,0
77,0,125.1,6,16,4,3,0,3,0,0
131,1,85.27,11,13,4,4,2,3,0,0
239,0,90.6,6,15,4,2,0,1,0,0
27,0,141.46,4,15,4,6,2,0,3,0
12,0,75.0,1,15,4,2,2,3,0,1
33,0,150.57,8,13,3,2,2,0,4,1
9,3,201.0,8,1,4,0,1,0,5,1
45,0,79.2,12,18,4,0,2,3,0,1
84,0,72.25,7,25,3,3,1,0,0,1
261,0,65.49,7,27,4,5,2,0,0,0
3,1,139.0,8,23,4,1,0,3,0,1
9,0,169.11,9,20,4,5,4,3,0,1
1,0,86.0,2,6,4,1,1,0,0,1
121,1,103.5,7,7,4,3,2,3,0,1
148,0,99.9,5,5,4,3,0,0,0,1
6,1,88.4,12,5,4,3,1,0,0,1
158,3,89.25,7,25,4,3,1,3,0,1
16,1,101.0,6,23,4,1,0,0,0,1
132,1,105.3,5,16,4,2,1,0,0,1
6,0,75.0,12,13,2,1,0,0,0,1
35,1,145.35,9,18,4,2,0,0,0,1
39,2,177.3,4,11,4,1,1,0,5,1
84,0,66.76,4,12,4,6,2,0,0,0
14,1,82.8,2,3,4,3,0,0,3,1
77,0,136.0,9,25,3,2,1,0,0,1
71,1,105.83,4,6,4,4,0,0,3,1
56,0,168.3,7,30,4,2,2,0,3,0
0,0,65.0,3,2,2,1,0,0,0,1
31,0,84.0,10,19,3,4,1,0,3,1
71,0,78.3,2,17,4,3,0,0,0,0
1,0,135.0,6,19,4,0,2,0,0,1
120,2,90.0,11,3,4,1,0,0,0,1
6,1,166.0,7,11,4,1,1,0,3,1
11,0,70.07,1,26,4,2,0,0,0,1
32,1,109.0,10,25,4,4,0,3,0,1
0,1,50.0,3,17,2,1,0,0,0,1
8,0,92.4,10,20,4,3,0,0,0,1
177,0,123.75,8,3,4,4,1,0,0,0
0,0,124.0,9,21,4,2,1,0,0,1
31,2,103.5,10,11,4,2,2,0,0,1
42,1,112.59,9,15,4,1,0,0,0,1
91,2,127.8,7,16,4,1,2,0,3,1
1,1,89.0,1,19,4,3,0,0,0,1
22,1,161.5,9,24,4,2,2,0,3,1
71,1,78.3,3,4,4,2,0,0,0,0
166,1,122.4,10,3,4,3,1,0,3,0
49,0,110.7,9,6,4,3,0,0,0,0
2,0,159.07,9,14,2,2,0,0,5,1
46,1,98.1,9,7,4,1,0,0,0,1
9,1,65.29,11,13,4,3,2,0,0,1
121,0,68.0,11,16,3,4,2,0,0,0
196,0,128.7,8,28,4,1,2,0,3,0
24,0,89.25,6,13,4,1,1,0,0,1
1,0,65.0,8,19,2,1,0,0,0,1
3,2,132.6,5,16,4,2,1,0,3,1
16,2,144.67,4,12,4,3,0,0,3,1
71,2,149.4,9,19,4,3,1,0,3,1
6,2,80.0,8,23,4,3,2,0,0,1
17,0,133.5,4,6,4,4,0,0,3,0
172,1,100.3,6,4,4,2,2,0,0,0
1,2,133.0,6,28,4,1,0,0,0,1
125,1,130.5,7,29,4,1,0,0,0,1
145,0,80.75,5,18,3,4,0,0,0,1
80,1,93.6,11,12,4,1,1,0,0,0
41,0,66.88,12,1,4,3,0,3,0,1
13,2,156.0,5,28,4,1,0,0,3,1
21,0,72.38,11,22,4,2,0,3,0,0
30,1,63.21,2,12,4,2,1,0,0,1
1,0,85.0,2,22,4,0,1,3,0,0
124,2,118.8,10,9,4,1,2,0,0,1
65,4,146.1,7,8,4,4,2,0,3,1
13,0,118.0,2,28,4,3,2,0,3,1
60,0,204.0,11,7,4,2,1,3,4,0
36,0,150.3,4,3,4,0,1,0,0,1
124,2,126.9,6,10,4,2,1,0,0,1
61,0,126.9,6,17,4,2,1,0,0,0
25,1,66.22,2,16,4,2,0,0,0,1
110,1,109.65,6,17,4,2,2,3,0,1
203,0,85.5,10,24,4,5,2,3,0,0
38,1,199.3,8,31,4,3,0,0,5,1
18,1,93.0,2,19,4,2,0,0,0,1
69,0,121.5,5,7,4,1,2,0,0,1
79,0,139.5,7,11,4,4,1,0,3,1
66,1,119.85,5,8,4,3,2,0,0,1
35,1,97.0,12,26,4,1,0,0,3,1
142,0,104.76,8,3,4,6,2,0,0,0
50,2,123.3,3,30,4,2,0,0,3,1
7,2,136.0,10,21,4,2,0,0,3,1
9,3,99.0,8,20,4,2,0,0,0,1
12,2,110.0,9,12,3,13,5,0,0,0
0,0,0.0,4,21,1,1,0,0,6,1
12,1,151.0,8,12,4,5,2,0,0,1
18,0,81.0,2,26,4,2,0,3,0,1
66,2,89.25,10,19,4,3,1,0,0,1
111,1,105.3,7,14,4,2,0,0,0,1
31,2,149.4,9,9,4,2,2,0,3,1
33,0,106.4,2,29,4,1,1,0,3,1
142,0,108.3,8,24,4,3,0,0,0,1
254,0,119.7,9,23,4,2,0,0,0,0
6,3,120.0,2,20,4,1,1,0,0,1
44,0,77.76,11,3,4,2,0,0,0,1
1,1,120.0,1,25,4,1,1,0,0,1
17,0,95.0,12,10,4,1,0,3,0,1
23,0,135.0,9,9,4,2,2,0,3,0
40,0,189.9,4,6,4,1,0,0,5,0
13,1,99.95,10,20,4,5,0,0,0,1
165,1,83.58,7,6,4,4,2,3,0,1
7,0,111.33,9,7,4,2,1,0,0,1
1,2,138.0,8,16,4,1,2,0,0,1
166,1,96.79,7,7,4,3,1,0,0,0
45,0,109.49,6,18,4,1,1,0,3,0
3,2,85.03,2,12,4,2,1,0,1,1
23,1,166.0,8,3,4,1,0,0,3,1
13,0,80.0,3,17,3,3,0,0,0,1
74,0,116.1,6,17,4,2,0,3,0,0
67,1,74.8,12,17,4,6,2,3,0,1
53,2,85.85,3,28,4,4,1,0,0,1
17,1,67.76,11,14,4,2,1,0,0,1
7,2,174.67,3,24,4,3,0,0,0,1
110,3,93.08,4,10,4,2,2,0,3,1
217,2,119.85,9,12,4,3,1,0,0,0
18,0,67.0,12,11,2,1,2,0,0,1
51,1,79.2,11,15,4,3,0,3,0,1
22,1,109.0,5,31,4,2,0,3,0,1
58,2,88.2,12,9,4,1,0,3,0,1
50,0,156.6,12,23,4,2,2,0,5,0
40,1,95.48,10,3,4,4,1,0,3,1
34,2,88.0,12,16,4,1,0,3,0,1
7,1,98.0,6,22,2,1,0,0,0,1
18,0,138.0,5,7,4,3,2,0,3,0
10,1,156.0,5,5,4,1,0,0,3,1
32,0,140.7,4,13,4,3,0,0,3,0
50,0,260.9,7,4,4,1,1,0,6,0
11,0,95.0,10,11,2,1,2,0,0,1
212,1,67.5,11,18,4,2,0,3,0,0
10,1,87.01,9,12,4,0,1,3,0,1
192,0,19.15,9,25,4,3,2,0,0,0
5,2,114.0,9,8,4,4,0,0,0,1
36,1,90.09,9,25,4,0,2,0,0,1
158,1,123.25,5,25,4,4,0,0,3,0
0,0,83.5,10,25,3,0,2,1,0,1
26,0,74.8,12,12,4,10,4,0,0,0
128,0,142.25,6,26,3,1,2,1,0,1
26,2,122.0,8,30,4,2,0,0,0,1
67,1,140.4,5,31,4,3,0,0,3,1
54,0,130.05,4,20,4,3,0,0,0,1
113,0,72.25,7,14,3,3,1,0,0,1
54,0,87.3,3,2,4,2,0,0,0,0
0,0,164.0,8,29,4,0,1,0,3,1
50,1,118.8,10,4,4,3,0,0,0,1
101,0,132.6,5,25,4,4,0,0,3,1
138,0,71.0,4,23,3,1,2,0,0,1
108,1,190.8,10,14,4,2,1,0,5,1
202,1,40.0,11,6,2,2,2,0,0,1
308,1,78.3,11,23,4,3,0,0,0,0
1,3,0.0,5,5,1,1,0,0,3,1
5,1,98.1,10,5,4,3,0,3,0,1
78,1,88.4,12,8,4,3,1,0,0,1
78,1,136.0,4,12,4,4,0,1,3,0
58,1,97.47,10,29,4,3,2,0,0,1
61,1,88.0,11,11,4,2,1,3,0,1
48,2,173.7,10,15,4,2,2,1,3,1
100,1,91.9,4,18,4,1,1,0,0,1
30,1,96.9,11,15,4,4,0,0,3,0
11,2,139.0,8,8,4,3,1,3,0,1
110,4,150.45,6,13,4,5,2,0,3,1
2,0,80.67,2,10,4,4,2,3,0,1
242,1,95.13,10,28,4,2,2,0,3,1
5,0,79.33,11,17,4,4,2,3,0,0
140,1,82.73,5,25,4,4,1,0,0,1
177,1,93.08,8,24,4,4,0,0,0,1
58,0,118.8,4,22,4,2,0,0,3,0
24,3,129.0,10,2,4,2,2,3,0,1
74,2,74.8,11,19,4,4,2,3,0,0
11,0,87.0,2,19,3,2,1,0,0,1
156,1,114.83,7,5,4,4,0,0,0,0
63,2,80.75,10,19,4,4,1,0,0,0
152,0,101.15,7,22,4,3,2,0,0,0
157,1,132.18,7,27,4,4,0,0,3,0
3,3,152.0,9,19,4,1,2,3,0,1
241,0,106.0,10,24,2,2,1,0,4,0
75,1,52.85,11,16,4,2,1,0,0,1
92,2,76.08,8,6,3,3,0,0,0,1
130,1,153.3,10,31,4,2,1,0,5,1
153,1,101.35,7,30,4,5,2,0,3,0
52,0,67.5,2,25,4,3,0,3,0,0
150,0,71.0,1,18,3,2,1,0,0,1
83,2,135.9,9,7,4,2,0,0,0,1
19,2,234.71,9,18,4,5,2,0,5,0
84,0,82.45,3,29,4,5,2,0,0,1
0,1,89.0,4,8,4,1,0,3,0,1
0,2,98.0,8,9,4,0,2,0,0,1
54,1,123.3,9,2,4,2,0,0,3,0
28,1,147.25,4,11,4,3,1,1,0,1
139,0,99.9,5,15,4,1,2,0,0,0
3,0,163.67,8,23,4,3,0,0,3,0
4,1,157.0,8,23,4,2,0,0,0,1
156,1,80.75,7,1,4,2,2,3,0,1
65,0,105.3,7,24,4,2,2,0,0,0
4,1,128.01,10,12,4,4,0,0,3,1
32,2,115.2,3,22,4,1,0,0,0,1
11,2,73.6,2,12,3,2,1,0,3,1
84,1,88.4,11,29,4,5,2,0,0,0
12,1,208.0,3,24,4,3,1,1,3,1
8,1,149.0,10,30,4,1,2,0,0,1
133,0,108.0,10,2,4,1,2,3,0,0
12,0,101.0,4,8,4,1,0,0,0,1
93,2,90.3,10,31,4,2,1,0,0,0
4,0,75.0,8,10,3,1,1,0,0,0
34,1,135.9,9,9,4,2,0,0,0,1
101,0,70.03,4,18,4,3,1,0,3,0
5,1,113.23,11,6,4,3,2,0,0,1
10,1,114.73,9,7,4,1,0,0,0,1
6,1,98.0,8,20,4,4,2,0,0,1
93,0,159.3,6,3,4,2,0,0,3,1
29,0,95.04,10,17,4,2,2,0,0,1
24,1,95.0,10,9,3,1,2,0,0,1
39,1,81.9,3,10,4,3,2,0,0,0
226,1,105.0,12,30,4,2,1,0,3,0
3,0,131.0,12,9,4,1,0,0,3,1
0,0,79.0,1,28,4,1,0,0,0,1
28,1,103.46,9,27,4,3,0,0,0,0
63,2,121.5,7,23,4,1,0,0,0,1
267,0,121.5,12,31,4,1,1,0,3,1
187,0,112.5,8,29,4,0,1,0,0,0
143,0,100.3,6,2,4,3,2,0,0,0
14,0,87.0,2,24,3,3,0,0,0,1
31,0,67.68,12,8,3,3,0,0,0,1
32,2,149.4,9,15,4,2,0,0,3,1
163,1,119.7,5,20,4,2,1,0,0,0
57,0,177.3,4,16,4,1,2,0,5,0
12,0,77.0,1,15,4,2,2,3,0,1
2,1,75.0,2,21,3,0,1,3,0,1
30,0,98.1,3,10,4,3,0,0,0,0
22,0,76.81,9,4,4,2,1,0,0,1
161,2,145.85,8,14,4,3,2,0,3,0
18,0,129.1,2,26,4,9,4,0,3,0
59,0,135.9,9,26,4,1,1,0,0,1
13,1,90.0,10,26,3,1,0,0,0,1
87,0,72.25,6,10,3,2,0,3,0,1
23,0,128.49,5,21,4,4,2,0,1,0
71,0,96.3,3,18,4,2,1,0,3,1
20,0,75.0,6,29,2,1,0,0,0,1
4,1,77.25,12,19,4,1,0,0,1,1
66,3,135.0,11,19,4,3,0,0,5,1
66,0,168.3,8,6,4,2,2,0,3,0
75,0,88.83,3,17,4,3,1,0,3,1
196,1,87.67,9,17,4,3,2,0,0,1
206,0,102.85,10,6,4,5,2,0,0,0
88,1,109.8,4,26,4,3,0,0,3,1
163,0,192.95,12,23,4,2,2,1,5,1
148,2,79.9,8,28,4,3,2,0,0,0
10,2,81.0,8,18,4,3,0,3,0,1
57,1,108.0,3,21,4,2,1,0,0,0
120,0,72.25,8,2,3,4,0,0,0,1
51,2,207.9,9,11,4,2,2,0,5,1
61,0,74.8,11,16,4,4,0,3,0,0
255,1,84.43,10,12,4,4,0,3,0,0
16,0,75.0,12,8,2,3,0,0,0,1
37,0,67.5,11,12,3,1,0,0,0,1
67,1,69.5,3,10,4,3,0,3,0,1
103,0,126.0,12,6,4,1,0,0,3,0
82,1,107.1,8,13,4,1,1,3,0,0
16,0,2.0,2,26,1,2,0,0,0,1
12,1,79.0,12,21,2,1,0,0,0,1
59,2,121.5,4,5,4,2,0,0,0,1
160,2,145.8,9,30,4,1,0,0,0,0
6,0,152.0,10,1,4,1,1,0,3,1
4,2,81.0,2,25,4,1,0,3,0,1
7,3,79.0,12,19,2,3,1,0,0,1
5,2,190.0,12,8,4,2,0,0,5,1
112,0,100.0,6,2,3,2,0,0,0,0
142,1,95.79,8,21,4,3,2,0,1,1
46,0,98.0,12,5,3,3,1,1,0,1
6,0,110.0,10,26,0,4,0,0,3,1
125,2,105.3,8,20,4,2,2,0,0,1
27,2,195.5,8,8,4,1,1,0,0,1
146,1,103.5,7,13,4,3,0,3,0,1
7,2,205.0,10,7,4,2,1,0,3,1
106,0,77.33,3,22,3,3,0,0,0,1
6,2,145.0,10,6,4,2,0,0,0,1
62,0,99.0,3,19,4,1,1,0,0,0
22,1,156.0,5,21,4,1,0,0,3,1
20,1,124.16,11,6,4,2,2,0,0,1
180,0,102.6,10,10,4,3,1,3,0,0
64,1,51.97,3,11,4,2,1,3,0,1
1,0,85.0,10,8,3,1,0,0,0,1
0,0,92.0,8,8,4,0,1,3,0,1
119,0,131.08,7,21,3,2,0,1,0,1
6,0,72.0,1,29,3,2,2,0,0,1
2,0,92.86,11,18,4,2,2,0,0,1
73,0,85.0,7,14,3,3,0,0,0,1
211,0,72.76,10,21,4,2,2,0,0,0
11,1,73.95,11,2,4,4,1,0,0,1
1,0,106.54,8,11,4,10,3,0,0,0
24,0,117.0,4,21,4,2,0,0,0,0
89,1,71.67,4,8,4,2,2,0,3,1
1,0,110.71,7,7,4,1,0,3,0,1
19,1,106.65,4,29,4,2,2,0,0,1
46,0,94.5,9,18,4,1,0,0,0,1
63,1,48.51,2,16,4,3,0,3,0,1
79,0,70.0,1,10,3,2,2,0,0,1
5,0,72.25,8,21,3,1,2,0,0,1
82,0,85.0,9,6,3,5,0,0,0,1
115,0,141.84,9,18,4,5,2,1,3,1
0,2,190.0,9,22,4,1,0,0,0,1
0,1,162.0,8,7,4,2,0,3,5,1
93,2,72.25,12,3,4,3,1,0,0,1
2,1,76.12,11,27,4,5,4,0,0,0
86,0,65.0,6,26,2,0,1,0,0,1
30,0,184.5,12,4,4,2,2,0,5,1
180,0,105.3,7,1,4,2,0,0,3,0
63,0,71.0,1,19,3,3,0,0,0,1
178,0,100.3,6,4,4,3,2,0,0,0
0,0,85.0,10,30,3,2,0,0,0,1
65,1,113.4,12,30,4,2,0,0,0,1
109,0,72.25,8,29,3,1,1,0,0,1
136,0,99.95,4,20,4,9,2,0,0,0
101,0,68.0,7,9,3,2,2,0,0,0
57,1,131.58,10,31,4,4,1,0,3,0
63,0,177.3,7,19,4,2,0,0,5,0
42,0,97.63,3,20,4,2,2,0,0,0
81,1,97.75,3,23,4,4,1,0,3,0
2,0,79.0,3,3,2,1,0,0,0,1
124,0,114.3,5,6,4,2,1,0,3,1
65,1,118.8,4,24,4,0,2,0,3,1
88,1,85.5,4,3,4,0,2,3,0,0
1,0,95.0,4,14,0,2,0,0,0,1
252,2,81.43,12,28,4,4,1,0,0,1
97,1,103.78,6,30,3,3,0,0,3,1
43,0,152.05,2,25,4,3,2,0,5,1
55,1,84.45,1,29,4,2,2,0,3,1
1,0,139.0,8,20,4,1,0,3,0,1
4,1,183.5,8,5,4,1,0,0,3,1
280,1,73.95,11,16,4,4,0,0,0,0
82,1,114.3,7,1,4,4,2,0,0,1
23,1,115.0,4,27,4,1,0,3,0,1
4,1,98.0,12,26,4,0,1,0,0,1
1,0,98.0,3,5,4,1,0,3,0,1
21,1,110.0,10,26,4,2,0,3,0,0
35,0,85.0,10,20,3,3,0,0,0,1
61,1,91.0,10,4,3,0,2,0,0,1
98,0,71.4,9,21,3,3,1,0,0,0
262,0,100.3,9,13,4,4,0,0,0,0
61,0,256.1,7,10,4,1,2,0,6,0
4,1,0.0,1,9,1,1,1,2,3,1
33,0,135.9,9,8,4,3,2,0,0,0
27,0,54.71,12,17,4,2,2,3,0,1
15,1,104.5,12,4,4,2,2,0,0,1
76,0,145.8,11,6,4,2,2,0,3,0
12,1,87.63,11,18,4,2,2,3,0,1
38,1,91.9,2,22,4,1,1,0,3,1
118,1,140.4,6,11,4,1,2,0,3,1
28,2,147.0,6,21,4,1,0,0,3,1
37,1,74.8,12,14,4,4,0,0,0,1
2,1,104.0,6,14,4,2,0,3,0,1
6,0,95.0,6,23,4,1,0,0,0,0
6,0,68.0,11,27,3,4,2,0,0,1
3,0,95.2,12,28,4,4,0,3,0,1
108,1,97.0,12,24,4,3,2,3,0,0
40,1,83.16,10,13,4,1,0,3,0,1
3,1,79.0,12,12,2,0,1,0,0,1
36,0,87.3,1,28,4,2,0,0,3,0
106,0,110.77,3,15,4,9,2,0,3,0
86,0,60.0,5,20,3,2,1,0,0,1
149,0,106.75,7,12,4,6,2,3,0,0
1,0,95.0,3,9,4,1,0,0,0,1
57,1,66.53,9,19,4,3,2,3,0,1
65,0,76.93,3,31,4,3,1,3,0,0
0,0,90.0,8,4,4,1,0,0,0,1
255,0,122.83,9,20,4,4,0,0,3,0
270,1,95.4,9,30,4,2,1,3,0,0
54,2,156.93,7,10,4,0,1,0,5,1
72,0,67.5,3,16,4,1,0,3,0,0
218,0,69.33,8,13,4,1,1,0,0,0
12,1,200.0,8,13,4,1,2,0,3,1
10,4,134.5,10,7,4,2,2,3,0,1
11,1,133.5,5,8,4,2,2,0,3,1
48,1,118.8,4,10,4,0,2,0,3,1
46,0,104.4,4,1,4,2,0,0,3,0
76,0,120.0,10,10,4,0,1,0,0,0
82,0,109.65,5,22,4,2,2,0,0,1
40,0,71.1,3,11,4,2,2,3,0,0
8,0,85.0,10,21,3,3,0,0,0,1
43,1,186.4,3,24,4,3,1,0,5,1
65,1,119.0,12,7,4,4,0,0,3,1
10,1,80.0,8,28,4,1,0,0,0,0
4,0,65.0,8,31,2,0,1,0,0,1
86,0,75.0,12,18,3,1,2,0,0,1
155,2,86.82,7,14,4,5,2,3,0,1
11,0,306.0,9,16,4,2,1,1,5,0
69,1,77.86,12,23,4,2,2,0,1,1
5,1,145.0,3,26,4,3,2,0,0,1
26,2,90.0,10,19,3,3,1,0,3,1
104,0,117.29,6,2,4,3,0,0,4,1
4,0,65.0,9,28,2,2,1,0,0,1
212,0,78.0,5,20,3,3,2,0,0,0
5,0,97.0,3,6,3,0,1,0,0,1
110,0,112.88,9,20,3,3,0,0,3,1
22,1,148.0,12,29,4,3,0,0,3,1
120,1,89.25,5,2,4,3,1,3,0,0
105,0,138.55,7,2,4,2,2,0,3,0
111,0,85.86,4,24,4,2,2,0,1,1
110,1,99.79,9,6,4,4,0,0,0,1
101,0,126.9,5,6,4,2,0,0,0,0
96,0,60.0,3,6,3,3,2,0,0,1
83,3,126.9,6,10,4,2,1,0,0,1
1,3,105.0,8,11,4,3,0,0,0,1
54,1,111.0,10,30,4,4,2,0,3,0
3,1,64.68,5,16,4,0,1,3,0,1
74,0,74.8,12,19,4,3,1,3,0,0
304,1,74.15,10,21,4,2,1,0,0,1
9,2,128.4,8,29,4,4,1,0,0,1
0,0,143.5,7,8,4,2,0,3,0,1
8,1,87.53,9,3,4,1,2,3,0,1
144,1,106.54,8,18,4,1,0,0,1,1
0,0,70.0,10,12,3,3,0,0,0,1
176,0,114.75,8,1,4,5,1,0,0,0
80,0,95.24,4,28,4,3,0,0,3,1
6,0,126.0,12,30,4,2,1,3,0,1
13,0,221.0,5,4,4,3,0,0,5,0
225,0,67.5,11,25,4,1,0,3,0,0
10,1,126.0,5,9,4,1,1,0,3,1
193,2,106.71,9,10,4,1,2,0,0,0
77,1,105.3,6,26,4,0,1,0,0,0
143,1,132.88,7,28,4,4,2,0,0,1
24,0,68.07,12,13,4,4,0,0,0,1
63,1,63.75,3,8,4,4,0,0,0,0
17,1,133.0,9,21,4,3,1,0,0,1
85,0,86.36,7,5,3,3,0,0,0,1
36,0,75.0,11,1,3,3,0,0,0,1
21,1,151.0,8,19,4,2,2,0,0,1
1,0,46.0,1,30,3,1,0,0,3,1
170,2,108.9,10,3,4,3,1,0,0,0
26,1,169.0,9,19,4,3,1,0,3,1
11,0,113.4,9,30,4,2,0,0,0,1
0,1,68.4,1,24,3,2,2,0,3,1
111,0,60.0,3,23,3,3,0,0,0,1
103,1,58.0,3,12,3,1,1,0,0,1
81,2,125.1,9,3,4,1,2,3,0,1
65,1,127.38,8,4,4,1,0,0,1,1
113,0,135.9,9,24,4,1,1,0,0,0
5,0,69.0,12,17,3,2,0,0,3,1
2,0,66.0,1,14,2,1,0,0,0,1
155,1,135.01,8,1,4,9,3,0,0,0
32,1,136.52,8,14,4,0,1,0,3,1
0,1,149.0,6,28,4,1,0,0,0,1
57,1,74.8,12,5,4,3,1,3,0,1
40,2,62.29,2,21,4,1,2,0,0,1
12,0,65.0,9,14,2,3,1,0,0,0
43,0,115.5,5,31,4,3,0,0,0,1
222,0,116.1,9,14,4,3,0,0,1,0
103,1,168.3,9,13,4,4,0,0,3,0
43,2,74.61,11,14,4,3,1,0,3,1
6,0,77.78,11,22,4,6,2,3,0,0
3,1,60.83,2,13,4,1,0,3,0,1
9,0,75.0,8,11,2,1,0,0,0,1
189,3,96.3,10,28,4,2,1,0,0,1
215,0,99.45,8,20,4,5,2,0,3,0
124,2,76.5,7,25,4,1,1,0,0,0
0,0,0.0,5,14,1,1,0,0,0,1
14,2,145.67,9,2,4,2,1,0,0,1
17,1,135.0,9,25,4,2,2,0,0,1
1,2,96.0,9,3,4,1,0,3,3,1
60,0,60.0,10,12,3,3,1,0,0,1
19,0,58.0,12,20,3,1,2,0,0,1
2,0,87.0,2,12,3,2,0,0,0,1
147,0,89.25,10,16,4,2,1,0,0,1
136,1,86.36,8,11,4,3,2,0,0,1
2,1,0.0,10,23,1,0,0,0,3,1
204,1,126.9,9,8,4,3,0,0,0,0
67,1,0.0,5,21,4,0,0,0,3,1
24,1,85.0,10,16,3,1,2,0,0,1
82,0,96.3,6,27,4,0,1,0,0,0
165,2,72.25,7,31,3,4,2,0,0,0
6,1,109.0,3,9,4,4,0,0,3,1
30,0,88.0,11,26,4,1,2,3,0,0
44,1,54.71,11,15,4,5,1,3,0,1
14,1,91.0,2,7,4,2,2,0,0,0
25,0,152.33,5,14,4,1,2,0,0,0
99,0,132.6,5,23,4,3,1,0,3,0
16,1,131.0,4,8,4,2,0,0,3,1
0,0,114.0,4,23,4,1,1,0,0,1
59,0,100.0,10,9,3,1,2,0,0,1
75,0,80.75,6,25,3,1,2,0,0,1
6,0,68.0,12,4,3,2,2,0,0,1
53,0,79.2,12,15,4,3,0,3,0,1
43,1,99.41,8,8,4,2,1,0,0,1
43,1,108.0,10,3,4,0,1,3,0,0
171,0,63.75,7,22,3,6,2,3,0,0
30,1,179.25,8,23,4,5,1,1,3,1
189,1,103.7,7,30,4,3,2,0,3,0
25,0,85.0,10,9,3,2,2,0,0,0
179,0,179.92,8,15,4,5,1,1,3,0
180,1,97.54,8,20,4,1,0,0,1,1
54,1,107.1,7,2,4,1,0,3,0,1
122,0,99.45,5,3,4,4,0,0,0,1
43,1,77.69,1,19,4,5,0,0,0,1
31,0,95.4,3,11,4,2,1,0,3,0
10,2,169.0,6,14,4,5,0,0,3,1
19,2,162.29,9,6,4,5,2,1,0,1
62,1,125.63,4,2,4,3,2,0,3,0
42,1,164.33,10,20,4,3,0,0,0,0
79,0,96.3,3,21,4,2,1,0,3,1
173,2,168.3,7,8,4,1,0,0,5,0
0,1,0.0,10,29,4,0,0,0,0,1
4,0,127.0,3,11,4,2,1,0,0,0
156,0,122.4,12,27,4,3,0,0,3,1
9,1,71.6,1,10,4,2,2,0,0,1
2,1,105.0,3,9,4,4,0,0,0,1
29,0,63.0,11,6,3,2,1,0,0,1
0,1,0.0,5,4,1,1,0,0,6,1
2,0,0.0,9,25,4,0,0,0,0,1
53,0,192.0,4,28,4,3,0,0,5,1
33,2,78.5,3,5,4,1,2,0,0,1
99,0,83.25,4,8,4,2,2,3,0,0
11,1,90.95,11,6,4,2,2,0,0,1
18,0,156.0,5,13,4,2,0,0,3,0
58,0,100.48,4,12,4,3,0,0,4,1
9,0,221.0,6,10,4,2,1,0,5,0
59,1,75.0,11,14,3,2,1,0,0,1
147,1,84.58,7,22,3,2,1,0,0,1
7,1,127.0,2,10,4,4,1,0,3,0
41,1,107.1,4,4,4,1,1,3,0,0
47,1,101.1,3,16,4,3,0,0,3,0
19,2,82.39,10,5,4,0,1,0,0,1
5,1,162.0,8,15,4,1,1,0,5,0
31,2,84.15,11,11,4,2,2,0,0,1
41,0,208.93,9,4,4,3,2,0,1,0
7,0,159.0,4,9,4,4,2,0,3,0
29,0,72.1,3,4,4,1,0,3,0,1
24,0,107.0,9,19,3,2,1,0,3,1
39,0,65.0,12,27,3,1,0,0,0,1
8,0,101.0,2,6,2,1,0,0,6,1
1,0,64.14,1,4,4,0,1,0,0,1
65,1,75.54,10,27,4,1,0,0,0,1
57,0,118.8,4,22,4,2,0,0,3,0
2,0,89.0,3,10,4,1,0,3,0,0
121,1,96.9,7,6,3,4,0,0,0,1
0,1,106.2,9,13,4,3,0,0,0,1
206,0,90.95,8,29,4,3,1,0,0,0
229,2,70.44,10,27,4,3,0,0,0,0
36,2,109.0,10,25,4,3,0,3,0,1
10,1,160.0,8,8,4,1,1,0,0,1
2,1,175.0,9,11,4,0,1,0,0,1
44,1,74.82,2,23,4,5,0,0,0,1
23,1,96.0,12,4,4,0,2,0,0,1
35,1,183.0,12,28,4,1,0,1,0,1
2,0,144.8,11,25,3,2,0,0,5,1
11,0,87.0,2,14,3,1,2,0,0,1
29,0,85.0,10,25,3,3,0,0,0,1
36,0,69.52,2,15,4,1,1,0,1,1
3,2,141.0,6,17,4,1,0,0,0,1
59,2,159.3,5,28,4,5,2,0,3,1
128,0,120.0,6,20,4,2,1,0,0,0
7,0,85.0,2,22,4,0,1,0,0,0
246,1,81.77,9,8,4,3,0,0,1,0
27,1,98.0,2,1,4,0,1,0,0,1
117,0,105.3,5,5,4,3,0,0,0,1
32,0,0.0,11,20,4,2,0,0,0,1
19,1,91.0,2,21,4,0,2,0,0,0
94,0,90.45,10,31,4,1,1,0,0,0
54,1,191.2,10,28,4,2,2,0,6,1
5,1,155.25,8,31,4,3,1,0,5,1
186,1,130.05,8,15,4,4,1,0,3,0
37,1,105.4,6,19,3,3,2,0,0,1
0,0,105.3,6,26,4,0,1,0,0,1
80,0,173.19,4,24,4,2,2,1,5,0
0,2,148.0,6,8,4,1,0,0,3,1
12,3,164.0,8,24,4,2,0,0,3,1
278,2,139.9,7,23,4,1,2,0,0,0
0,1,89.89,12,5,4,3,1,0,0,1
20,4,196.67,11,11,4,4,2,0,5,1
24,1,129.0,5,2,4,2,1,3,0,1
182,2,96.3,7,28,4,1,0,0,0,0
11,3,258.0,5,20,4,2,0,0,5,1
41,1,79.2,12,21,4,3,0,3,0,1
103,0,78.2,7,6,3,4,1,3,0,1
147,0,177.3,9,3,4,1,2,0,3,0
17,1,198.9,5,13,4,2,0,0,5,0
70,3,168.3,9,11,4,4,2,0,3,1
16,4,106.0,10,29,4,3,2,3,0,1
42,0,157.5,8,31,4,3,0,1,3,0
5,0,84.0,11,13,2,3,2,0,0,1
43,2,150.3,7,3,4,2,2,0,3,1
188,1,89.25,8,23,4,3,2,0,3,1
64,0,71.6,3,5,4,2,2,0,0,1
52,0,77.76,11,5,4,1,1,0,0,1
2,1,98.0,8,10,4,1,1,0,0,1
56,1,207.9,8,13,4,1,2,0,5,1
134,0,94.5,5,30,4,1,1,3,0,1
183,2,103.5,10,4,4,3,0,0,0,0
85,0,220.73,9,22,4,3,1,0,5,0
133,0,114.3,5,17,4,3,0,0,3,1
126,0,86.36,8,8,3,2,1,0,0,1
190,0,112.5,10,28,4,2,1,0,0,0
11,0,54.8,3,7,3,2,1,3,0,0
32,1,137.52,9,13,4,5,2,0,4,1
101,0,81.25,7,11,3,2,1,0,0,1
68,1,131.4,6,30,4,2,0,0,3,0
10,0,69.0,2,19,3,2,1,0,0,1
57,2,79.2,12,1,4,1,0,3,0,1
10,2,289.0,9,15,4,3,0,0,6,1
61,4,88.4,12,22,4,5,2,0,0,1
148,0,114.3,5,29,4,1,2,0,0,0
112,0,120.0,10,11,3,2,0,0,0,1
166,1,114.3,8,7,4,1,2,0,0,0
5,0,75.0,1,9,4,1,0,0,0,1
59,1,78.35,7,3,4,2,2,3,0,1
4,1,118.67,12,9,4,2,1,0,3,1
84,0,90.95,4,14,4,3,2,0,0,1
11,1,127.0,2,14,4,0,1,0,3,1
31,1,69.5,2,6,4,1,2,3,0,1
0,0,45.0,1,7,3,1,0,0,0,1
65,1,118.8,4,8,4,2,1,0,3,0
1,1,79.0,6,13,4,1,1,3,0,1
45,1,78.54,10,22,4,3,1,0,3,1
100,2,93.6,7,6,4,4,1,1,0,0
36,1,116.1,6,16,4,1,0,3,0,1
86,0,58.0,3,10,3,3,0,0,0,1
190,1,105.3,10,29,4,1,2,0,0,0
2,1,104.72,10,15,4,1,0,0,3,1
64,1,105.3,7,26,4,3,0,0,0,1
183,1,137.7,7,26,4,2,0,0,3,0
68,0,79.2,12,22,4,2,0,3,0,0
86,0,82.45,8,4,4,3,2,0,3,0
256,0,0.0,9,14,4,2,1,0,0,1
188,2,123.75,8,9,4,5,2,0,0,0
11,0,121.0,5,30,2,3,1,0,0,0
59,1,88.4,11,28,4,3,1,0,0,1
41,1,86.07,1,7,4,4,2,0,0,1
117,1,127.8,12,24,4,1,1,1,0,0
80,0,82.45,7,4,3,5,2,0,3,1
16,0,80.75,5,8,3,2,2,0,0,1
0,0,75.0,7,27,3,2,1,0,0,1
28,0,74.08,3,7,4,5,2,0,3,1
8,0,146.0,4,21,4,1,0,0,3,0
49,0,80.0,11,14,3,5,2,0,0,0
13,0,62.0,1,28,3,2,0,0,0,1
60,0,68.0,12,27,3,3,2,0,0,1
95,1,118.8,7,14,4,4,2,0,3,1
18,0,129.0,6,17,4,2,0,3,0,1
16,0,107.0,10,1,4,2,0,0,0,1
1,0,110.0,9,10,0,3,2,0,3,1
99,0,80.0,2,19,2,1,0,0,0,0
12,0,112.42,5,30,4,2,1,0,3,0
3,0,79.5,12,19,4,2,1,3,0,1
17,1,125.8,12,29,4,3,2,0,3,1
13,1,99.0,9,11,4,0,2,3,0,1
219,1,136.1,9,13,4,2,0,0,0,0
143,0,99.79,5,29,4,3,2,0,0,1
80,0,75.0,4,24,3,1,2,0,0,1
43,0,65.0,10,31,3,1,2,0,3,1
57,1,79.2,11,11,4,2,0,3,0,1
6,0,95.0,10,27,3,1,0,0,0,1
35,1,149.4,9,26,4,1,1,0,3,0
1,0,0.0,4,8,4,2,0,0,0,1
4,2,127.0,12,31,4,2,0,0,0,1
24,0,85.0,10,16,3,3,2,0,0,1
120,0,93.16,7,29,3,2,0,0,3,1
50,1,122.0,10,31,4,3,1,0,3,1
61,0,68.85,7,8,4,8,2,0,0,0
218,2,110.22,12,26,4,5,1,0,3,0
92,2,135.0,10,6,4,1,0,0,0,1
5,2,78.0,12,21,4,1,0,3,0,1
142,1,148.0,6,29,3,3,0,0,0,1
91,0,126.9,8,21,4,0,2,0,0,1
101,2,153.0,10,21,4,1,0,1,0,0
320,0,115.0,8,18,4,2,0,1,0,0
18,0,48.5,11,17,4,3,1,3,0,0
44,1,140.4,5,18,4,2,0,0,3,1
63,0,105.0,11,23,3,4,0,1,0,1
50,1,123.3,9,2,4,2,1,0,3,0
36,2,88.0,11,25,4,2,1,3,0,1
71,1,75.54,10,30,4,0,2,0,0,1
64,0,94.5,4,12,4,3,0,3,0,0
152,0,94.05,10,23,4,2,2,3,0,0
14,0,103.84,10,24,3,3,2,0,0,1
47,1,129.99,8,20,4,4,2,0,0,1
32,1,67.5,2,6,4,1,1,3,0,0
60,0,128.85,5,16,4,2,1,0,0,1
114,2,186.3,7,30,4,1,0,0,5,1
137,2,146.1,12,24,4,3,2,1,0,1
70,1,96.3,4,4,4,2,1,0,0,1
63,0,177.75,9,2,4,2,1,1,0,0
59,2,72.25,10,29,4,3,0,0,0,1
86,0,61.5,3,23,3,4,0,0,0,1
17,0,80.0,12,31,3,1,0,0,0,1
106,0,62.0,1,5,3,4,0,0,3,1
127,1,185.85,6,2,4,3,0,1,0,1
1,0,122.67,4,18,4,2,1,0,3,1
20,0,156.0,5,11,4,1,0,0,3,0
232,1,81.82,8,17,4,4,0,0,1,0
14,0,62.0,5,18,3,4,0,0,0,1
20,0,109.65,6,12,4,0,1,0,0,1
19,0,174.25,10,21,3,1,0,0,5,1
33,1,84.57,2,10,4,3,0,0,0,1
43,0,68.0,11,1,3,5,0,0,0,1
103,0,124.53,5,5,4,3,1,0,3,0
107,3,127.38,9,24,4,3,2,0,1,1
346,0,3.0,9,13,4,2,0,1,0,0
5,1,184.0,9,13,4,3,0,0,3,1
0,0,120.0,10,18,2,5,1,0,0,1
0,0,65.0,10,27,2,2,0,0,0,1
22,1,102.43,5,30,4,3,1,0,0,1
0,0,101.0,1,19,4,3,0,0,3,1
11,0,67.5,1,16,4,1,2,3,0,1
2,0,72.5,8,15,3,1,2,1,0,1
41,1,87.09,4,22,4,5,2,0,3,1
10,0,106.0,2,26,4,2,1,0,3,0
8,1,126.67,10,29,4,1,2,3,0,0
98,0,73.95,3,17,4,3,2,0,0,1
99,2,137.7,5,1,4,1,2,0,0,1
14,1,85.0,2,16,4,1,0,0,0,1
37,0,72.0,11,20,3,1,2,0,0,1
8,1,125.8,12,29,4,3,2,0,3,1
1,1,0.0,6,21,1,3,0,2,6,1
140,2,109.2,6,4,4,1,2,3,0,1
110,2,101.58,5,2,4,3,1,0,0,1
103,1,159.84,9,6,3,3,0,1,0,1
4,2,52.5,12,26,3,2,2,3,0,1
93,0,63.75,3,15,3,4,0,3,0,1
59,1,144.9,8,11,4,1,0,0,0,1
238,2,95.63,9,3,4,2,2,0,0,1
96,3,100.13,10,24,4,3,1,0,0,1
90,0,96.9,7,10,3,1,2,0,0,1
5,1,92.4,9,20,4,0,2,0,0,1
30,0,77.5,3,9,4,3,0,0,1,0
3,1,169.0,9,15,4,2,0,0,0,1
2,2,145.67,6,13,4,2,1,1,0,1
85,0,103.5,6,30,4,3,0,3,0,0
17,1,125.8,12,29,4,3,1,0,3,1
5,0,115.8,10,18,3,3,2,0,0,1
0,1,0.0,6,7,1,1,0,0,6,1
143,0,85.5,8,26,4,2,2,3,0,0
0,1,101.0,4,15,4,2,1,0,0,1
17,0,97.7,11,27,4,3,2,0,0,0
168,2,126.41,7,17,4,5,2,0,3,0
2,0,64.08,3,28,4,0,1,3,0,1
266,2,117.3,10,30,4,2,2,0,3,0
136,0,123.25,6,30,4,3,1,1,0,1
150,1,109.8,8,27,4,1,0,0,3,1
52,1,156.6,12,2,4,2,0,0,5,1
10,1,151.0,6,30,4,3,1,0,0,1
0,2,107.0,11,14,4,1,0,0,3,1
8,1,80.75,12,5,4,1,1,3,0,1
11,0,0.0,10,4,1,2,0,1,0,1
57,2,79.2,11,17,4,3,0,3,0,1
30,2,130.5,4,15,4,1,0,0,0,1
47,2,173.12,4,15,4,2,1,0,5,1
21,1,164.0,9,19,4,0,1,0,3,0
0,0,98.8,9,7,3,1,1,0,0,1
19,1,89.0,1,27,4,3,0,0,0,1
173,0,105.3,8,4,4,1,0,0,0,0
178,0,89.25,8,10,4,4,0,3,0,0
149,0,127.5,7,20,4,3,0,0,0,0
56,3,177.3,6,12,4,1,2,0,3,1
212,0,80.75,8,11,4,3,1,3,0,0
1,1,89.0,4,8,4,1,0,3,0,1
145,0,69.56,4,29,4,4,2,0,0,1
18,0,66.25,11,7,3,3,1,3,0,1
206,1,127.47,6,9,4,5,2,0,3,0
32,0,92.08,11,12,4,4,2,0,0,1
80,0,80.75,3,26,3,4,2,0,0,1
17,0,102.0,12,30,4,2,2,3,0,1
18,0,190.0,9,26,2,2,2,0,0,1
7,2,121.0,11,13,4,3,2,0,3,1
144,0,63.75,7,5,3,5,0,3,0,1
1,0,71.2,1,27,4,2,0,0,0,1
22,1,139.0,8,21,4,1,2,3,0,1
22,0,172.0,4,30,4,1,1,0,3,0
44,0,207.9,4,29,4,2,1,0,5,0
12,0,149.0,9,25,4,0,2,0,0,0
35,0,171.45,8,28,4,1,2,1,0,0
203,2,114.3,8,17,4,2,0,0,3,0
134,1,76.58,5,9,4,4,1,0,0,1
153,2,133.88,7,4,4,3,1,0,0,0
12,0,85.0,7,9,3,2,2,0,0,1
26,0,88.0,12,5,4,2,1,3,0,1
0,1,74.69,12,28,4,0,1,0,0,1
4,1,156.0,3,5,4,1,0,1,3,1
16,0,91.8,12,29,4,3,1,3,0,1
83,0,83.59,5,18,4,2,0,3,0,1
72,0,67.22,3,31,4,3,0,0,0,1
270,1,80.0,4,20,3,4,0,0,0,1
0,2,0.0,2,3,1,1,0,0,3,1
9,2,120.0,9,30,4,2,0,0,0,1
28,0,105.8,3,5,4,1,2,0,3,0
51,1,96.9,11,27,4,3,2,0,3,1
57,0,84.6,7,18,4,0,1,3,0,1
89,1,87.3,4,8,4,2,1,0,0,1
165,2,80.1,11,5,4,1,1,3,0,1
57,0,146.96,9,24,4,5,2,0,3,0
3,2,123.5,9,7,4,1,1,0,0,1
0,1,96.0,12,22,4,1,0,0,0,1
43,2,64.0,12,26,3,2,2,0,0,1
53,1,74.8,11,19,4,2,2,3,0,1
57,1,0.0,6,10,4,2,1,0,0,1
196,0,122.4,10,8,4,1,1,0,3,0
28,1,109.0,4,21,4,2,0,0,0,1
2,2,90.0,8,8,4,2,2,0,0,1
101,1,132.6,5,5,4,3,2,0,3,1
90,1,85.5,4,8,4,1,0,3,0,1
28,1,70.04,2,26,4,2,1,0,0,1
0,0,79.0,3,14,2,2,1,0,0,1
7,1,111.0,12,29,4,2,0,0,0,1
28,0,84.0,9,15,4,3,0,0,0,1
2,0,82.0,2,10,3,3,0,0,0,1
33,0,51.97,1,22,4,1,0,3,0,0
132,2,143.1,6,11,4,1,1,0,0,1
5,1,136.0,6,11,4,1,0,0,3,1
3,0,65.0,10,19,2,0,1,0,0,1
16,1,80.3,1,22,4,2,0,0,0,1
38,1,61.07,2,26,4,2,1,3,0,1
91,2,109.29,9,7,4,4,1,0,3,1
4,1,65.0,11,1,2,3,0,0,0,1
2,0,94.99,8,10,4,2,0,3,0,1
24,1,97.67,3,11,4,2,1,0,0,0
37,0,113.4,6,20,4,3,1,0,3,0
0,0,75.0,1,6,4,1,0,3,0,1
82,1,121.5,6,10,4,2,0,0,0,1
4,2,175.0,8,30,4,2,0,0,3,1
2,1,127.0,2,7,4,0,1,0,3,1
6,1,65.0,11,24,2,1,0,0,0,1
95,0,86.36,6,29,3,5,2,0,0,1
0,3,129.0,8,30,4,3,0,3,0,1
3,1,106.0,8,20,4,2,0,0,0,1
71,1,91.47,6,26,4,3,2,0,0,1
303,0,91.8,12,27,4,3,0,0,3,0
215,1,96.3,8,8,4,2,1,0,0,0
16,0,87.0,2,26,3,2,0,0,0,1
38,0,85.5,9,10,3,2,2,0,0,1
7,1,183.0,4,21,4,3,0,1,3,1
34,1,71.55,1,6,4,2,0,0,1,1
133,0,75.0,3,11,3,2,1,0,1,0
18,0,112.33,4,15,4,2,1,0,0,0
151,0,103.5,8,13,4,1,1,3,0,0
0,0,99.0,5,29,4,0,1,3,0,1
268,0,78.0,4,8,3,3,2,0,0,0
203,1,105.3,8,10,4,3,0,0,0,0
75,0,78.0,3,19,4,1,2,0,1,0
59,0,80.75,4,4,3,3,1,0,0,1
31,1,66.71,11,27,4,3,2,0,0,1
8,2,103.0,11,21,4,0,1,0,0,1
14,0,143.0,7,6,2,1,0,0,4,1
0,1,90.0,8,5,4,4,0,0,0,1
71,2,68.07,11,28,4,3,1,0,0,1
27,1,88.4,12,13,4,4,0,0,0,1
80,2,93.6,11,18,4,2,1,0,0,1
53,0,65.75,3,6,4,3,2,3,0,1
40,0,85.0,10,24,3,3,1,0,0,1
108,0,93.4,12,24,4,3,2,3,0,1
222,0,219.6,10,29,4,1,0,1,5,0
35,1,67.5,2,9,4,5,0,3,0,0
195,1,89.25,8,24,4,4,0,3,0,0
160,1,103.22,6,12,4,2,2,0,1,0
114,1,74.8,11,13,4,4,2,3,0,0
1,1,79.0,11,29,2,1,0,0,0,1
219,2,90.95,10,22,4,2,2,0,0,1
200,4,115.6,10,3,3,4,1,0,3,1
0,1,135.0,12,31,4,2,0,0,0,1
54,0,149.4,6,3,4,1,0,0,3,1
112,2,168.3,5,20,4,2,0,0,3,1
251,1,96.3,9,3,4,1,0,0,0,0
170,0,90.95,7,7,4,3,1,0,0,0
28,1,86.1,1,25,4,2,1,0,0,1
9,1,69.5,1,13,4,12,4,3,0,1
176,2,159.3,9,1,4,1,0,0,3,0
91,1,52.02,4,1,4,2,2,3,0,1
85,2,140.27,7,10,4,5,2,0,3,1
72,1,118.8,4,23,4,1,1,0,3,1
83,0,132.3,10,10,4,3,1,0,3,0
238,0,112.5,10,28,4,2,1,0,0,0
1,0,0.0,9,24,1,1,0,0,0,1
15,0,119.0,9,5,4,0,1,3,0,1
35,0,162.45,3,18,4,2,0,0,5,1
288,0,67.25,12,22,4,5,2,0,1,0
28,2,88.4,11,28,4,5,1,0,0,1
41,1,88.0,12,2,4,1,0,3,0,1
117,0,72.5,8,1,3,1,2,1,0,1
111,1,117.11,6,2,4,3,0,0,3,1
142,0,99.45,7,12,4,5,0,0,0,0
104,1,72.25,4,18,4,3,1,0,0,0
30,2,104.0,11,30,4,3,0,0,0,1
80,1,135.27,8,3,4,3,0,0,3,1
56,0,69.6,2,26,4,2,0,0,0,0
121,1,120.6,8,18,4,3,2,0,3,1
22,0,43.5,11,6,3,2,2,0,0,1
203,0,72.25,8,26,3,2,1,0,0,1
3,0,120.0,9,19,2,1,1,0,0,1
42,2,104.0,11,29,4,3,0,0,0,1
17,0,125.67,9,15,4,3,0,3,0,0
45,1,79.2,12,16,4,2,1,3,0,1
220,0,104.55,12,21,4,4,1,0,3,1
57,1,68.61,6,20,4,2,1,3,0,1
32,1,88.0,12,10,4,1,2,3,0,1
53,4,122.0,10,31,4,3,1,0,3,1
81,1,152.55,12,7,4,4,0,1,0,1
148,0,130.0,9,14,3,3,0,0,0,0
47,1,86.35,3,11,4,2,2,0,0,1
51,0,90.0,11,3,4,3,1,0,0,0
110,1,139.5,12,9,3,4,0,0,6,1
38,0,149.68,5,6,4,3,2,1,0,0
17,0,79.0,3,9,4,2,0,3,0,1
55,1,99.0,3,22,4,3,0,0,0,0
5,1,119.35,8,21,4,1,2,0,3,1
0,0,0.0,7,12,4,1,0,0,1,1
10,0,90.0,10,9,3,0,2,0,0,1
12,1,129.0,2,14,4,3,2,1,0,1
184,0,137.28,9,22,4,3,2,0,3,0
24,1,108.08,9,10,4,3,1,0,0,1
71,1,0.0,11,12,1,1,1,0,0,1
2,0,110.0,4,20,2,1,0,0,3,1
35,2,156.24,9,25,4,3,2,0,3,1
15,1,86.0,1,21,4,1,0,3,0,1
141,2,168.3,9,5,4,2,1,0,3,1
114,0,80.75,4,3,3,3,2,0,0,1
0,0,147.59,9,16,4,1,0,3,3,1
22,0,79.2,11,25,4,2,1,0,0,1
1,1,85.0,2,2,4,1,0,0,0,1
13,3,51.05,12,13,4,4,0,0,0,1
194,0,86.63,7,9,4,1,2,0,1,0
88,3,105.4,4,27,4,4,0,0,0,1
169,2,97.54,8,18,4,2,0,0,1,1
94,0,94.5,7,12,4,5,1,3,0,0
72,0,109.8,4,26,4,3,0,0,3,0
179,1,104.4,10,28,4,2,2,0,3,0
35,1,135.9,8,15,4,1,1,0,0,1
10,0,95.0,5,29,3,3,2,0,0,1
103,0,116.1,6,15,4,1,0,3,0,0
0,0,72.0,1,2,3,1,0,0,0,1
19,2,91.0,2,15,4,4,1,0,0,0
42,0,60.0,1,15,3,2,1,0,0,1
10,1,124.33,6,26,4,1,2,0,0,1
17,2,114.0,11,12,4,1,1,3,0,1
198,0,90.9,10,18,4,3,0,0,0,0
145,1,186.3,8,11,4,2,0,0,5,1
221,0,80.0,8,12,3,1,0,0,0,0
2,1,134.0,3,24,4,2,0,3,0,1
38,0,198.9,5,16,4,3,1,0,5,0
36,0,150.3,7,1,4,3,2,0,3,0
7,0,91.0,4,7,2,1,0,0,0,1
37,1,146.0,12,30,4,1,0,0,3,1
148,2,79.2,12,8,4,3,0,3,0,0
35,2,154.1,8,7,4,2,2,0,0,1
7,0,107.0,5,21,3,1,0,0,3,1
5,0,146.67,10,29,4,1,2,0,0,1
6,0,65.0,9,30,2,2,0,0,0,1
10,2,77.21,10,31,4,2,2,0,0,1
8,2,159.75,9,1,4,4,0,0,6,1
288,0,66.58,12,25,4,4,2,3,0,0
162,1,62.0,3,8,3,5,0,0,3,1
9,0,104.0,6,22,4,2,0,0,0,1
39,1,74.8,11,15,4,5,2,3,0,0
10,2,128.5,9,11,4,2,0,0,0,1
188,0,80.75,6,2,3,3,0,0,0,1
246,2,93.36,12,27,4,5,2,0,0,1
147,1,99.45,5,22,4,2,2,0,0,1
28,0,166.67,11,11,4,2,1,0,3,0
2,0,86.28,8,23,4,5,2,3,0,1
3,1,65.0,12,19,2,0,1,0,0,1
2,0,93.0,2,26,4,1,0,0,0,1
19,1,151.0,7,16,4,1,1,0,0,0
57,2,0.0,4,1,4,0,0,0,3,1
114,0,40.67,3,23,3,3,0,0,0,1
12,2,129.0,2,14,4,3,2,1,0,1
55,2,150.45,5,11,4,4,1,0,3,1
0,0,81.0,1,3,4,0,1,0,0,1
20,1,117.55,7,30,4,1,2,0,3,1
0,0,65.67,1,11,2,2,1,0,0,1
23,1,105.0,10,18,3,2,2,0,3,1
36,0,154.0,12,16,4,2,0,0,3,0
68,0,125.1,9,16,4,1,0,3,0,0
36,1,94.5,10,6,4,3,0,0,0,1
0,0,87.0,6,15,3,2,0,1,0,1
132,0,96.3,8,29,4,2,1,0,0,0
17,0,136.0,2,9,4,2,0,0,0,0
83,2,132.3,10,19,4,4,0,0,3,1
92,1,97.41,4,24,4,3,2,1,0,1
45,2,126.0,10,17,4,0,1,3,0,1
8,0,159.5,8,13,4,1,1,0,0,1
117,2,104.4,10,28,4,2,2,0,3,1
73,1,75.0,12,5,3,4,1,0,0,1
0,1,124.0,8,22,4,1,2,0,0,1
53,0,85.5,9,17,3,1,2,0,0,1
19,0,100.73,5,30,4,3,1,0,0,1
11,1,91.0,2,13,4,1,1,0,0,1
21,1,88.4,11,13,4,4,2,0,0,1
6,1,117.04,10,3,4,2,1,0,0,1
15,0,107.5,12,10,4,1,1,0,0,1
64,0,73.95,2,12,4,2,2,0,0,0
52,1,80.3,3,6,4,0,1,0,0,1
1,2,89.0,4,16,4,1,2,3,0,1
103,1,83.66,3,21,4,5,2,0,0,0
131,2,121.5,7,3,4,0,2,0,0,1
85,1,82.45,3,29,4,4,0,0,0,1
34,1,122.45,10,2,4,0,2,0,3,1
44,0,65.4,3,7,3,0,1,0,0,0
1,0,91.2,9,20,4,1,2,3,0,1
15,0,92.0,2,18,3,3,0,0,0,1
122,2,94.35,5,11,4,4,0,3,0,1
162,0,135.0,5,11,4,3,0,0,3,0
64,0,143.1,6,9,4,2,0,0,0,0
8,1,155.0,10,28,4,2,1,0,3,0
163,2,105.3,8,1,4,0,1,0,0,0
167,2,105.3,7,30,4,1,0,0,0,0
165,2,72.25,7,31,3,4,2,0,0,1
48,1,119.85,5,7,4,4,2,0,0,1
0,1,89.0,3,1,4,2,0,3,0,1
74,1,80.75,5,3,3,3,0,0,0,1
19,1,119.0,6,26,4,1,2,3,0,1
81,0,103.5,7,3,4,3,2,3,0,1
184,1,130.5,10,18,4,4,0,1,0,0
1,1,0.0,3,1,1,2,0,0,4,1
258,0,82.44,8,18,3,4,2,0,3,1
79,1,96.3,4,15,4,2,0,0,0,1
26,0,65.52,2,11,4,3,0,0,0,1
66,1,147.56,5,14,3,2,2,0,4,1
51,0,88.4,11,15,4,5,1,0,0,0
0,0,85.0,12,24,4,1,0,3,0,1
14,1,151.0,7,3,4,2,2,0,0,1
2,0,134.0,10,19,4,4,0,3,0,1
16,1,79.0,2,20,4,1,0,3,0,1
141,0,103.05,8,22,4,3,1,0,0,0
24,1,107.1,10,16,4,1,2,3,0,0
104,2,96.3,4,26,4,2,0,0,0,1
0,2,67.58,12,21,4,3,0,3,0,1
145,2,181.8,8,17,4,2,0,0,5,1
9,0,95.0,4,20,3,3,0,0,0,1
119,0,110.0,6,7,3,3,0,0,0,1
50,1,156.9,12,3,4,3,2,0,5,1
49,1,106.25,3,19,4,4,2,0,3,1
69,1,117.18,4,10,4,2,2,1,3,1
1,0,66.0,1,5,2,3,0,0,0,1
45,0,111.6,10,3,4,3,1,0,3,0
14,0,87.0,2,19,3,3,2,0,0,1
2,0,75.0,8,13,4,2,0,0,0,1
7,1,134.0,4,16,4,1,1,0,0,1
24,1,137.33,12,31,4,1,2,0,3,1
7,0,80.0,3,16,3,3,0,0,0,1
48,0,104.49,5,21,4,1,2,3,0,0
91,1,135.9,9,3,4,2,2,0,0,1
133,1,72.25,12,28,4,3,1,0,0,0
29,1,81.54,2,6,4,5,2,0,0,1
67,0,75.0,11,25,3,2,0,0,0,1
17,2,196.0,7,23,4,1,0,0,3,1
101,2,90.0,11,18,4,2,0,0,0,0
31,0,89.1,6,1,4,1,0,3,0,0
13,0,109.0,10,19,2,3,1,0,0,1
28,1,96.36,9,29,4,4,0,0,0,1
63,1,126.9,6,9,4,3,0,0,0,0
5,1,96.0,12,15,4,3,0,0,0,1
130,1,118.8,10,8,4,1,1,0,0,0
372,0,93.3,12,28,4,3,0,0,0,0
51,1,148.75,11,4,4,2,2,0,0,1
180,0,85.5,8,26,4,2,0,3,0,0
9,1,179.0,5,9,4,3,1,1,3,1
171,0,121.5,8,3,4,3,0,0,0,0
52,1,108.0,8,29,4,2,1,3,0,1
13,0,131.89,12,2,4,4,2,0,3,1
0,0,117.0,12,29,4,1,0,0,0,1
36,0,214.75,8,21,4,0,1,0,6,0
191,0,98.1,10,5,4,4,1,3,0,0
22,2,96.9,11,17,4,3,1,0,3,1
126,2,129.6,9,23,4,3,2,0,0,1
45,0,48.67,2,18,3,3,0,0,3,1
1,1,111.0,1,20,4,1,0,0,0,1
10,1,120.0,10,29,4,1,1,3,0,1
0,1,177.0,6,21,4,1,0,0,3,1
52,1,79.5,2,26,4,2,1,3,0,0
66,1,89.25,9,20,4,3,2,0,0,1
144,0,118.8,9,22,4,3,1,3,0,0
22,0,120.5,1,1,4,2,2,0,3,1
85,2,134.7,6,26,4,1,2,0,3,1
125,0,89.75,8,29,3,3,1,0,0,1
139,0,102.06,10,4,4,5,0,0,0,0
22,2,105.0,9,15,4,3,0,0,0,1
202,2,96.3,10,20,4,3,0,0,0,0
80,1,125.1,9,29,4,1,0,3,0,0
221,0,77.5,10,17,3,1,2,0,0,1
18,0,100.0,6,21,2,2,0,0,0,1
24,2,130.78,10,26,4,5,2,0,3,1
1,0,202.0,12,10,4,1,0,0,5,1
151,2,164.05,12,26,4,3,1,1,3,1
132,1,104.55,3,21,3,5,2,0,4,1
15,0,164.0,9,26,4,2,1,0,3,1
50,1,149.4,5,31,4,5,0,0,3,1
6,1,156.5,7,3,4,2,2,0,3,1
26,0,85.0,10,16,3,3,2,0,0,1
11,1,87.01,9,6,4,3,0,3,0,1
10,2,105.0,9,8,4,4,0,0,0,1
17,0,97.0,3,11,4,1,0,3,0,0
1,2,111.0,2,26,4,2,0,0,0,1
81,0,119.07,10,10,4,3,1,0,3,0
27,1,142.0,12,6,4,3,0,1,0,1
101,2,119.0,12,8,4,3,1,0,3,1
63,1,130.0,5,16,2,2,1,0,0,0
65,0,129.2,9,26,3,2,2,0,0,1
8,0,214.6,3,18,4,3,2,0,5,0
55,1,164.9,5,6,4,3,2,1,3,1
67,0,117.6,10,19,4,4,0,0,3,0
0,1,0.0,9,20,1,0,2,0,0,1
38,1,126.77,6,17,4,5,2,0,3,0
100,1,76.5,7,2,4,2,0,0,0,0
30,0,111.3,4,14,4,3,0,0,0,1
17,1,103.5,9,10,4,8,2,0,0,0
57,1,84.69,10,10,4,1,2,3,0,1
94,2,137.7,7,13,4,2,0,0,3,1
125,0,126.51,7,31,4,5,2,0,3,1
104,1,69.3,11,12,4,3,2,0,0,1
141,0,85.0,11,27,4,2,2,0,0,1
4,0,118.0,3,5,4,1,2,0,3,0
178,1,80.75,7,6,4,4,1,3,0,1
101,0,103.6,4,11,4,2,1,0,3,1
102,0,111.7,8,28,4,12,6,3,0,0
124,0,80.75,5,9,3,2,1,0,0,1
21,1,187.0,7,27,4,2,0,0,3,1
180,0,96.3,8,28,4,0,2,0,0,0
138,1,101.49,8,9,4,5,0,0,0,1
73,2,88.0,11,25,4,2,0,3,0,1
28,1,90.0,4,6,2,1,0,0,3,1
59,1,108.0,10,10,4,0,1,3,0,1
96,1,67.5,2,13,4,1,1,0,0,1
138,0,169.15,7,11,4,4,1,0,5,0
42,0,198.9,5,15,4,2,2,0,5,0
87,0,93.55,6,8,4,5,2,3,0,0
58,0,81.08,4,24,4,1,2,0,0,1
30,1,76.08,11,17,4,3,0,0,0,1
133,1,99.3,4,29,4,2,1,0,0,1
3,0,96.0,3,6,4,0,1,0,0,1
0,0,65.0,10,27,2,2,0,0,0,1
12,1,134.1,9,23,4,2,1,3,0,1
35,0,110.16,9,5,4,3,1,0,0,1
43,0,86.75,1,14,4,3,0,0,1,0
146,1,94.8,5,30,4,2,1,3,0,0
156,0,108.9,8,11,4,1,0,0,0,0
114,1,106.74,4,30,4,5,2,0,3,0
24,0,187.0,7,26,4,2,0,0,3,0
156,0,121.5,8,23,4,2,0,0,0,0
3,0,44.8,11,15,3,3,2,0,0,1
68,0,58.0,9,29,3,2,0,1,0,1
47,0,71.52,2,20,4,1,0,0,1,1
43,0,152.1,8,22,4,4,1,0,0,1
34,0,65.0,7,19,2,1,0,0,0,0
32,0,96.0,12,4,4,0,2,0,0,1
113,1,78.0,3,31,4,3,0,0,1,1
56,1,180.0,3,20,4,0,2,0,5,0
42,1,158.4,9,27,4,2,0,0,3,1
30,1,73.37,11,26,4,1,2,3,0,1
40,0,168.3,7,26,4,3,0,0,3,0
2,2,98.0,8,12,4,3,0,0,0,1
50,0,75.0,11,15,3,3,0,0,0,1
198,0,72.25,8,3,3,4,2,0,0,1
100,0,132.08,10,24,4,3,1,1,0,1
46,2,77.35,3,10,4,3,2,0,0,1
22,3,130.0,11,11,4,2,0,0,3,1
74,2,133.8,11,9,4,3,0,3,0,1
186,1,118.8,8,10,4,2,0,0,3,0
89,0,116.1,5,29,4,1,2,3,0,0
1,1,89.0,3,30,4,1,0,3,0,1
75,0,91.45,3,28,4,3,1,0,0,1
134,2,163.34,12,26,4,5,1,0,5,0
166,2,73.6,4,21,4,3,0,0,1,1
0,0,131.0,9,29,2,3,1,0,0,0
7,0,67.0,11,9,2,1,0,0,0,1
34,1,94.95,9,13,4,4,2,3,0,1
259,1,73.95,12,7,4,4,0,0,0,1
26,1,128.33,3,29,4,3,0,0,0,1
2,1,80.0,2,10,4,2,0,0,0,1
51,0,75.0,11,9,3,3,0,0,0,1
123,0,108.3,4,29,4,2,1,0,0,0
77,1,94.49,3,27,4,4,2,0,3,1
59,1,119.0,12,4,4,2,2,0,3,1
77,0,147.6,8,26,4,2,2,0,3,0
24,1,79.0,2,26,4,2,0,3,0,1
83,2,159.3,4,3,4,1,2,0,5,1
57,2,110.36,10,15,4,3,2,0,1,1
50,0,65.67,12,31,3,3,0,0,0,1
30,0,104.4,8,28,4,0,1,0,0,0
123,2,135.15,6,17,4,2,2,0,0,0
29,0,130.0,12,17,4,1,0,1,0,1
166,2,90.95,7,7,4,3,2,0,0,1
157,1,72.15,5,29,4,5,2,3,0,1
4,0,80.2,2,28,3,4,2,0,3,1
15,1,117.5,12,2,4,2,0,0,3,1
99,2,198.9,6,11,4,1,0,0,5,1
4,1,132.08,5,31,4,4,0,0,3,1
63,0,112.2,4,8,4,2,2,0,3,0
100,2,93.6,12,2,4,2,1,0,0,0
28,0,101.8,4,17,4,2,2,0,0,0
31,0,104.64,10,2,4,1,2,0,0,1
76,2,88.4,12,7,4,4,0,0,0,1
16,1,135.0,3,9,4,3,0,1,0,1
161,1,109.8,8,25,4,2,0,0,3,0
48,1,108.0,10,4,4,3,0,3,0,0
131,0,137.19,7,30,4,6,2,0,3,0
2,0,0.0,8,19,1,2,0,0,0,1
138,0,63.36,2,28,4,1,2,3,0,0
233,0,158.95,8,22,4,4,1,0,5,0
51,2,109.8,12,6,4,3,0,0,0,1
52,2,74.8,12,1,4,3,1,3,0,1
216,0,137.0,11,22,2,1,0,0,0,0
33,0,131.4,4,2,4,1,1,0,3,1
114,1,106.5,8,4,4,3,0,3,0,1
140,1,75.44,5,28,4,4,2,0,0,1
243,0,104.4,9,9,4,2,1,3,0,0
32,1,150.0,7,18,3,1,1,0,0,1
117,0,72.25,7,12,3,3,0,0,0,1
28,1,97.58,9,27,4,3,0,3,0,1
141,0,116.11,5,23,4,4,1,0,3,0
40,0,140.4,5,17,4,3,0,0,3,1
91,0,59.37,4,2,4,2,2,0,0,1
0,1,96.33,8,31,4,2,1,3,0,1
163,2,123.3,10,26,4,3,0,0,3,0
80,0,63.36,11,18,4,2,0,3,0,0
14,1,134.0,5,30,4,1,1,0,0,1
57,1,64.37,11,11,4,2,1,3,0,1
102,1,86.82,4,27,4,5,2,3,0,1
42,1,106.8,11,25,4,3,0,0,0,1
14,1,210.0,9,1,4,3,1,0,5,1
3,0,95.0,3,3,4,1,0,0,0,1
2,1,153.62,9,22,4,1,0,0,3,1
37,1,109.0,10,27,4,2,0,3,0,1
44,1,0.0,5,23,1,1,1,0,0,1
37,1,69.3,2,27,4,1,1,3,0,0
50,0,89.1,6,21,4,3,0,3,0,0
91,2,121.5,10,7,4,1,0,0,0,0
16,0,84.0,6,12,4,0,2,0,0,1
10,1,85.0,9,5,3,1,0,0,0,1
3,1,83.5,2,25,4,2,0,3,0,1
117,0,114.3,7,7,4,3,0,0,0,0
3,0,65.0,5,30,2,1,1,0,0,1
117,1,83.83,6,26,4,2,2,0,1,1
62,1,76.5,7,2,4,3,2,0,0,0
206,1,102.85,10,6,4,5,2,0,0,0
76,0,150.45,5,29,4,2,2,0,3,0
117,0,94.5,8,1,4,1,2,1,0,0
2,1,42.0,1,13,2,1,0,0,0,1
155,0,89.76,10,21,3,2,0,0,0,0
1,1,107.03,7,4,4,2,1,3,0,1
8,1,205.0,10,21,4,2,0,0,5,1
139,0,103.05,8,22,4,3,1,0,0,0
258,0,100.3,10,2,4,5,2,0,0,0
85,0,94.5,7,17,4,2,2,3,0,0
3,2,79.5,12,19,4,1,1,3,0,1
111,1,129.65,6,17,4,2,2,0,0,1
204,2,93.22,8,15,4,10,5,0,0,0
74,0,68.5,10,17,4,2,2,0,0,1
52,1,186.3,7,31,4,0,2,0,3,1
58,0,75.0,11,23,3,3,0,0,0,1
124,1,90.9,7,3,4,0,2,0,0,1
113,0,92.94,7,5,4,5,1,0,3,1
21,2,146.5,8,24,4,1,0,3,0,1
6,0,80.0,3,7,2,1,1,0,0,1
53,1,69.76,11,11,4,2,1,0,0,0
60,0,132.7,7,4,4,1,1,0,0,0
2,0,80.6,1,3,4,0,2,0,0,1
5,1,89.0,3,21,4,1,1,3,0,1
15,1,145.0,7,8,4,2,1,0,0,0
153,0,80.75,6,26,4,5,2,0,0,0
217,0,88.5,8,17,4,3,0,3,0,0
10,1,83.73,12,20,4,4,0,0,0,1
5,2,80.0,1,30,4,1,0,0,0,1
148,0,116.1,6,17,4,2,0,3,0,0
121,0,116.1,6,17,4,2,1,3,0,1
7,1,140.0,10,3,4,1,1,3,0,1
79,2,126.0,12,27,4,1,0,0,3,1
26,1,106.93,10,5,4,4,1,0,3,1
199,2,94.51,7,23,4,6,3,0,3,1
58,1,79.2,11,13,4,2,1,0,0,1
1,0,0.0,10,22,1,0,0,0,3,1
116,0,94.05,10,23,4,2,2,3,0,0
5,0,75.0,8,29,3,0,1,3,0,1
138,1,148.5,7,12,4,3,0,1,0,1
46,1,112.67,10,25,4,3,0,3,0,0
71,0,107.95,4,8,4,2,2,0,3,1
69,2,99.45,4,13,4,4,0,0,0,1
0,0,142.2,5,20,4,1,0,3,3,1
179,1,97.7,6,3,4,2,0,0,3,1
43,1,126.9,5,24,4,2,0,0,0,1
108,0,120.6,8,2,4,5,0,0,3,0
140,0,80.75,6,15,3,4,0,0,0,1
1,2,45.0,4,28,3,1,0,0,0,1
4,0,81.0,2,19,2,2,1,0,0,1
33,2,94.5,9,15,4,3,0,0,0,1
99,0,82.45,4,11,4,3,1,0,0,0
147,1,118.15,5,27,4,2,2,0,3,1
21,0,139.0,5,31,4,3,0,0,0,0
5,1,66.0,2,10,2,1,0,0,0,1
43,0,58.4,10,2,3,3,2,0,0,1
249,0,112.5,11,18,4,2,1,1,0,0
22,0,75.0,12,18,2,2,0,0,0,1
3,1,67.0,12,5,2,0,1,0,0,1
121,1,72.25,12,27,4,2,2,0,0,1
154,2,112.5,7,1,4,2,1,0,0,0
56,0,85.5,5,9,3,3,1,0,0,1
65,1,110.99,4,14,4,5,2,0,3,0
24,0,46.4,11,27,3,3,2,0,0,1
53,0,85.0,3,29,3,5,0,0,0,1
41,1,76.92,6,21,4,3,0,0,0,1
4,0,63.6,1,24,4,2,2,0,3,1
129,1,146.7,8,11,4,3,2,0,3,1
21,0,156.0,5,3,4,3,0,0,3,0
59,0,128.69,4,28,4,3,2,0,3,0
36,0,95.0,10,31,4,2,1,3,0,0
2,0,65.0,12,2,2,1,0,0,0,1
128,2,163.2,7,1,4,4,2,0,5,1
19,1,170.33,6,2,4,3,0,0,3,1
49,1,174.6,3,30,4,3,0,1,3,1
2,0,65.0,3,2,2,1,0,0,0,1
63,0,130.0,5,16,2,2,1,0,0,1
113,1,78.15,3,31,4,3,0,0,1,1
13,2,112.0,11,2,4,1,0,0,0,1
2,1,85.0,1,22,4,2,0,3,0,1
117,0,123.62,4,29,4,2,0,0,4,0
125,1,118.58,7,5,4,4,0,0,3,1
149,0,127.5,7,20,4,3,0,0,0,0
150,1,76.36,10,28,4,2,1,0,3,1
8,2,170.0,10,29,4,1,1,0,0,1
32,1,58.0,1,8,3,2,1,0,0,1
128,0,103.5,8,9,4,5,0,3,0,0
16,2,74.8,11,13,4,4,2,3,0,0
63,2,91.63,11,9,4,4,1,0,0,0
91,0,82.45,7,15,3,2,1,0,3,1
96,0,76.5,9,1,3,7,2,0,0,1
0,0,156.0,8,25,4,1,0,0,5,1
45,0,104.98,4,26,4,4,0,0,0,0
14,1,90.0,8,24,4,3,1,0,0,1
58,1,105.3,4,7,4,2,0,0,0,1
89,0,75.0,5,9,3,2,1,0,0,1
4,0,65.0,11,30,2,0,1,0,0,1
102,1,77.78,4,14,4,3,1,0,1,1
109,1,68.0,7,15,4,7,2,0,0,0
56,0,165.33,4,18,4,3,1,0,5,0
30,1,94.5,9,13,4,0,2,0,0,1
124,0,74.8,12,4,4,4,2,3,0,0
100,1,91.38,5,2,4,3,1,3,0,1
69,0,83.0,9,22,3,2,0,1,0,1
27,0,95.0,6,19,3,1,2,0,0,1
172,0,80.75,6,27,4,4,1,3,0,0
195,0,72.0,12,4,3,4,2,0,0,1
102,0,87.0,10,16,3,2,0,1,0,0
200,0,90.95,8,29,4,3,1,0,0,0
297,1,90.3,12,29,4,3,0,0,0,1
118,2,113.33,6,26,4,6,4,0,0,1
304,0,20.0,12,29,1,3,2,0,0,1
69,0,99.3,4,17,4,1,2,0,0,1
29,0,64.8,3,23,3,3,0,3,0,1
15,0,124.0,8,2,4,2,0,3,0,1
25,0,139.0,9,8,4,2,0,3,0,0
28,0,79.0,3,18,4,1,0,3,0,0
10,0,110.0,9,26,0,3,1,0,3,1
20,2,193.05,9,9,4,2,0,1,0,1
82,2,98.25,9,5,4,1,0,0,0,1
57,1,140.4,5,28,4,5,2,0,3,0
1,2,120.0,10,13,4,1,0,3,0,1
16,0,75.0,12,8,2,2,0,0,0,1
147,2,111.19,9,8,4,3,1,0,0,1
54,1,64.37,11,11,4,2,1,3,0,1
2,0,75.0,9,20,3,1,2,0,3,1
37,0,135.9,8,1,4,3,1,0,0,0
5,1,95.0,10,4,2,13,6,0,0,0
103,1,94.5,7,14,4,3,2,3,0,1
19,1,93.0,2,19,4,2,1,0,0,1
89,0,110.3,6,26,4,5,4,0,0,0
53,2,84.3,2,27,4,1,2,0,0,1
78,1,69.53,4,4,4,2,1,0,0,1
1,0,109.8,8,18,3,4,0,1,0,1
1,1,65.76,12,5,4,3,1,0,0,1
151,0,59.5,3,20,3,3,2,0,0,1
27,1,66.31,2,4,4,3,2,0,0,1
133,2,99.66,5,29,4,2,2,0,0,1
39,1,116.1,3,6,4,3,2,0,0,0
76,0,82.45,7,1,3,5,2,0,3,1
72,1,93.6,12,23,4,2,1,0,0,1
69,1,95.2,3,31,4,4,2,0,3,1
3,0,139.0,10,19,4,0,1,0,0,1
116,1,122.4,11,16,4,3,0,0,3,0
161,0,71.0,4,22,3,2,1,0,0,1
37,2,103.5,9,2,4,1,0,0,0,1
25,0,100.3,11,12,4,2,2,0,3,1
81,0,168.3,9,7,4,3,0,0,3,0
130,2,103.56,7,16,4,1,2,0,0,1
31,1,88.0,12,2,4,2,1,3,0,1
31,0,78.3,1,16,4,1,0,0,0,0
22,1,130.0,10,25,4,4,0,0,0,1
125,2,72.25,12,23,4,4,0,0,0,1
65,0,146.7,7,26,4,3,0,0,3,0
107,0,150.3,8,17,4,4,1,0,3,0
71,0,72.25,10,11,3,3,0,0,0,1
21,0,157.0,6,1,4,2,0,0,3,0
21,0,112.67,2,27,4,1,2,0,3,0
57,2,130.2,11,11,4,2,1,1,0,1
58,0,80.3,3,4,4,2,0,0,0,1
243,0,95.4,9,9,4,2,1,3,0,0
56,1,82.44,12,7,4,3,0,0,1,1
17,1,97.0,3,11,4,2,0,3,0,0
58,2,158.53,6,10,4,2,1,0,3,1
10,2,139.0,8,7,4,2,2,3,0,1
44,0,67.5,2,12,4,2,0,3,0,0
153,0,113.1,6,20,4,2,1,0,0,0
89,0,80.75,10,8,3,2,2,0,0,0
98,1,126.9,5,19,4,1,0,0,0,1
64,1,99.3,4,17,4,1,2,0,0,1
30,0,126.9,6,22,4,1,0,0,0,0
8,2,65.0,12,28,2,2,0,0,0,1
34,1,98.1,5,22,4,1,2,3,0,1
105,1,95.37,12,26,4,1,1,0,0,1
80,1,55.63,3,31,4,3,2,3,0,1
47,0,89.0,5,30,2,3,1,0,0,0
4,0,67.0,3,22,2,1,0,0,0,1
18,0,76.29,12,2,4,2,2,3,0,1
144,2,72.25,12,29,4,3,0,0,0,1
386,0,90.0,10,23,3,0,2,1,0,0
39,0,67.0,7,25,2,0,1,0,0,1
302,1,65.6,8,2,4,8,2,0,1,1
119,0,0.0,6,7,4,0,0,0,0,1
0,1,164.0,9,23,4,2,0,0,0,1
130,1,102.58,3,25,4,2,1,0,1,1
58,1,85.85,3,28,4,4,1,0,0,0
14,1,166.0,8,15,4,1,1,0,3,1
88,1,90.68,10,29,4,2,2,0,0,1
112,2,121.5,7,15,4,2,0,0,0,1
40,0,85.5,10,19,3,1,0,0,0,1
86,0,221.18,10,24,4,3,1,1,5,0
35,1,100.1,3,13,4,0,2,0,0,1
10,1,120.0,10,5,4,1,1,0,0,1
31,0,94.5,4,14,4,1,0,3,0,0
8,0,156.0,6,10,4,2,0,0,3,0
18,4,300.0,10,22,4,1,1,0,6,1
6,1,103.15,9,13,4,3,2,0,3,1
14,3,138.05,8,13,4,1,1,0,1,1
151,0,103.09,7,9,4,5,2,0,0,0
142,1,113.05,5,23,4,3,1,0,3,1
70,1,90.56,4,14,4,3,1,3,0,1
3,1,65.0,3,20,2,0,2,0,0,1
11,1,141.0,6,18,4,1,2,0,0,1
94,0,58.0,3,12,3,2,2,0,0,1
3,0,78.2,12,6,3,0,2,0,3,1
128,0,132.3,10,11,4,5,0,0,3,0
68,0,109.8,12,22,4,2,0,0,0,0
55,0,72.25,10,23,3,3,2,3,0,1
52,0,85.85,3,28,4,3,1,0,0,0
21,1,58.65,9,10,3,3,1,0,0,1
240,2,67.5,12,10,4,1,2,3,0,0
73,0,105.9,4,28,4,3,0,3,0,1
15,0,80.46,10,1,4,3,1,0,0,1
55,2,114.0,6,19,4,2,2,0,3,1
4,0,188.0,9,27,3,2,0,0,0,1
40,1,87.32,6,29,4,2,0,0,0,1
4,1,0.0,12,11,1,1,0,0,6,1
169,0,130.05,7,25,4,5,1,0,3,0
71,0,135.9,9,6,4,3,0,0,0,0
7,1,142.19,10,29,4,1,2,1,0,1
25,1,154.0,10,17,4,1,1,3,0,1
12,0,104.0,12,4,4,0,2,0,0,1
67,1,64.67,12,20,4,5,0,0,0,1
1,0,144.0,10,7,4,2,0,0,0,1
4,1,101.0,4,21,4,1,0,0,0,1
89,0,85.0,9,4,3,4,2,0,0,1
5,0,91.0,2,16,4,3,0,0,0,1
96,1,122.31,9,27,4,3,0,0,0,0
78,0,80.75,5,5,3,3,1,0,0,1
25,1,187.0,8,15,4,2,1,0,3,0
120,0,127.8,8,8,4,3,1,0,3,0
136,1,83.12,8,11,4,3,2,0,0,1
26,1,131.0,9,3,4,1,1,0,0,1
11,1,103.1,12,19,4,3,1,0,0,1
0,0,139.0,7,18,2,0,1,0,4,1
139,1,123.3,8,7,4,1,2,0,0,1
28,1,96.02,5,11,4,3,0,3,0,1
0,0,79.0,3,21,2,0,1,0,0,1
7,1,68.8,12,19,3,0,1,0,0,1
13,0,110.0,9,20,2,3,0,0,3,0
47,1,198.68,10,25,3,4,2,1,5,1
14,1,93.67,12,26,4,1,2,0,0,1
124,1,88.76,6,30,4,2,0,0,1,1
6,1,85.0,2,11,4,1,0,0,0,1
16,1,69.35,3,4,4,2,1,0,3,1
113,0,90.0,11,11,3,1,0,0,0,1
1,1,0.0,12,21,1,1,0,0,3,1
12,0,85.0,10,18,3,2,2,0,0,1
80,0,73.95,3,15,4,4,0,0,0,0
18,1,83.04,12,2,4,2,2,3,0,1
0,2,150.0,8,17,4,1,0,0,0,1
37,0,0.5,2,20,4,8,4,0,0,1
10,2,120.36,12,30,4,3,2,0,3,1
45,1,60.98,12,4,4,1,2,3,0,1
3,1,107.0,8,11,4,2,0,0,0,1
56,1,72.42,8,28,4,2,2,3,0,1
75,0,89.75,10,1,3,1,0,0,0,1
183,0,85.5,10,20,4,3,1,3,0,0
88,2,100.72,4,6,4,3,0,0,3,1
2,2,65.0,11,28,2,2,1,0,0,1
18,2,167.74,4,20,4,3,0,0,5,1
71,1,89.25,9,18,4,2,0,0,0,1
34,1,90.0,10,25,3,3,2,0,3,1
42,0,94.5,4,20,3,2,0,0,0,1
8,2,196.0,9,18,4,0,2,0,0,1
41,1,117.9,3,31,4,3,1,0,0,1
155,2,137.7,7,17,4,1,2,0,3,0
278,1,71.23,12,28,4,4,1,3,0,1
87,1,146.7,6,29,4,4,0,0,3,1
26,1,137.67,6,26,4,1,2,0,0,0
13,1,88.4,12,14,4,4,0,0,0,1
208,0,77.51,8,13,4,5,2,0,3,0
172,1,80.75,9,12,3,2,1,0,0,1
194,0,101.4,9,12,4,3,1,0,0,0
12,1,100.0,9,14,2,2,0,3,0,1
83,2,137.7,7,23,4,1,0,0,3,1
51,1,125.8,3,21,4,3,1,1,0,0
221,1,76.5,8,11,4,5,0,0,0,0
90,2,72.25,11,24,4,5,2,0,0,1
196,2,55.96,8,16,4,5,2,0,0,1
65,0,139.5,7,12,4,2,0,0,3,1
1,1,180.0,1,13,4,4,0,0,5,1
20,0,85.5,9,21,3,1,0,0,0,1
2,0,91.0,10,13,3,3,0,1,0,1
86,0,100.0,9,9,2,3,0,0,0,1
0,0,95.0,10,10,2,0,1,0,0,1
40,0,100.02,6,26,4,1,2,0,0,0
78,0,117.9,8,7,4,0,1,0,0,0
126,2,90.53,12,27,3,3,0,0,3,1
271,1,144.63,12,26,4,5,2,1,3,0
195,0,121.5,8,13,4,1,0,0,0,0
4,2,79.0,8,27,4,2,0,0,0,1
139,0,72.25,7,5,3,5,2,0,0,0
2,1,91.38,11,20,4,2,2,0,0,1
4,1,116.0,9,22,3,3,0,0,0,1
67,0,81.9,4,1,4,2,1,3,0,1
157,2,101.58,7,11,4,3,1,0,0,0
37,0,111.6,8,28,3,0,2,0,0,1
84,1,141.69,7,31,4,5,2,0,3,1
143,0,115.6,7,16,4,2,2,1,3,1
69,2,159.3,5,27,4,2,0,0,3,1
84,0,58.14,4,10,4,2,2,3,0,1
191,2,84.43,8,30,4,4,0,0,3,0
106,2,72.25,12,4,4,2,2,0,0,0
154,1,111.3,7,10,4,1,2,0,0,0
36,1,135.9,8,10,4,2,0,0,0,0
63,0,56.0,9,4,3,2,0,1,0,1
19,1,139.0,9,23,4,2,1,0,0,1
42,0,71.6,2,12,4,2,1,0,0,1
13,1,161.66,5,11,4,3,0,0,5,1
103,1,123.3,10,28,4,2,2,0,3,1
151,1,88.01,10,6,4,3,2,0,0,1
158,1,90.0,11,25,4,2,0,0,0,0
136,0,85.5,6,29,4,3,0,3,0,0
3,1,31.0,2,26,2,1,0,0,0,1
0,0,140.0,10,15,4,1,0,3,0,1
95,2,119.85,6,9,4,4,2,0,0,1
78,2,0.0,11,16,4,0,0,1,3,1
1,1,98.3,1,15,4,1,0,0,0,1
26,0,75.0,10,14,3,4,1,0,3,1
23,1,108.67,12,8,4,3,0,0,0,1
0,0,116.0,4,11,4,3,1,0,0,0
57,2,116.1,10,28,4,1,0,0,0,1
20,1,63.22,2,9,4,2,0,0,3,1
58,1,105.0,4,3,3,1,2,0,0,1
0,0,84.0,11,12,2,1,0,0,0,1
33,1,109.0,10,28,4,2,2,3,0,0
73,1,107.95,4,9,4,2,2,0,3,0
48,0,112.5,8,29,4,2,1,0,0,1
77,2,153.18,6,19,4,3,2,0,3,1
67,2,88.4,11,23,4,4,0,0,0,0
219,0,92.65,10,6,4,3,1,3,0,0
18,0,75.0,1,21,4,2,0,3,0,1
128,1,97.43,7,11,4,2,1,0,3,1
25,2,106.88,2,26,4,2,2,0,3,1
3,1,0.0,7,30,1,1,1,0,4,1
22,0,114.0,9,18,4,1,0,0,0,1
7,1,0.0,10,10,4,0,0,0,6,1
30,0,110.8,4,6,4,3,0,0,4,1
7,2,125.8,12,29,4,3,1,0,3,1
1,0,67.0,9,6,2,3,0,0,0,1
86,0,85.0,8,4,3,5,2,0,0,1
25,0,178.25,1,1,4,2,2,0,1,0
71,0,110.5,10,22,3,1,1,0,3,0
41,0,107.1,6,28,4,2,0,3,0,0
74,1,89.3,3,10,4,3,0,0,3,1
109,1,121.21,8,6,3,1,2,0,3,1
66,0,112.2,4,19,4,4,0,0,3,1
87,2,89.25,9,15,4,3,0,0,0,1
68,0,51.09,2,6,4,2,2,3,0,1
28,3,105.9,11,28,4,5,1,0,0,1
181,0,111.5,7,1,4,4,1,0,0,0
78,2,60.0,3,3,3,3,1,0,0,1
82,1,133.98,11,7,4,2,1,3,0,0
6,0,196.0,4,8,4,2,0,0,5,0
1,0,93.0,1,26,4,1,0,0,0,1
1,1,91.0,2,27,4,1,0,3,0,1
107,0,90.95,5,7,3,3,2,0,3,1
36,0,85.0,10,20,3,3,0,0,0,1
78,3,149.4,9,5,4,5,2,0,3,1
8,1,85.35,10,29,4,1,2,3,0,1
186,0,84.43,9,10,4,6,4,3,0,0
10,1,97.0,8,22,4,1,0,0,5,1
40,2,228.6,8,19,4,2,0,1,3,1
123,0,107.95,5,4,4,4,0,0,3,0
11,0,128.0,8,16,4,1,0,0,0,1
198,0,86.75,7,17,4,0,1,0,1,0
117,0,123.3,10,29,4,1,0,0,3,1
93,0,105.0,5,11,3,3,0,1,0,1
54,2,104.4,3,31,4,3,0,0,3,1
46,1,94.5,10,21,4,4,0,0,0,1
0,0,62.0,10,30,3,5,2,0,0,1
119,2,79.2,11,4,4,2,0,3,0,0
69,0,110.08,4,17,4,2,2,0,3,1
97,1,135.9,9,10,4,3,2,0,0,1
5,2,159.0,10,27,4,3,1,0,0,1
14,0,75.0,10,5,3,2,1,0,3,1
23,1,77.25,12,16,4,2,0,0,1,1
71,1,90.56,10,8,4,3,1,0,0,1
60,1,127.8,10,11,4,1,0,0,0,1
42,2,174.25,11,7,4,2,1,0,0,1
7,0,184.0,9,14,4,2,0,0,3,0
7,2,149.0,9,7,4,3,0,3,0,1
9,1,120.0,11,14,4,3,1,0,0,1
111,1,76.5,7,6,4,2,1,0,0,0
174,1,105.3,8,6,4,1,0,0,0,0
0,0,98.0,4,16,3,1,2,0,0,0
101,0,85.6,4,11,4,2,1,0,3,1
2,1,91.0,6,14,4,1,0,0,0,1
268,0,105.0,10,30,3,0,2,1,0,0
38,1,81.0,9,19,3,2,1,0,0,1
73,0,159.3,4,3,4,1,2,0,5,0
60,0,109.8,11,20,4,1,2,0,0,1
90,1,129.02,4,23,4,3,2,1,3,1
31,1,98.93,3,3,4,16,6,0,3,0
76,0,135.15,5,31,4,5,0,0,0,0
83,1,167.4,6,14,4,1,0,0,3,1
14,0,89.0,4,17,4,1,2,3,0,0
67,0,95.0,7,26,3,1,0,1,0,1
49,2,115.2,12,5,4,1,2,0,0,1
170,1,96.9,9,12,3,1,0,1,0,1
0,0,185.0,9,19,2,2,1,0,0,1
20,1,145.0,9,24,4,3,2,0,0,1
160,1,115.0,9,13,3,2,0,1,0,0
0,0,0.0,7,4,1,1,1,0,0,1
18,2,75.0,12,18,4,1,0,3,0,1
90,0,80.75,4,12,4,4,0,3,0,1
18,1,77.0,1,21,4,3,0,3,0,1
107,1,109.16,7,9,4,5,2,0,0,1
52,1,130.9,12,17,4,4,2,0,3,1
13,0,225.0,8,16,4,2,0,0,5,0
8,2,126.0,9,16,3,2,1,0,0,1
126,0,86.36,5,2,4,3,1,0,3,1
40,0,180.0,7,26,3,1,0,1,0,1
52,1,125.1,9,9,4,2,0,3,0,1
107,1,90.0,8,12,4,1,0,0,1,1
47,1,125.1,9,20,4,1,0,3,0,1
12,0,109.0,2,6,4,1,0,0,0,0
174,0,214.2,10,29,4,2,2,1,5,0
83,1,77.0,7,15,4,2,0,3,0,1
70,1,67.5,3,9,4,2,0,3,0,0
71,0,88.0,11,18,4,2,0,3,0,0
246,1,58.36,12,27,4,5,2,0,0,0
5,0,1.0,3,8,4,2,0,1,0,1
39,2,88.0,11,19,4,1,1,3,0,1
44,2,148.28,10,14,4,2,2,0,3,1
17,1,87.0,12,18,4,2,0,0,0,1
213,1,117.11,9,8,4,3,0,0,3,0
18,0,92.76,4,10,4,1,2,0,0,1
64,0,131.14,9,4,4,5,2,0,3,0
168,2,107.1,8,12,3,3,2,0,3,0
18,1,75.0,1,21,4,2,0,3,0,1
3,1,116.0,4,13,4,2,0,0,0,1
192,1,105.3,7,31,4,1,2,0,0,0
66,0,65.66,2,27,4,2,2,0,1,0
24,0,144.5,4,28,4,2,0,0,3,0
39,1,223.76,8,13,4,1,0,0,6,1
35,0,98.1,5,22,4,1,2,3,0,0
3,0,80.0,2,25,2,1,0,0,0,0
27,0,142.72,4,15,4,4,2,0,3,0
5,1,109.0,6,8,4,2,0,3,0,0
247,0,93.0,6,6,3,1,1,1,0,1
36,2,135.9,7,9,4,1,2,0,0,1
106,2,159.3,8,9,4,3,0,0,3,1
72,1,85.5,4,18,4,0,1,3,0,0
5,1,119.8,12,7,3,3,0,0,4,1
38,1,117.0,10,3,4,2,1,0,0,1
89,0,114.3,7,5,4,3,0,0,0,0
40,0,175.0,10,21,4,2,0,0,3,0
12,0,127.8,9,16,4,2,0,0,0,1
66,1,87.3,9,2,4,2,1,3,0,1
3,1,130.0,2,6,4,1,0,0,3,1
15,2,85.0,11,1,4,4,0,3,0,1
102,0,96.3,4,4,4,2,1,0,3,1
85,0,72.76,4,11,3,5,1,0,0,1
6,2,184.0,9,13,4,3,0,0,3,1
81,2,150.45,5,16,4,3,1,0,3,1
42,1,115.8,3,24,4,3,0,3,0,1
30,1,181.8,9,1,4,3,0,0,5,1
33,1,162.45,3,18,4,2,0,0,5,1
12,1,187.5,8,19,4,2,0,1,0,1
116,0,112.5,5,14,4,1,2,0,0,1
7,1,65.0,12,27,2,2,0,0,0,1
93,1,85.5,8,15,4,3,2,0,0,0
11,1,78.94,9,8,3,4,0,0,1,1
23,0,94.35,6,12,4,0,1,0,0,1
8,0,93.0,2,22,4,3,1,0,0,1
4,0,90.0,5,2,3,1,1,0,0,1
96,2,79.2,11,25,4,2,0,3,0,0
92,1,103.5,11,1,4,4,0,0,3,1
154,0,63.75,8,11,3,5,2,3,0,1
15,1,111.0,5,9,4,1,1,0,0,1
77,1,90.95,4,11,4,3,1,0,0,1
10,0,104.0,9,19,2,1,1,0,0,1
64,0,105.3,7,23,4,2,2,0,0,0
130,0,137.7,7,27,4,3,0,0,3,1
272,0,110.78,12,27,4,5,1,0,3,1
167,0,94.5,7,29,4,2,0,3,0,0
6,0,77.0,12,3,3,2,0,0,0,1
31,1,83.9,3,5,4,1,2,0,0,1
3,0,65.0,10,5,2,2,1,0,0,1
239,0,96.3,10,23,4,1,2,0,0,0
1,0,82.0,1,7,4,1,0,0,0,1
35,2,153.3,3,26,4,1,2,0,3,1
14,1,92.17,10,19,4,3,1,0,0,1
20,1,99.0,1,21,4,2,0,0,3,1
37,1,81.9,3,1,4,2,0,0,0,0
39,0,138.7,9,25,4,0,1,0,0,1
80,0,72.25,7,24,3,2,2,0,0,1
139,1,171.9,11,7,4,3,1,0,0,1
41,0,106.8,3,24,4,3,0,3,0,1
23,1,119.0,9,26,4,3,1,3,0,0
0,0,75.0,9,21,3,2,1,0,3,1
4,1,73.92,4,18,4,1,1,0,0,1
34,2,103.5,10,12,4,1,1,0,0,1
244,2,98.4,9,29,4,1,0,3,0,0
32,0,115.1,4,17,4,0,1,3,0,0
169,1,94.5,7,13,4,3,0,3,0,1
257,1,67.15,12,26,4,4,1,3,0,0
16,1,111.0,5,29,4,0,1,0,0,1
82,2,129.59,6,9,4,3,0,0,3,1
0,0,206.0,7,20,4,2,0,0,5,0
288,0,67.26,12,22,4,5,2,0,1,0
4,0,65.0,5,23,2,0,1,0,0,1
53,2,72.76,7,18,4,2,1,3,0,1
208,2,88.77,10,23,4,2,2,0,1,1
59,0,93.6,12,23,4,2,0,0,0,0
21,2,105.0,9,5,4,1,1,0,0,1
77,1,105.4,5,16,3,3,1,0,0,1
6,0,179.38,11,9,2,1,0,0,0,1
8,1,120.0,9,23,4,1,0,0,0,0
18,0,85.0,10,2,3,1,2,0,0,1
127,0,81.25,7,29,3,2,1,0,0,1
12,1,66.0,1,24,2,1,2,0,0,1
206,0,59.07,10,2,4,2,1,0,0,0
11,0,65.0,12,15,2,1,0,0,0,1
71,0,55.8,7,5,4,1,2,3,0,0
22,0,177.0,12,27,4,0,2,0,5,1
73,0,145.93,7,2,4,10,4,0,3,0
255,0,87.0,6,14,3,1,0,1,0,1
30,1,80.47,11,4,4,1,0,3,0,0
39,0,140.08,11,9,4,4,1,0,3,1
87,0,76.5,8,13,4,3,2,0,0,0
12,1,72.07,2,23,4,3,0,0,0,1
100,1,164.9,5,15,4,4,2,1,3,1
50,2,135.9,8,16,4,3,0,0,0,1
30,0,68.7,2,12,4,2,1,0,0,0
0,0,98.0,8,23,4,0,2,0,0,1
94,0,139.5,7,28,4,1,0,1,0,1
204,1,90.95,7,18,4,8,3,0,0,1
19,2,105.0,9,14,4,2,1,0,0,1
7,2,161.33,10,9,4,2,1,0,3,1
66,1,90.0,11,26,3,3,2,0,3,1
46,1,96.16,3,13,4,5,3,0,3,0
146,1,121.55,5,19,4,3,0,0,3,1
50,2,150.3,6,30,4,3,0,0,3,1
211,0,78.3,11,18,4,1,0,0,0,0
26,1,91.0,1,30,4,1,1,0,0,1
117,0,89.75,8,1,3,1,2,1,1,1
15,0,103.44,4,27,4,3,0,0,0,0
36,2,168.3,7,14,4,2,0,0,3,1
129,1,103.5,5,6,4,2,0,3,0,1
194,2,77.23,4,17,4,3,2,0,0,1
128,0,81.25,7,7,3,3,2,0,0,1
10,0,152.53,9,29,4,3,0,0,3,1
235,2,103.7,10,19,4,4,1,0,3,0
4,1,149.0,9,6,4,5,0,3,0,1
18,2,149.0,9,26,4,3,1,0,0,1
23,1,250.0,9,26,4,1,0,0,5,0
206,2,96.3,7,25,4,0,1,0,0,1
0,1,67.0,12,13,2,1,0,0,0,1
37,1,94.36,10,27,4,3,0,0,0,0
107,1,120.0,6,10,3,2,0,0,0,1
0,0,65.0,3,14,2,2,1,0,0,1
37,0,140.4,5,27,4,1,0,0,3,0
5,0,108.0,1,28,4,3,1,0,3,1
138,0,47.25,8,22,3,1,2,1,0,1
2,3,0.0,1,27,1,1,0,0,0,1
64,1,68.61,6,20,4,3,1,3,0,1
3,1,109.0,8,1,4,1,1,3,0,1
130,0,144.5,12,23,4,2,2,0,5,1
31,0,97.71,5,8,4,2,2,0,0,0
24,0,105.0,9,15,4,3,0,0,0,1
262,0,106.0,11,14,2,2,1,0,4,0
65,2,130.9,9,25,4,3,2,0,0,1
90,0,114.3,6,28,4,5,1,0,0,0
47,2,140.53,8,31,4,5,2,0,3,1
1,1,67.0,3,9,2,1,0,0,0,1
51,1,92.82,3,16,4,4,0,0,0,1
27,0,182.33,7,25,4,3,1,0,3,0
98,0,89.75,5,30,3,1,1,0,0,1
126,0,89.25,5,22,4,2,2,3,0,0
11,1,153.0,8,21,4,2,1,3,5,1
99,2,150.3,8,8,4,1,1,0,3,1
47,0,69.53,2,20,4,1,0,0,1,1
1,1,169.0,9,20,4,1,0,0,0,1
38,1,89.1,6,1,4,1,0,3,0,1
3,0,110.0,4,21,0,1,0,0,3,1
8,2,128.5,6,20,4,3,1,0,0,1
106,0,79.0,11,6,2,4,2,0,0,0
48,0,75.0,11,6,3,3,2,0,0,1
5,1,105.0,11,2,4,2,1,0,3,1
42,1,48.5,11,30,4,4,2,3,0,1
158,0,107.0,4,12,4,3,0,0,0,0
149,2,119.0,8,3,4,4,2,0,0,1
3,1,37.5,12,21,3,1,1,0,1,1
62,0,63.3,11,1,3,2,2,0,3,1
120,1,159.3,6,2,4,3,0,0,3,0
51,2,154.88,5,11,4,4,0,0,3,1
55,1,84.2,3,5,4,6,2,0,3,1
120,1,94.5,5,2,4,1,1,3,0,1
250,2,72.08,7,16,3,1,2,0,0,1
24,2,124.0,9,18,4,2,1,0,0,1
188,1,90.95,7,4,4,17,7,0,0,0
9,0,87.0,1,15,4,2,1,0,0,1
27,1,77.0,1,29,4,2,0,3,0,1
76,1,159.3,5,12,4,3,0,0,0,1
4,0,90.0,10,19,4,0,1,0,0,1
11,2,135.0,10,2,4,0,2,3,0,1
50,1,146.7,4,21,4,2,0,0,3,1
163,1,112.0,7,14,3,3,0,0,0,0
16,0,86.25,1,18,4,3,1,0,1,1
80,0,75.0,9,26,3,2,1,0,0,0
38,0,135.9,5,7,4,1,1,0,0,0
109,0,114.3,7,3,4,1,2,0,0,0
50,3,198.0,10,16,4,3,2,0,5,1
114,1,115.6,5,15,3,1,2,0,3,1
17,2,79.0,2,16,4,4,0,3,0,0
23,2,169.0,9,24,4,1,1,0,3,1
10,1,52.0,12,27,3,0,2,0,0,1
145,1,116.45,7,30,4,2,2,0,3,1
35,2,168.3,8,16,4,4,0,0,3,1
78,1,87.3,4,2,4,1,1,0,0,1
63,0,140.4,5,10,4,3,0,0,3,0
35,1,161.78,8,25,4,3,1,0,3,0
91,0,85.5,4,25,4,2,1,3,0,0
0,0,6.0,4,8,4,1,0,0,5,1
72,3,132.3,10,9,4,0,1,0,3,1
23,0,65.0,11,5,2,1,0,0,0,0
81,0,96.3,3,3,4,3,0,0,3,0
0,1,133.5,9,7,4,1,1,0,0,1
58,1,153.0,4,5,4,3,0,1,3,1
15,0,216.86,5,29,4,5,2,1,3,0
78,0,68.0,7,31,4,3,2,0,0,1
136,1,88.01,8,13,4,1,2,0,0,1
134,1,109.65,6,5,4,2,2,3,0,1
6,0,137.0,3,3,4,3,0,0,0,0
7,1,67.0,11,9,2,1,0,0,0,1
6,0,106.0,2,5,4,2,0,0,3,0
0,0,76.0,1,21,2,1,0,0,0,1
108,1,120.0,3,24,4,3,2,0,1,1
40,2,148.28,10,15,4,2,2,0,3,1
4,1,151.0,7,6,4,3,0,0,0,1
24,2,117.67,9,17,4,3,0,0,0,1
77,3,100.84,4,10,4,3,2,0,0,1
93,0,90.9,10,27,4,2,0,0,0,0
11,0,75.86,11,18,4,14,6,3,0,0
15,2,165.67,3,24,4,3,0,0,0,1
153,2,105.3,8,1,4,0,1,0,0,0
229,0,70.44,10,27,4,3,0,0,0,0
2,1,0.0,10,21,1,1,0,0,6,1
8,0,129.0,9,11,4,0,1,3,0,1
14,1,105.0,9,8,4,3,0,0,0,1
209,1,98.1,10,5,4,3,0,3,0,0
205,1,90.95,7,5,4,8,2,0,0,0
17,0,95.0,5,21,3,1,2,0,0,1
136,0,102.85,4,28,4,3,2,0,3,1
65,0,142.88,9,5,4,3,1,0,3,1
41,1,116.1,5,9,4,4,1,3,0,0
45,1,207.9,9,15,4,3,0,0,5,0
60,1,83.16,3,18,4,2,1,0,3,1
221,0,71.28,12,31,3,1,1,0,0,1
30,0,85.5,3,30,3,2,0,0,0,1
6,1,136.0,6,2,4,2,0,0,0,1
326,1,188.88,12,30,4,2,0,0,5,0
122,0,98.03,6,30,4,4,2,0,0,1
7,0,66.7,1,26,4,1,0,3,0,1
169,2,118.25,4,23,4,2,2,0,0,0
87,1,103.5,7,4,4,4,1,3,0,1
93,0,159.3,6,8,4,3,0,0,0,0
59,1,93.08,4,11,3,3,1,0,0,1
148,0,119.69,8,16,4,5,2,0,3,0
101,0,140.7,7,31,4,1,2,0,3,1
13,1,128.71,10,18,4,5,2,0,0,1
3,1,84.7,10,25,4,1,0,3,0,1
69,0,71.4,9,30,3,1,0,0,0,1
96,2,141.56,7,9,4,5,2,0,3,1
0,0,98.0,8,7,4,1,0,0,0,1
198,1,62.18,7,31,4,2,2,3,0,1
34,0,85.5,9,18,3,1,2,0,0,1
12,0,110.0,10,24,0,2,1,0,3,1
24,0,70.0,8,19,3,3,2,0,0,1
6,0,89.0,11,4,4,1,0,0,0,1
38,0,159.3,5,10,4,3,0,0,3,0
135,2,80.75,9,14,4,4,1,0,0,0
41,0,114.3,3,12,4,1,2,0,3,1
37,1,143.1,3,25,4,1,0,0,0,0
53,1,183.5,10,15,4,1,1,0,3,1
13,1,187.0,7,24,4,0,2,0,3,1
148,0,97.5,7,11,4,2,1,3,0,0
34,0,207.9,9,17,4,1,2,0,5,0
154,2,104.1,10,30,4,1,2,0,3,0
5,1,118.0,3,14,4,1,1,0,0,1
17,2,97.0,12,28,4,0,1,0,0,1
40,2,152.33,3,24,4,3,1,0,3,1
61,1,76.5,7,7,4,4,0,0,0,0
36,1,67.5,8,28,3,1,2,0,0,1
32,1,155.8,9,23,4,4,0,0,0,1
203,0,87.12,10,8,3,1,2,0,0,1
30,0,60.0,1,6,3,4,1,0,0,1
116,1,126.9,6,15,4,1,0,0,0,1
133,1,110.7,10,21,4,2,0,0,1,1
3,1,0.0,2,26,4,0,0,0,0,1
125,2,90.0,11,1,4,3,0,0,0,1
331,0,75.9,12,31,4,1,2,3,0,0
5,1,91.0,2,12,4,2,0,0,0,0
0,1,0.0,9,20,1,1,2,0,0,1
109,1,76.5,4,18,4,3,1,3,0,0
62,1,79.2,12,24,4,1,2,3,0,1
0,0,115.0,8,10,4,2,1,0,0,1
97,0,80.75,10,30,3,1,2,0,0,0
1,0,89.0,3,22,4,1,0,3,0,1
6,1,95.0,11,25,4,1,0,3,0,1
230,1,109.65,9,18,4,2,2,0,0,0
146,1,94.5,7,13,4,3,0,3,0,1
0,0,80.0,10,10,3,2,1,0,0,1
93,1,68.0,12,10,3,1,1,0,0,1
381,1,78.55,12,23,4,2,1,0,1,0
17,2,153.0,8,29,4,1,0,0,5,1
21,2,104.0,11,25,4,2,1,0,0,1
17,0,92.67,12,8,4,3,0,3,0,1
24,0,0.0,8,15,1,0,1,0,0,1
21,0,210.6,5,15,4,0,1,1,3,0
96,2,168.3,6,19,4,0,1,0,3,1
23,0,96.0,3,10,4,3,1,0,0,0
7,1,106.0,4,7,4,1,0,0,0,1
47,0,85.5,4,16,3,3,2,0,0,1
21,1,102.0,2,11,4,2,0,0,0,1
45,1,55.24,2,6,4,2,2,0,0,1
1,0,89.0,3,30,2,1,0,0,0,1
4,1,119.0,8,24,4,1,0,3,0,1
102,0,95.03,5,2,4,4,1,3,0,0
14,1,152.67,6,28,4,3,0,0,3,0
122,0,85.5,7,16,4,2,0,0,0,0
30,1,77.86,11,23,4,4,0,0,1,0
48,2,88.2,11,2,4,3,0,3,0,1
106,0,94.5,7,25,4,1,1,3,0,0
142,0,143.1,9,20,4,5,1,0,3,0
8,2,128.0,3,30,4,1,0,0,0,1
112,1,94.81,9,15,4,3,0,0,0,1
18,0,96.9,12,11,4,4,2,0,3,1
0,0,0.0,6,16,1,1,0,0,0,1
19,1,66.57,2,13,4,1,2,0,0,1
18,2,115.68,12,31,4,2,2,0,0,1
13,0,119.0,12,26,4,3,1,0,3,1
17,1,82.0,12,18,3,2,2,0,0,1
66,1,119.07,10,3,4,1,1,0,3,0
19,0,95.0,6,20,2,1,1,0,0,1
50,2,177.3,8,20,4,1,0,0,3,1
59,2,123.3,9,1,4,3,0,0,3,1
50,1,58.94,1,24,4,3,2,0,0,1
308,0,52.0,11,25,4,2,0,0,0,0
18,0,93.88,12,4,4,2,2,0,1,1
66,1,92.7,4,1,4,2,1,0,0,1
77,0,56.0,3,23,3,6,2,0,3,1
41,0,85.0,10,25,3,3,0,0,0,1
125,1,114.3,5,7,4,1,2,0,3,1
1,1,142.0,9,9,4,2,0,0,0,0
142,0,85.0,12,17,4,4,2,0,0,0
20,0,131.2,9,26,4,3,1,0,3,0
0,1,50.0,3,10,2,1,0,0,0,1
16,0,83.5,3,8,4,4,0,3,0,0
34,0,70.83,10,7,3,4,2,0,3,0
52,2,79.2,12,7,4,3,0,3,0,1
6,0,137.0,9,3,4,3,2,0,0,0
133,0,109.8,6,27,4,2,1,0,3,0
160,0,76.27,11,13,4,4,2,3,0,0
2,2,83.0,3,31,2,2,0,0,0,1
19,0,111.4,4,11,4,4,1,3,0,0
83,0,123.75,7,18,4,3,1,0,0,0
22,0,85.0,10,5,3,3,0,0,0,1
17,0,65.0,12,9,2,1,0,0,0,1
20,0,119.0,9,19,2,3,1,0,0,1
28,2,139.0,10,10,4,1,1,0,0,1
87,1,139.95,7,27,4,4,0,0,3,1
50,0,63.75,3,11,4,2,2,3,0,0
11,0,55.0,11,27,3,2,1,0,0,1
92,0,90.0,11,2,4,4,1,0,0,1
72,0,104.4,10,26,4,2,0,0,3,1
6,2,116.25,9,10,4,3,1,0,0,1
54,0,72.0,11,12,3,1,0,0,0,1
71,1,112.58,12,29,4,5,0,0,0,1
20,1,93.17,6,14,4,2,0,0,0,1
33,0,210.6,4,30,4,1,1,1,3,0
19,0,69.0,12,5,4,3,2,0,0,1
40,2,135.4,12,22,4,3,1,0,3,1
0,0,87.2,10,8,4,1,1,3,0,1
6,2,158.0,12,30,4,2,0,0,0,1
41,0,65.02,12,27,4,1,2,0,0,1
16,0,67.81,12,10,4,7,4,3,0,1
43,2,94.5,9,17,4,1,0,0,0,1
3,2,122.0,8,18,4,2,0,0,0,1
18,1,82.39,10,2,4,1,0,0,0,1
21,1,109.23,6,3,4,2,1,0,3,1
61,1,90.95,6,12,3,1,2,0,3,1
68,1,114.5,4,25,4,0,1,0,0,1
153,1,123.11,9,8,4,3,1,0,3,0
94,0,152.1,8,14,4,2,2,1,0,0
46,0,60.0,11,7,3,2,2,0,3,1
194,0,73.46,4,21,4,3,0,3,0,0
144,0,95.4,6,2,4,3,0,3,0,1
5,0,65.0,5,10,2,1,0,0,0,1
71,1,79.2,12,5,4,2,1,3,0,1
36,1,88.4,12,22,4,3,2,0,0,1
80,3,101.77,12,20,4,5,2,1,0,1
9,0,90.0,9,25,3,0,1,0,0,0
15,0,139.0,9,15,4,2,0,3,0,0
6,1,148.5,10,6,4,4,0,0,0,1
20,1,86.0,2,8,4,5,3,0,0,0
35,0,108.9,5,22,4,2,2,0,0,1
38,1,112.5,4,3,4,1,2,0,0,1
49,2,106.2,12,5,4,1,2,0,0,1
113,0,118.8,9,7,4,4,1,0,0,0
27,0,132.24,6,12,4,6,4,0,3,0
88,0,72.25,7,26,3,4,0,0,0,1
35,0,77.25,12,26,4,1,0,0,1,1
2,1,67.0,6,16,2,1,0,0,0,1
21,1,86.0,3,5,4,1,1,3,0,1
88,2,150.3,8,19,4,2,0,0,3,1
14,1,101.0,6,13,4,1,1,0,0,1
2,1,75.0,1,4,4,1,1,3,0,1
115,2,118.8,9,16,4,1,0,3,0,1
123,0,91.7,8,1,3,5,2,0,3,1
92,0,102.68,9,26,3,3,1,0,0,1
386,0,90.0,10,23,4,0,2,1,0,0
6,0,87.0,2,22,3,0,1,0,0,1
244,2,90.95,10,22,4,2,2,0,0,1
24,0,91.0,2,11,4,3,1,0,0,0
1,0,95.0,11,26,4,1,0,0,0,1
1,1,88.43,3,12,4,1,1,0,0,1
82,1,134.1,8,7,4,1,2,0,0,0
83,2,159.3,8,8,4,2,1,0,3,1
65,1,105.61,12,26,4,3,1,0,3,1
41,0,76.5,3,15,4,1,0,0,0,0
130,1,94.5,5,22,4,1,2,3,0,1
1,0,86.0,2,25,4,1,0,0,0,1
232,0,90.9,8,25,4,3,0,0,0,0
2,0,120.0,11,16,3,3,0,0,0,1
2,2,97.0,12,18,4,2,0,0,3,1
1,0,114.0,8,10,4,1,1,0,0,1
130,1,117.3,8,11,4,4,2,0,0,1
19,1,98.0,10,26,2,1,0,0,0,1
5,0,119.0,3,29,4,1,0,0,0,1
3,1,104.72,5,2,4,0,1,0,0,1
32,1,94.5,10,4,4,3,2,0,0,0
26,0,153.0,4,10,4,2,2,0,3,0
10,2,145.0,10,3,4,1,1,0,0,1
7,0,104.0,6,1,2,2,0,0,0,1
133,0,118.15,5,27,4,2,2,0,3,0
42,1,60.0,1,14,3,3,1,0,0,1
4,0,95.0,5,2,3,0,1,0,0,1
8,1,81.0,2,26,4,2,0,3,0,1
17,0,58.0,12,21,3,4,1,0,0,1
132,1,119.0,12,3,4,2,2,0,3,0
54,0,75.0,11,12,3,1,2,0,0,1
2,1,110.0,10,6,2,1,0,0,3,1
139,0,68.0,11,16,4,4,2,0,0,0
4,0,87.2,8,2,3,1,0,3,0,1
135,1,94.5,8,23,4,5,0,0,0,0
27,0,120.0,9,17,4,3,0,0,3,1
56,0,65.75,3,5,4,3,2,3,0,1
101,1,96.3,4,9,4,1,1,0,0,0
16,3,116.75,9,9,4,4,0,0,0,1
27,0,167.2,9,9,4,2,2,0,4,1
46,1,79.2,12,16,4,2,1,3,0,1
58,0,121.56,9,10,4,3,2,0,0,1
33,1,103.05,4,16,4,2,2,0,0,1
113,1,136.0,5,18,4,4,0,0,0,1
38,0,137.33,12,31,3,3,0,1,0,1
11,0,112.88,9,5,2,0,1,0,0,1
9,0,86.0,12,16,4,1,0,0,0,1
73,2,168.3,9,6,4,2,0,0,3,1
1,0,108.0,9,4,3,1,0,1,0,1
330,1,106.7,10,14,4,2,0,0,1,0
7,1,85.96,3,4,4,2,2,0,1,0
43,0,85.5,10,19,3,2,0,0,0,1
26,0,85.0,8,15,3,2,1,0,0,1
32,1,117.9,5,21,4,1,1,0,0,0
22,1,124.0,9,18,4,2,0,0,0,0
143,0,59.5,3,25,3,2,1,0,0,1
156,1,97.75,8,9,4,4,0,3,0,1
123,0,71.6,5,4,4,4,0,0,0,1
12,1,163.67,4,1,4,2,1,0,3,1
98,1,59.5,12,29,3,3,0,0,0,1
117,1,131.4,8,24,4,5,2,0,3,0
52,2,177.3,4,16,4,1,2,0,5,1
10,0,83.58,12,26,4,1,2,0,1,1
35,0,84.24,6,1,4,2,0,3,0,0
34,0,98.1,6,19,4,1,2,3,0,0
8,1,93.0,2,5,4,2,0,0,0,1
41,1,88.0,12,20,2,1,0,0,0,1
52,2,108.11,5,27,4,2,1,0,3,1
63,1,105.3,4,22,4,2,1,0,0,0
85,0,52.36,7,5,4,1,2,0,0,0
11,0,140.0,10,21,4,2,0,3,0,1
2,2,72.25,10,30,3,2,0,0,3,1
178,0,106.0,8,22,2,3,1,0,4,0
36,1,96.3,11,13,4,2,0,0,0,1
220,1,99.0,8,15,4,1,1,3,0,1
148,3,118.8,10,4,4,3,0,0,0,1
95,0,72.0,2,5,3,2,1,0,0,1
51,0,142.2,7,11,4,1,1,0,3,0
28,0,65.0,12,18,2,1,0,0,0,1
0,0,119.0,3,27,4,0,1,0,0,1
68,1,58.0,2,13,3,3,2,0,0,1
11,2,248.0,9,20,4,2,0,0,5,1
163,2,104.4,10,26,4,4,0,0,3,0
24,1,81.7,10,4,4,4,2,0,3,1
118,1,109.65,5,11,4,4,0,0,0,1
65,1,104.0,11,18,4,2,1,0,0,1
160,1,107.61,5,23,4,4,1,0,0,0
106,0,94.5,7,12,4,6,2,3,0,0
8,0,114.0,11,30,4,3,0,0,3,0
42,1,171.9,6,23,4,1,0,0,5,0
90,1,126.9,8,20,4,1,1,0,0,1
10,1,186.0,8,5,4,2,0,0,3,1
26,2,100.0,11,2,4,3,0,3,0,1
106,2,140.0,12,25,4,1,2,0,3,1
13,0,154.0,12,6,4,3,0,0,3,1
1,1,105.0,8,10,4,1,1,0,0,1
25,0,85.0,7,23,3,3,2,0,0,1
217,2,46.63,12,5,4,7,3,3,0,1
247,2,115.2,9,14,4,3,0,0,0,0
35,1,174.25,11,7,4,3,1,0,0,1
63,0,112.59,8,3,4,3,0,3,0,0
57,1,146.96,9,24,4,5,2,0,3,1
36,2,152.1,7,2,4,1,2,0,0,1
25,1,133.0,10,2,4,1,2,3,0,0
2,0,65.0,12,17,2,2,0,0,0,1
6,1,152.0,4,16,4,1,1,0,3,1
8,1,144.5,4,16,4,2,2,0,3,1
187,0,84.72,8,26,4,7,2,3,0,0
11,1,161.8,2,24,3,3,0,1,3,1
110,2,205.38,8,21,4,5,2,0,6,0
1,0,102.6,10,13,4,1,0,3,0,1
92,1,187.85,6,1,4,4,0,0,5,1
7,1,151.0,6,30,4,2,0,0,0,1
69,1,68.0,7,22,4,4,0,0,0,0
169,1,105.3,8,12,4,2,1,0,0,0
75,1,77.03,6,26,4,2,2,0,0,1
24,0,80.0,11,13,3,1,2,0,0,1
48,0,94.88,10,25,3,3,2,1,1,1
7,2,139.0,2,26,4,2,0,0,3,1
92,1,89.25,10,6,4,5,0,0,0,1
22,2,117.67,9,16,4,4,2,0,0,1
1,0,83.0,5,10,4,1,0,0,0,1
151,1,143.38,12,30,4,2,0,0,0,0
5,0,91.0,3,2,0,1,0,0,0,1
2,0,170.0,10,19,2,17,6,0,4,0
11,0,143.33,4,13,4,3,0,0,3,0
139,1,107.87,8,22,4,5,2,0,0,1
56,2,119.0,12,9,4,5,2,0,3,1
120,1,85.5,6,27,4,2,1,3,0,1
17,0,78.3,1,23,4,1,0,0,0,1
201,1,127.0,5,24,4,2,0,0,0,0
20,1,12.0,8,5,4,1,0,0,0,1
42,1,112.5,4,1,4,2,1,0,0,1
39,1,115.0,3,13,3,1,2,0,0,1
35,1,119.0,8,30,4,4,0,0,0,1
1,0,65.0,11,5,2,1,0,0,0,1
18,1,150.5,9,22,4,3,1,0,0,1
6,0,55.0,12,3,3,2,0,0,0,1
5,2,149.0,8,26,4,2,0,0,0,1
64,0,153.0,7,14,4,2,0,1,3,0
1,0,65.0,12,3,2,1,0,0,0,1
21,0,102.05,2,29,4,3,1,0,0,0
7,0,112.2,10,5,3,1,1,1,0,1
0,1,0.0,10,25,1,1,0,0,0,1
8,1,111.35,5,25,4,1,0,0,0,1
136,0,68.55,3,24,4,3,1,0,0,1
5,0,126.75,4,4,4,5,3,0,3,0
85,0,126.9,6,20,4,2,1,0,0,0
81,0,187.85,5,15,4,3,2,0,5,0
338,1,45.33,10,7,3,2,1,0,0,1
3,0,110.0,9,12,2,2,1,0,3,1
79,1,156.6,12,27,4,1,0,0,5,1
56,0,97.23,11,10,4,3,1,0,0,1
161,0,91.38,7,31,4,2,2,3,0,0
0,1,105.75,5,31,4,2,0,0,0,1
0,1,110.0,3,6,4,1,2,0,3,1
50,1,86.4,9,24,4,1,0,3,0,1
6,0,62.0,3,15,3,1,0,0,0,1
7,1,143.0,4,16,4,1,1,0,0,1
54,1,72.77,6,19,4,3,2,3,0,1
16,2,109.0,2,17,4,4,0,0,0,1
27,1,89.0,1,10,4,0,1,0,0,1
10,0,82.95,11,2,4,4,1,0,0,1
5,0,66.0,2,1,3,3,1,0,0,1
17,3,149.0,10,29,4,1,1,0,0,1
7,1,152.0,9,14,4,2,1,0,0,1
52,1,131.4,3,19,4,1,2,0,3,0
5,0,162.0,10,17,2,1,1,0,0,1
0,0,75.0,9,21,3,2,1,0,3,1
57,2,126.9,5,21,4,1,1,0,0,1
232,2,81.82,8,1,4,7,3,0,1,0
82,1,121.55,4,16,4,2,2,0,3,0
3,0,71.2,5,16,3,0,1,3,0,1
108,0,90.3,4,13,4,3,0,0,0,1
1,1,176.0,5,26,4,2,0,0,3,1
42,1,112.59,9,19,4,1,1,3,0,0
101,0,61.5,12,31,3,3,1,0,3,1
33,1,126.0,4,14,4,3,1,0,0,1
5,1,107.0,3,21,4,4,1,3,0,1
48,1,105.9,10,1,4,3,0,0,0,1
22,2,105.0,9,1,4,5,1,0,0,1
33,0,143.1,5,1,4,2,2,0,0,0
117,0,76.5,8,22,4,1,0,0,0,0
144,0,137.7,7,23,4,1,2,0,0,0
24,1,101.0,6,23,4,1,0,0,0,1
11,0,79.05,11,17,4,3,2,3,0,0
89,0,75.0,12,19,3,2,1,0,0,1
52,0,96.9,12,7,4,4,0,0,3,0
102,1,94.5,7,26,4,2,0,3,0,0
2,0,110.0,10,30,0,0,1,0,3,1
156,0,114.75,7,24,4,5,4,0,0,0
5,1,133.1,5,28,4,2,2,0,3,1
1,2,137.0,3,4,4,2,1,0,0,1
117,2,150.45,5,22,4,2,2,0,3,1
144,1,100.87,7,25,4,5,1,0,0,1
121,0,74.54,5,14,4,3,2,0,0,1
54,0,177.3,4,16,4,1,2,0,5,0
4,1,0.0,12,16,1,2,0,0,0,1
40,0,115.2,12,5,4,1,1,0,0,1
2,2,108.5,6,12,4,0,2,3,0,1
5,1,100.87,5,15,4,2,2,0,0,1
4,1,108.99,9,15,4,3,1,3,0,1
0,0,67.0,9,13,2,2,0,0,0,1
78,1,128.8,7,4,4,6,3,0,3,1
44,0,96.3,6,18,3,1,1,0,3,0
5,1,167.0,4,22,4,1,0,0,0,1
58,1,119.85,5,12,4,4,2,0,0,1
214,2,96.9,9,30,4,2,2,3,0,1
148,3,130.05,7,15,4,2,2,0,3,1
17,0,105.0,9,1,4,3,0,0,0,1
243,0,89.2,9,20,4,2,2,0,0,0
9,1,113.0,11,2,4,4,2,3,0,1
76,1,58.76,10,22,4,3,1,3,0,1
128,2,123.3,8,11,4,3,0,0,0,1
64,0,88.5,3,22,3,4,0,1,0,1
138,1,91.48,7,4,4,2,1,0,3,1
2,1,249.0,9,2,4,1,0,0,5,1
50,2,115.58,5,14,4,2,2,0,3,1
88,0,87.3,4,2,4,1,2,0,0,0
19,0,80.0,11,13,3,3,2,0,0,1
77,2,108.65,8,23,4,5,0,1,0,1
3,2,109.1,10,26,4,4,0,3,0,1
134,1,89.25,5,15,4,2,2,3,0,1
20,1,104.0,11,25,4,1,0,0,0,1
4,0,106.0,2,14,4,7,4,0,3,1
25,1,78.54,9,14,4,3,1,0,3,1
19,1,83.55,9,2,3,4,0,0,4,1
155,1,115.6,12,26,4,3,1,0,3,0
174,0,87.72,12,7,4,4,0,0,3,1
69,1,114.9,6,21,4,3,0,3,0,1
24,0,107.0,4,28,3,7,2,0,3,1
85,1,108.3,6,26,4,4,2,0,0,1
14,2,132.0,9,15,4,5,2,0,0,1
57,0,94.5,6,20,4,3,1,0,0,0
3,0,0.0,9,25,1,2,2,0,0,1
80,2,131.4,8,27,4,1,1,0,0,1
3,0,65.0,12,10,2,1,0,0,0,1
67,0,85.5,4,3,4,1,2,3,0,0
90,0,78.3,3,18,4,2,1,0,0,1
4,1,91.0,2,11,4,2,0,0,0,1
12,0,89.59,12,3,4,3,2,0,0,1
5,0,95.2,4,17,3,1,2,0,0,1
88,0,88.7,3,23,4,4,0,0,0,1
145,0,72.5,8,29,3,1,2,1,0,1
180,0,80.1,10,28,4,2,0,3,0,0
49,0,62.8,3,24,3,3,1,3,0,1
6,2,119.0,5,23,4,1,1,3,0,1
88,1,132.3,10,20,4,3,0,0,3,1
28,0,89.0,4,17,4,0,2,3,0,0
35,0,85.0,10,19,3,3,0,0,0,1
125,1,85.5,6,30,4,1,0,3,0,1
0,0,107.0,6,30,4,1,0,3,0,1
19,2,155.0,9,16,4,1,0,0,5,1
18,0,80.75,5,21,3,2,2,0,0,1
214,1,81.5,7,12,4,4,0,0,1,0
156,1,128.7,8,28,4,2,2,0,3,0
85,0,50.3,8,11,4,2,0,0,0,0
16,1,134.8,6,27,4,0,1,0,0,1
76,0,119.85,5,13,4,3,2,0,0,0
37,0,76.5,10,23,3,1,0,0,0,1
2,0,86.0,2,7,4,0,1,0,0,1
11,1,0.0,12,11,1,2,0,0,1,1
25,1,113.31,6,26,4,4,2,0,3,1
35,0,108.9,10,16,4,2,1,0,0,1
6,0,0.0,7,1,4,2,0,1,0,1
147,0,89.25,7,15,4,2,2,0,0,1
8,1,72.38,12,6,4,1,0,0,0,1
92,1,69.5,2,9,4,2,0,0,0,1
8,1,160.0,7,17,4,0,2,0,0,1
58,2,180.9,6,27,4,1,1,0,5,1
1,1,129.0,10,21,4,1,0,3,0,1
3,2,120.0,12,5,4,1,2,0,0,1
0,0,113.33,11,5,4,4,2,1,0,1
10,1,87.78,10,4,4,0,1,3,0,1
6,0,77.25,12,20,4,0,1,0,1,1
95,1,141.32,5,22,4,3,2,0,3,0
107,0,127.93,5,28,4,2,2,0,0,0
179,1,98.25,8,25,4,3,1,3,0,0
125,1,89.25,10,15,4,3,2,0,0,1
69,2,93.6,12,24,4,1,2,0,0,1
34,0,122.4,6,19,4,1,2,0,3,0
71,0,84.15,4,23,4,3,2,3,0,1
5,0,135.0,10,19,4,3,1,0,0,1
14,2,130.0,8,28,4,1,2,0,0,1
34,1,99.0,9,25,4,0,2,3,0,1
65,0,105.0,11,23,3,4,0,1,0,1
38,0,125.55,10,4,4,3,0,0,3,0
117,0,110.0,6,5,3,3,2,0,0,1
172,1,137.7,7,28,4,2,0,0,3,0
28,1,205.0,10,6,4,3,1,1,3,1
14,0,100.87,9,14,4,2,1,3,0,0
124,1,143.7,8,5,4,2,1,0,3,1
85,2,142.2,7,10,4,2,2,0,3,1
9,1,81.0,8,19,4,3,0,0,0,1
0,1,151.0,7,12,4,1,0,0,0,1
83,2,126.72,10,21,4,3,2,0,3,1
141,0,107.95,7,6,4,4,1,0,0,1
76,1,90.95,5,8,3,2,2,0,3,1
54,2,174.9,3,27,4,1,2,0,5,1
0,0,124.0,9,8,4,1,0,0,0,1
18,0,68.0,11,27,3,5,2,0,0,1
9,1,107.0,11,12,4,3,1,0,3,1
4,1,177.0,7,27,4,3,0,0,3,1
0,0,64.4,3,18,3,1,0,0,0,1
143,1,143.1,9,21,4,4,1,0,3,0
45,1,112.5,3,19,4,1,2,0,3,0
6,0,116.0,12,10,3,2,0,1,0,1
52,2,166.5,9,1,4,3,1,1,3,1
45,2,204.0,10,6,4,3,0,0,5,1
122,1,107.0,3,27,3,1,2,1,0,0
52,1,140.4,5,4,4,1,0,0,3,1
31,1,225.4,8,25,4,1,0,0,5,1
2,1,108.0,2,26,4,1,0,0,3,1
60,1,149.77,9,29,4,2,0,1,3,1
49,1,94.5,10,23,4,6,2,0,0,1
0,0,105.0,8,9,4,0,1,0,0,1
220,0,85.5,9,2,4,2,0,3,0,0
17,3,141.0,6,13,4,3,1,0,3,1
70,1,158.4,9,16,4,2,1,0,3,1
147,0,55.96,8,10,4,3,1,0,0,1
173,0,89.25,10,15,4,4,2,0,0,0
10,1,90.0,8,29,4,1,2,0,0,1
7,2,151.0,8,4,4,3,0,0,0,1
64,0,96.3,10,19,3,4,1,0,3,1
37,0,71.25,10,29,3,3,1,0,3,1
7,1,79.0,2,12,4,2,0,3,0,1
29,1,119.0,10,16,4,0,1,3,0,1
84,1,231.0,12,8,4,3,0,1,5,1
7,0,213.0,6,12,4,6,4,0,5,0
124,0,71.0,4,5,3,3,0,0,0,1
0,0,106.65,9,29,4,1,0,3,0,1
155,1,94.5,8,21,4,0,1,3,0,1
18,1,107.0,10,5,4,2,1,0,0,1
40,0,76.92,6,21,4,1,0,0,0,0
147,0,124.0,6,2,3,3,0,0,0,0
27,1,85.0,10,20,3,3,0,0,0,1
31,2,126.9,6,12,4,3,2,0,0,1
45,2,96.9,12,12,4,3,1,0,3,1
0,0,91.67,12,27,4,1,2,3,0,1
14,1,81.0,2,7,4,5,2,3,0,1
6,2,149.0,9,15,4,2,0,3,0,1
88,0,116.1,6,17,4,2,0,3,0,0
59,2,99.9,6,22,4,2,0,0,0,1
36,2,88.4,11,28,4,3,1,0,0,1
111,0,120.0,10,10,3,0,1,0,4,0
117,2,105.3,7,19,4,2,0,0,0,1
6,1,69.0,5,31,2,3,0,0,0,1
101,2,94.5,7,15,4,1,0,3,0,1
77,1,96.3,4,14,4,3,0,0,0,1
85,0,57.0,2,6,4,1,1,0,0,0
1,2,181.0,11,25,4,1,0,0,5,1
140,1,114.33,7,18,4,3,1,0,3,1
59,0,99.85,4,27,4,4,0,3,0,0
21,1,119.0,10,19,4,3,0,3,0,1
47,1,153.0,10,3,4,2,1,1,0,0
232,1,131.4,7,2,4,1,1,0,0,0
65,0,111.0,10,19,4,2,1,0,0,1
57,2,132.3,10,13,4,3,0,0,3,1
8,0,67.0,3,2,3,2,0,0,0,1
3,1,65.0,11,24,2,1,0,0,0,1
18,0,121.0,6,8,4,2,0,0,0,0
232,0,75.65,12,24,3,3,2,3,0,1
200,1,146.37,9,1,4,3,2,1,0,0
7,2,0.0,8,3,1,2,1,0,5,1
32,1,65.0,7,4,2,1,1,0,0,1
91,1,132.6,10,23,4,4,2,0,3,1
59,1,126.0,10,16,4,2,2,0,0,1
168,0,90.95,7,7,4,4,2,0,0,0
12,0,148.0,12,30,4,2,0,0,3,1
255,0,62.64,12,27,3,3,0,0,0,1
127,1,160.2,10,18,4,2,0,0,3,1
34,2,94.5,9,13,4,2,2,0,0,1
29,3,150.45,11,4,4,4,0,0,5,1
18,0,71.21,11,20,4,3,2,0,0,0
83,0,79.56,7,25,4,4,1,0,0,1
27,0,135.87,5,20,4,4,2,0,3,0
54,1,0.0,11,24,1,1,0,0,0,1
11,1,114.0,10,23,4,2,0,3,0,1
216,1,78.3,12,4,4,1,2,0,0,1
13,0,80.0,3,2,2,3,0,0,0,1
152,2,99.0,7,11,4,1,1,0,0,1
5,0,145.0,9,21,4,0,1,0,0,1
3,2,101.0,4,21,4,1,0,0,0,1
16,0,95.0,9,11,3,1,2,0,0,1
218,0,49.68,12,9,4,2,0,3,0,0
224,0,60.0,10,2,3,2,1,0,0,1
91,0,114.3,7,24,4,1,2,0,0,0
76,2,116.1,5,16,4,2,1,3,0,1
36,1,159.0,3,24,4,3,0,0,3,0
18,2,96.0,9,13,4,2,2,0,0,1
47,2,106.53,3,31,4,4,2,0,0,1
66,1,105.3,4,4,4,1,1,0,0,1
3,1,67.0,6,20,2,1,1,0,0,1
186,1,111.76,7,28,4,3,2,0,3,0
70,2,62.18,9,22,4,1,0,0,0,1
250,2,100.3,9,8,4,3,2,0,0,0
146,2,166.5,10,19,4,4,1,1,3,1
109,0,92.65,12,27,3,3,0,0,0,1
247,0,96.3,8,11,4,2,0,0,0,0
52,0,90.0,11,3,4,2,0,0,0,0
113,2,137.7,7,12,4,3,0,0,3,1
45,1,106.2,4,28,4,1,0,0,0,1
8,1,127.0,2,5,4,2,0,0,3,0
64,1,130.0,5,17,2,2,0,0,0,1
48,1,168.3,8,26,4,1,0,0,3,0
79,1,88.0,11,25,4,2,0,3,0,0
5,3,124.5,9,3,4,2,0,3,3,1
75,0,99.0,4,17,4,0,2,3,0,1
131,1,114.3,5,5,4,3,0,0,3,0
3,2,94.35,11,14,4,4,1,0,0,1
4,1,65.0,10,12,2,0,1,0,0,1
96,3,108.0,10,3,4,1,1,3,0,1
187,0,86.5,7,7,4,2,0,0,1,0
66,1,144.45,10,24,4,1,1,0,3,1
172,1,114.41,8,10,3,4,0,0,3,0
24,0,47.0,12,5,2,1,2,0,0,1
1,1,111.65,9,22,4,3,0,0,0,1
40,0,109.8,8,28,4,0,1,0,0,1
77,0,113.4,10,19,4,2,0,0,0,0
172,0,72.25,7,26,3,5,1,0,0,1
217,1,95.63,7,18,4,1,1,0,1,0
22,1,68.07,11,24,4,3,1,0,0,1
240,2,253.1,12,31,4,1,2,0,3,0
102,0,82.45,7,10,3,2,2,0,3,1
118,0,187.85,5,24,4,4,0,0,5,0
6,1,88.0,12,18,4,0,1,0,0,1
7,2,126.0,9,19,4,1,1,0,0,1
25,0,126.0,6,12,4,1,2,0,3,0
34,0,100.5,4,14,4,3,0,3,0,0
47,1,168.3,9,11,4,1,2,0,3,1
118,1,137.7,8,1,4,1,1,0,3,1
12,1,77.0,1,15,4,2,0,3,0,1
10,0,79.0,11,7,0,3,1,0,0,0
107,1,140.25,6,28,4,6,2,1,0,1
0,1,68.53,5,9,4,0,1,3,0,1
26,1,123.5,4,11,4,3,1,0,3,1
253,0,65.83,10,29,4,1,2,3,0,0
0,1,0.0,11,5,4,1,0,0,0,1
67,1,168.3,9,12,4,0,1,0,3,0
43,3,127.1,7,3,4,2,2,0,0,1
50,0,94.5,10,18,4,3,2,0,0,0
19,1,130.0,2,20,4,1,2,0,3,1
97,0,82.45,8,4,3,5,2,0,3,1
27,2,153.0,4,24,4,0,2,0,3,1
132,1,113.4,10,8,4,3,2,0,0,0
171,1,105.3,7,14,4,3,0,0,0,0
62,2,159.3,5,7,4,1,0,0,3,1
4,0,80.0,1,19,4,1,0,0,0,1
79,1,103.28,3,28,3,3,1,0,3,1
46,2,90.09,9,11,3,4,2,0,0,1
0,0,73.07,6,8,4,1,0,0,0,1
2,1,162.0,1,29,4,2,0,1,0,1
20,0,85.0,10,27,3,1,0,3,0,1
152,1,107.0,4,30,4,1,0,0,0,0
11,1,104.0,11,18,4,2,0,3,0,1
23,1,93.94,9,5,4,0,1,0,0,1
47,0,92.0,11,11,4,1,0,0,0,1
131,1,94.5,7,29,4,1,0,3,0,1
35,0,127.62,8,29,4,4,1,0,0,0
132,1,105.3,5,6,4,2,0,0,0,1
82,1,74.15,4,25,4,0,1,0,0,0
11,1,163.63,11,8,4,4,0,0,3,1
54,0,65.0,10,5,2,0,1,0,0,1
5,0,122.24,8,3,4,3,0,0,4,1
16,0,106.0,2,28,4,0,2,0,3,0
33,0,74.0,9,28,1,2,0,0,0,1
5,0,94.0,12,7,4,1,0,0,0,1
3,1,155.0,5,28,4,1,0,0,0,1
7,0,97.0,3,8,3,1,0,0,0,1
0,0,109.0,10,5,4,0,1,0,0,1
167,0,77.03,7,3,4,0,2,0,0,0
93,2,117.9,8,12,4,2,1,0,0,0
17,1,120.0,12,29,4,2,0,3,0,1
28,2,110.0,10,28,4,2,0,3,0,1
5,0,129.0,3,22,4,5,0,0,0,0
25,1,88.0,11,17,4,3,0,3,0,0
14,1,189.5,11,7,4,1,1,0,0,1
222,1,90.95,8,13,4,2,2,0,0,1
86,1,159.3,8,7,4,2,2,0,3,1
319,0,63.75,11,29,4,4,0,3,0,0
5,0,95.0,4,20,0,3,0,0,0,1
53,1,116.1,5,30,4,2,1,3,0,1
109,0,80.75,5,22,3,1,2,0,0,1
74,0,75.0,4,17,3,2,2,0,0,1
44,0,75.0,11,2,3,2,0,0,0,1
199,1,128.7,8,28,4,0,1,0,3,0
117,2,128.7,6,27,4,0,1,0,0,1
7,0,76.29,11,27,4,5,3,3,0,0
253,1,198.9,10,8,4,1,0,0,5,0
11,1,138.5,8,2,4,1,0,0,0,1
81,0,132.6,6,7,4,4,0,0,3,1
33,2,96.3,10,19,4,1,1,0,0,1
0,0,66.0,1,6,2,1,0,0,0,1
1,0,79.0,2,13,2,1,0,0,0,1
0,0,0.0,12,10,1,1,0,0,0,1
57,0,127.8,11,21,4,2,1,1,0,0
184,2,82.12,8,17,4,1,0,1,0,0
26,2,144.5,4,11,4,3,1,0,3,1
37,1,108.9,6,9,4,1,0,0,0,1
66,1,105.0,11,18,3,2,0,0,0,1
109,0,68.0,8,26,3,2,2,0,0,1
17,0,102.15,5,30,4,2,1,0,3,0
0,1,109.0,7,29,4,1,0,3,0,1
170,1,103.7,8,25,4,3,2,0,3,0
33,0,143.1,5,9,4,3,1,0,0,0
92,3,113.4,10,3,4,1,1,0,0,1
49,1,94.5,9,18,4,2,1,0,0,0
196,0,158.95,7,24,4,5,2,0,5,0
13,2,231.15,8,10,4,3,0,0,6,1
9,2,109.0,8,31,4,4,1,0,0,1
5,0,65.0,9,9,2,2,0,0,0,1
5,0,73.15,11,15,4,3,2,3,0,1
25,1,105.0,9,5,4,1,0,0,0,0
123,2,96.9,7,31,3,5,3,0,0,1
125,1,99.45,7,23,4,2,2,0,0,1
5,1,65.0,7,25,2,0,1,0,0,1
54,1,113.4,6,20,4,3,1,0,3,1
53,1,67.5,12,25,4,1,0,3,0,1
70,0,67.5,3,12,4,1,2,3,0,0
7,2,81.0,2,5,4,1,0,3,0,1
0,1,0.0,9,9,1,1,0,0,6,1
0,2,45.0,4,28,3,1,0,0,0,1
101,1,93.08,4,26,4,4,0,0,0,1
31,0,69.0,1,2,3,1,2,0,0,1
2,0,127.0,6,28,4,1,0,3,0,1
8,1,92.17,4,5,4,4,0,0,3,1
166,0,107.95,7,24,3,2,2,1,3,0
6,0,89.0,6,13,4,0,1,3,0,1
47,1,124.1,3,18,4,2,2,0,3,0
156,2,91.96,7,19,4,4,0,0,0,1
93,0,90.95,4,15,4,1,0,0,0,1
71,1,105.0,11,11,4,2,1,0,0,1
156,1,68.0,7,16,3,2,2,0,0,1
70,0,75.0,12,2,3,2,0,0,0,1
3,1,120.0,10,16,4,0,1,3,0,1
54,0,75.0,4,2,3,1,2,0,0,1
58,0,63.0,3,17,3,3,0,0,0,1
6,0,316.0,8,13,4,1,0,1,5,0
112,1,104.5,7,18,4,1,1,0,0,1
112,2,105.3,7,18,4,2,1,0,0,1
133,1,95.2,6,28,4,8,2,0,0,1
110,0,101.58,5,5,4,3,1,3,0,1
187,2,134.45,7,11,4,5,2,0,3,0
66,1,99.2,10,25,4,4,0,0,3,1
98,0,94.5,7,12,4,1,0,3,0,0
4,0,72.25,10,19,3,3,1,0,3,1
0,1,0.0,12,10,1,1,0,0,5,1
90,0,99.45,4,12,4,4,0,0,3,0
54,1,111.11,6,10,4,2,1,0,3,1
150,0,231.6,8,19,4,2,1,1,5,0
83,1,154.7,8,1,4,3,1,0,0,1
4,1,93.0,2,25,4,3,0,0,0,1
93,1,71.4,7,12,4,5,2,3,0,1
0,2,0.0,12,12,1,0,1,0,0,1
148,1,112.2,8,1,4,4,1,0,3,0
7,1,116.0,4,7,4,2,0,0,3,1
83,1,79.2,11,19,4,1,1,3,0,1
1,0,99.0,10,13,3,1,0,0,0,1
158,1,131.8,7,7,4,3,0,0,0,0
1,1,0.0,9,18,1,1,0,0,0,1
71,0,152.1,8,19,4,1,0,0,3,0
5,2,157.0,4,21,4,3,0,0,3,1
82,3,150.3,8,19,4,2,0,0,3,1
12,2,80.85,9,9,4,2,0,0,0,1
49,0,85.5,10,25,3,2,0,0,0,1
9,0,0.0,10,21,1,2,0,0,0,1
9,0,129.0,5,18,4,1,0,3,0,1
51,0,159.3,5,7,4,1,2,0,3,0
135,0,99.45,7,23,4,2,2,0,0,0
25,1,137.0,4,20,4,2,0,0,3,1
104,2,186.3,4,27,4,2,0,0,5,1
13,1,100.0,9,15,2,1,0,3,0,0
37,0,89.4,5,7,4,1,0,3,0,1
115,0,58.0,3,26,3,1,2,0,0,1
54,0,85.0,6,11,3,1,2,3,0,1
69,1,135.9,9,11,4,1,2,0,0,1
53,1,78.35,7,1,4,2,0,3,0,1
89,1,139.95,7,18,4,3,1,0,3,0
5,0,0.0,9,26,1,0,1,0,0,1
115,1,136.1,6,6,4,2,1,0,0,1
112,0,99.95,5,7,4,1,1,3,0,1
0,0,65.0,3,28,2,0,1,0,0,1
2,0,0.0,12,9,1,1,0,0,0,1
181,2,162.15,8,23,4,5,0,1,0,0
37,1,83.9,3,7,4,2,1,0,0,1
64,0,158.4,8,8,4,1,1,0,3,1
158,2,151.2,10,9,4,1,2,0,3,0
22,0,109.0,12,3,3,1,2,0,0,1
41,0,139.5,2,22,4,4,1,0,1,1
88,1,126.9,6,2,4,3,0,0,0,1
7,0,147.73,8,26,4,2,1,0,4,1
45,0,117.45,9,5,4,1,1,0,3,1
176,0,61.52,3,20,4,4,2,0,0,0
2,1,151.0,4,29,4,4,2,0,3,1
25,0,154.0,12,3,4,1,2,0,3,0
53,0,75.0,11,18,3,2,0,0,0,1
65,2,73.95,3,3,4,3,2,0,0,1
19,1,159.0,9,23,4,2,1,0,0,0
1,1,119.0,4,12,4,1,0,3,0,1
190,1,93.5,9,8,4,5,2,0,0,1
15,1,89.0,6,14,4,1,0,3,0,1
7,0,130.0,5,16,2,3,1,0,0,1
10,2,108.67,11,25,4,2,1,0,0,1
82,0,99.45,3,24,4,3,1,0,3,0
5,0,47.25,8,15,3,1,2,1,0,1
48,0,159.3,5,6,4,2,1,0,3,1
0,0,149.0,5,9,4,0,1,0,3,1
58,0,127.0,12,30,4,2,0,0,3,1
167,1,72.25,7,25,3,1,1,0,0,1
203,1,122.76,8,13,4,5,2,0,0,0
172,1,107.1,8,21,4,1,2,0,3,0
0,1,65.0,2,29,2,0,1,0,0,1
261,1,79.62,12,26,4,5,1,0,0,0
2,0,0.0,1,23,1,1,0,0,3,1
0,0,221.0,5,14,4,1,0,0,5,0
194,0,102.85,9,1,4,3,1,0,0,0
57,1,108.9,4,1,4,2,1,0,0,0
159,1,65.0,4,9,3,1,1,0,0,1
29,0,70.91,2,5,4,14,6,0,0,0
78,1,89.25,10,31,4,6,3,0,0,0
4,1,155.0,9,21,4,0,1,0,3,1
0,0,101.0,11,3,4,1,0,0,0,1
100,1,91.51,9,5,4,3,1,3,0,0
40,1,139.87,3,27,4,1,2,0,3,0
1,1,95.0,10,28,3,1,0,0,0,1
53,2,142.2,9,3,4,1,2,0,3,1
8,1,90.0,8,27,4,1,0,0,0,1
3,0,68.0,3,11,3,2,2,0,0,1
0,0,82.0,3,20,3,3,2,0,3,1
168,0,90.95,7,4,4,3,1,0,0,0
18,0,76.8,9,15,3,1,0,3,0,1
15,1,85.0,11,1,4,4,0,3,0,1
73,1,115.04,6,16,4,3,0,0,3,1
16,1,112.42,6,4,4,1,1,0,3,1
4,0,185.0,12,28,4,1,0,0,5,1
157,1,72.25,7,7,3,3,1,0,0,1
1,2,215.0,9,24,4,1,0,0,5,1
1,1,0.0,6,7,1,1,0,0,0,1
10,0,107.0,3,7,2,3,1,0,4,1
41,0,89.0,5,24,2,1,0,0,0,0
10,2,80.0,8,21,4,2,1,0,0,1
6,1,121.0,11,16,4,1,0,0,3,1
4,0,75.0,12,11,2,0,2,0,0,1
0,1,102.4,9,8,3,2,0,0,0,1
186,0,68.55,4,24,4,3,2,0,0,0
74,0,118.8,10,9,4,1,2,0,0,0
13,1,90.95,11,8,4,2,2,0,0,1
25,1,110.0,9,11,4,0,2,0,0,1
0,0,0.0,1,30,1,1,0,0,0,1
39,1,88.0,1,10,3,1,2,0,5,1
79,0,125.38,4,28,4,3,1,0,3,1
31,1,154.0,11,27,4,0,2,0,3,1
18,0,154.0,11,30,4,2,0,0,3,1
61,1,95.66,9,1,4,5,2,3,0,1
66,0,46.63,11,12,4,8,2,0,0,1
1,1,82.4,2,15,4,4,1,0,0,1
2,1,101.0,1,29,4,2,0,0,0,1
35,0,78.3,1,13,4,2,0,0,0,0
84,0,73.95,3,12,3,5,2,0,0,1
73,0,126.9,6,11,4,1,1,0,0,1
44,2,149.4,9,10,4,1,2,0,3,1
349,0,123.33,10,4,4,5,1,0,0,0
3,0,64.0,11,13,3,2,1,0,0,1
24,0,123.5,4,11,4,3,1,0,3,0
2,1,119.0,6,15,2,1,0,0,3,1
14,1,96.0,9,15,4,1,0,0,0,1
2,1,119.0,6,4,4,1,1,3,0,1
0,1,0.0,6,16,1,1,0,0,0,1
175,0,72.25,8,3,3,9,3,0,0,1
7,0,100.73,12,20,4,4,0,0,0,1
71,0,73.95,3,13,4,3,2,0,0,0
0,0,134.0,7,10,4,0,2,3,0,1
29,2,159.2,5,20,4,2,1,0,3,1
28,0,130.8,6,13,4,2,1,0,3,0
77,2,168.3,9,2,4,2,1,0,3,1
8,0,58.0,12,10,3,3,1,0,0,1
49,1,108.8,3,21,4,3,1,0,0,0
0,1,174.0,8,22,4,1,0,0,5,1
69,1,118.8,4,22,4,2,1,0,3,1
90,0,89.25,9,13,4,1,2,0,0,0
43,2,94.5,10,18,4,0,1,0,0,1
70,1,85.5,4,6,4,3,0,3,0,1
1,2,77.0,10,3,2,1,1,0,4,1
4,0,89.0,1,6,4,4,0,0,0,1
34,2,117.0,9,25,4,1,2,0,0,1
1,2,159.0,6,18,4,1,0,0,0,1
49,0,44.67,3,12,3,1,2,0,0,1
79,2,126.0,12,9,4,2,1,0,3,1
6,2,95.5,8,30,4,2,2,0,0,1
18,0,88.0,2,19,4,2,0,3,0,1
17,2,166.0,5,31,4,2,0,0,3,1
78,2,96.0,11,26,4,1,0,0,0,1
129,1,114.3,8,15,4,2,1,0,0,1
33,0,0.0,10,7,4,0,0,3,0,1
81,1,88.83,3,25,4,2,2,0,0,0
9,1,80.3,1,19,4,1,0,0,0,1
82,0,68.42,3,31,4,3,0,0,0,1
230,1,82.95,12,12,4,3,1,0,0,1
166,2,73.6,4,21,4,3,0,0,1,1
7,2,191.73,9,16,4,2,1,0,5,1
105,5,96.9,9,29,3,3,1,0,0,1
1,0,81.0,8,8,4,4,2,3,0,1
33,2,207.9,8,24,4,3,0,0,5,1
40,0,126.9,5,21,4,3,2,0,0,0
53,2,123.3,9,1,4,3,0,0,3,1
96,1,68.0,7,23,4,2,0,0,0,0
170,0,91.44,9,6,4,3,0,0,0,0
18,1,139.0,6,30,4,3,2,3,0,1
118,1,96.3,6,27,4,2,1,0,0,1
155,0,103.5,7,7,4,3,0,3,0,0
0,0,99.63,9,1,4,1,0,3,0,1
128,1,151.2,10,11,4,3,0,0,3,0
29,0,68.0,3,12,3,2,2,0,0,1
30,0,69.9,2,25,4,3,0,3,0,0
12,0,125.0,7,6,2,1,0,0,4,1
33,0,55.0,12,26,3,2,2,0,0,1
54,0,85.0,4,30,3,1,2,3,0,1
291,2,80.75,12,28,4,4,2,0,0,1
126,2,136.8,12,24,4,1,0,1,3,0
32,0,108.3,4,13,4,3,0,0,0,0
45,1,134.1,6,29,4,2,0,0,0,1
18,1,61.53,11,20,4,2,2,3,0,1
2,2,91.0,6,13,4,1,1,0,0,1
23,0,91.0,2,25,4,1,0,0,0,0
0,0,69.99,4,20,4,1,0,0,0,1
26,2,114.67,10,7,4,3,0,0,0,1
33,1,186.0,10,10,4,3,1,0,3,0
81,0,95.2,3,26,4,2,2,0,3,0
43,3,124.1,11,1,4,4,0,1,0,1
68,2,79.56,10,30,4,3,2,3,0,1
60,0,120.6,7,11,4,4,1,0,3,0
6,0,108.72,9,15,4,3,0,0,0,1
148,0,69.33,4,23,4,1,2,0,0,1
54,0,107.55,7,9,4,2,2,0,0,0
6,2,118.0,8,17,4,1,0,3,0,1
6,3,106.89,11,30,4,4,2,0,3,1
167,0,72.25,8,18,3,4,2,0,0,1
162,1,85.17,9,4,3,2,1,1,0,1
3,2,113.46,5,29,4,4,2,0,0,1
4,0,121.0,5,31,2,1,0,0,0,1
63,3,99.9,6,20,4,3,1,0,0,1
220,0,106.0,10,3,2,2,1,0,4,0
7,0,79.14,11,15,4,7,2,3,0,0
174,0,80.75,7,13,4,4,1,3,0,0
69,1,75.0,12,1,3,3,0,0,0,1
0,0,65.14,5,16,4,0,1,3,0,1
1,1,40.0,11,10,2,2,0,0,0,1
1,0,79.0,12,29,2,1,0,0,0,1
59,0,72.0,12,17,3,1,1,0,0,1
234,0,80.75,8,31,4,4,0,3,0,0
377,0,90.0,10,14,4,2,0,1,0,0
24,2,81.0,3,8,4,3,0,3,0,1
79,1,119.0,11,30,4,4,0,0,3,0
13,0,67.0,2,17,2,1,0,0,0,1
22,1,155.77,9,8,4,6,2,0,6,1
31,0,78.3,2,7,4,0,2,0,0,0
32,1,74.0,2,21,4,2,2,0,0,1
4,1,165.0,5,5,4,1,0,0,3,1
85,0,140.4,5,3,4,3,0,0,3,1
11,1,119.67,3,19,4,1,2,0,0,1
34,0,117.0,9,26,4,0,1,0,0,1
0,0,111.2,9,14,3,0,1,0,0,1
105,1,76.5,7,8,4,2,0,0,0,0
4,0,110.0,10,29,0,1,0,0,3,0
122,1,86.0,3,27,3,1,2,1,0,1
46,0,198.9,5,14,4,1,1,0,5,0
22,0,90.0,10,28,3,2,0,0,0,1
140,0,140.98,12,27,4,3,0,0,5,0
0,3,0.0,9,13,1,1,0,0,0,1
44,0,113.4,10,2,4,0,2,0,0,0
108,0,72.25,7,10,3,2,2,0,0,1
27,0,167.2,9,9,4,2,2,0,4,1
22,2,206.0,6,13,4,3,1,0,5,1
69,1,149.4,9,4,4,5,2,0,3,0
170,2,148.0,8,6,4,5,2,0,0,0
80,1,78.3,3,7,4,2,1,0,0,0
9,0,86.8,2,22,3,1,1,1,3,1
76,1,80.75,9,15,4,5,0,0,0,1
46,1,111.6,12,8,4,3,0,0,0,1
46,0,181.8,9,3,4,1,2,0,5,0
17,1,166.0,7,8,4,2,0,0,3,0
19,1,99.45,11,11,4,4,0,0,3,1
0,1,106.0,11,9,4,3,1,0,0,1
9,1,151.67,8,26,4,2,1,0,3,0
1,3,184.0,10,1,4,1,1,0,0,1
10,0,149.0,9,11,4,0,2,3,0,0
229,1,107.64,11,13,4,5,4,1,0,0
5,2,90.0,8,10,4,4,1,0,0,1
254,1,92.28,10,12,4,4,0,0,0,0
180,0,112.2,8,3,4,5,2,0,3,0
10,0,101.0,4,7,4,1,0,0,0,0
13,1,97.0,12,8,4,1,0,0,3,1
18,0,148.5,4,25,4,0,1,0,0,0
93,2,177.3,9,27,4,3,0,0,3,0
54,0,85.5,7,3,3,1,2,0,0,1
21,1,139.0,8,9,4,3,0,3,0,1
3,1,106.0,3,31,4,1,0,0,0,1
74,0,55.9,7,27,4,7,3,0,0,1
40,0,68.0,11,26,3,2,2,0,0,1
148,0,71.37,4,29,4,7,2,0,0,1
202,0,94.33,11,2,4,4,0,0,0,0
0,0,65.0,5,30,2,0,1,0,0,1
60,0,84.45,3,5,4,3,2,0,3,1
28,2,156.0,5,20,4,1,0,0,3,1
23,0,1.0,1,2,4,1,2,1,0,1
153,1,108.45,7,23,4,2,2,0,0,0
98,0,116.1,5,7,4,1,0,3,0,0
151,0,122.76,10,30,4,3,2,0,3,0
2,0,79.6,1,3,4,2,2,0,3,1
18,2,157.0,12,30,4,2,0,0,3,1
0,0,65.0,4,12,2,1,0,0,0,0
15,1,99.0,4,20,4,3,0,0,3,1
72,1,117.0,10,18,4,2,0,3,0,0
100,0,129.6,9,1,4,3,1,0,0,0
4,0,72.25,7,16,3,2,2,0,0,0
133,0,121.5,7,28,4,2,0,0,0,1
97,0,108.0,10,17,4,5,2,3,0,0
34,1,134.1,8,15,4,2,1,3,0,1
32,1,125.1,7,8,4,2,0,3,0,1
186,1,121.8,7,30,4,1,2,0,3,0
3,0,79.2,8,17,2,5,2,0,0,0
44,0,66.24,12,25,4,2,2,0,0,1
19,2,171.0,3,11,4,2,1,1,3,1
8,0,54.4,12,16,4,2,0,3,0,1
33,1,88.0,11,9,2,1,0,0,0,1
159,0,70.0,4,9,3,1,1,0,0,1
116,1,184.24,6,26,4,2,2,0,1,0
69,1,111.3,12,30,4,4,0,0,0,1
180,0,130.0,10,10,4,2,1,0,2,0
75,1,85.5,4,11,4,2,1,3,0,0
9,0,91.6,9,7,4,1,1,0,0,1
99,0,91.45,3,12,4,2,2,0,3,1
2,1,150.0,7,13,2,2,0,0,3,1
0,1,64.0,11,30,2,1,0,0,0,1
121,1,156.0,8,18,4,3,0,1,3,1
142,1,125.33,5,9,4,2,1,0,0,1
9,2,0.0,7,8,1,1,0,0,3,1
1,0,75.0,11,3,3,1,0,0,0,1
141,1,94.5,7,14,4,3,0,3,0,1
16,1,120.0,12,29,4,3,0,3,0,1
3,2,229.0,7,10,4,3,2,0,5,1
69,0,137.7,4,7,4,3,0,0,0,0
13,1,90.0,8,25,4,2,0,0,0,1
200,0,129.54,9,20,4,8,2,0,0,0
78,1,177.3,9,18,4,1,2,0,3,1
29,1,129.0,10,20,4,2,0,0,0,0
20,0,76.81,9,1,4,5,2,0,0,1
117,1,126.0,11,4,4,5,2,3,0,0
65,3,135.9,9,27,4,3,0,0,0,1
53,0,88.4,11,21,4,3,1,0,0,1
49,1,108.0,10,3,4,2,1,3,0,1
18,2,89.0,9,11,4,0,1,3,0,1
39,1,129.6,10,27,4,2,0,0,3,1
280,0,73.46,8,4,4,2,0,0,0,0
117,1,104.04,10,29,4,3,2,0,3,1
1,1,99.33,8,24,4,2,0,3,0,1
17,0,208.0,12,31,4,1,0,0,5,1
73,0,71.0,1,21,4,3,2,0,0,1
24,0,58.0,12,27,3,1,2,0,0,1
3,0,176.0,5,27,4,2,0,0,3,0
21,2,107.0,12,28,4,1,1,0,0,1
11,1,90.0,8,18,4,2,0,0,0,1
168,0,96.8,10,4,3,4,0,0,0,0
161,2,82.35,8,16,4,2,0,0,3,1
0,0,101.18,7,23,4,1,0,0,0,1
3,0,148.13,9,19,2,0,1,0,0,1
37,1,78.5,2,8,4,4,1,3,0,1
12,0,140.5,12,20,3,2,2,1,3,1
129,0,62.0,2,4,3,3,0,0,3,1
35,1,113.85,10,17,4,1,1,0,3,1
217,0,80.75,8,13,4,2,2,3,0,0
87,1,80.75,4,9,4,2,2,3,0,1
171,2,72.25,8,11,3,3,2,0,0,1
118,1,137.7,7,20,4,1,0,0,3,1
64,2,198.9,4,29,4,2,1,0,5,1
122,0,99.45,5,4,4,4,2,0,0,0
4,1,72.0,3,23,3,1,0,0,0,1
85,0,140.4,5,26,4,2,0,0,3,0
24,0,100.0,7,9,4,2,0,0,0,0
27,0,137.6,5,21,4,2,2,0,3,0
2,1,90.47,4,1,4,2,0,0,0,1
39,1,90.23,12,25,4,2,1,0,0,1
0,1,207.0,8,16,4,1,0,0,0,1
161,2,95.69,6,17,4,5,2,3,0,0
45,2,177.3,8,16,4,3,0,0,3,1
0,0,108.8,5,10,3,3,0,0,0,1
25,1,160.0,8,3,4,2,0,0,0,1
5,0,104.5,12,27,4,4,2,0,3,1
133,1,76.5,8,14,4,2,2,0,0,1
214,0,92.65,10,4,4,4,0,3,0,0
86,0,95.0,9,9,2,2,0,0,0,1
66,1,118.8,10,17,4,3,1,0,0,1
158,2,83.5,10,30,4,2,2,0,1,0
14,1,109.0,3,11,4,2,1,0,0,1
145,2,174.15,11,7,4,3,1,0,0,1
60,1,112.95,7,9,4,2,2,0,0,1
45,1,95.1,6,26,4,1,2,3,0,1
8,0,112.5,2,28,4,2,2,0,3,0
40,2,94.67,12,13,4,3,0,3,0,1
41,1,99.9,4,19,4,1,0,0,0,1
170,0,114.04,9,29,4,5,2,0,0,0
14,0,118.0,8,30,4,2,0,3,0,0
44,1,89.1,6,22,4,2,0,3,0,0
1,0,149.0,5,23,4,0,1,3,0,1
65,1,118.8,4,23,4,1,0,0,3,1
59,0,70.72,11,17,4,3,0,0,0,1
135,1,155.7,8,9,4,3,0,0,3,1
54,2,149.4,9,25,4,1,2,0,3,1
6,0,183.1,9,19,4,0,1,3,0,1
2,0,65.0,7,10,2,1,2,0,0,1
98,3,108.0,10,9,4,1,2,3,0,1
183,0,110.0,9,8,4,3,0,0,0,0
1,0,197.0,5,20,4,1,0,0,3,1
133,0,100.8,8,23,4,4,0,0,0,0
6,1,101.73,8,26,4,3,2,0,3,1
91,0,198.9,5,6,4,2,1,0,5,0
0,0,95.0,5,20,2,1,0,0,0,1
66,0,141.3,7,27,4,4,1,0,3,1
14,0,111.67,12,26,4,1,2,0,0,1
98,2,99.0,11,3,4,3,0,0,0,0
61,0,125.8,10,9,3,1,2,0,4,1
12,0,135.0,10,3,4,1,1,3,0,0
0,2,143.5,6,28,4,2,0,3,0,1
10,0,89.59,12,3,4,3,2,0,0,1
0,1,65.0,4,25,2,0,1,0,0,1
30,1,233.1,9,2,4,2,0,1,5,1
71,0,75.0,11,25,3,2,0,0,0,1
70,2,128.7,4,4,4,2,1,0,3,1
216,2,177.3,8,5,4,1,0,0,5,0
38,2,143.1,3,25,4,2,0,0,0,1
46,0,125.1,8,26,4,1,0,3,0,0
1,0,145.0,10,15,4,1,0,0,3,1
197,3,96.3,10,31,4,0,1,0,0,1
103,0,85.0,9,28,3,1,0,3,0,0
19,2,81.0,2,23,4,2,0,3,0,1
8,0,78.3,1,16,4,5,2,0,0,1
29,0,73.08,3,2,4,4,0,3,0,0
29,1,136.32,5,19,4,3,2,0,3,1
335,0,90.0,10,13,3,3,0,0,0,1
48,2,131.72,11,5,4,1,2,0,3,1
41,0,72.38,2,18,4,3,0,0,1,1
6,1,154.0,9,9,4,2,2,0,0,0
6,0,95.0,5,23,2,0,1,0,0,1
85,1,95.5,4,7,4,2,0,0,0,1
88,1,132.3,10,20,4,3,0,0,3,0
18,1,89.0,1,15,4,3,2,0,0,1
1,0,89.0,8,10,4,3,1,0,0,1
8,1,76.5,8,13,4,5,2,0,1,0
113,0,96.3,4,25,4,2,1,0,0,1
33,1,0.0,4,18,4,2,1,0,0,1
91,0,67.95,3,21,4,3,1,3,0,1
0,1,155.0,10,13,4,1,0,0,3,1
237,0,104.55,12,15,4,3,2,0,3,1
1,1,88.0,12,5,4,0,1,3,0,1
10,2,146.0,5,6,4,2,1,0,3,1
8,0,65.0,10,6,2,1,0,0,0,1
0,0,79.0,2,7,4,0,1,3,0,1
18,2,88.0,11,17,4,3,0,3,0,1
33,0,126.9,5,2,4,1,1,0,0,0
127,1,85.5,6,29,4,3,0,3,0,1
120,1,127.8,8,9,4,5,0,0,3,1
66,0,72.25,7,11,3,2,1,0,0,1
55,2,123.3,9,3,4,1,1,0,3,1
2,0,82.4,3,17,3,1,0,0,0,1
125,4,110.7,10,9,4,2,2,0,1,1
156,0,14.0,3,23,4,4,0,0,0,0
134,0,94.5,5,17,4,3,0,3,0,0
115,2,107.41,12,29,4,2,0,0,3,1
355,0,87.31,12,26,4,5,2,0,3,0
39,2,96.3,10,23,4,1,0,0,0,1
75,0,72.25,4,18,3,2,1,3,0,1
66,0,137.7,7,29,4,1,0,0,3,1
10,0,58.0,12,11,3,3,2,0,0,1
1,0,65.0,9,27,2,1,0,0,1,1
118,0,159.3,6,2,4,3,0,0,3,0
118,0,107.95,5,1,4,3,2,0,3,1
71,2,171.3,4,7,4,3,0,0,5,1
35,1,107.1,3,27,4,0,2,3,0,1
228,1,136.19,12,29,4,4,2,0,5,0
16,2,166.0,7,1,4,2,0,0,3,1
0,0,65.0,1,4,2,0,1,0,0,1
0,0,0.0,11,19,1,1,0,0,0,1
16,1,103.0,3,18,4,1,0,0,0,1
29,2,85.0,12,2,2,2,0,0,0,1
1,0,91.2,9,8,3,1,0,0,0,1
95,1,85.5,10,30,4,0,2,0,0,1
3,0,76.5,6,19,3,1,2,0,0,1
206,0,101.83,6,30,4,3,1,0,4,0
155,2,143.1,9,8,4,1,0,0,0,0
1,0,98.0,8,7,4,0,1,3,0,1
62,0,68.72,9,20,4,3,2,0,0,1
16,1,98.0,1,15,4,2,1,0,0,1
199,0,102.85,12,28,4,4,0,0,3,1
0,1,50.0,3,10,2,1,0,0,0,1
56,0,64.75,3,5,4,3,2,3,0,1
2,0,106.4,10,10,3,1,1,0,0,1
25,2,84.0,10,4,4,2,2,0,0,1
98,0,91.4,12,26,4,3,1,0,0,0
6,1,174.0,9,4,4,1,0,0,5,1
58,2,138.6,12,24,4,1,0,0,3,1
36,2,161.1,7,25,4,0,1,0,0,1
78,1,160.08,9,11,4,0,2,0,5,1
125,1,187.85,6,3,4,2,2,0,5,1
9,0,74.8,12,16,4,4,2,3,0,1
6,0,95.0,4,1,3,2,2,0,0,1
65,0,79.2,11,20,4,0,1,3,0,1
4,0,72.8,2,13,3,1,0,0,0,1
98,0,73.95,3,16,4,4,0,0,0,1
106,0,121.37,7,19,4,5,2,0,3,0
7,2,90.0,8,26,4,2,0,0,0,1
100,0,81.2,4,25,4,2,1,3,0,1
200,3,76.5,8,22,4,1,0,0,0,1
33,2,161.1,7,17,4,3,2,0,3,1
243,0,89.17,9,4,4,6,4,0,0,0
88,0,56.1,10,5,3,1,1,1,0,1
74,2,105.3,4,14,4,3,0,0,0,1
0,0,80.0,2,19,2,1,0,0,0,1
3,1,67.22,2,11,4,1,0,0,0,1
123,2,116.59,6,16,4,4,2,0,0,1
73,0,73.67,3,19,4,4,2,0,0,0
43,2,55.0,12,26,3,2,2,0,0,1
45,1,101.7,6,20,4,2,1,0,0,1
87,0,58.9,7,26,4,3,2,0,0,0
5,0,66.0,1,13,3,3,0,0,0,1
172,1,70.85,7,22,4,6,2,0,0,1
23,0,62.0,1,11,4,0,1,3,0,1
61,0,75.0,11,26,3,1,2,0,0,1
10,1,156.0,8,29,4,2,2,0,5,0
112,1,117.9,8,16,4,2,0,0,0,1
82,1,149.4,9,15,4,3,0,0,3,0
10,2,140.0,8,18,4,1,0,0,0,1
51,0,54.09,3,11,4,2,2,0,0,0
116,1,202.74,8,12,4,1,0,0,6,0
101,1,80.75,5,12,3,3,0,0,0,0
24,1,107.0,10,8,4,3,0,0,0,1
92,1,76.5,8,7,4,4,2,0,0,0
0,0,65.0,11,3,2,3,0,0,0,1
14,0,174.0,12,2,4,1,0,0,5,1
106,2,90.23,10,31,4,3,1,0,0,0
94,1,79.2,12,23,4,1,0,3,0,1
158,0,94.5,8,25,4,3,0,3,0,0
40,1,83.9,3,5,4,2,2,0,0,1
7,2,98.13,11,24,4,3,1,0,0,1
31,1,83.9,2,20,4,1,2,0,0,1
2,1,121.0,6,7,4,3,0,0,0,1
0,0,67.5,1,8,4,1,0,0,0,1
147,2,106.25,6,28,4,5,2,0,0,1
86,0,84.58,4,6,4,4,0,0,0,0
21,1,109.0,10,29,4,2,2,3,0,1
124,1,97.01,8,8,4,5,1,0,0,1
276,0,106.0,11,28,2,2,1,0,4,0
13,0,98.4,9,16,4,1,0,0,0,1
217,3,83.83,10,23,4,3,2,0,1,1
74,3,93.6,11,4,4,2,0,0,0,1
36,0,131.4,4,1,4,2,0,0,3,0
119,1,96.3,6,26,4,0,2,0,0,1
95,1,183.6,9,13,4,5,2,1,3,1
18,1,103.18,10,30,4,0,2,0,0,1
13,1,176.67,10,1,4,3,0,0,0,1
359,1,39.0,10,14,3,3,2,0,0,1
96,2,190.8,10,13,4,3,0,0,5,1
13,0,65.0,10,19,2,1,1,0,0,1
32,1,154.0,9,27,4,2,0,0,3,0
6,2,109.0,9,14,4,2,1,0,0,1
72,1,72.0,11,19,3,5,2,0,0,1
124,0,36.25,8,8,3,1,2,1,0,1
132,1,101.58,7,11,4,3,1,0,0,1
230,0,109.65,9,18,4,2,2,3,0,0
58,1,88.29,11,19,4,6,2,1,0,1
85,0,105.3,7,18,4,0,1,0,0,1
2,1,106.33,12,6,4,3,0,0,0,1
5,1,60.0,9,2,3,1,0,0,0,1
2,0,136.0,4,23,4,1,2,0,3,0
1,1,88.0,6,13,4,0,1,3,0,1
82,1,140.4,6,10,4,2,0,0,3,1
16,0,84.0,11,16,4,1,0,0,0,1
1,1,31.0,2,26,2,2,0,0,0,1
92,1,58.9,7,9,4,3,2,0,0,1
32,0,131.4,4,1,4,2,1,0,3,0
156,1,89.25,10,9,4,2,1,0,0,1
61,2,121.5,5,13,4,2,1,0,0,1
6,2,171.0,8,7,4,0,1,0,0,1
1,0,152.0,9,23,4,1,0,3,0,1
2,2,117.75,2,10,4,4,0,0,0,1
28,1,160.2,10,18,4,3,0,0,5,1
35,2,109.0,10,27,4,3,0,3,0,1
0,0,161.33,8,27,4,3,0,0,5,0
121,0,120.0,6,9,3,1,0,0,0,0
115,2,151.2,10,9,4,1,2,0,3,0
1,0,88.0,3,2,2,1,0,0,0,1
62,3,132.3,10,14,4,2,1,0,3,1
161,0,105.0,3,25,4,2,1,1,0,0
52,0,75.0,9,16,3,2,0,0,0,1
52,0,94.5,7,18,4,2,1,3,0,0
210,0,88.7,5,2,4,1,1,0,0,0
224,2,121.13,10,29,4,2,2,1,0,0
108,0,103.5,7,9,4,1,0,3,0,0
41,2,130.9,12,2,4,2,2,0,3,1
150,1,126.9,9,16,4,2,1,0,0,1
7,1,201.0,7,29,4,1,0,0,5,1
30,1,146.4,6,29,4,3,0,0,3,1
85,0,96.3,4,15,4,2,1,0,0,0
17,1,96.26,4,14,4,3,2,0,3,1
1,0,111.0,3,15,3,3,0,1,3,1
349,0,130.0,10,4,3,2,0,0,0,0
0,0,97.0,1,3,4,0,1,0,3,1
75,0,90.0,4,17,4,0,2,3,0,1
195,2,106.25,12,1,4,3,1,1,0,1
1,3,166.0,6,11,4,1,1,0,3,1
46,0,143.1,5,8,4,3,2,0,0,0
46,0,60.0,11,6,3,2,1,0,3,1
71,0,126.5,10,22,3,1,1,1,3,1
45,0,65.0,4,10,2,0,1,0,0,0
10,1,169.0,7,16,4,1,0,0,0,0
147,1,138.55,8,11,4,5,2,0,3,1
105,0,88.12,3,20,4,4,2,0,3,1
33,0,85.5,4,5,3,4,0,0,0,1
5,0,177.0,10,31,4,1,0,0,5,1
100,1,152.1,8,16,4,2,0,0,3,1
75,0,72.0,3,17,4,2,0,3,0,0
51,1,123.11,6,2,4,2,0,0,3,1
2,0,72.0,2,17,3,3,0,0,0,1
40,1,75.53,9,30,4,4,1,0,0,1
2,0,93.0,2,10,4,4,2,0,0,1
57,1,105.0,11,11,4,2,1,0,3,1
195,0,137.7,8,6,4,1,1,0,0,0
9,1,93.0,2,21,4,1,2,0,0,1
56,0,142.2,8,28,4,1,2,0,3,0
61,0,94.5,7,26,4,2,0,3,0,0
58,0,153.77,9,5,4,5,2,0,3,1
35,1,109.0,10,28,4,2,0,3,0,0
32,2,140.0,10,6,4,3,1,0,3,1
71,1,68.47,11,3,4,3,0,0,0,1
71,2,151.2,10,16,4,0,1,0,3,1
10,2,136.67,11,3,4,3,0,0,0,1
32,1,214.21,10,29,4,1,2,0,6,1
49,2,168.3,8,21,4,0,2,0,3,1
43,2,88.0,12,25,4,1,2,3,0,1
189,1,99.45,8,6,4,5,2,0,0,0
164,0,107.95,8,13,4,3,2,0,0,0
1,1,154.0,10,2,4,1,2,0,0,1
5,0,104.0,6,14,2,3,0,0,0,1
106,1,90.95,4,17,4,2,2,0,3,1
191,0,69.0,3,30,3,4,1,0,3,1
7,0,104.0,4,18,4,0,1,0,0,0
17,1,121.75,10,2,4,2,2,0,3,1
164,0,100.2,10,24,4,2,1,0,0,0
36,1,108.0,10,20,4,1,0,3,0,1
182,1,90.95,9,22,3,5,2,0,3,1
238,0,86.7,12,31,4,1,2,0,0,0
26,1,89.0,4,18,4,1,1,3,0,1
191,0,137.7,8,22,4,2,1,0,3,0
141,1,114.3,5,23,4,2,1,0,3,0
69,1,74.8,11,25,4,2,1,3,0,1
5,1,139.0,8,27,4,1,0,3,0,0
24,0,94.8,10,25,4,0,2,0,0,1
7,1,103.18,10,19,4,2,0,3,0,1
14,0,209.0,9,13,4,1,0,0,4,0
35,2,101.41,4,17,4,1,2,0,0,1
229,2,177.3,8,21,4,1,2,0,5,0
117,2,126.31,5,22,4,3,2,0,0,1
87,1,135.27,8,8,4,1,1,0,3,1
33,0,74.25,12,10,4,3,1,3,0,1
86,0,68.85,3,16,4,5,2,0,0,1
55,0,71.28,11,13,4,1,2,3,0,0
45,1,162.79,9,12,4,3,1,0,0,1
3,1,81.0,2,12,4,2,0,3,0,1
40,1,67.5,2,24,4,4,0,3,0,0
18,1,81.0,2,19,4,2,0,3,0,1
0,0,89.0,7,29,4,1,0,3,0,1
147,2,104.21,6,5,4,3,2,0,0,1
16,1,105.82,4,12,4,3,0,0,3,1
131,3,162.0,8,1,4,1,1,1,3,1
65,0,63.58,11,19,4,2,2,3,0,1
22,1,127.0,10,1,4,3,0,0,0,1
50,1,99.45,4,11,4,3,1,0,0,0
32,0,231.0,12,19,4,1,1,1,5,0
14,1,81.0,12,11,4,2,0,0,0,1
34,0,65.0,7,19,2,1,0,0,0,1
40,0,185.28,12,30,4,2,2,0,3,0
23,0,114.75,6,15,4,1,0,0,0,0
118,0,90.9,4,16,4,1,0,0,0,0
31,0,85.0,10,27,3,3,1,0,0,1
119,1,104.4,10,27,4,3,0,0,3,0
79,1,172.23,10,21,4,7,4,0,5,1
139,2,116.1,6,15,4,3,0,3,0,1
39,1,97.4,11,15,4,5,2,0,0,1
95,2,111.31,9,26,4,2,1,0,0,1
33,0,70.0,9,28,1,2,0,0,0,1
97,1,125.1,9,6,4,4,0,3,0,1
122,2,150.45,6,13,4,4,1,0,3,1
10,0,148.0,6,12,4,6,4,0,3,0
9,1,124.0,5,18,4,1,0,3,0,1
0,0,109.0,3,16,4,1,0,0,0,1
5,1,184.0,9,13,4,2,0,0,3,1
32,1,144.0,10,28,4,2,0,0,3,0
239,2,80.75,6,28,4,5,0,3,0,0
81,1,116.1,5,3,4,2,0,3,0,0
29,0,156.0,5,18,4,1,0,0,3,0
19,0,141.5,9,22,4,3,1,3,0,0
38,0,85.0,3,12,3,1,2,0,0,1
134,2,139.95,8,19,4,2,2,0,3,1
110,0,159.3,8,12,4,3,2,0,3,0
0,0,72.0,8,17,2,1,1,0,0,1
162,0,70.0,9,17,3,3,0,0,0,0
48,2,158.4,10,17,4,1,1,0,3,1
3,0,72.25,10,22,3,3,0,0,3,1
59,1,60.35,10,31,4,2,1,3,0,1
3,1,105.5,11,5,4,3,0,0,1,1
77,0,159.3,5,17,4,3,0,0,0,0
85,0,109.65,5,14,4,4,2,3,0,0
166,0,99.45,8,1,4,5,2,0,0,0
22,1,104.0,11,27,4,0,1,0,0,1
21,0,60.0,12,18,4,2,2,3,0,1
13,0,131.97,10,22,3,5,2,1,0,1
144,0,80.75,6,27,4,3,1,3,0,1
0,0,67.0,11,14,2,0,1,0,0,1
52,2,158.4,10,17,4,1,1,0,3,1
16,0,79.0,2,17,4,4,0,3,0,0
7,0,88.0,12,13,2,1,0,0,0,1
9,1,81.0,2,17,4,1,0,3,0,1
1,3,95.0,3,31,2,1,0,0,0,1
85,1,140.4,5,26,4,2,0,0,3,0
35,1,73.1,3,4,4,2,0,3,0,1
13,2,99.0,8,30,4,3,2,0,0,1
136,1,113.05,5,14,4,2,2,0,3,1
126,1,79.2,12,20,4,1,0,3,0,1
2,3,196.0,10,10,4,1,2,0,5,1
169,2,107.0,4,23,4,2,2,0,0,0
25,1,85.0,3,15,4,2,0,0,0,1
170,1,95.2,7,18,4,3,1,0,0,0
8,0,144.33,3,26,4,1,2,0,0,0
34,0,48.4,3,3,3,3,2,0,0,1
79,1,112.5,8,13,4,1,2,0,0,1
173,0,122.4,12,16,4,2,0,0,3,1
277,0,79.57,9,5,3,5,2,1,0,1
24,0,122.0,1,31,4,1,2,1,0,1
4,0,109.0,1,2,3,1,2,1,0,1
190,1,109.25,8,22,4,3,1,0,0,0
53,0,60.0,11,14,3,2,2,0,3,1
37,1,92.31,12,15,4,9,4,0,0,0
26,1,65.0,6,28,2,2,0,0,0,1
76,0,207.9,8,13,4,1,0,0,5,0
48,1,109.8,9,4,4,0,2,0,1,1
83,0,75.0,12,18,3,0,2,0,0,1
63,0,68.85,7,8,4,8,2,3,0,0
14,1,69.0,12,5,3,1,2,0,0,1
9,2,85.6,12,5,4,1,2,0,0,1
10,2,83.55,2,13,4,1,1,0,0,1
83,1,167.1,8,1,4,3,1,0,0,1
3,1,104.0,12,5,4,1,2,0,0,1
3,0,128.0,10,2,4,2,2,0,0,1
0,0,156.0,10,3,4,0,1,0,4,1
5,0,66.0,3,8,2,3,0,0,0,1
41,1,160.0,10,21,4,2,0,0,0,0
147,1,127.93,7,3,4,2,2,0,3,1
36,1,126.9,5,22,4,0,1,0,0,0
128,0,104.18,5,5,4,3,0,0,1,1
44,2,88.4,11,14,4,4,1,0,0,1
1,0,65.0,12,27,2,0,2,0,0,1
130,2,104.4,10,29,4,1,2,0,3,1
192,1,121.5,8,3,4,2,0,0,0,0
32,1,96.33,8,20,4,1,0,3,0,1
22,1,79.0,2,16,4,2,0,3,0,1
129,0,137.7,8,25,4,2,0,0,3,1
87,1,90.9,10,30,4,0,2,0,0,0
2,1,136.0,3,23,4,3,0,0,0,1
1,0,108.0,9,4,3,1,0,1,0,1
1,1,86.43,12,27,3,5,2,0,0,1
0,1,119.0,6,16,4,1,0,3,0,1
2,0,66.0,1,13,2,2,0,0,0,1
91,0,43.43,1,1,3,5,2,0,0,1
0,0,96.67,9,9,4,1,0,3,0,1
39,0,67.5,2,15,4,1,1,3,0,0
116,0,82.0,2,28,3,1,2,0,0,1
224,1,119.85,9,14,4,4,0,0,0,0
0,1,121.0,8,1,4,0,1,0,0,1
87,1,159.3,8,8,4,2,1,0,3,1
60,0,145.8,6,8,4,2,0,0,3,0
0,0,90.0,10,13,3,1,0,0,0,1
13,1,77.14,11,20,4,2,2,3,0,0
104,0,132.3,10,11,4,5,2,0,3,0
191,1,80.75,9,7,3,5,2,1,0,1
83,1,84.9,4,4,4,2,1,0,0,1
60,0,0.0,9,21,4,1,1,0,0,1
39,2,203.85,8,13,4,3,2,1,0,1
8,1,90.0,8,18,4,5,1,0,0,1
61,2,78.54,10,19,4,3,1,0,3,1
1,1,108.0,7,20,4,1,0,3,0,1
88,1,104.4,10,25,4,2,0,0,3,1
27,0,231.0,7,6,4,2,0,0,5,0
6,1,114.0,9,21,4,2,1,3,0,1
17,0,85.0,10,10,3,3,1,0,0,1
5,0,70.0,11,4,3,3,0,0,0,1
167,0,97.75,12,26,4,3,1,0,3,0
140,0,167.45,8,1,4,4,1,0,5,0
35,0,71.1,3,3,4,3,1,3,0,0
130,1,90.95,6,28,4,5,0,0,0,0
100,1,123.3,7,22,4,2,0,0,3,1
13,0,96.6,3,7,4,4,1,0,0,1
124,1,96.3,6,27,4,2,1,0,0,1
90,0,60.0,12,21,3,4,1,0,3,1
21,0,108.2,3,14,3,3,1,1,3,1
49,1,112.2,4,10,4,2,2,0,3,1
11,0,139.0,8,12,4,6,2,3,0,0
32,0,191.7,6,8,4,4,0,0,5,0
134,2,135.0,10,15,4,1,2,0,3,1
26,1,119.85,6,17,4,1,0,0,0,1
3,0,66.0,1,18,2,2,1,0,0,1
32,0,70.0,12,27,3,5,1,0,0,1
7,0,120.0,12,30,4,2,1,3,0,1
197,1,112.0,8,18,3,3,0,0,0,0
205,0,90.95,7,24,4,2,2,0,0,0
7,2,165.0,6,19,4,0,1,0,3,1
78,2,103.5,6,28,4,5,2,3,0,1
32,0,126.9,5,7,4,1,0,0,0,1
53,2,77.86,11,29,4,4,0,0,1,1
10,0,79.75,1,30,4,6,2,3,0,1
0,1,45.0,7,27,3,1,0,0,0,1
16,1,152.67,6,2,4,3,0,0,3,1
40,0,128.1,6,27,4,2,1,0,0,0
13,1,80.3,1,20,4,4,1,0,0,1
101,1,126.9,5,5,4,3,0,0,0,1
54,1,121.68,9,9,3,2,0,3,0,1
2,0,72.5,8,15,4,1,2,1,0,0
25,2,114.0,9,18,4,2,1,0,0,1
0,0,170.0,9,26,1,1,1,0,0,1
5,0,1.6,12,22,1,5,0,0,1,1
5,1,105.0,12,20,4,1,0,0,0,1
83,0,0.0,12,17,1,0,0,0,0,1
87,0,95.0,6,11,3,2,2,0,0,1
141,2,119.85,6,15,4,4,0,0,0,1
28,1,107.92,10,12,4,8,3,0,3,1
3,1,114.0,10,22,4,3,0,3,0,1
2,1,91.0,2,13,4,1,0,0,0,1
0,0,45.0,3,18,3,1,0,0,0,1
7,1,215.0,4,15,3,2,0,1,4,1
26,1,118.07,11,10,4,3,0,0,3,1
6,2,130.0,1,30,4,3,2,0,3,1
7,1,140.0,8,22,4,1,1,0,0,0
237,0,148.26,12,28,4,5,2,0,5,1
11,0,0.0,10,4,1,2,0,1,0,1
109,0,97.75,7,4,4,4,1,3,0,1
29,1,154.5,10,15,4,1,1,0,3,0
7,1,89.0,1,10,4,1,2,0,0,1
118,0,80.75,5,26,3,2,0,0,0,1
141,0,107.95,7,6,4,4,1,0,0,1
118,0,123.3,10,27,4,3,2,0,3,0
2,1,85.0,6,14,4,1,0,0,0,1
38,0,79.0,2,25,2,1,0,0,0,0
0,0,158.0,6,2,4,1,0,0,0,1
3,1,96.0,12,5,4,0,1,0,0,1
1,1,103.0,3,10,4,1,0,0,0,1
13,2,124.0,9,22,4,3,0,0,0,1
18,0,77.2,1,29,4,7,3,3,0,1
9,2,177.0,9,12,4,1,2,0,5,1
8,2,90.0,8,26,4,2,0,0,0,1
3,1,67.0,3,3,2,1,0,0,0,1
36,1,81.08,4,12,4,2,0,0,0,1
13,1,202.54,9,12,4,1,1,0,3,0
32,1,96.3,10,19,4,2,1,0,0,1
70,1,125.1,9,15,4,1,0,3,0,1
161,0,95.88,9,19,3,3,1,0,0,1
3,0,121.0,5,12,4,3,2,3,0,1
222,2,110.7,12,2,4,2,1,0,3,1
35,1,131.4,4,5,4,3,0,0,3,1
61,1,98.25,9,15,4,1,0,0,0,1
76,0,69.33,4,12,4,3,0,0,0,1
76,0,59.5,3,25,4,2,1,0,0,0
18,1,65.0,10,18,2,1,0,0,0,1
7,1,91.0,5,21,3,1,1,1,0,1
28,1,126.0,10,20,4,4,0,0,0,1
12,0,176.33,12,10,4,1,2,0,5,1
3,1,86.0,2,1,4,2,1,0,0,1
106,0,105.28,5,8,4,5,2,0,0,0
19,0,147.71,11,5,4,5,2,0,4,1
4,1,160.5,6,18,4,1,1,0,3,1
87,1,56.94,3,20,4,2,2,0,0,1
2,0,110.0,5,19,0,1,0,0,3,1
4,1,242.0,9,14,4,2,0,0,5,0
156,0,81.25,8,7,3,2,2,0,0,1
4,2,75.0,9,27,3,1,0,0,0,1
31,0,81.9,3,9,4,1,0,0,0,0
117,0,96.05,4,6,4,4,1,0,3,1
157,2,161.1,9,5,4,3,1,1,0,0
180,1,130.05,8,10,4,4,0,0,3,0
156,1,94.5,8,23,4,2,0,3,0,1
15,1,67.32,12,20,4,5,1,3,0,1
49,1,67.22,3,9,4,1,0,0,3,1
90,0,149.4,9,7,4,4,0,0,3,0
29,1,72.0,1,26,4,3,0,3,0,1
7,1,151.19,10,29,4,1,2,1,0,1
23,2,110.0,8,31,4,4,0,3,0,1
0,0,80.0,12,25,4,0,2,3,0,1
2,2,130.0,8,17,4,1,0,0,0,1
101,0,142.3,7,21,4,3,0,0,3,0
9,1,95.2,12,28,4,4,0,3,0,1
7,0,99.88,12,7,4,4,0,0,3,1
18,1,99.75,10,3,4,2,2,3,0,1
1,0,115.0,9,27,2,1,0,0,0,1
141,0,75.0,6,3,3,2,1,0,0,0
0,0,75.0,11,7,2,1,1,0,0,1
38,0,103.95,3,20,4,2,2,0,3,1
82,0,99.45,4,6,4,4,1,0,3,0
16,2,105.0,9,9,4,2,0,0,0,1
14,0,79.0,2,12,4,2,0,3,0,1
127,1,96.3,6,27,4,2,1,0,0,1
29,1,139.0,9,29,4,1,0,0,0,0
15,0,153.0,9,2,4,2,1,0,3,1
112,0,76.5,7,22,4,4,0,0,0,0
19,1,95.9,9,19,3,1,1,3,0,1
38,0,85.0,12,2,2,2,0,0,0,1
72,2,149.4,5,2,4,1,1,0,3,1
1,1,89.0,8,9,4,2,2,3,0,1
51,1,146.92,10,7,4,1,0,0,5,1
0,1,95.4,3,13,4,1,2,0,3,1
7,2,141.95,5,29,4,3,2,0,3,1
0,0,94.1,9,2,4,1,0,3,0,1
31,2,159.3,10,18,4,5,2,0,5,1
136,0,80.75,9,4,3,2,2,0,0,1
3,1,67.0,9,12,2,2,1,0,0,1
34,2,125.1,9,11,4,0,2,3,0,1
33,0,140.4,4,29,4,3,2,0,3,1
25,0,187.0,7,2,4,1,1,0,3,0
292,1,158.4,7,23,4,1,2,0,5,0
22,1,87.0,12,24,4,3,1,0,0,1
26,0,161.6,6,17,4,4,2,0,3,0
5,0,151.33,10,6,4,3,0,0,0,1
27,0,144.9,10,10,4,2,1,0,3,0
28,2,135.0,11,10,4,3,0,3,0,1
80,1,122.4,12,31,4,1,0,0,0,1
38,1,67.5,2,15,4,0,1,0,0,0
0,0,79.0,2,6,4,1,0,0,0,1
79,0,85.5,3,26,4,1,1,3,0,1
3,0,170.0,9,12,4,1,1,0,3,0
67,1,149.4,9,18,4,1,2,0,3,1
8,0,151.0,8,6,4,1,2,0,0,0
73,1,62.29,3,4,4,2,1,0,0,1
296,1,104.4,7,24,4,5,2,0,3,0
92,0,81.95,6,20,4,3,1,3,0,1
49,0,65.0,3,4,3,5,2,0,0,1
45,1,126.9,6,30,4,3,1,0,0,0
29,1,75.0,11,22,3,2,0,0,0,1
109,2,68.0,8,4,4,2,0,0,0,1
33,1,83.9,3,2,4,4,0,0,0,0
139,0,81.25,8,11,3,3,2,0,0,1
57,3,112.8,12,27,4,3,0,0,0,1
29,0,77.6,1,30,4,1,2,0,3,0
102,0,82.45,8,13,3,3,2,0,3,1
107,2,152.1,8,20,4,1,2,0,3,1
1,0,129.0,3,19,4,1,0,3,0,1
64,2,119.17,4,25,4,4,1,0,0,1
22,0,134.78,12,26,3,2,2,1,5,1
37,2,138.15,3,24,4,2,0,0,0,1
42,1,90.76,2,14,4,3,2,0,3,1
45,0,113.62,4,10,4,4,2,0,3,0
63,1,85.0,11,12,4,3,1,0,0,1
0,0,159.0,7,1,4,1,0,0,0,1
248,0,106.0,10,31,2,2,1,0,4,0
19,1,151.0,7,25,4,0,1,0,0,0
21,0,135.0,3,31,4,4,2,0,0,0
236,1,6.0,7,28,4,4,2,0,1,1
82,0,158.83,3,23,4,4,0,0,5,1
223,1,92.28,9,29,4,3,1,0,0,1
17,0,108.0,3,4,4,1,0,0,3,1
0,0,111.2,5,5,2,1,0,0,0,1
63,2,93.6,12,13,4,1,0,0,0,1
8,1,106.25,5,25,4,1,0,0,0,1
13,1,132.33,6,29,4,3,0,3,0,1
110,2,118.8,10,10,4,2,1,0,0,0
26,1,87.78,12,5,4,1,1,0,3,1
3,1,81.3,12,27,4,1,2,0,0,1
0,0,95.0,10,17,2,1,1,0,0,1
19,1,165.0,11,10,4,2,0,0,3,1
10,2,172.0,4,29,4,2,2,0,3,1
24,2,89.0,1,12,4,4,0,0,0,1
0,0,95.1,10,28,4,2,0,0,0,1
0,0,85.0,11,9,4,0,1,3,0,1
8,1,131.0,6,22,4,2,0,0,3,1
23,2,57.59,11,25,4,2,2,3,0,1
2,0,110.0,5,22,0,0,1,0,3,0
25,2,145.0,9,25,4,0,2,0,0,1
88,3,125.66,12,28,4,3,0,0,3,1
5,0,0.0,12,22,1,5,0,0,1,1
58,2,90.68,10,31,4,3,1,3,0,1
221,3,94.5,8,18,4,2,0,3,0,1
60,0,89.46,4,24,4,2,2,0,0,0
8,0,133.0,9,24,4,1,0,0,0,1
34,0,126.9,5,11,4,1,0,0,0,0
192,0,0.0,9,25,4,3,2,0,0,1
87,1,82.45,3,30,4,4,1,0,0,1
12,0,73.0,2,16,2,1,0,3,0,1
102,0,79.29,6,25,3,10,4,0,0,0
213,2,99.71,10,17,4,3,1,0,0,1
154,0,146.7,7,9,4,1,0,0,3,0
12,2,130.22,3,1,4,5,0,1,0,0
41,2,87.0,12,21,4,2,1,0,0,1
94,0,85.0,9,22,3,3,0,0,0,0
11,0,159.0,5,2,4,1,1,0,0,0
28,1,159.0,9,16,4,2,0,0,0,1
22,0,71.2,1,25,4,15,5,3,0,1
1,0,95.0,11,13,4,0,2,3,0,0
52,0,67.0,10,13,2,1,0,0,0,1
12,1,55.0,12,5,3,1,1,0,0,1
58,2,198.0,10,21,4,2,1,0,5,1
88,1,150.3,8,19,4,1,0,0,3,1
197,1,85.5,8,1,4,1,1,3,0,1
49,1,79.2,11,21,4,2,1,3,0,0
5,2,114.0,9,20,4,0,1,3,0,1
58,2,123.3,9,2,4,2,1,0,3,1
56,0,99.0,9,2,4,1,0,3,0,0
85,2,72.25,3,28,4,5,1,3,0,1
1,0,91.0,2,24,4,1,0,0,0,1
76,0,132.6,4,30,4,2,2,0,3,1
54,0,148.33,2,28,4,2,2,0,5,0
44,0,173.0,2,8,4,1,1,0,5,1
84,3,149.4,9,27,4,3,0,0,3,1
4,1,112.5,4,8,4,2,2,0,0,1
82,1,72.25,3,29,4,5,1,3,0,1
87,1,136.8,11,18,4,2,0,1,3,1
148,0,100.8,6,2,4,3,0,0,0,1
62,1,112.2,4,6,4,4,0,0,3,0
22,1,101.0,10,6,4,1,0,0,0,1
118,1,186.3,7,24,4,0,2,0,5,1
35,1,70.03,2,25,4,3,0,3,0,1
14,1,110.8,6,8,3,4,0,0,0,1
0,1,104.0,11,2,4,1,1,0,0,1
65,0,68.0,12,17,3,1,2,0,0,1
68,0,49.5,9,29,3,2,0,0,0,1
90,0,76.5,8,16,4,4,2,0,0,0
16,1,119.0,4,22,4,1,0,3,0,1
290,0,106.0,12,12,2,2,1,0,4,1
66,1,79.0,12,24,4,1,2,0,3,1
125,0,177.3,7,12,4,1,0,0,5,1
8,0,87.0,8,14,3,2,0,1,0,1
39,2,145.1,8,17,4,1,0,3,0,1
8,1,104.25,12,13,4,0,1,0,1,1
129,2,80.75,5,13,3,2,1,0,0,1
189,2,109.77,8,20,4,5,2,0,3,0
9,1,116.8,10,29,4,1,1,0,0,1
187,3,103.5,10,7,4,2,1,0,0,1
10,3,140.0,8,24,4,1,0,0,0,1
81,0,93.6,11,13,4,0,2,0,0,0
40,1,60.0,11,1,3,3,2,0,3,1
169,2,121.5,8,3,4,3,0,0,0,0
37,0,125.55,10,2,4,3,2,0,3,0
10,1,111.35,5,31,4,3,0,0,0,1
0,0,76.0,1,21,2,1,0,0,0,1
19,0,131.6,4,14,4,3,2,0,3,0
8,1,153.0,8,16,4,2,2,3,5,1
52,2,207.0,12,31,4,2,0,0,5,1
57,2,126.0,12,9,4,2,0,0,3,1
36,2,99.0,9,1,4,2,0,3,0,1
1,0,101.0,3,3,4,2,0,0,0,0
53,2,128.1,9,4,4,4,2,0,3,1
23,1,154.0,12,3,4,1,2,0,3,1
12,0,129.0,6,27,4,0,1,3,0,0
4,1,90.0,5,23,3,1,1,0,0,1
21,0,91.0,3,7,4,0,1,0,0,0
30,1,74.8,12,5,4,3,1,3,0,1
0,0,147.59,9,16,4,1,0,3,3,1
15,0,136.0,6,13,4,3,1,0,3,0
11,1,96.0,11,3,4,1,0,0,0,1
0,0,188.0,8,8,2,0,1,0,4,1
111,1,155.7,8,11,4,2,0,0,3,1
158,1,69.92,4,16,4,1,2,0,1,1
46,0,112.0,10,31,3,5,2,0,0,1
28,2,116.56,9,19,4,3,2,0,0,1
12,1,109.0,6,8,4,1,0,3,0,1
54,1,118.8,4,7,4,3,0,0,3,1
14,1,119.0,9,28,2,1,0,0,3,1
86,0,76.5,7,6,4,3,1,0,0,0
63,1,99.0,9,4,4,0,1,3,0,1
83,1,96.9,7,24,3,1,2,0,0,1
14,1,185.2,9,15,4,5,0,0,5,1
0,0,65.0,9,13,2,2,0,0,0,1
134,1,80.75,4,17,4,2,2,0,0,1
23,2,124.0,9,20,4,2,2,0,0,1
100,0,53.24,3,16,4,4,0,0,0,1
105,0,71.4,9,16,4,4,0,0,0,1
88,0,152.87,8,23,4,5,2,0,3,1
4,1,91.0,3,2,4,1,0,3,0,1
59,1,87.3,3,9,4,3,0,0,3,1
65,0,80.75,10,16,3,2,2,0,0,1
6,0,68.67,11,24,4,3,2,3,0,1
79,1,132.6,6,7,4,5,0,0,3,1
22,2,156.7,4,26,4,4,0,0,5,1
61,0,76.58,4,11,4,3,1,0,0,0
18,1,94.4,6,13,4,4,1,0,0,1
10,0,97.0,12,11,4,1,0,0,3,1
20,1,88.0,12,5,4,2,1,3,0,1
90,1,135.9,8,4,4,4,2,0,0,0
28,1,125.4,9,7,4,3,1,0,0,1
3,0,110.0,10,7,0,2,1,0,3,0
75,0,70.0,3,17,4,3,1,0,0,0
87,1,85.5,6,26,4,0,1,3,0,1
83,1,90.18,10,31,4,4,1,0,0,1
17,2,138.0,12,30,4,2,0,0,0,1
122,0,60.59,4,18,4,3,1,0,0,1
149,0,80.75,8,29,4,2,2,0,0,0
227,3,76.5,8,17,4,9,3,0,0,1
38,1,81.9,3,11,4,5,2,0,0,1
33,0,104.49,5,9,4,1,1,3,0,0
1,0,100.0,2,25,4,3,0,0,5,1
302,2,90.3,12,29,4,3,0,0,0,0
22,2,147.75,9,10,4,3,1,0,0,1
107,1,156.6,12,3,4,1,2,0,5,0
35,0,179.01,5,16,4,1,1,0,5,0
119,0,99.3,4,29,4,2,1,0,0,1
50,2,159.3,6,3,4,2,0,0,3,1
24,0,85.0,9,20,3,4,2,0,0,1
2,0,65.0,5,5,2,1,0,0,0,1
98,0,167.45,4,23,4,4,2,0,5,0
231,2,78.3,12,2,4,2,1,0,0,0
217,1,124.2,5,24,4,2,0,0,0,0
0,0,0.0,11,16,1,0,1,0,4,1
28,0,85.6,11,11,3,4,0,0,0,1
0,0,0.0,6,15,1,1,0,0,0,1
135,0,78.65,10,30,3,1,2,0,3,1
209,0,100.8,8,19,4,2,0,0,0,0
39,1,99.86,12,27,4,2,2,0,1,1
1,1,156.0,10,16,4,3,2,0,0,1
30,3,74.8,11,26,4,2,2,3,0,1
60,0,140.4,5,27,4,2,1,0,3,0
55,1,139.5,10,12,4,3,0,0,3,0
142,1,138.55,8,8,4,4,1,0,3,1
223,1,89.73,9,2,4,12,4,3,0,0
37,2,135.0,8,30,4,4,0,0,0,1
303,0,78.0,8,19,4,3,2,0,0,0
58,0,132.3,10,13,4,3,0,0,3,0
7,0,109.0,10,26,2,1,0,0,4,1
308,0,71.91,12,29,4,3,2,3,0,0
61,0,87.3,3,10,4,3,0,0,3,0
28,1,90.25,9,4,4,2,2,0,0,1
23,1,94.36,10,2,4,3,2,3,0,1
88,0,72.25,4,2,4,2,2,3,0,1
83,0,168.3,3,25,4,2,1,0,5,0
1,2,95.0,11,17,4,3,0,3,0,1
19,1,134.0,9,17,4,1,1,3,0,0
0,0,0.0,10,1,1,1,0,0,0,1
182,2,70.44,10,16,4,3,2,0,0,1
89,1,63.49,4,7,4,3,1,0,0,1
180,3,141.3,10,8,4,1,2,0,3,1
39,1,165.06,8,26,4,3,2,1,0,0
93,1,161.15,11,7,2,3,1,0,0,1
0,1,180.0,9,25,4,2,2,0,3,1
32,0,63.33,12,27,3,5,1,0,0,1
59,2,129.2,12,13,4,5,0,1,3,1
102,0,105.9,7,25,3,4,1,0,0,1
57,1,93.6,11,18,4,2,0,0,0,0
187,0,105.3,8,19,4,2,1,0,0,0
1,1,115.0,9,9,4,2,0,3,0,1
10,1,140.8,8,27,4,3,2,0,0,1
208,0,77.23,5,21,4,5,2,0,0,0
0,3,0.0,5,4,1,1,0,0,6,1
45,0,85.5,6,18,3,1,1,0,0,1
2,0,112.2,9,30,3,1,0,1,0,1
17,1,104.0,11,6,4,1,0,3,0,1
112,1,120.0,6,2,4,3,0,0,0,0
50,1,90.9,3,28,4,0,1,0,0,1
4,0,95.0,5,2,2,1,1,0,0,1
214,1,80.75,9,23,3,2,1,0,0,1
4,0,72.1,2,19,3,1,0,0,0,1
156,1,87.3,8,24,4,4,1,3,0,1
110,1,121.59,5,13,4,2,0,0,3,1
18,1,77.0,10,26,3,1,1,0,0,1
36,1,131.4,6,28,4,5,0,0,3,1
183,1,112.0,8,3,3,4,1,0,0,0
54,1,74.8,11,18,4,2,2,3,0,1
20,1,83.8,2,8,4,1,1,0,0,1
60,0,87.3,3,10,4,3,0,0,3,0
113,0,114.9,12,27,4,3,0,0,3,0
11,0,136.0,10,23,4,1,0,0,3,1
21,2,121.2,11,11,4,2,2,0,3,1
244,0,80.7,12,30,4,2,1,3,0,0
141,0,116.62,6,10,4,3,2,0,3,0
59,0,67.5,3,9,4,2,0,3,0,0
54,1,78.3,2,26,4,2,0,0,0,1
130,1,123.67,3,25,4,2,1,0,3,1
151,1,72.25,8,5,3,2,1,0,0,1
10,0,76.75,3,2,4,4,0,3,0,1
121,2,58.91,2,15,4,3,1,0,1,1
17,0,125.33,12,28,4,5,1,0,3,1
4,0,91.0,2,13,4,1,0,0,0,0
9,0,99.0,9,29,2,2,0,0,3,1
94,0,102.68,9,3,3,2,2,0,0,1
0,0,180.0,9,25,4,1,0,0,3,1
45,1,86.55,2,27,4,1,0,0,0,1
40,1,73.1,3,7,4,2,1,3,0,1
91,0,65.0,9,14,2,2,0,0,0,1
202,2,115.5,8,15,4,2,1,0,0,0
178,2,221.0,7,20,4,2,0,0,6,0
24,0,80.2,11,27,4,1,2,0,0,1
1,0,65.0,1,7,2,1,0,0,0,1
103,0,99.3,3,23,4,3,0,0,0,0
213,1,167.95,7,21,4,3,2,0,5,0
131,0,115.94,6,19,4,3,2,0,0,0
5,0,55.74,3,7,3,4,1,0,0,1
0,2,121.0,7,29,4,1,0,0,0,1
2,1,69.5,1,9,4,1,0,3,0,1
109,1,76.5,7,11,4,1,2,0,0,0
102,0,109.0,10,16,3,1,0,1,0,1
25,0,65.0,12,27,3,1,0,0,0,1
1,0,95.0,6,14,2,1,0,0,0,1
0,0,168.3,5,19,4,1,0,3,0,1
1,1,149.0,6,3,4,1,0,0,0,1
198,0,80.75,10,22,3,5,2,0,0,1
32,2,87.78,12,14,4,3,0,0,3,1
24,1,78.15,12,5,4,4,1,0,0,1
69,0,92.43,12,29,4,5,2,0,1,1
35,0,68.0,12,7,3,4,0,0,0,1
53,0,149.4,9,11,4,2,2,0,3,0
73,0,107.1,4,7,4,3,2,0,3,0
5,1,98.0,5,4,2,1,0,0,0,1
27,0,69.0,12,9,4,4,1,0,0,1
189,2,85.5,10,23,4,0,1,3,0,1
6,1,171.0,8,8,4,1,1,0,0,1
0,0,146.0,6,28,4,1,0,3,0,1
61,1,79.2,11,4,4,2,1,3,0,0
105,2,119.85,6,11,4,5,2,0,0,1
1,0,66.0,1,26,2,1,0,0,0,1
175,0,104.1,9,30,4,2,1,3,0,0
60,0,156.6,12,23,4,1,0,0,5,0
138,0,142.2,8,18,4,2,0,0,3,0
123,0,139.24,10,21,4,5,2,0,3,1
40,1,82.1,3,7,4,2,1,3,0,1
44,0,85.5,9,16,4,4,2,0,0,1
75,2,126.0,11,18,4,2,1,0,3,1
54,0,49.43,3,1,4,4,0,3,0,1
38,0,81.0,6,19,3,1,2,0,0,1
7,0,119.0,6,4,4,1,1,3,0,1
55,0,69.5,3,2,4,3,0,3,0,0
8,1,93.5,2,17,4,4,0,0,0,1
27,2,99.0,6,20,4,0,1,3,0,1
15,0,78.03,9,30,4,3,0,3,0,1
64,0,80.1,4,1,4,1,0,0,0,1
84,1,60.98,11,5,4,1,0,3,0,1
197,0,128.7,10,29,4,1,2,0,3,0
79,1,151.2,10,16,4,2,2,0,3,1
0,1,133.0,8,11,4,1,0,0,0,1
93,1,79.0,10,8,4,1,2,3,0,1
113,1,186.3,8,11,4,2,0,0,5,1
54,0,139.86,9,2,4,3,2,0,3,0
2,0,75.0,9,20,3,3,2,0,3,1
30,0,94.2,8,31,4,1,0,0,0,1
10,1,108.67,11,25,4,2,1,0,0,1
21,0,79.0,3,17,4,2,0,3,0,0
48,1,105.3,3,9,4,3,0,0,3,1
28,2,157.0,5,29,4,0,1,0,3,1
22,0,106.4,9,26,4,3,1,0,0,0
108,2,87.3,3,30,4,3,0,0,0,0
73,0,90.9,4,7,4,2,0,0,0,0
0,0,77.0,9,21,3,0,1,0,0,1
141,1,114.3,8,10,4,2,0,0,0,1
0,2,81.0,8,7,4,1,0,3,0,1
1,1,90.33,12,10,4,1,2,3,0,1
2,2,225.0,8,6,4,1,1,0,5,1
2,2,89.0,5,9,4,0,1,3,0,1
195,1,121.5,8,13,4,1,0,0,0,0
16,4,142.0,10,1,4,2,0,0,0,1
1,1,119.0,6,2,2,2,0,0,0,1
20,1,139.0,10,6,4,1,0,0,0,1
99,1,132.6,5,23,4,3,1,0,3,1
31,1,76.23,12,19,4,1,0,3,0,1
192,0,86.0,9,25,3,3,2,0,0,1
6,1,108.0,2,21,4,0,1,0,3,1
110,0,120.0,10,9,4,0,1,0,0,0
3,0,106.0,9,23,3,1,0,1,0,1
13,2,95.0,6,19,3,0,2,0,0,1
12,0,89.89,12,10,4,2,2,0,0,1
13,0,109.0,4,25,4,2,1,3,0,0
197,1,97.02,8,23,4,5,2,0,0,1
90,0,81.62,4,21,3,3,0,0,0,1
10,1,153.0,8,20,4,1,0,3,5,1
34,2,86.4,10,8,4,1,0,3,0,1
16,0,75.99,12,7,4,8,2,3,0,1
18,1,145.0,9,9,4,2,1,0,1,1
0,2,168.3,8,20,4,1,0,0,3,1
65,0,118.8,4,23,4,1,0,0,3,1
182,1,96.94,3,28,4,5,2,0,0,0
91,0,60.0,12,28,3,2,1,0,3,1
14,0,70.0,3,10,3,2,0,0,0,1
3,0,65.0,10,2,3,2,1,0,0,1
67,0,106.25,7,10,3,3,2,0,0,1
98,1,121.5,7,15,4,2,1,0,0,1
228,0,87.9,10,30,4,1,2,0,0,0
2,2,145.0,9,14,4,3,1,0,0,1
48,1,94.5,10,19,4,3,1,0,0,1
29,1,79.75,1,31,4,4,2,0,0,1
68,0,149.4,9,16,4,1,0,0,3,0
124,0,140.15,11,5,4,2,2,0,0,1
4,1,77.0,1,9,4,1,0,3,0,1
21,0,85.0,10,4,3,3,0,0,0,1
3,0,142.0,10,19,2,1,1,0,0,1
17,0,89.0,4,3,4,0,2,3,0,0
20,2,211.0,6,8,4,4,0,0,5,1
26,0,140.67,4,27,4,3,0,0,3,0
91,1,127.65,10,20,4,4,2,0,3,0
132,0,96.9,7,6,3,5,2,0,0,1
1,1,104.0,11,16,4,3,0,3,0,1
9,2,0.0,9,11,1,0,1,0,6,1
81,1,85.0,11,29,4,0,1,0,0,0
83,0,75.0,5,1,3,2,2,0,0,1
145,1,85.5,6,27,4,0,1,3,0,1
101,0,150.3,8,24,4,4,0,0,3,0
96,1,126.9,4,29,4,2,1,0,0,0
17,1,102.0,12,29,4,3,1,3,0,1
26,1,128.33,11,12,4,1,2,0,3,1
9,1,156.0,8,12,4,2,0,0,0,0
56,0,85.5,9,20,3,1,0,0,0,1
7,1,140.0,10,17,4,5,1,3,0,0
1,1,0.0,5,17,1,1,0,0,6,1
17,0,75.66,12,2,4,15,6,3,0,1
123,2,116.95,5,22,4,2,2,0,0,1
61,1,79.36,3,3,4,3,2,0,0,1
134,0,124.2,11,13,4,1,2,1,0,0
0,0,119.0,6,2,4,1,0,3,0,1
20,0,58.0,12,27,3,1,2,0,0,1
108,0,75.76,4,16,4,2,2,0,1,1
60,1,81.08,7,20,4,1,0,0,0,1
64,4,127.5,10,31,4,2,1,0,3,1
74,1,91.48,10,3,4,0,1,0,0,1
2,1,131.0,4,27,4,1,0,0,0,1
90,2,96.3,4,12,4,3,0,0,0,1
163,0,96.3,8,26,4,2,0,0,0,0
4,1,146.0,3,24,4,2,0,0,0,1
115,0,86.0,2,27,3,2,2,0,0,1
247,1,100.3,9,26,4,5,2,0,0,0
20,1,159.0,7,25,4,4,1,0,0,1
46,0,158.4,9,9,4,3,2,0,3,1
26,2,294.0,10,1,4,2,2,1,5,1
22,2,288.0,8,19,4,2,0,1,5,1
143,0,106.03,7,13,4,1,0,0,0,1
2,0,90.0,6,3,3,2,0,0,0,1
184,2,137.7,8,4,4,3,0,0,3,0
64,1,64.37,11,21,4,2,1,3,0,1
14,1,109.0,6,22,4,2,0,3,0,1
232,2,167.95,8,22,4,4,1,0,5,0
1,1,116.0,3,8,4,1,0,0,3,1
20,0,6.0,1,4,1,2,1,0,4,1
0,2,90.0,8,5,4,3,0,0,0,1
185,0,90.95,7,18,4,5,2,0,0,0
4,3,306.0,7,8,4,2,1,0,6,1
39,0,72.0,11,19,3,1,2,0,0,1
14,1,110.0,6,26,4,0,1,0,0,1
20,1,105.0,9,14,4,2,1,0,0,1
6,0,161.0,11,25,4,1,0,0,3,1
6,1,121.67,5,16,4,2,1,0,0,1
109,1,107.1,8,12,4,2,1,3,0,1
160,0,102.3,7,17,4,1,2,0,0,0
91,1,148.5,8,3,4,2,0,0,0,1
34,0,126.9,5,1,4,1,2,0,0,0
223,2,89.25,10,4,4,0,2,0,0,1
157,1,101.58,7,11,4,3,1,0,0,0
2,2,205.0,9,30,4,2,0,0,3,1
88,1,60.0,3,4,3,2,1,0,0,1
6,1,136.0,10,18,4,3,2,0,3,1
165,0,94.18,3,30,4,4,1,0,0,0
74,0,55.24,2,17,4,4,1,0,0,1
38,0,90.95,8,21,4,0,2,0,0,1
13,1,90.95,11,8,4,5,2,0,0,1
117,1,99.45,5,13,4,2,2,3,0,1
159,2,113.4,9,29,4,3,1,3,0,0
33,0,59.5,12,5,3,3,1,3,0,1
15,1,107.99,11,5,4,4,2,0,0,1
1,1,71.69,12,24,4,1,1,0,0,1
5,0,65.0,5,9,2,1,1,0,0,1
8,0,123.2,10,19,4,2,0,0,0,1
25,1,168.38,11,6,4,4,2,0,0,0
5,1,187.0,7,12,4,3,0,0,3,0
4,2,99.51,11,19,4,5,2,0,0,1
7,0,84.0,3,11,2,2,0,0,0,1
80,1,96.3,4,13,4,2,0,0,0,1
64,1,94.5,7,25,4,3,1,3,0,1
14,0,116.49,6,9,4,3,0,0,1,1
90,0,80.75,10,17,3,3,1,0,0,1
50,0,159.6,8,22,4,6,3,0,3,0
43,0,0.0,10,23,4,1,0,0,0,1
62,0,140.0,6,2,3,2,0,0,0,1
22,2,105.65,9,5,4,5,2,0,3,1
96,0,123.5,9,28,3,1,1,1,4,0
57,1,85.85,3,30,4,4,0,0,0,1
15,1,142.6,10,15,4,3,2,0,0,1
116,0,59.5,3,25,3,2,2,0,0,0
4,2,168.5,6,16,4,3,2,0,0,1
199,0,140.0,11,16,4,2,0,0,3,0
88,0,105.0,5,9,3,4,1,1,0,1
105,1,110.08,5,2,4,3,1,0,3,1
41,0,126.9,5,16,4,0,1,0,0,0
2,0,89.0,5,9,4,0,1,3,0,1
33,0,41.43,11,7,3,5,2,0,0,1
0,0,0.0,6,7,1,1,0,0,3,1
41,1,125.1,9,10,4,1,2,3,0,1
60,0,60.27,7,3,4,5,2,3,0,1
33,0,95.0,1,25,2,2,1,0,0,1
181,1,105.3,8,20,4,1,0,0,0,0
6,2,100.0,8,17,4,2,1,0,0,1
70,0,109.0,6,15,3,2,0,1,0,1
45,2,223.75,7,27,4,1,0,0,6,1
1,0,85.0,12,10,2,1,0,0,0,1
9,0,89.0,12,3,3,1,0,0,0,1
29,0,66.0,2,9,3,3,0,0,0,1
144,0,71.0,4,24,3,1,2,0,0,1
1,2,168.5,8,16,4,2,0,0,0,1
26,0,65.0,7,11,2,0,1,0,0,1
42,1,133.03,11,9,4,4,0,0,0,1
137,0,80.75,6,10,3,2,1,0,1,1
8,0,80.0,2,19,2,1,0,0,0,1
28,2,84.3,2,6,4,1,2,0,0,1
1,1,226.17,10,2,4,2,1,0,5,1
31,1,233.1,9,2,4,2,1,1,5,1
11,0,97.0,11,13,4,5,2,0,0,0
3,2,94.0,8,13,4,4,2,0,0,1
94,0,90.0,11,4,4,2,1,0,0,0
134,0,80.0,4,16,3,1,2,0,0,1
20,1,131.35,12,28,4,4,0,0,3,1
8,1,107.0,11,11,4,3,0,0,3,1
47,0,120.0,4,28,4,3,0,0,0,1
62,1,57.0,1,17,3,3,2,0,0,1
60,0,74.8,12,2,4,2,2,3,0,0
131,0,81.3,4,16,4,1,2,0,0,1
7,1,111.0,11,14,4,2,1,0,0,1
154,0,75.0,4,19,3,3,0,0,0,1
185,2,116.1,9,29,4,3,2,0,0,0
105,0,117.3,5,5,4,3,0,0,0,0
108,1,76.5,7,19,4,7,4,0,0,0
9,0,66.0,1,31,2,0,2,0,0,1
21,2,148.0,8,19,4,2,0,3,0,1
63,0,159.3,6,8,4,3,0,0,3,0
180,1,112.2,8,10,4,4,2,0,3,0
93,1,119.0,12,25,4,2,2,0,3,1
83,0,56.1,9,30,3,1,0,1,0,1
76,2,72.25,11,19,4,3,0,0,0,1
6,0,93.2,8,14,4,3,2,0,0,1
0,0,88.0,3,28,2,0,1,0,0,1
25,1,109.0,5,30,4,1,1,3,0,1
75,1,96.78,10,2,4,0,2,0,3,1
3,0,68.0,12,12,4,0,1,3,0,1
172,1,79.03,7,4,4,4,1,0,0,1
18,0,156.0,5,13,4,1,0,0,3,0
77,1,125.1,6,18,4,1,1,0,0,1
0,0,81.0,8,6,4,1,0,0,0,1
87,0,141.3,6,26,4,3,2,1,0,0
179,2,112.5,7,27,4,2,0,0,0,0
13,2,75.0,8,7,4,1,0,0,0,1
123,0,129.34,10,21,4,5,2,0,3,1
137,1,90.0,12,9,4,2,1,0,0,1
70,0,46.33,11,26,3,3,0,0,0,1
72,0,97.54,7,27,4,1,0,0,1,1
209,0,168.3,7,22,4,1,0,0,5,0
4,0,154.5,12,19,4,1,0,0,1,1
116,0,1.0,2,28,4,1,2,0,0,1
122,0,114.3,5,12,4,2,0,0,0,0
0,1,174.0,8,21,4,1,0,0,5,1
35,2,136.2,6,9,4,3,0,0,3,1
4,0,107.0,5,21,3,1,0,0,3,1
1,1,65.0,4,5,2,1,0,0,0,1
110,0,143.1,6,3,4,1,0,0,0,0
1,0,109.0,4,23,4,1,2,3,0,1
1,0,77.71,6,17,4,2,0,3,0,1
164,0,116.1,9,19,4,6,3,3,0,0
0,1,145.0,10,21,3,1,0,0,3,1
0,0,106.65,9,26,4,0,1,3,0,1
14,1,147.9,2,21,4,2,2,0,5,1
1,1,79.0,12,13,2,1,0,0,0,1
57,0,126.36,6,3,4,1,0,0,3,0
133,2,120.7,7,6,4,4,0,0,3,1
114,0,130.0,10,13,3,2,0,0,2,1
61,0,78.25,8,28,3,1,2,0,0,1
16,3,189.49,10,26,4,5,2,0,5,1
8,1,96.0,12,19,4,2,1,0,0,1
36,0,85.5,5,21,3,1,2,0,0,1
132,0,139.0,7,7,4,3,0,3,0,0
119,0,101.0,3,29,3,2,0,0,0,1
98,2,116.1,6,10,4,2,1,3,0,1
31,1,95.4,3,12,4,2,2,0,3,0
111,1,109.65,6,13,4,5,2,3,0,0
118,1,96.78,10,27,4,3,1,0,3,1
65,1,125.1,7,10,4,2,2,0,3,1
88,1,165.75,11,6,4,2,2,0,0,0
25,0,123.0,5,30,4,2,1,0,0,0
58,0,108.9,6,20,4,2,1,0,0,1
0,1,110.0,9,30,2,2,0,0,3,1
57,0,219.6,12,29,4,3,0,0,3,0
18,1,221.0,5,6,4,2,0,0,5,1
0,1,105.34,5,24,4,1,0,3,0,1
12,1,136.0,4,11,4,2,1,0,3,1
83,1,108.0,10,16,4,3,2,3,0,1
47,2,120.95,1,20,4,4,1,0,4,1
43,0,60.0,11,4,3,3,0,0,3,1
125,2,121.55,6,27,4,5,1,0,3,1
102,1,76.5,8,21,4,2,0,0,0,1
9,0,66.0,1,24,3,3,2,0,0,1
174,0,111.0,9,6,3,5,0,0,0,0
1,1,179.0,6,14,4,2,0,0,0,1
135,0,90.0,11,2,4,4,1,0,0,0
111,0,127.8,8,11,4,2,0,0,3,1
0,0,60.25,12,29,3,4,0,0,3,1
349,0,78.3,12,24,4,1,2,0,0,0
34,2,77.6,2,22,3,2,1,0,0,1
141,0,143.1,9,17,4,1,1,0,3,0
8,2,176.0,4,21,4,3,0,0,3,1
5,0,151.94,11,6,4,2,2,0,0,0
10,0,96.92,11,20,4,8,4,0,0,0
140,2,72.25,12,29,4,3,0,0,0,1
16,0,95.0,6,16,2,1,0,0,0,1
118,0,96.3,6,28,4,3,0,0,0,0
69,1,80.75,4,4,4,3,1,3,0,1
16,1,95.0,9,10,3,1,0,0,0,1
2,1,148.0,8,21,4,0,2,0,0,1
91,0,90.95,6,3,3,2,1,0,3,0
6,0,65.0,11,24,2,1,0,0,0,1
4,1,118.58,9,25,4,0,2,3,0,1
21,1,169.0,10,4,4,2,0,0,0,1
144,0,92.55,5,25,4,4,1,0,3,0
11,0,70.0,3,7,3,3,1,0,0,1
4,0,72.8,2,16,3,1,0,0,0,1
66,1,69.3,7,18,4,0,1,3,0,1
8,0,154.33,7,15,4,2,1,0,0,1
10,2,120.0,10,26,4,1,0,3,0,1
6,0,93.0,2,22,4,2,1,0,0,1
5,0,134.0,6,29,4,4,0,3,0,0
113,0,105.3,8,1,4,1,1,0,0,0
111,0,146.7,7,2,4,1,0,0,3,1
0,1,136.0,10,6,4,1,0,0,3,1
209,2,127.8,8,7,4,1,2,0,0,0
27,0,85.5,9,18,3,1,2,0,0,1
54,2,123.3,10,25,4,1,0,0,0,1
37,2,149.4,9,10,4,1,2,0,3,1
46,0,81.31,8,28,4,4,2,0,0,1
115,2,135.9,6,14,4,3,0,0,0,1
33,0,190.8,9,3,4,1,2,0,5,1
71,1,116.1,5,7,4,1,1,3,0,0
6,0,161.0,3,27,4,3,2,0,3,0
22,0,85.0,7,9,3,1,2,0,0,1
142,1,186.3,8,3,4,3,0,0,5,1
11,0,174.33,7,18,3,2,1,0,4,1
22,0,126.0,7,20,3,1,0,0,0,1
4,1,128.29,2,12,4,5,2,0,3,0
153,1,121.5,5,28,4,1,2,0,3,0
10,0,126.0,5,8,4,1,2,0,3,0
85,0,75.0,12,8,3,3,0,0,0,1
47,0,91.8,3,10,4,3,0,0,3,0
11,1,145.0,10,3,4,2,2,0,0,1
39,0,89.1,6,26,4,0,2,3,0,0
2,0,89.0,3,30,4,1,0,3,0,1
19,1,57.59,11,26,4,2,2,3,0,1
121,0,89.76,9,9,4,4,2,3,0,1
12,2,77.78,11,22,4,4,0,3,0,1
12,0,154.0,9,9,4,1,0,0,3,0
146,0,115.2,6,3,4,2,0,0,0,1
21,1,85.0,2,17,4,1,0,0,0,1
80,2,126.9,5,13,4,2,0,0,0,1
1,1,109.0,2,12,4,1,0,0,0,1
94,1,144.0,4,28,4,2,0,0,3,1
108,2,102.3,4,14,4,3,0,0,3,1
33,1,119.0,9,26,4,1,1,0,0,1
0,1,88.0,12,7,4,1,0,3,0,1
263,0,0.0,9,21,4,0,1,0,0,1
43,1,149.4,7,12,4,2,0,0,3,1
62,0,71.4,9,23,3,1,0,0,0,1
80,0,98.41,7,1,4,1,0,0,3,0
6,1,159.0,9,15,4,2,0,0,0,0
68,1,149.4,9,8,4,3,1,0,3,1
182,0,120.0,10,12,3,1,0,0,0,0
8,1,136.0,10,16,4,3,2,3,0,0
66,0,149.4,9,8,4,3,1,0,3,0
12,0,58.0,12,16,3,2,0,0,0,1
42,0,116.1,5,12,4,2,0,0,0,1
77,0,140.4,5,17,4,3,0,0,3,0
114,1,85.0,2,26,3,4,2,0,0,1
85,1,149.4,9,15,4,3,1,0,3,1
33,0,63.58,3,16,3,4,1,0,0,1
88,1,0.0,12,4,1,2,0,0,0,1
121,1,123.3,5,16,4,2,1,0,3,1
14,0,86.0,2,4,2,3,1,0,4,1
33,0,71.53,1,31,4,5,2,0,1,1
128,1,132.3,10,18,4,5,1,0,3,1
48,0,87.3,10,9,3,2,0,0,3,1
28,0,119.0,7,29,4,1,0,0,0,0
107,1,102.3,4,14,4,3,0,0,3,0
16,1,166.0,7,30,4,1,1,0,3,1
1,0,79.0,2,12,4,1,0,3,0,1
74,0,93.6,11,4,4,2,0,0,0,0
8,1,127.0,8,28,4,0,2,3,0,1
128,0,85.5,6,27,4,2,1,3,0,0
103,0,123.3,10,26,4,3,0,0,3,1
73,1,126.9,5,14,4,1,0,0,0,1
59,0,95.0,6,4,3,1,2,0,0,1
147,1,126.9,9,12,4,3,1,0,0,1
104,0,139.2,7,16,4,4,2,0,3,0
16,0,130.33,3,3,4,3,0,0,3,0
22,2,109.0,5,29,4,0,1,3,0,1
15,0,85.0,2,12,4,2,0,0,0,0
71,3,150.98,9,1,4,6,2,0,0,1
6,0,81.0,2,20,4,1,1,3,0,1
70,2,130.05,4,10,4,3,2,0,3,1
47,1,123.96,4,28,4,3,1,0,0,1
68,0,93.78,12,30,4,3,0,0,0,1
32,2,157.5,10,6,4,2,0,0,3,1
1,1,66.0,12,6,3,1,2,3,0,1
6,1,149.0,9,16,4,1,0,3,0,1
111,1,127.8,8,11,4,2,0,0,3,1
1,0,152.67,6,26,4,1,2,0,3,1
17,2,139.0,10,6,4,1,0,0,0,1
31,1,94.5,10,4,4,1,2,0,0,1
78,3,130.58,10,21,3,2,2,1,0,1
19,2,104.0,11,25,4,1,0,0,0,1
56,0,69.11,9,16,4,4,1,0,0,1
42,0,175.28,4,25,4,3,1,0,5,0
90,1,96.3,4,25,4,1,1,0,0,1
8,0,95.0,6,24,3,2,0,0,0,1
42,0,103.84,4,21,4,3,1,0,0,1
104,0,105.3,7,16,4,1,1,0,0,0
13,1,151.0,8,6,4,1,0,0,0,1
16,0,0.0,2,24,4,0,0,0,0,1
30,0,98.1,11,30,3,2,0,0,0,1
40,0,150.3,4,1,4,2,1,0,3,0
186,2,164.25,8,1,4,5,2,1,0,0
1,0,154.0,9,14,4,2,0,3,0,1
6,0,65.0,7,26,2,3,0,0,0,1
180,0,114.75,8,11,4,3,1,0,0,0
44,2,143.44,10,18,4,5,0,0,3,1
18,2,151.0,8,6,4,2,2,0,0,1
10,0,72.1,2,19,3,1,0,0,0,1
21,0,75.0,10,12,3,2,1,0,3,1
75,1,76.5,7,6,4,1,1,0,0,0
86,0,75.0,12,15,3,2,0,0,0,1
18,2,166.0,6,16,4,3,0,0,3,1
60,1,125.1,9,25,4,1,2,3,0,0
129,2,135.9,8,27,4,1,2,0,3,0
11,0,145.0,7,5,4,6,2,0,0,0
58,0,80.0,1,27,3,3,0,0,0,1
207,3,80.01,10,20,4,3,2,0,0,1
70,2,87.48,10,30,4,3,2,0,0,1
156,0,105.3,7,25,4,2,1,0,0,0
104,0,91.5,10,6,3,2,0,1,0,0
65,1,94.5,7,23,4,1,1,3,0,1
130,1,100.8,8,24,4,2,0,0,0,1
31,1,117.3,3,2,4,4,0,0,3,1
18,0,89.0,4,8,4,1,0,3,0,0
58,2,123.3,3,31,4,3,0,0,3,1
49,3,117.9,7,1,4,2,1,0,0,1
68,0,109.8,11,27,4,1,2,0,0,0
72,0,74.8,12,19,4,3,1,3,0,0
94,0,106.08,5,11,3,4,0,0,3,1
151,0,97.75,8,6,4,6,3,3,0,0
196,3,81.81,7,4,4,10,3,0,1,1
38,0,112.59,9,26,4,1,1,3,0,0
67,0,139.5,7,12,4,4,0,0,3,1
99,0,118.8,10,8,4,2,2,0,0,0
223,0,90.9,12,30,4,2,0,0,0,1
43,2,168.3,7,18,4,1,1,0,3,1
30,1,134.1,8,2,4,3,0,3,0,1
12,0,91.63,12,26,4,3,1,0,3,1
26,0,171.0,2,8,4,1,1,0,5,0
103,1,137.7,8,2,4,2,0,0,3,1
3,0,80.0,11,6,3,2,1,0,0,1
6,2,137.0,4,5,4,1,0,0,0,1
61,0,135.9,9,18,4,1,2,0,0,0
2,0,67.0,10,27,2,1,0,0,0,1
20,1,149.0,10,3,4,2,1,0,0,1
184,3,128.7,10,17,4,3,1,0,3,1
15,1,120.18,6,1,4,4,0,0,0,1
141,0,72.25,8,25,3,3,0,0,0,1
116,0,105.3,5,5,4,3,0,0,0,0
124,1,46.67,3,15,3,5,1,0,0,1
8,2,0.0,12,9,1,2,0,0,3,1
311,1,112.5,12,30,4,2,0,0,0,0
8,1,96.0,3,8,4,1,0,0,0,1
32,1,0.0,11,15,4,0,0,3,0,1
3,0,95.0,10,16,3,3,2,0,0,1
85,1,117.0,6,4,4,1,1,0,0,1
124,2,72.25,12,28,4,3,1,0,0,1
35,0,99.0,9,26,4,0,1,3,0,0
75,0,60.0,2,20,3,2,2,0,0,1
30,1,216.9,8,6,4,1,0,0,5,1
92,1,63.75,8,6,3,3,0,0,0,1
121,1,129.0,5,2,4,0,1,3,0,1
196,1,80.75,7,31,4,2,2,3,0,1
2,0,65.0,11,22,2,1,2,0,0,1
50,0,90.9,4,1,4,1,0,0,0,1
192,2,114.75,8,4,4,3,1,0,0,0
15,1,112.0,11,1,4,2,0,0,0,1
8,1,126.0,9,20,4,1,2,0,0,1
131,1,81.25,8,1,3,4,1,0,0,1
130,0,107.95,7,6,4,4,1,0,0,1
0,0,97.0,2,24,4,1,0,0,0,1
52,2,104.08,3,17,4,3,2,0,3,1
26,0,102.72,12,21,4,4,1,1,0,0
7,0,82.0,2,24,3,3,0,0,0,1
9,0,111.35,5,31,4,1,0,0,0,0
51,0,123.3,3,30,4,3,0,0,3,1
41,1,78.54,10,14,4,4,0,0,3,1
45,2,94.5,10,22,4,3,0,0,0,1
8,0,112.0,10,17,4,3,1,3,0,1
87,1,90.23,10,31,4,3,1,0,0,1
172,0,180.9,10,4,4,3,0,0,5,0
0,1,117.05,10,15,4,1,0,0,0,1
25,1,85.0,11,1,4,4,0,3,0,1
11,1,111.35,5,29,4,3,2,0,0,1
25,1,151.0,7,7,4,1,0,0,0,1
33,0,85.5,9,10,3,1,1,3,0,1
61,0,63.58,3,19,3,2,2,0,0,1
96,3,118.8,10,8,4,1,1,0,0,1
214,1,90.9,8,11,4,3,0,0,0,0
5,0,92.25,8,16,4,2,2,3,0,1
64,1,154.1,8,6,4,1,1,0,0,1
152,1,94.5,7,27,4,2,0,3,0,1
53,1,188.81,7,1,4,2,1,0,6,1
90,1,96.3,4,15,4,2,1,0,0,1
8,1,104.5,11,6,4,2,2,0,0,1
44,0,107.1,11,1,4,4,0,0,0,0
4,1,139.0,7,6,4,2,0,3,0,1
112,0,58.9,3,21,4,2,1,3,1,1
118,1,139.5,8,15,4,2,1,0,0,1
0,2,156.0,8,26,4,1,0,0,5,1
145,0,94.5,8,1,4,1,1,3,0,1
4,1,0.0,10,14,1,2,0,0,0,1
3,1,116.0,4,20,4,1,0,0,3,1
55,1,78.3,3,13,4,1,2,0,0,1
19,1,118.0,9,6,4,2,0,3,0,1
31,2,88.0,11,19,4,1,0,3,0,1
109,0,118.8,10,20,4,3,0,0,0,0
0,0,95.0,8,31,3,4,0,0,0,1
21,2,163.0,9,24,4,1,1,0,0,1
98,0,168.3,5,17,4,2,0,0,3,0
81,0,80.75,10,16,3,3,2,0,0,1
41,1,107.0,3,27,3,1,2,1,0,1
1,0,140.0,10,22,4,1,0,0,0,1
20,2,187.0,2,13,4,1,2,1,3,1
2,0,63.75,11,4,3,4,0,0,0,1
68,0,68.0,7,4,4,1,2,0,0,0
171,2,114.75,8,6,4,2,2,0,0,0
179,1,90.95,7,23,4,4,2,0,0,1
104,0,111.78,5,4,4,4,0,0,0,0
6,1,69.5,1,15,4,2,0,3,0,1
57,0,88.4,12,26,4,3,1,3,0,0
63,1,126.9,4,29,4,2,1,0,0,1
83,2,93.6,11,25,4,2,0,0,0,1
153,0,90.46,7,15,4,5,2,0,0,0
81,1,190.8,10,10,4,3,1,0,5,1
260,0,168.3,12,31,4,1,0,0,5,1
3,1,66.0,2,25,2,1,0,0,0,1
15,2,187.0,7,4,4,1,1,0,3,1
8,0,73.9,1,12,4,2,0,0,0,1
18,2,77.0,1,30,4,1,1,3,0,1
159,1,106.74,7,6,4,5,2,0,0,0
8,2,82.0,12,4,4,3,2,3,0,1
9,2,95.0,9,10,4,1,0,0,0,1
57,0,228.6,4,24,4,1,2,1,5,0
34,0,75.0,10,25,3,3,2,0,3,1
119,2,76.5,8,13,4,3,0,0,0,1
49,1,111.0,10,3,4,2,1,3,0,1
108,0,75.38,5,4,4,3,0,3,0,1
1,0,118.0,8,4,4,1,0,3,0,1
148,1,108.16,5,29,4,2,2,0,3,1
8,0,161.0,4,11,4,1,1,0,3,1
45,1,131.4,3,19,4,1,1,0,3,0
35,0,89.1,6,21,4,1,0,3,0,0
20,0,70.42,12,28,4,2,1,0,3,1
7,1,100.1,10,28,4,2,2,3,0,1
9,0,79.0,12,21,2,2,0,0,0,1
42,1,73.15,10,26,4,4,1,3,0,1
25,2,111.4,4,15,4,3,2,0,0,1
3,0,80.0,3,7,2,1,1,0,0,1
85,0,97.75,3,24,4,3,2,0,3,0
65,1,118.14,9,25,4,3,2,0,0,1
5,1,149.0,7,5,4,2,0,0,0,1
88,1,69.5,1,29,4,2,0,3,0,1
34,1,108.9,5,22,4,0,2,0,0,1
4,2,81.6,12,5,3,2,2,0,0,1
71,1,90.95,3,31,4,3,1,0,3,1
4,1,133.33,10,27,4,3,0,3,0,0
276,0,116.33,9,22,4,3,0,0,0,0
2,0,123.0,10,18,2,1,2,0,0,1
90,0,119.85,5,7,4,2,2,0,0,1
3,2,45.0,5,19,3,1,0,0,0,1
34,0,84.69,2,19,4,9,4,0,0,0
61,2,92.65,11,12,3,3,2,0,0,1
158,2,76.5,8,7,4,5,2,0,0,1
4,1,95.0,9,2,4,1,0,0,0,1
3,0,79.0,2,6,4,6,2,3,0,0
65,0,152.1,8,20,4,1,1,0,0,0
61,0,68.0,11,19,3,1,2,0,0,0
1,2,168.0,6,18,4,1,0,0,0,1
5,1,65.0,9,28,2,4,0,0,0,1
181,0,250.0,10,11,3,1,0,0,4,0
141,0,99.96,5,30,4,4,1,0,0,0
71,0,87.3,4,1,4,2,0,0,0,0
195,0,147.0,8,23,4,5,1,1,3,0
0,0,95.0,10,5,2,1,0,0,0,1
35,0,118.8,9,5,4,3,1,0,0,1
99,2,161.1,11,7,4,2,1,3,0,1
80,1,72.07,11,12,4,1,2,0,0,0
17,1,61.52,11,3,4,3,1,3,0,1
0,1,107.0,10,31,4,1,0,0,0,1
72,1,122.4,7,21,4,3,2,0,3,1
81,0,96.3,4,15,4,2,0,0,0,0
247,0,63.75,11,19,4,3,2,3,0,0
0,0,4.5,11,28,1,1,1,0,0,1
12,0,85.0,11,1,4,4,0,0,0,0
158,0,80.75,9,17,3,1,2,0,0,1
15,0,88.4,12,20,4,5,2,0,0,1
30,0,117.9,5,23,4,1,1,0,0,0
25,0,62.64,12,26,4,1,2,0,0,1
101,0,54.06,4,12,4,5,1,3,0,1
20,1,134.0,4,9,4,2,2,0,3,1
20,1,185.0,11,8,4,2,0,3,0,1
41,0,140.4,3,25,4,2,0,0,3,0
89,0,183.3,7,21,4,3,0,0,5,0
122,0,121.5,7,27,4,1,0,0,0,0
193,0,108.9,9,1,4,3,0,0,0,0
1,1,77.25,12,19,4,1,0,0,1,1
34,0,85.5,9,18,3,0,1,0,0,1
81,3,117.9,8,14,4,2,2,0,0,1
65,0,100.0,10,2,3,1,0,0,0,1
103,0,151.2,10,9,4,0,1,0,3,0
43,3,88.0,11,3,4,1,0,3,0,1
78,0,274.2,12,29,3,3,1,0,6,1
32,0,116.64,9,2,4,2,1,0,4,1
61,0,60.0,11,28,3,1,2,0,3,1
79,1,109.8,4,28,4,1,0,0,3,1
192,2,72.75,12,4,4,2,2,3,0,1
14,0,94.35,5,30,4,0,1,0,0,0
49,0,110.0,3,23,4,1,0,0,0,1
9,0,63.75,9,10,3,3,1,0,3,1
160,0,125.8,7,2,4,4,2,0,0,0
21,1,140.0,8,29,4,2,1,0,3,0
7,2,143.2,9,21,4,4,1,0,0,1
113,1,190.8,10,8,4,2,2,0,5,0
37,1,96.1,12,14,4,5,2,0,0,1
154,0,68.0,11,30,3,1,0,0,0,1
109,2,77.86,12,16,4,3,2,0,1,1
39,1,80.3,2,11,4,3,2,0,0,1
177,1,94.5,8,16,4,2,0,3,0,1
21,1,126.0,5,9,4,3,1,0,0,1
73,1,84.3,3,17,4,3,0,0,0,0
230,1,86.5,7,26,4,3,0,0,1,0
68,1,67.5,3,11,4,2,0,3,0,1
20,1,80.0,1,5,2,2,0,0,0,1
61,0,60.0,2,3,3,4,1,0,0,1
83,0,80.75,5,2,3,3,1,0,0,1
31,0,69.3,10,19,3,2,1,0,0,1
4,1,2.0,3,23,4,1,0,0,0,1
16,0,90.38,12,7,4,4,2,0,0,1
179,2,126.9,9,24,4,1,2,0,0,0
166,0,89.25,8,5,4,5,2,3,0,0
215,1,99.45,7,6,4,9,3,0,3,1
123,1,114.75,5,22,4,4,2,0,3,0
187,1,121.5,8,12,4,2,1,0,0,0
9,0,91.0,2,12,4,7,3,0,0,0
5,1,89.89,11,27,4,2,2,0,0,1
6,0,55.0,11,26,3,3,0,0,0,1
81,1,76.5,7,26,4,1,2,0,0,0
52,1,168.3,7,23,4,1,0,0,3,1
210,2,90.0,8,16,4,2,0,3,0,0
0,0,116.0,1,24,4,0,1,0,3,1
132,0,55.63,12,20,4,2,2,0,0,1
74,0,0.0,9,18,4,2,0,1,0,1
35,1,79.2,11,22,4,1,0,3,0,1
123,0,89.92,3,30,4,3,0,0,1,0
7,1,114.0,10,22,4,1,0,3,0,1
20,1,151.0,7,23,4,1,2,0,0,1
7,0,90.0,4,26,3,1,0,0,0,1
13,0,115.0,6,12,4,0,2,0,0,0
5,0,110.0,5,24,2,2,0,0,0,1
76,1,131.26,5,12,4,3,1,0,0,1
41,1,67.5,2,12,4,2,1,3,0,0
15,1,146.0,6,26,4,1,2,0,3,1
21,0,117.0,10,5,4,2,1,0,0,1
2,1,67.0,4,20,2,1,0,0,0,1
20,0,156.0,6,7,4,1,0,0,3,0
112,1,76.5,8,7,4,2,2,0,0,0
95,0,132.6,5,20,4,2,2,0,3,1
19,0,87.0,2,23,3,5,0,0,0,1
45,1,79.33,6,19,4,2,2,0,0,1
195,1,81.81,7,10,4,2,2,0,1,1
35,2,74.8,11,29,4,11,4,3,0,0
201,0,98.1,10,1,4,1,1,3,0,0
232,2,91.8,12,1,4,3,0,0,3,1
20,1,109.0,6,13,4,2,1,3,0,1
19,2,169.0,9,22,4,2,0,0,0,1
60,1,123.98,9,5,4,3,1,0,3,0
45,3,125.1,9,18,4,0,1,3,0,1
188,1,112.01,9,4,4,2,2,0,1,0
97,2,141.3,7,21,4,3,2,0,3,1
124,1,72.25,11,24,4,4,0,0,0,1
46,0,67.15,3,13,4,2,2,3,0,0
16,1,162.0,7,19,4,2,0,0,3,0
6,0,95.0,4,20,0,2,0,0,0,1
6,0,120.0,11,16,4,1,0,3,4,1
29,0,161.67,12,30,3,2,1,0,0,1
10,2,109.0,2,20,4,1,2,0,0,1
82,1,89.25,9,19,4,4,2,0,0,1
243,0,80.75,9,27,3,6,2,0,0,1
35,2,149.0,10,25,4,4,0,0,0,1
19,2,102.79,12,6,4,4,0,0,0,1
133,0,76.0,6,13,3,3,1,0,0,1
174,2,126.9,9,7,4,1,0,0,0,0
65,0,102.9,6,21,4,3,0,0,0,1
18,0,169.0,1,15,4,3,2,0,5,1
7,1,81.0,2,8,4,3,1,3,0,1
73,1,69.53,2,21,4,1,2,0,1,1
97,0,135.9,9,9,4,5,2,0,0,0
61,1,139.34,7,18,4,8,3,0,4,0
96,0,97.88,10,24,4,3,1,0,0,0
83,0,46.67,3,12,3,4,2,0,0,1
1,2,139.0,8,3,4,3,0,3,0,1
9,0,92.0,3,5,3,1,2,0,3,0
5,0,75.0,12,8,2,3,0,0,0,1
16,0,84.33,3,3,4,3,0,3,0,0
34,1,104.4,8,30,4,4,0,0,0,1
29,1,130.15,9,4,4,0,2,0,3,0
158,1,97.75,7,7,4,3,1,3,0,0
7,1,18.0,12,6,4,1,0,0,0,1
63,0,87.3,3,5,4,1,2,0,3,0
0,1,115.0,5,23,3,0,1,0,0,1
187,0,105.3,7,8,4,2,0,0,3,0
47,1,96.3,6,21,4,1,0,0,0,1
76,0,69.12,3,24,4,4,2,0,0,1
109,0,150.3,8,19,4,2,0,0,3,0
15,0,89.0,9,12,4,0,1,3,0,0
20,2,105.0,9,14,4,3,1,0,0,1
65,2,118.8,10,17,4,3,1,0,0,1
53,0,103.5,7,10,4,0,2,3,0,0
47,0,108.0,10,11,4,3,0,3,0,1
30,2,84.55,8,30,4,4,0,0,0,1
135,0,116.1,6,9,4,3,0,3,0,0
45,1,124.1,3,19,4,2,2,0,3,0
3,1,183.0,2,29,4,3,1,0,5,1
107,1,127.1,8,20,4,1,2,0,0,1
80,0,102.6,12,26,4,2,1,0,3,0
212,0,88.4,12,29,4,4,2,0,0,0
131,0,94.5,8,15,4,1,2,1,0,0
48,1,72.36,10,19,3,3,1,0,1,1
83,1,105.3,3,25,4,2,1,0,3,1
33,1,104.0,11,11,4,2,0,3,0,1
17,1,149.0,3,30,4,3,0,0,0,1
12,1,114.0,7,19,4,2,0,3,0,1
82,0,125.1,9,10,4,1,0,3,0,0
135,1,107.95,7,6,4,4,1,0,0,0
93,2,105.3,3,25,4,2,1,0,3,0
1,0,66.0,2,3,2,1,0,0,0,1
33,0,103.05,8,29,4,1,1,3,0,0
74,0,112.5,6,27,4,0,1,0,0,1
6,1,156.0,6,19,4,0,1,0,3,1
20,1,89.0,4,7,4,2,0,3,0,1
32,1,75.0,10,23,3,2,1,0,3,1
84,1,150.3,8,5,4,2,2,0,3,1
28,0,175.4,6,27,4,3,1,0,3,0
10,3,35.0,7,3,1,0,2,0,4,1
105,0,89.3,3,5,4,1,2,0,0,1
17,1,113.33,10,2,4,2,1,0,0,1
72,1,76.5,7,6,4,6,3,0,0,0
3,1,212.29,9,15,4,5,2,0,5,1
5,1,133.0,9,19,4,1,0,0,0,1
94,0,174.6,5,20,4,2,1,1,3,0
1,0,76.5,1,8,4,2,0,3,0,1
141,0,139.95,8,17,4,6,2,0,3,0
5,1,136.0,4,22,4,2,1,0,3,1
49,0,126.0,10,11,4,1,0,0,0,1
77,1,76.5,7,13,4,2,1,0,0,0
59,1,109.8,8,31,4,4,0,0,0,1
54,0,119.7,7,2,4,5,2,0,0,0
0,0,148.0,8,19,4,2,0,3,0,1
117,1,109.65,6,2,4,3,1,3,0,1
36,0,209.7,6,11,4,1,2,0,5,0
50,1,97.2,11,4,4,1,0,0,0,1
1,0,75.0,1,8,4,1,0,3,0,1
167,1,99.45,8,8,4,3,1,0,0,0
289,0,0.0,10,17,4,1,0,0,0,0
25,2,142.45,6,13,4,2,1,0,3,1
1,2,88.0,8,8,4,5,2,0,0,1
124,1,127.8,8,4,4,1,0,0,3,1
217,2,65.11,12,5,4,7,3,3,0,1
111,0,72.25,7,13,3,3,0,0,0,1
0,1,118.0,4,13,4,3,0,3,0,1
15,1,117.3,12,28,4,4,0,0,0,1
129,1,112.03,5,11,4,4,1,0,3,0
122,1,76.5,7,29,4,3,0,0,0,1
20,2,86.0,2,7,4,1,2,0,0,1
59,1,76.5,10,15,3,3,2,0,0,1
27,3,138.2,12,14,4,4,1,1,3,1
52,0,85.0,4,22,3,2,1,3,0,1
32,1,65.14,6,12,4,1,2,3,0,1
4,1,67.0,9,6,2,3,0,0,0,1
56,1,126.9,5,30,4,2,1,0,0,1
153,0,88.01,5,2,4,2,1,0,3,0
150,0,120.82,7,7,4,5,2,0,0,0
1,2,129.0,3,21,4,3,1,0,0,1
15,2,135.0,3,4,4,2,0,0,3,1
30,2,139.5,9,15,4,1,0,0,0,1
44,2,137.14,4,29,4,2,2,0,0,1
79,2,88.4,11,30,4,4,0,0,0,0
63,2,88.4,11,17,4,3,1,0,0,1
10,2,90.0,8,28,4,1,0,0,0,1
65,2,80.1,10,28,4,1,0,3,0,1
25,1,119.0,10,20,4,3,0,3,0,1
89,0,119.85,5,11,4,4,0,0,0,1
0,1,151.0,7,2,4,2,2,0,0,1
90,1,51.71,3,20,4,3,2,3,0,1
7,0,65.0,12,10,2,1,0,0,0,1
3,0,55.0,3,27,3,2,2,0,0,1
81,0,76.5,10,16,3,4,2,0,0,1
61,1,68.0,11,19,3,3,2,0,0,1
40,0,112.95,3,23,4,4,0,0,0,0
184,0,152.15,9,4,4,3,2,1,0,0
20,1,105.0,10,18,3,1,2,0,3,1
95,1,156.45,10,29,4,4,2,0,5,0
24,0,108.5,4,11,4,3,1,0,0,0
165,1,99.45,7,8,4,2,2,0,0,1
112,0,150.3,8,22,4,4,1,0,3,0
7,1,118.2,12,31,4,4,2,0,3,1
46,0,86.4,11,20,4,0,1,0,0,0
91,0,70.0,3,18,3,1,0,0,3,0
102,0,72.25,7,8,3,2,2,0,0,1
1,2,139.5,9,16,4,1,0,0,0,1
4,0,121.0,6,9,4,1,0,0,0,0
62,0,100.6,12,8,4,2,0,0,1,1
59,1,108.0,10,9,4,0,1,3,0,1
20,0,75.0,1,30,4,1,2,3,0,1
27,0,105.84,6,12,4,3,2,3,0,0
15,1,125.0,6,20,4,3,1,0,0,1
55,2,80.24,12,24,4,3,2,3,0,1
0,1,145.0,9,21,4,2,1,0,0,1
25,2,103.95,4,12,4,2,0,3,0,1
134,0,146.7,8,7,4,0,1,0,3,0
137,0,96.3,8,26,4,2,0,0,0,1
142,1,85.5,7,1,4,2,0,3,0,1
52,0,116.1,7,9,4,1,2,0,3,0
1,1,119.0,3,1,4,4,0,0,0,1
64,1,89.3,3,10,4,3,0,0,3,1
68,2,90.0,4,11,3,2,1,0,0,1
65,1,76.5,7,11,4,1,2,0,0,0
94,0,109.8,12,6,4,3,0,0,0,0
23,0,92.0,11,6,3,0,1,0,3,1
14,0,124.0,9,21,4,2,1,0,0,1
35,1,93.63,2,24,4,3,0,0,0,1
9,1,80.3,1,15,4,2,0,0,0,1
61,1,89.75,4,30,3,1,1,0,0,1
9,2,90.0,1,27,4,1,0,3,0,1
7,1,93.0,2,20,4,1,0,0,0,1
86,0,40.67,3,23,3,3,0,0,0,1
61,0,0.0,10,4,4,0,2,0,0,1
32,1,88.0,12,16,4,2,0,3,0,1
63,0,89.25,10,14,4,2,0,0,0,0
0,0,109.87,4,22,4,1,0,0,0,1
97,1,109.81,4,30,4,5,2,0,0,1
54,1,78.77,4,27,4,3,0,3,0,1
38,0,125.62,11,5,4,1,2,0,3,0
14,2,119.0,4,21,4,2,0,3,0,1
16,1,105.25,12,5,4,1,1,0,1,1
16,0,88.33,1,30,4,1,2,0,0,1
37,0,60.0,11,1,3,1,2,0,3,1
91,0,146.7,7,3,4,5,2,0,3,1
38,0,108.11,5,23,4,3,1,0,3,0
24,1,139.0,7,23,4,1,1,3,0,1
7,0,65.0,8,9,2,1,0,0,0,1
21,1,72.42,5,9,4,1,1,3,0,1
15,0,81.0,2,19,2,1,0,0,0,1
172,1,88.7,5,22,4,1,2,0,3,1
0,0,72.8,1,14,4,1,0,0,0,1
20,1,88.0,12,8,4,1,0,3,0,1
121,2,123.3,7,7,4,1,0,0,0,1
82,1,88.01,6,30,4,3,1,0,0,1
82,1,64.67,12,10,4,3,2,0,0,1
131,2,136.5,7,10,4,2,2,0,0,1
4,1,80.3,1,12,4,3,0,0,0,1
155,1,130.5,8,1,4,1,1,0,0,0
33,1,116.1,5,16,4,0,1,3,0,1
45,0,96.3,9,18,3,2,2,0,3,1
32,0,78.3,2,6,4,1,0,0,0,0
46,1,106.8,3,17,4,3,0,0,3,0
0,1,0.0,12,16,1,1,0,0,6,1
83,0,132.3,10,6,4,3,1,0,3,0
92,0,100.0,3,26,4,1,2,0,0,0
52,1,78.3,2,26,4,2,0,0,0,0
31,0,77.0,11,13,2,2,2,0,0,1
2,1,42.28,12,12,4,3,1,3,0,1
18,1,139.0,7,15,4,2,0,3,0,0
8,2,114.0,12,12,4,0,1,0,3,1
28,0,109.33,8,29,4,2,1,3,0,0
87,0,100.0,9,10,2,1,0,0,0,0
102,1,99.0,7,8,4,6,2,3,0,1
168,1,99.87,8,20,4,2,2,0,3,1
1,2,189.0,12,3,4,1,1,1,0,1
45,0,88.4,11,28,4,3,1,0,0,1
104,0,110.1,5,4,4,3,0,0,0,1
72,1,119.85,5,14,4,2,2,0,0,0
133,2,137.7,7,12,4,3,0,0,0,1
105,1,76.5,8,10,4,2,1,0,0,1
74,0,145.1,12,30,3,2,1,0,0,1
54,1,150.45,5,13,4,2,2,0,3,1
5,1,134.3,11,8,4,5,0,1,0,1
228,0,72.22,5,6,4,2,1,0,0,0
8,2,220.0,4,21,4,3,0,0,5,1
18,1,107.65,10,16,4,3,2,0,3,1
205,0,117.64,12,23,4,7,3,0,3,1
85,3,125.1,5,13,4,1,0,3,0,1
0,0,95.0,1,2,4,1,0,3,0,1
18,0,85.0,10,3,3,1,1,0,0,1
3,2,0.0,3,14,4,3,1,0,0,1
109,4,105.21,7,6,4,4,2,0,0,1
74,0,177.3,11,7,4,3,1,0,0,1
4,0,88.0,12,7,4,1,0,3,0,1
6,1,123.0,1,2,4,1,1,0,3,1
95,2,139.7,7,17,4,5,4,0,3,1
45,2,90.0,11,4,4,2,1,0,0,1
42,2,121.78,11,1,4,9,2,0,0,1
74,2,168.3,5,21,4,1,0,0,0,1
60,3,149.77,9,29,4,2,0,1,3,1
99,1,93.78,4,10,4,4,2,0,3,0
20,0,90.0,4,12,3,2,0,0,0,1
21,0,231.0,8,22,4,3,1,0,5,0
0,1,139.0,7,6,4,1,0,3,0,1
142,1,109.2,6,9,4,3,0,3,0,1
58,1,95.4,12,9,4,2,0,0,0,1
163,0,140.4,9,19,4,3,1,0,3,0
175,1,99.45,8,2,4,4,0,0,0,1
22,0,62.0,11,17,2,1,0,0,0,0
5,0,131.0,6,12,4,0,1,0,0,1
274,1,115.2,9,27,4,2,0,0,3,0
4,0,164.0,6,14,4,2,0,1,0,0
33,1,126.9,6,15,4,3,0,0,0,1
57,0,116.45,3,29,4,4,0,0,3,0
39,0,107.1,7,1,4,2,0,3,0,1
4,0,115.0,9,15,3,2,0,0,0,1
107,0,76.5,8,12,4,1,0,0,0,1
0,0,85.0,2,16,4,1,0,0,0,1
11,1,93.0,2,6,4,1,0,0,0,1
177,1,130.05,8,3,4,4,1,0,0,0
15,2,118.15,7,8,3,2,0,0,0,1
153,1,115.2,6,4,4,1,2,0,0,0
142,0,130.05,7,12,4,5,0,0,3,0
2,1,92.0,1,28,4,1,0,0,0,1
7,1,101.45,8,24,4,4,0,0,3,0
231,0,64.6,12,27,3,5,0,0,0,1
140,2,140.98,12,27,4,3,0,0,5,1
45,1,90.88,4,17,4,2,2,3,0,1
29,1,88.0,11,16,4,2,0,3,0,0
3,1,143.0,9,4,4,2,0,0,0,1
63,3,62.32,2,4,4,3,1,0,3,1
0,0,177.0,7,11,4,0,1,0,5,1
74,1,82.45,3,20,4,2,2,0,0,1
95,2,159.3,5,2,4,2,1,0,3,0
25,0,75.0,10,20,3,3,0,0,0,1
236,1,90.95,8,22,4,4,1,0,0,0
14,2,113.0,9,9,3,3,0,1,0,1
146,1,202.5,10,19,4,4,1,1,3,0
133,1,72.25,7,13,3,4,0,0,0,1
12,0,81.0,8,22,4,1,0,3,0,1
95,1,119.85,4,30,4,3,2,0,0,1
80,1,62.83,9,3,4,3,1,3,0,1
3,2,128.0,8,7,4,0,1,3,0,1
9,2,105.0,11,13,4,0,2,0,0,1
40,1,78.3,2,12,4,2,1,0,0,0
118,1,105.3,5,9,4,2,1,0,0,1
51,0,60.0,11,8,3,2,2,0,3,1
17,0,83.2,11,27,4,3,2,0,0,0
199,1,106.2,4,29,4,2,1,0,0,0
80,1,117.9,8,12,4,2,0,0,0,1
149,1,99.45,7,12,4,4,0,0,0,1
17,1,156.0,6,4,4,1,0,0,3,1
93,1,60.0,3,4,3,2,0,0,0,1
54,0,91.13,4,30,4,1,1,0,0,0
256,1,124.0,6,15,4,2,0,1,0,0
216,0,75.0,4,24,3,3,2,0,3,1
1,0,161.88,11,8,2,1,0,0,0,1
148,0,99.45,5,6,4,3,2,0,0,1
85,0,90.95,4,13,4,5,2,0,0,0
87,2,96.3,4,26,4,3,0,0,0,1
122,0,97.54,7,25,4,2,1,0,1,0
186,0,72.25,8,16,3,3,0,0,0,1
1,0,95.0,5,25,0,1,0,0,0,0
50,1,162.4,10,30,4,3,2,1,3,0
69,0,92.65,12,22,3,2,0,0,0,1
86,1,85.5,4,27,4,1,0,0,0,1
8,1,149.0,9,7,4,2,0,3,0,1
0,0,6.0,4,2,4,1,0,0,0,1
2,2,156.0,8,26,4,1,0,0,5,1
45,0,99.0,8,30,4,2,0,3,0,0
14,1,86.0,3,9,4,1,0,0,0,1
0,0,65.0,3,1,2,2,0,0,0,1
16,0,91.5,11,18,4,2,2,3,0,0
39,2,96.3,11,13,4,2,1,0,0,1
32,1,202.05,9,24,4,1,1,0,5,0
9,3,115.67,8,21,4,2,1,0,5,1
41,2,161.1,7,19,4,2,0,1,0,1
3,0,115.0,9,26,3,0,1,0,0,1
1,2,156.0,8,25,4,2,0,0,5,1
10,0,85.0,9,3,3,3,1,0,0,1
17,1,138.6,11,27,4,3,2,0,3,0
1,0,55.0,3,15,1,2,0,0,0,1
11,1,114.0,11,14,4,3,1,0,0,1
70,0,94.5,4,23,4,1,1,3,0,0
269,0,80.0,12,29,3,3,2,0,0,1
6,1,134.83,9,10,4,4,2,0,0,1
29,1,115.0,12,31,3,3,0,0,0,1
155,0,128.7,6,27,4,2,1,0,0,0
18,1,81.8,2,6,4,1,2,0,3,1
7,1,109.0,3,28,4,3,1,3,0,0
17,2,148.38,5,7,4,2,2,1,0,1
0,0,80.0,11,26,3,1,0,0,0,1
5,0,64.64,1,10,4,2,2,0,0,1
13,0,45.0,9,4,3,3,2,0,0,1
11,1,133.33,10,30,4,1,2,0,0,1
153,0,122.91,12,29,4,3,2,0,0,1
70,0,69.5,2,5,4,2,0,3,0,1
43,0,83.2,12,6,4,5,1,0,0,0
13,2,123.67,9,30,3,3,0,1,0,1
87,0,132.3,10,16,4,4,2,0,3,0
2,0,0.0,10,12,1,1,1,0,0,1
4,2,65.0,10,24,2,2,1,0,0,1
132,2,153.0,11,25,4,2,0,0,5,1
37,0,0.0,1,22,4,0,0,0,0,1
5,3,206.0,5,28,4,1,0,0,3,1
106,1,84.58,7,13,3,4,0,0,0,1
38,1,77.86,12,2,4,2,2,0,1,1
49,1,80.3,3,4,4,2,1,0,0,1
13,0,81.0,3,8,4,2,0,3,0,1
46,0,60.0,11,3,3,2,0,0,3,1
44,0,75.0,7,8,2,1,0,0,0,1
8,1,111.35,5,31,4,2,0,0,0,1
0,1,90.0,8,6,4,1,0,3,0,1
359,1,78.0,10,14,3,3,2,0,0,0
2,2,101.0,3,30,4,1,0,0,0,1
39,2,88.4,11,20,4,3,2,0,0,1
3,2,146.5,8,29,4,3,1,0,0,1
0,0,66.0,1,4,2,2,1,0,0,1
8,0,64.4,3,9,3,2,0,0,0,1
7,1,135.0,10,15,4,1,0,0,0,1
19,1,118.67,10,3,4,1,2,0,0,1
0,0,92.86,7,3,4,0,1,3,0,1
121,0,162.0,9,20,4,5,1,0,3,0
292,0,109.0,7,21,3,2,0,1,0,0
12,0,145.0,7,10,4,1,2,0,0,0
99,0,121.5,7,16,4,1,0,0,0,0
63,0,87.98,4,25,3,4,1,0,0,0
341,2,71.91,12,29,4,3,2,3,0,0
39,0,60.97,1,1,4,3,2,3,0,1
47,1,107.1,7,3,4,2,2,3,0,1
73,1,88.29,12,20,4,5,2,1,0,1
81,0,190.29,7,11,4,5,2,1,3,1
268,2,67.5,12,16,4,2,1,3,0,0
15,0,76.5,12,8,4,5,2,3,0,1
54,0,75.0,11,19,3,1,1,0,0,1
37,0,126.45,3,24,4,2,0,0,3,1
163,0,100.8,10,5,3,3,0,0,0,0
0,0,54.02,1,10,4,0,1,3,0,1
35,1,125.1,8,10,4,1,0,3,0,0
10,0,92.0,2,2,4,2,0,0,0,1
41,0,76.5,8,28,3,1,2,0,0,1
3,0,81.0,2,14,4,2,2,3,0,1
53,4,97.87,11,11,4,5,2,0,3,1
57,0,67.5,3,11,4,2,1,3,0,0
192,0,99.45,8,4,4,3,1,0,0,0
17,1,97.5,8,29,4,4,2,0,0,0
44,0,75.0,7,8,2,1,0,0,0,1
21,0,103.67,12,27,4,1,2,0,0,1
0,1,73.0,12,5,4,1,1,0,1,1
199,0,80.75,8,3,4,5,2,3,0,0
3,1,82.88,12,21,4,4,0,0,0,1
39,0,126.9,5,7,4,1,2,0,0,1
3,1,89.0,4,24,4,0,1,3,0,1
90,0,116.1,5,21,4,1,1,3,0,0
1,0,89.0,3,29,4,1,0,3,0,0
18,0,75.99,12,9,4,7,3,3,0,1
103,2,93.6,12,7,4,1,0,0,0,0
1,1,119.0,4,23,4,3,2,0,0,1
76,2,129.0,6,17,4,2,2,0,0,1
7,1,215.0,11,7,4,1,1,0,3,1
115,0,75.0,5,28,3,1,2,0,0,1
133,1,74.67,3,11,3,2,1,0,0,1
24,0,157.0,6,22,4,2,0,0,3,0
69,0,102.6,11,4,4,2,0,0,3,1
54,0,94.5,6,2,3,2,0,0,0,1
70,2,119.85,5,11,4,5,2,0,0,1
6,1,91.0,3,8,4,3,0,3,0,1
0,2,129.0,6,19,4,0,1,3,0,1
5,2,194.0,5,20,4,1,0,1,3,1
2,1,104.0,4,10,4,0,2,3,0,1
259,2,131.43,12,28,4,4,1,0,0,1
9,0,80.0,2,27,4,1,0,0,0,1
73,1,149.4,6,16,4,3,0,0,3,1
1,0,92.0,1,3,4,1,2,0,0,1
25,1,100.0,11,1,4,3,0,3,0,1
24,0,111.6,10,2,3,1,0,0,0,1
16,1,121.0,8,1,4,0,1,0,0,1
43,1,72.0,12,2,3,2,0,0,0,1
66,1,119.85,5,11,4,4,0,0,0,1
72,2,159.3,5,1,4,1,2,0,3,1
228,0,90.95,8,27,4,4,2,0,0,0
12,1,66.0,1,24,2,1,2,0,0,1
91,0,103.5,7,3,4,2,2,3,0,1
161,0,130.0,3,25,4,2,1,1,0,0
119,0,106.25,10,24,3,3,1,1,0,1
16,0,146.0,4,9,4,1,0,0,3,1
0,0,138.0,8,12,4,2,0,0,0,0
188,0,90.95,8,26,4,3,2,0,0,0
112,1,94.5,7,17,4,2,2,3,0,1
107,0,55.63,12,18,4,2,2,0,0,0
22,0,91.0,2,13,4,4,2,0,0,1
111,0,99.28,8,13,3,1,1,0,3,1
46,0,85.0,3,21,3,2,1,0,0,0
150,1,76.5,8,2,4,0,2,0,0,1
95,1,149.4,9,26,4,2,1,0,3,1
0,0,140.0,10,30,4,0,1,3,0,1
2,0,126.0,3,31,4,2,0,0,3,1
69,0,48.6,3,11,4,2,1,3,0,1
1,2,130.0,2,7,4,0,2,0,3,1
19,2,140.05,4,9,4,7,4,0,0,1
74,1,124.6,11,10,4,3,2,0,0,1
154,0,100.8,8,24,4,2,0,0,0,0
204,0,133.2,12,31,4,1,1,0,3,1
63,1,115.5,12,30,4,4,0,0,3,1
50,0,118.8,10,4,4,3,0,0,0,0
68,3,194.4,6,4,4,1,1,0,5,1
57,0,105.25,4,22,4,5,2,0,4,1
2,0,100.0,6,1,3,1,0,0,0,1
1,0,65.0,11,4,2,1,0,0,0,1
1,2,111.0,7,20,4,1,0,0,0,1
67,0,135.0,10,19,4,3,0,0,0,0
18,0,89.0,12,11,3,0,1,0,0,1
0,0,65.0,8,19,2,1,0,0,0,1
35,0,118.8,4,22,4,2,2,0,3,0
8,2,116.27,6,30,4,3,0,0,0,1
3,1,54.75,10,1,3,3,1,0,0,1
12,1,77.25,12,24,4,2,0,0,1,1
2,1,136.0,6,11,4,1,0,0,3,1
29,1,88.76,11,11,4,2,1,0,0,1
58,0,116.1,6,18,4,1,1,3,0,0
1,0,117.8,5,18,3,1,0,0,0,1
12,0,87.0,1,7,4,3,2,0,0,1
82,1,159.3,5,17,4,3,0,0,3,1
136,1,145.3,8,12,4,2,0,0,3,1
19,0,66.0,2,20,3,1,2,0,0,1
1,1,127.0,2,13,4,2,2,0,3,1
123,2,137.94,7,22,4,7,2,0,3,0
35,2,140.1,3,25,4,2,1,0,0,1
0,1,145.0,9,15,2,1,0,0,0,1
84,0,87.3,4,1,4,2,1,0,0,0
31,0,192.6,6,26,4,2,2,1,3,0
26,2,142.0,10,3,4,2,1,3,0,1
1,1,145.0,7,3,4,3,2,0,0,1
39,0,66.4,1,24,3,1,2,0,3,1
93,1,109.83,8,13,4,1,0,0,1,1
137,0,134.3,7,28,4,3,1,0,3,0
2,1,133.47,10,7,4,2,1,0,0,1
105,1,114.3,7,7,4,3,1,0,0,1
103,0,150.67,12,31,3,1,2,0,0,1
26,1,160.0,10,2,4,0,2,0,0,1
22,1,118.0,9,6,4,2,0,3,0,0
54,0,79.2,11,11,4,2,1,3,0,0
145,2,106.71,10,28,4,5,2,0,3,0
265,0,87.0,6,24,3,2,0,1,0,1
113,0,151.2,10,9,4,3,2,0,3,1
45,1,67.15,3,10,4,3,2,3,0,1
126,1,83.12,5,15,4,2,2,0,3,1
242,0,150.45,10,7,4,3,2,0,3,0
19,0,217.67,4,29,4,2,1,0,5,0
141,1,195.25,7,10,4,2,2,1,0,1
122,1,89.25,10,25,4,2,2,0,0,1
210,1,83.85,10,3,4,0,1,0,0,1
138,0,109.25,7,16,4,3,2,0,0,1
2,0,89.0,4,18,4,0,1,3,0,1
37,0,116.1,5,13,4,1,0,3,0,0
35,1,78.3,2,13,4,4,2,0,0,1
1,0,103.5,3,28,4,3,1,0,0,1
76,1,151.2,10,22,4,1,0,0,3,0
62,1,109.8,9,3,4,1,0,0,0,1
4,0,84.0,1,22,4,2,0,3,0,1
0,0,131.0,9,30,2,2,1,0,0,1
23,0,127.67,6,21,4,3,0,0,0,0
1,0,86.0,2,10,4,3,0,0,0,1
16,0,70.41,11,23,4,1,0,3,0,1
137,2,101.53,6,13,4,1,1,0,0,1
29,0,90.0,5,17,3,3,0,0,0,1
157,2,80.75,8,28,3,2,2,0,0,1
40,1,125.1,8,5,4,2,2,0,0,1
1,0,81.0,12,14,4,0,1,0,0,1
181,2,118.0,5,23,4,2,1,0,0,0
113,1,68.3,3,23,4,4,0,3,0,1
164,1,94.5,8,4,4,2,0,3,0,1
11,2,107.67,11,19,4,1,2,0,0,1
127,1,96.3,6,27,4,1,1,0,0,1
3,1,107.0,11,5,4,1,0,0,0,1
70,0,137.7,7,26,4,3,0,0,3,0
67,0,137.7,4,9,4,1,1,0,3,0
3,1,103.0,3,7,4,0,1,0,0,1
20,2,175.0,8,21,4,1,2,0,3,1
5,0,65.0,11,18,2,2,0,0,0,1
18,0,171.0,2,11,4,3,0,0,5,1
24,2,149.0,9,18,4,1,2,0,0,1
19,1,204.0,8,10,4,1,0,1,3,1
12,1,65.0,11,25,2,1,0,0,0,1
60,1,98.94,9,12,4,3,2,0,0,1
152,2,140.7,8,4,4,3,0,0,0,0
0,0,135.0,12,31,4,1,0,3,0,1
25,0,63.58,3,13,3,2,2,0,0,1
51,2,187.85,5,11,4,4,0,0,5,1
185,0,89.25,8,13,4,5,2,3,0,0
108,1,77.03,4,30,4,1,2,0,0,1
92,0,95.2,4,6,4,4,0,0,3,0
20,3,127.2,9,25,4,4,2,0,3,1
39,1,109.0,8,14,3,2,0,1,0,1
136,0,80.75,6,28,4,5,2,3,0,1
48,0,130.05,4,11,4,3,1,0,3,0
8,0,65.0,9,29,2,3,0,0,0,1
20,1,153.0,4,10,4,0,1,0,3,1
25,1,110.46,8,22,4,2,1,0,0,1
13,2,101.0,12,6,4,0,2,0,0,1
75,2,72.25,11,15,4,0,1,0,0,1
69,1,126.9,5,17,4,3,0,0,0,1
96,0,93.96,10,26,4,2,0,0,3,0
30,0,73.42,2,20,4,4,2,0,0,0
85,0,98.0,12,3,4,1,1,0,0,0
41,0,80.3,2,12,4,2,1,0,0,1
83,2,109.8,11,21,4,1,1,0,0,1
18,2,98.6,5,29,4,2,2,0,0,1
75,2,79.2,11,2,4,4,1,3,0,1
0,2,18.6,10,27,4,3,0,1,5,1
0,1,115.0,8,10,4,0,1,0,0,1
9,2,114.5,9,7,4,1,1,0,0,1
23,0,89.0,6,23,4,1,0,3,0,0
71,1,122.4,7,10,4,3,2,0,3,1
33,1,105.0,10,25,3,3,2,0,3,1
126,1,87.0,1,8,4,2,2,0,3,1
225,0,96.3,8,12,4,2,0,0,0,0
6,0,70.0,3,1,3,5,2,0,0,1
14,0,57.75,12,14,4,0,1,3,0,1
59,2,89.25,10,15,4,2,0,0,0,1
78,0,85.5,4,8,4,2,0,3,1,0
27,0,75.0,2,6,4,1,1,3,0,0
1,1,108.0,2,27,4,1,2,0,3,1
6,1,108.0,1,22,4,2,0,0,3,1
37,0,89.3,2,11,4,3,0,0,0,1
239,1,128.7,10,28,4,2,0,0,0,0
40,1,158.4,10,2,4,0,1,0,3,1
2,0,150.25,9,13,4,5,3,0,3,1
38,2,177.3,8,15,4,5,1,0,3,1
62,0,75.0,11,21,3,2,1,0,0,1
18,1,112.72,9,16,4,2,1,3,0,1
18,0,67.0,10,18,2,2,0,0,0,1
50,1,74.61,11,17,4,3,1,0,3,1
66,3,124.5,11,10,4,3,0,0,0,1
1,0,114.0,9,9,4,2,0,0,0,1
25,1,96.0,3,11,4,2,2,0,0,1
0,0,81.9,1,14,4,1,0,0,0,1
87,0,97.71,6,9,4,3,0,0,0,0
0,0,79.0,2,3,4,1,0,0,0,1
137,0,107.95,7,6,4,4,1,0,0,1
55,1,168.3,9,10,4,1,1,0,3,1
5,0,160.0,7,8,4,2,1,0,0,1
4,1,65.0,10,24,2,1,1,0,0,1
69,0,69.6,3,10,4,3,1,0,0,1
38,1,68.14,4,17,4,1,2,3,0,1
2,1,57.98,2,5,4,2,1,3,0,1
240,0,159.3,9,30,4,2,0,0,3,0
9,0,75.0,9,20,3,3,2,0,3,1
3,1,121.0,8,7,4,0,1,0,0,1
31,0,95.0,10,9,2,2,2,0,0,1
32,1,216.9,8,13,4,1,0,0,5,0
76,0,80.1,3,31,4,3,0,3,0,0
23,1,79.0,2,21,4,1,2,3,0,0
60,0,85.5,6,10,3,5,2,0,0,1
19,0,108.67,12,8,4,3,0,0,0,1
34,0,94.3,10,15,4,3,2,3,1,1
0,0,79.0,1,25,2,0,1,0,0,1
41,2,88.4,12,7,4,4,0,0,0,1
1,2,184.5,7,8,4,2,2,0,3,1
11,1,227.15,8,24,4,3,0,0,6,1
75,1,180.2,1,2,4,1,0,0,5,1
51,0,85.5,9,11,3,1,2,0,0,1
14,1,79.0,2,13,4,1,2,3,0,1
101,0,186.3,6,28,4,3,0,0,5,0
7,0,251.5,9,25,4,5,3,0,5,0
59,0,75.0,11,17,3,2,0,0,0,1
133,1,104.76,6,2,4,3,1,3,0,0
29,1,72.0,2,11,4,3,0,3,0,1
2,0,95.0,10,13,3,1,0,0,0,1
136,1,99.45,5,8,4,2,2,0,0,1
121,0,95.81,6,26,4,5,2,0,0,1
36,1,67.5,2,13,4,1,1,3,0,1
16,1,109.0,3,17,4,3,0,0,0,1
5,1,123.0,10,19,4,3,1,3,0,1
96,1,120.15,8,14,4,2,2,0,0,1
47,3,73.08,3,30,4,3,0,0,0,1
40,0,131.4,3,20,4,0,2,0,3,0
179,0,88.76,8,25,4,3,0,0,1,0
33,1,131.88,11,6,4,3,2,0,0,1
6,2,138.0,12,30,4,2,0,0,0,1
5,2,149.0,9,19,4,0,1,3,0,1
44,2,149.4,9,18,4,3,2,0,3,1
0,0,109.0,6,5,4,0,1,3,0,1
3,1,67.0,11,24,2,1,0,0,0,1
21,0,105.0,9,3,4,3,2,0,0,1
119,1,103.5,5,19,4,1,0,3,0,1
2,0,105.0,12,21,2,1,0,0,4,1
226,1,92.82,12,31,4,3,2,0,3,0
12,1,150.5,8,16,4,2,0,3,0,1
22,0,105.0,9,6,4,0,1,0,0,1
1,0,104.0,6,12,4,0,2,3,0,1
74,0,135.9,8,28,4,0,1,0,0,1
10,0,66.0,2,4,2,1,0,0,0,1
41,2,105.0,10,18,4,3,2,0,0,1
280,2,94.5,12,6,4,3,0,0,0,0
30,1,97.92,10,5,4,4,1,0,0,0
0,0,107.0,12,28,2,1,0,0,0,1
144,1,118.15,5,27,4,2,2,0,3,0
206,1,109.66,8,13,4,5,2,0,3,0
6,1,192.67,3,25,4,2,1,0,3,1
5,1,65.0,9,19,2,1,1,0,0,1
140,0,177.3,5,7,4,1,0,0,5,0
145,0,60.98,3,19,4,1,2,3,0,1
58,2,191.9,7,27,4,3,0,0,6,1
5,0,98.32,5,16,2,2,1,0,0,1
49,0,78.3,3,7,4,2,1,0,0,0
57,0,45.9,3,12,4,2,2,3,0,1
36,2,216.9,7,22,4,1,0,0,5,1
26,1,88.4,12,14,4,4,0,0,0,1
14,2,152.0,11,11,4,1,0,0,0,1
47,0,72.5,2,26,4,2,1,3,0,1
59,0,137.7,4,8,4,2,1,0,3,1
58,1,57.6,12,13,4,4,0,3,0,1
101,0,93.38,4,12,4,5,2,0,3,1
8,1,89.0,10,20,2,1,0,0,0,1
29,1,211.0,12,4,4,2,2,1,3,1
50,0,141.0,11,2,3,4,0,1,0,1
46,0,103.0,3,4,3,3,2,1,0,1
82,2,89.25,9,5,4,1,0,0,0,1
4,1,169.0,10,25,4,2,0,0,0,1
64,1,86.4,11,18,4,2,0,0,0,0
42,0,113.4,10,2,4,1,2,0,0,0
28,0,97.0,9,10,3,2,0,0,3,1
36,0,110.8,6,29,4,3,0,0,4,0
0,0,99.0,1,3,4,0,1,0,3,1
165,0,108.04,7,6,4,4,2,0,0,0
81,2,76.5,12,6,4,0,1,0,0,1
78,2,110.84,12,26,4,4,1,0,3,1
83,2,94.36,11,11,4,3,2,0,0,1
152,0,101.58,7,11,4,3,1,0,0,0
108,1,115.04,9,22,4,1,0,0,3,1
140,1,127.71,6,19,4,2,2,0,3,1
290,2,90.95,10,24,4,4,1,0,0,1
30,0,135.9,7,8,4,1,0,0,0,0
11,0,143.2,10,7,3,1,0,0,0,1
231,1,100.3,9,11,4,2,2,0,1,0
29,0,96.3,10,11,4,2,2,0,0,1
103,1,135.0,10,18,4,3,0,0,0,1
35,0,67.49,9,14,4,5,2,0,0,1
30,1,109.1,9,25,4,0,2,0,0,1
6,0,70.0,8,5,3,4,2,0,0,1
25,1,155.0,5,21,4,1,1,0,3,1
0,0,190.0,4,16,4,1,1,0,5,1
50,0,101.31,4,1,4,3,2,0,0,0
53,0,108.0,10,11,4,1,0,3,0,0
26,0,79.2,12,19,4,2,1,3,0,0
13,2,90.0,8,20,4,3,0,0,0,1
56,1,120.38,9,3,4,2,2,0,3,1
5,2,190.0,10,7,4,2,0,0,0,1
50,2,111.6,12,25,4,0,1,0,0,1
260,1,95.13,10,2,4,4,2,0,0,1
57,2,159.3,5,22,4,2,2,0,3,1
123,2,72.25,12,29,4,3,0,0,0,0
75,0,116.1,5,9,4,1,1,3,0,0
175,1,90.95,7,15,4,2,2,0,0,1
1,1,96.0,3,1,4,1,0,0,0,1
164,0,99.45,7,27,4,5,2,0,0,0
59,2,123.3,3,28,4,0,1,0,3,1
40,1,6.67,1,14,4,3,0,0,1,1
39,0,72.2,2,28,4,2,2,3,0,1
164,0,105.3,7,29,4,1,0,0,0,0
200,0,130.05,12,24,4,5,2,1,3,1
0,0,114.0,8,10,4,3,1,0,0,1
0,1,44.0,1,5,4,2,0,3,0,1
42,1,118.8,4,23,4,1,1,0,3,1
63,0,72.25,7,4,3,3,1,0,0,1
1,2,180.33,9,3,4,3,0,0,5,1
31,0,168.3,8,7,4,0,2,0,3,1
61,0,78.2,12,19,3,0,1,0,3,1
332,0,77.23,9,22,4,3,1,0,0,0
115,3,144.13,8,14,4,5,2,0,3,1
47,1,80.3,2,19,4,2,0,0,0,1
100,0,90.9,10,26,4,1,0,0,0,0
66,0,148.5,4,23,4,1,1,1,0,0
26,2,153.5,5,29,4,0,2,0,3,1
82,1,59.85,10,30,4,2,2,3,0,1
68,1,137.4,6,3,4,2,1,0,3,1
1,1,0.0,9,1,1,1,0,0,0,1
0,0,127.0,6,23,4,1,0,0,0,1
34,0,181.2,4,24,4,4,2,0,5,0
46,0,80.75,3,28,3,3,1,0,0,1
5,0,58.0,12,9,3,3,0,0,0,1
1,0,155.0,10,7,4,2,0,0,3,1
54,0,80.3,2,26,4,2,0,0,0,1
4,0,140.0,10,2,4,0,1,3,0,0
26,0,87.0,3,2,3,4,1,0,0,1
11,1,102.0,1,27,4,2,0,0,0,1
12,1,87.0,1,8,4,2,1,0,0,1
1,2,160.0,10,7,4,2,0,3,0,1
18,2,149.0,9,23,4,2,0,3,0,1
29,0,88.4,12,19,4,3,1,0,0,1
9,1,127.0,2,12,4,2,0,0,3,1
63,0,116.1,5,7,4,1,0,3,0,1
173,2,167.45,12,9,4,3,2,1,3,0
13,1,65.0,6,14,2,3,0,0,0,1
6,0,90.0,8,24,4,2,1,0,0,1
11,1,81.0,2,12,4,2,1,3,0,1
1,2,106.0,8,25,4,1,0,0,0,1
66,3,81.9,11,17,4,4,0,0,3,1
0,1,76.5,3,17,3,1,0,1,0,1
22,0,95.0,12,2,2,2,0,0,0,1
33,1,102.37,2,26,4,2,1,0,0,1
115,0,60.0,2,27,3,3,2,0,0,0
59,0,171.72,10,7,4,2,1,0,5,0
7,1,174.0,8,12,4,2,2,0,0,1
29,0,78.2,3,2,4,4,1,0,0,0
128,1,109.8,6,26,4,1,2,0,3,1
73,1,126.9,6,9,4,2,0,0,0,1
0,0,65.0,2,2,2,2,0,0,0,1
18,0,130.9,12,12,4,3,1,0,3,1
129,0,128.7,8,25,4,2,0,0,3,1
76,1,71.05,10,30,4,4,2,0,3,1
66,0,106.0,1,3,4,2,2,0,0,1
17,1,119.71,10,3,4,5,2,0,3,1
79,1,115.6,4,25,3,1,1,0,3,1
68,0,60.0,11,28,3,1,2,0,3,1
10,1,157.0,8,14,4,0,2,0,0,1
0,0,216.0,8,15,4,0,1,0,0,0
91,0,40.0,9,30,3,2,1,0,0,1
167,0,122.4,10,1,4,2,2,0,3,0
80,0,74.8,3,25,3,2,2,0,0,0
23,0,82.33,3,10,4,3,0,3,0,1
33,1,84.15,11,11,4,2,2,3,0,0
42,0,72.0,11,4,3,2,0,0,0,1
109,1,90.0,11,17,4,3,0,0,0,1
17,1,89.3,1,26,4,5,1,0,3,1
123,0,146.7,8,21,4,0,1,0,3,1
11,0,65.0,11,22,2,1,2,0,0,1
99,0,76.5,8,21,4,5,2,0,0,0
62,0,106.2,10,31,4,4,1,0,3,0
151,0,86.5,1,19,3,2,0,0,0,1
55,0,60.0,11,17,3,4,0,0,3,1
36,0,97.92,10,16,3,2,1,0,3,1
176,0,0.0,9,8,4,0,0,0,0,1
0,2,201.0,3,23,4,2,0,0,5,1
4,0,108.8,6,10,4,2,0,0,3,0
15,2,98.11,12,28,4,5,2,3,0,1
12,0,61.0,1,16,3,2,2,0,0,1
0,3,0.0,5,25,1,1,0,0,0,1
66,3,93.6,11,3,4,3,0,0,0,1
61,1,82.45,3,12,4,2,2,0,3,1
14,2,149.0,10,26,4,2,0,0,0,1
23,0,65.0,10,15,2,1,0,0,0,1
40,1,94.5,10,5,4,3,1,0,0,1
72,1,72.25,11,13,4,2,0,0,0,0
82,0,218.96,4,26,4,5,0,1,5,0
49,1,135.9,7,23,4,1,1,0,0,1
68,1,89.93,4,2,4,3,2,0,0,1
59,0,60.0,11,19,3,3,0,0,3,1
107,0,130.0,6,10,3,2,0,0,0,0
39,2,96.3,11,27,4,2,1,0,0,1
22,0,142.2,5,10,4,5,0,0,0,1
49,0,72.0,6,27,3,3,1,1,0,1
25,0,72.76,10,11,3,2,2,0,0,1
196,1,116.1,9,5,4,3,1,0,0,0
58,0,116.1,5,17,4,3,0,3,0,0
45,0,168.3,5,1,4,0,2,0,3,0
24,0,85.0,2,6,4,1,2,0,0,0
58,0,58.3,12,23,3,4,0,1,0,1
207,0,80.75,6,10,3,2,1,0,0,1
3,0,82.0,2,14,3,1,2,0,0,1
91,1,168.3,9,4,4,0,2,0,3,1
0,1,116.0,8,7,4,0,2,3,0,1
22,0,146.0,12,31,4,2,0,0,3,1
281,1,68.07,12,28,4,4,2,0,0,1
48,1,105.0,3,29,3,3,0,0,0,1
15,0,116.75,9,10,4,3,1,0,0,0
213,0,123.25,8,23,4,5,1,1,0,0
122,1,64.8,4,18,4,3,1,0,0,1
20,0,66.0,1,10,2,0,1,0,0,1
52,0,94.5,4,21,4,2,0,3,0,0
34,1,80.1,3,11,4,2,1,3,0,0
52,1,99.0,3,21,4,0,1,0,0,1
87,0,141.9,10,23,4,1,2,0,3,1
56,0,125.1,9,11,4,1,2,3,0,0
3,0,67.0,3,13,2,1,2,0,0,1
9,1,85.0,12,18,4,1,0,3,0,1
19,0,85.0,10,2,3,0,2,0,0,1
113,0,121.5,8,1,4,1,1,0,0,0
39,0,85.0,10,24,3,3,1,0,0,1
56,1,207.9,9,8,4,3,0,0,5,1
4,0,55.0,11,27,3,2,1,0,0,1
152,1,90.95,6,27,4,3,1,0,0,1
25,3,139.0,9,26,4,1,1,0,0,1
31,1,142.4,3,23,4,3,0,0,3,1
74,2,143.1,5,13,4,2,1,0,0,1
146,1,107.0,4,24,4,0,2,0,0,0
164,0,100.0,10,2,4,2,0,0,0,0
238,0,78.3,12,31,4,1,1,3,0,0
104,0,143.1,6,9,4,3,0,0,0,0
30,1,114.0,11,18,4,2,1,0,3,1
0,1,0.0,6,22,1,0,0,0,0,1
148,0,91.68,7,25,4,5,2,3,0,0
3,2,130.33,9,7,4,2,1,0,0,1
62,1,121.5,7,26,4,2,0,0,0,1
62,0,91.48,4,21,4,3,0,0,3,1
2,1,258.0,9,2,4,1,0,0,5,1
156,2,122.63,10,31,4,3,1,0,3,0
11,0,130.0,10,26,4,2,0,0,0,0
170,1,105.3,6,27,4,1,1,0,3,0
73,0,170.17,5,7,4,4,2,0,5,0
8,0,92.4,10,15,4,1,0,0,0,1
119,0,121.5,7,27,4,3,0,0,0,0
7,0,125.0,10,6,3,2,0,0,0,1
9,0,110.0,5,26,0,1,0,0,3,1
66,2,138.99,7,15,4,5,2,0,3,1
146,2,135.0,10,19,4,4,1,0,0,0
101,0,107.1,8,3,4,6,2,3,0,0
58,3,159.3,5,13,4,2,0,0,3,1
82,1,133.98,11,7,4,2,1,3,0,1
1,0,98.0,8,8,4,3,2,0,0,1
25,0,87.33,12,27,3,5,1,0,0,1
43,0,122.4,11,1,4,4,0,0,3,1
68,0,0.0,9,29,4,2,0,0,0,1
10,1,110.08,9,5,4,4,2,0,3,1
1,0,109.65,10,13,3,1,0,0,0,1
4,1,69.0,3,15,2,3,0,0,0,1
15,0,113.0,8,29,4,2,1,0,0,1
9,0,69.0,3,2,3,1,0,0,0,1
0,0,102.0,3,4,3,2,0,0,0,1
195,0,121.5,8,13,4,1,0,0,0,0
43,0,126.9,5,9,4,2,1,0,0,0
96,2,79.2,12,2,4,2,0,3,0,1
159,2,130.05,7,23,4,3,2,0,3,0
215,0,177.09,11,6,4,5,2,0,0,0
136,1,221.3,8,12,4,2,0,0,5,0
105,2,132.3,10,6,4,5,2,0,3,1
273,0,100.8,9,30,4,2,1,0,0,0
7,0,82.0,2,19,3,2,1,0,0,1
148,0,88.12,6,29,3,3,0,0,3,1
160,1,141.18,7,31,4,2,2,0,3,0
62,0,149.4,8,13,4,1,2,0,3,0
7,1,102.33,6,13,4,2,1,3,0,1
77,1,132.3,10,6,4,3,0,0,3,0
335,0,55.33,10,13,3,3,0,0,0,1
57,1,96.6,12,8,4,3,0,0,0,1
11,1,57.98,1,28,4,1,0,3,0,1
161,3,186.3,8,16,4,2,0,0,5,1
6,1,136.0,10,4,4,1,2,0,3,1
50,0,114.09,11,5,4,1,2,0,0,0
0,4,0.0,9,8,1,1,0,0,4,1
4,1,149.38,9,22,4,1,0,0,3,1
39,0,129.7,9,25,4,0,1,0,0,0
179,3,90.9,10,27,4,3,1,0,0,1
2,1,136.0,6,10,4,2,0,0,3,1
249,0,120.55,12,27,3,5,0,3,0,1
39,1,78.3,2,13,4,1,1,0,0,1
38,0,168.3,8,17,4,1,0,0,3,1
2,1,102.0,1,27,4,1,0,0,0,1
1,1,140.0,8,17,4,1,0,0,0,1
96,0,126.9,6,4,4,1,0,0,0,0
60,2,93.6,12,16,4,2,1,0,0,1
133,1,120.0,6,19,4,1,2,0,0,1
44,0,60.0,11,5,3,3,2,0,3,1
3,1,120.0,10,1,4,1,0,0,0,1
207,3,108.9,10,4,4,1,0,0,0,1
16,1,173.67,7,31,4,1,2,0,3,1
18,1,120.0,10,29,4,1,2,3,0,0
5,3,127.0,2,16,4,3,0,0,3,1
4,1,186.33,9,13,4,1,2,0,5,1
73,2,137.7,4,15,4,2,1,0,3,1
200,3,82.92,10,31,4,2,1,0,1,1
110,2,155.72,12,16,4,3,2,0,1,1
1,0,168.5,7,6,4,4,0,0,3,1
5,3,110.0,2,12,4,1,0,0,0,1
24,1,109.0,9,10,3,2,2,0,0,1
175,0,105.3,8,2,4,3,0,0,0,0
35,0,140.4,3,25,4,2,0,0,3,0
163,2,126.9,9,23,4,1,0,0,0,0
7,1,93.0,2,26,4,2,0,0,0,1
0,0,158.0,8,9,4,1,0,3,0,1
3,0,65.0,10,27,2,1,0,0,0,1
145,0,142.2,8,17,4,2,0,0,3,1
14,0,47.78,11,6,3,7,2,0,0,1
10,1,52.36,12,20,4,2,2,3,0,1
118,1,118.8,8,2,4,3,0,0,3,1
23,0,140.4,5,21,4,1,0,0,3,0
52,1,89.25,4,11,4,3,1,3,0,1
11,1,75.92,3,1,4,2,0,0,0,1
0,0,65.0,9,21,2,1,1,0,0,1
0,0,79.0,3,21,2,1,1,0,0,1
151,1,120.7,7,6,4,4,0,0,3,0
0,0,106.2,4,30,4,1,2,0,0,1
4,0,97.33906443929763,8,25,3,0,0,0,0,0
206,1,99.31690870313622,8,25,4,4,1,0,0,0
245,0,110.0,7,6,3,4,2,0,0,0
177,1,112.5,7,25,4,2,0,0,0,0
141,0,129.03006375224055,7,12,4,5,0,0,3,0
213,0,119.65620232248699,9,27,4,3,0,0,0,0
39,0,124.89633771792602,10,11,4,3,1,0,2,0
83,0,162.40747186351402,6,26,4,1,1,0,3,0
176,0,106.59529281171734,7,29,4,2,0,0,0,0
35,0,71.77327493197063,3,2,4,2,0,3,0,0
181,0,114.59039974370218,7,30,4,2,2,0,0,0
44,0,84.4847923538076,12,6,4,4,0,0,0,0
55,0,94.09649150888866,11,7,4,2,0,0,0,0
20,0,190.1179648514534,8,14,4,1,1,0,3,0
80,0,88.72000970346136,10,24,4,1,1,0,0,0
205,0,90.95,7,22,4,2,2,0,0,0
72,0,88.0839590518345,11,24,4,1,0,2,0,0
29,0,73.3800563665977,3,2,4,4,0,3,0,0
228,0,107.56890129703615,10,13,4,4,3,0,0,0
200,1,115.65917485784098,8,15,4,2,0,0,0,0
211,0,100.0,5,20,3,2,0,0,0,0
169,0,99.54853932281743,8,15,4,3,1,0,0,0
158,1,150.67879612993443,9,8,4,1,1,0,3,0
79,0,85.5,4,10,4,2,0,3,0,0
28,0,95.61559404621299,8,13,4,2,0,0,1,0
50,0,142.79626426540835,7,10,4,1,0,0,2,0
32,0,159.3,3,24,4,2,0,0,3,0
73,0,129.1671311246319,7,7,4,1,0,0,3,0
29,0,139.6,5,20,4,2,1,0,3,0
31,1,177.33825879640247,9,2,4,3,1,0,3,0
187,0,90.9383984989031,7,28,4,4,2,0,0,0
125,0,83.15996832407788,8,26,4,0,1,1,0,0
35,0,129.74968440724234,4,1,4,1,0,0,1,0
91,0,59.467700549047585,8,15,4,5,1,0,0,0
33,0,77.13688178388512,11,26,4,5,2,3,0,0
216,1,177.3,8,6,4,1,1,0,5,0
40,1,135.9,8,25,4,0,1,0,0,0
91,0,115.55381052385928,5,2,4,0,0,2,0,0
13,0,118.07592701115432,7,30,4,2,0,3,0,0
30,0,73.72650919452288,2,8,4,2,0,0,0,0
157,0,85.5062136474505,5,17,4,1,0,1,0,0
301,0,110.97156356413758,7,30,3,1,1,1,0,0
36,1,95.66013178246818,3,1,4,4,0,0,3,0
62,0,150.77099504072498,7,13,4,1,1,0,3,0
278,0,105.00991796472202,7,15,4,1,1,0,0,0
2,0,101.47517146759094,10,23,3,1,0,0,0,0
309,0,101.0,5,13,3,2,1,1,0,0
259,0,89.75816180458465,6,5,3,3,0,0,0,0
9,0,121.41857173982987,8,10,4,1,0,0,0,0
117,1,131.28387416940137,8,24,4,4,1,0,2,0
134,0,120.32294404443692,8,5,4,4,0,0,0,0
67,0,146.7,7,28,4,1,0,0,3,0
194,1,130.05,8,13,4,2,1,0,3,0
6,0,147.65732493059085,8,23,4,2,0,0,3,0
1,0,62.63041259208701,8,4,2,2,0,0,0,0
189,0,109.20372434206008,6,6,4,2,1,0,0,0
130,0,98.55510330019239,8,22,4,3,0,0,0,0
286,0,117.0,9,16,3,2,0,1,0,0
97,1,79.48278496474447,10,27,4,1,1,3,0,0
104,1,78.92490343215577,5,27,3,1,2,0,0,0
285,0,87.66447251387054,12,3,4,3,0,0,1,0
178,0,95.48905305001578,8,24,4,3,0,0,0,0
120,0,128.85640668409113,8,11,4,3,1,0,1,0
34,0,98.1,5,22,4,1,2,3,0,0
146,1,178.07061381702016,7,27,4,2,1,0,5,0
122,0,95.2795046423305,4,29,4,2,1,0,0,0
60,1,124.28841893973562,6,2,4,1,1,0,3,0
7,1,200.41461819576446,4,19,4,2,0,0,4,0
1,0,75.0,8,10,3,1,0,0,0,0
203,0,92.1681318553829,8,3,4,6,1,0,0,0
4,0,95.26121361673192,4,17,2,0,1,0,0,0
36,0,160.19677590116208,2,25,4,2,0,0,4,0
20,0,128.76725089229816,3,23,4,6,2,0,1,0
12,1,152.46294291661695,6,27,4,2,0,0,3,0
198,0,105.3543973111285,8,29,4,2,0,0,0,0
126,1,137.51332499627281,12,25,4,1,0,0,3,0
214,0,65.55283972507962,10,29,4,4,0,0,0,0
63,0,116.1,6,18,4,2,1,3,0,0
163,0,107.46715514170046,9,16,4,2,1,2,0,0
50,0,125.83109356222235,10,25,4,1,1,0,2,0
215,0,106.08570974120136,9,25,2,3,1,0,2,0
95,0,141.41810916529812,5,22,4,2,1,0,3,0
180,0,120.0,10,10,3,2,1,0,0,0
9,0,82.48938522662793,2,21,4,1,2,1,0,0
38,0,107.1,6,2,4,1,1,3,0,0
112,0,130.31901255056226,7,17,4,2,0,0,2,0
235,1,173.65134377430448,6,19,4,2,0,0,5,0
62,0,121.17706556356919,7,25,4,3,0,0,2,0
149,0,64.64453878407835,7,20,3,1,0,3,0,0
47,0,159.0779048886286,5,29,4,0,1,0,3,0
148,0,90.68309584359068,7,22,4,6,2,3,0,0
248,0,81.77497440215993,10,25,4,4,2,2,0,0
56,0,97.74225722566085,4,19,4,1,0,0,0,0
34,0,119.20126378813447,10,26,4,3,0,0,0,0
22,0,325.74675223241184,6,17,3,1,1,0,5,0
128,0,103.5,8,10,4,3,1,3,0,0
30,0,132.59309313808595,6,15,4,1,0,0,3,0
164,1,93.99799180226081,8,8,4,3,0,1,0,0
171,0,137.7,7,24,4,1,0,0,1,0
3,0,167.84206935940838,8,21,3,0,0,0,0,0
63,0,87.39812146938809,3,4,4,1,2,0,2,0
114,0,114.95165838342749,5,10,4,3,1,0,0,0
306,0,110.75280368605534,9,30,4,1,0,0,0,0
280,1,89.28914787352976,10,28,4,2,2,0,0,0
223,2,73.58782021837617,12,2,4,2,1,0,0,0
80,0,75.13066393419216,8,26,3,1,1,0,0,0
174,0,95.63359977417366,6,24,4,2,0,0,0,0
171,1,126.74879386818145,8,14,4,5,2,0,0,0
85,0,99.48322577009414,5,7,3,2,0,0,2,0
150,0,129.06060184249378,8,18,3,1,0,0,0,0
20,0,138.3175406005695,4,9,4,1,1,0,3,0
12,0,149.0,8,25,4,0,2,0,0,0
34,0,219.55033235509492,8,18,4,2,2,0,3,0
196,0,107.0883535246202,8,10,4,4,0,0,0,0
81,0,133.29207358838713,8,2,4,4,2,0,0,0
33,1,98.36838564951374,11,15,4,4,0,0,3,0
140,0,116.95262893289609,7,3,3,4,1,0,3,0
14,1,81.45416196395276,8,27,4,2,0,0,0,0
49,0,99.54166470146319,4,11,4,2,0,0,0,0
1,0,80.66587478463732,2,26,4,1,0,3,0,0
21,0,139.0,8,26,4,3,0,0,0,0
56,0,132.537385287749,6,12,4,4,1,0,3,0
176,0,128.69688584095073,8,13,4,2,1,0,3,0
33,0,72.42155940321642,3,2,4,3,0,3,0,0
60,0,87.3,3,10,4,3,0,0,3,0
418,0,86.86243162859851,9,26,3,2,1,1,0,0
108,1,77.18897229606924,8,10,4,1,2,0,0,0
172,0,126.9,9,16,4,1,1,0,0,0
28,1,148.97387410284568,10,5,4,5,3,0,2,0
214,0,96.3,7,10,4,2,0,0,0,0
233,0,90.29130701150302,8,22,4,3,1,0,0,0
60,1,110.02476189865023,7,25,4,2,1,0,1,0
9,0,150.46420394895213,9,5,4,1,0,0,0,0
142,0,141.61390963849882,8,18,4,3,0,0,3,0
272,0,78.9605885175827,6,6,4,3,2,0,0,0
336,0,83.38296154518653,10,9,3,2,0,0,0,0
41,1,86.75060170347328,10,5,4,1,0,0,0,0
84,0,159.3,7,28,4,1,2,0,3,0
159,0,130.95802360209228,8,3,4,3,0,0,1,0
277,0,96.3,10,18,4,0,1,0,0,0
72,0,74.8,12,19,4,3,1,3,0,0
31,0,117.9,5,21,4,1,1,0,0,0
15,0,98.8620367388617,8,23,4,0,1,0,0,0
59,0,93.6,11,20,4,2,0,0,0,0
184,1,84.94189485597887,8,16,4,2,0,1,0,0
46,0,78.99632656001457,3,2,4,2,0,1,0,0
71,0,136.77479001553394,8,5,4,2,0,0,0,0
39,0,74.29056323746946,9,1,4,3,1,3,0,0
56,0,147.05247086583734,8,24,4,4,1,0,3,0
170,1,104.44298479905989,7,25,4,2,1,0,3,0
66,0,71.28841067738506,10,28,4,1,0,1,0,0
26,1,118.36134474645148,9,9,4,0,2,2,0,0
116,0,188.89979568094859,5,21,4,4,1,0,4,0
65,0,180.5191156811839,7,19,4,2,0,0,3,0
99,0,167.14233641399036,6,13,4,2,0,0,3,0
79,0,89.14512516985411,8,2,4,2,0,0,0,0
34,0,112.52981589115659,3,23,4,1,0,0,2,0
88,0,111.31451955457736,4,29,4,3,1,1,0,0
221,0,77.66781311721792,8,11,4,3,0,0,0,0
4,0,98.1,9,26,3,0,1,0,0,0
42,0,126.77546861920064,5,9,4,1,1,0,0,0
175,0,98.1655872092659,8,13,4,1,0,0,0,0
40,0,150.3,6,3,4,1,1,0,3,0
217,0,88.54289975523818,8,17,4,2,0,2,0,0
282,0,97.29200733064206,10,4,3,3,0,0,0,0
47,1,76.11619092384811,11,12,4,4,1,3,0,0
72,0,107.1,7,6,4,1,0,3,0,0
93,0,155.53538000015863,6,20,4,1,0,0,3,0
253,1,93.24536791999579,9,13,4,3,0,0,0,0
33,0,149.02983865174292,8,25,4,1,0,0,3,0
9,0,117.27351482661561,4,18,4,2,0,1,0,0
225,0,69.69288963986577,11,26,4,1,0,3,0,0
45,0,112.55352482896905,3,17,4,1,0,0,3,0
28,0,100.19467902623204,4,18,2,2,0,0,0,0
162,0,118.29474195994723,7,27,3,1,0,0,3,0
2,0,119.0706658809376,5,9,4,1,0,0,0,0
308,1,78.3,11,23,4,3,0,0,0,0
174,0,52.101331258682,8,24,4,3,0,3,0,0
58,0,123.3,9,1,4,2,0,0,3,0
144,0,123.18838276163928,8,13,4,5,1,0,1,0
115,1,102.19477099569782,4,28,4,3,1,0,3,0
187,1,121.83433706724418,8,11,4,2,1,0,0,0
133,0,107.9957867816922,9,2,4,1,1,2,0,0
85,0,187.85,5,15,4,3,1,0,5,0
147,0,85.5,8,26,4,2,2,3,0,0
6,0,237.5329167256272,9,12,4,1,0,0,5,0
6,0,100.65535038956254,3,21,3,1,0,0,0,0
169,1,106.55777530522069,5,22,4,1,1,0,0,0
114,0,132.3493971995334,8,25,4,1,1,0,2,0
173,2,166.78932990190754,7,2,4,2,0,0,3,0
80,0,134.62052275441204,10,21,4,2,1,0,0,0
213,2,90.7064973229171,6,26,4,8,2,0,0,0
157,1,132.5558998111459,7,24,4,4,0,0,1,0
23,0,72.8,2,11,4,3,0,0,0,0
179,0,137.7,8,22,4,1,0,0,3,0
66,0,91.90959524170276,9,4,4,2,1,2,0,0
16,0,105.72509799389296,2,28,4,0,1,0,3,0
49,0,158.59460747596302,8,20,4,2,0,0,3,0
175,0,100.09188036610138,6,3,3,2,0,0,0,0
94,0,73.78080075205271,4,4,4,1,0,0,0,0
113,0,126.82404811257528,5,17,4,2,0,0,0,0
31,0,105.15722341213768,11,2,4,1,1,0,0,0
155,1,101.97086051459407,7,17,4,5,2,0,0,0
87,0,90.95,4,14,4,5,2,0,0,0
20,0,117.52104517439788,9,24,4,2,2,0,0,0
117,0,99.45,6,15,4,3,1,0,0,0
16,1,79.0,2,16,4,4,0,3,0,0
76,0,113.28505892265446,10,19,4,2,0,0,0,0
80,1,78.70033549965343,8,4,4,3,0,0,0,0
176,1,137.7,8,6,4,1,2,0,3,0
98,2,213.65704692897975,7,12,4,4,1,1,3,0
96,0,136.4266327047085,8,10,4,4,1,0,0,0
44,0,211.3247561909656,5,17,4,3,1,0,5,0
29,0,74.82032894496646,10,15,3,3,0,2,0,0
237,0,85.70283224571395,9,14,4,2,1,0,0,0
9,0,92.12410736771378,2,5,3,0,1,0,2,0
91,0,99.93322180197227,3,25,4,1,2,0,0,0
176,0,160.7666625337797,9,27,4,1,1,0,3,0
126,1,139.31394323146768,12,28,4,1,0,0,3,0
204,0,92.05994298870412,8,4,4,6,1,0,0,0
134,0,94.5,6,17,4,1,0,3,0,0
228,0,93.24180253769605,9,29,4,1,2,0,0,0
194,1,130.9180159653935,8,14,4,1,1,0,0,0
55,0,112.91053246979126,5,8,4,2,0,0,1,0
33,0,69.89881105941762,9,6,3,4,1,0,2,0
144,0,177.77818810781952,5,26,4,2,2,0,4,0
60,0,140.15521103201658,7,17,4,2,0,0,3,0
50,0,63.75,3,8,4,5,2,3,0,0
145,0,88.84134460735324,10,3,4,2,0,0,0,0
93,0,115.65418346564172,9,14,3,1,1,0,0,0
76,0,105.3,4,25,4,1,0,0,0,0
137,0,135.1106972653664,8,29,4,2,1,0,3,0
87,0,85.75919806519232,4,2,4,0,1,2,0,0
277,0,73.5249212590641,12,22,4,4,0,0,0,0
230,0,90.35560639651435,8,28,4,1,2,0,0,0
117,0,146.43633002462656,8,16,4,2,1,0,0,0
9,0,151.48384913302394,8,26,4,2,1,0,3,0
109,0,151.90812851235836,8,23,4,4,0,0,3,0
273,0,110.0,4,18,3,1,1,0,0,0
91,0,179.7613712474958,6,13,4,2,0,0,3,0
90,1,76.5,7,3,4,1,1,0,0,0
8,0,156.0,7,11,4,2,0,0,0,0
30,0,83.43168295746301,11,23,4,2,1,0,0,0
134,0,104.06879485402541,7,10,4,2,0,2,0,0
103,0,149.66601769583698,9,8,4,2,0,0,3,0
17,1,103.15995123261618,2,19,4,14,5,0,2,0
99,0,74.07663680322229,3,15,4,3,0,0,0,0
34,0,139.5,10,2,4,2,1,0,3,0
179,2,126.9,9,24,4,1,2,0,0,0
289,0,85.11266116598532,11,13,4,3,0,0,2,0
231,0,63.4356293491868,11,10,3,1,1,2,0,0
102,0,78.31366551972887,4,4,4,1,0,0,0,0
205,0,90.95,7,23,4,2,2,0,0,0
86,0,76.5,6,6,4,2,0,0,0,0
165,0,106.78624358963381,7,6,4,2,1,0,0,0
24,0,78.33445980250232,2,30,2,1,0,0,1,0
10,0,79.98734894737024,2,13,4,1,1,2,0,0
123,0,99.67568953244181,4,29,4,1,0,0,0,0
240,1,96.38222720482011,7,18,4,1,0,0,0,0
179,0,183.06870309072244,6,9,4,5,1,0,4,0
7,0,102.7715257228172,3,10,4,3,1,0,0,0
191,1,98.64563694677896,8,18,4,4,1,0,0,0
32,0,85.36066093543683,3,17,4,2,2,0,0,0
20,0,232.44498509656538,9,18,4,2,1,0,5,0
156,0,105.3,7,24,4,1,1,0,0,0
65,0,75.16160505093181,2,27,4,7,3,0,0,0
42,0,107.1,4,2,4,1,1,0,0,0
38,0,87.98392197035002,2,26,3,1,0,0,1,0
51,1,139.8824581671562,8,17,4,3,0,0,3,0
107,0,159.3,5,18,4,2,0,0,1,0
87,0,57.490611783798805,3,28,4,3,1,0,0,0
192,0,134.57914806085802,6,4,3,1,1,0,0,0
65,0,137.7,5,25,4,2,1,0,0,0
234,1,243.0392983069824,11,27,3,1,2,0,2,0
183,1,138.06202583550038,8,4,4,2,0,0,3,0
161,0,89.84024820556196,7,14,4,4,1,3,0,0
166,0,99.45,7,7,4,3,1,0,0,0
221,0,115.20215314310494,9,13,4,3,0,0,0,0
70,0,140.24421140099386,5,12,4,2,1,0,3,0
289,0,70.12352419109457,8,19,3,2,1,1,0,0
103,0,150.3,8,24,4,4,0,0,3,0
280,0,109.70525907890574,10,21,3,3,1,0,1,0
137,0,168.32637682126915,7,10,4,3,1,0,4,0
38,0,78.14397672364018,2,24,2,1,0,0,0,0
117,0,97.97856042273038,4,22,4,4,0,0,1,0
175,1,140.42222485178183,8,17,4,1,0,0,3,0
3,1,159.7371140564989,9,17,4,3,0,0,0,0
71,1,80.10674458973077,3,5,4,2,0,0,1,0
177,0,128.39845446525175,9,10,4,0,1,0,0,0
207,0,60.94615976952416,7,28,4,3,1,2,0,0
160,1,109.1047352460343,6,20,4,3,1,0,0,0
45,0,67.5,2,23,4,2,0,3,0,0
86,0,91.13337175219999,9,11,2,0,0,0,0,0
148,0,97.59610566762717,8,20,3,1,2,0,0,0
60,0,117.36263505789636,3,22,4,2,0,0,0,0
70,0,149.8773753665943,9,15,4,2,0,0,3,0
35,0,114.60556656250708,3,12,4,1,0,0,2,0
164,0,115.51870540837983,7,30,3,2,0,0,2,0
13,0,107.90431912778972,8,20,2,2,0,0,1,0
271,1,100.76010298987671,9,21,3,2,0,0,0,0
87,0,126.97392239982265,5,22,3,1,2,0,0,0
11,0,151.0,7,1,4,1,0,0,0,0
96,1,74.38027185206609,11,27,4,1,1,2,0,0
63,0,149.57247537206345,8,23,4,1,1,0,2,0
162,0,115.0,10,14,3,1,2,0,0,0
58,0,107.70256921686034,3,20,4,2,1,0,0,0
320,1,115.0,8,18,3,2,0,1,0,0
147,0,127.11497087762474,8,11,4,4,0,0,0,0
153,1,105.47376044862192,8,1,3,0,1,0,0,0
301,0,100.02812994416946,9,16,3,2,1,0,0,0
2,0,94.6282824130219,8,1,2,4,3,0,0,0
237,0,80.48891475167332,9,28,4,5,1,1,0,0
50,0,126.50986990100888,4,20,4,1,0,0,0,0
73,0,76.14235912896136,11,18,4,2,0,3,0,0
13,0,120.05486583674099,4,2,4,2,2,0,0,0
292,0,110.81772954167648,7,21,3,2,0,1,0,0
59,1,137.96828658106776,7,15,4,1,0,0,3,0
10,0,143.42338189165332,4,12,4,3,0,0,3,0
158,0,198.8890832962071,5,25,4,3,0,0,4,0
275,0,62.34312334939409,5,6,3,1,1,0,0,0
22,0,128.61075665512746,4,21,4,4,2,0,1,0
204,1,85.70074211880413,9,18,4,3,0,2,0,0
2,0,75.0,8,10,3,1,0,0,0,0
44,0,208.03820791607694,9,15,4,3,0,0,5,0
39,0,168.80537804572054,6,27,4,2,0,0,2,0
238,0,159.20495734068788,8,27,4,2,0,0,3,0
16,0,91.41376061735144,3,1,4,2,0,1,0,0
132,0,123.81585638421363,6,5,4,3,0,0,0,0
112,0,120.71448352831035,6,1,3,2,0,0,0,0
254,0,100.9641964390254,7,6,4,1,0,0,0,0
11,1,77.01449834065173,11,18,4,4,2,1,0,0
154,0,94.3658969142628,8,22,4,2,1,3,0,0
23,0,79.9061782909363,10,4,4,2,1,1,1,0
53,0,125.1,5,6,4,1,0,3,0,0
133,0,119.99130031242296,8,6,4,2,0,0,1,0
195,0,117.22880000188398,8,11,4,0,1,2,0,0
106,1,118.8,9,5,4,2,1,2,0,0
287,1,105.87083214624204,9,29,4,3,0,0,0,0
157,0,91.35953001415234,7,11,4,3,1,3,0,0
56,0,125.1,8,25,4,1,0,3,0,0
247,0,109.0,6,6,3,1,1,1,0,0
5,0,145.95571706296158,5,25,4,4,1,0,3,0
87,0,68.50095633532227,7,18,4,1,2,0,0,0
184,0,124.0356283021828,9,3,4,4,1,0,0,0
247,0,109.09580869669415,6,6,3,1,1,1,0,0
47,0,66.15988618631124,2,18,4,2,1,1,0,0
12,0,110.01419634054969,9,19,2,2,0,0,2,0
190,0,123.38686999695142,8,2,4,5,1,0,0,0
151,0,102.80094150656257,7,9,4,4,1,0,0,0
153,0,135.61388579360406,9,2,4,2,1,0,0,0
4,0,81.0,2,5,4,3,2,3,0,0
300,0,100.1853601273522,9,16,3,3,1,0,0,0
116,1,121.31348626921431,10,16,4,4,0,0,3,0
173,0,126.93365729136792,8,30,4,2,1,0,2,0
49,0,117.16770534646956,9,4,4,2,0,0,1,0
35,0,112.37909060661518,3,23,4,1,0,0,1,0
263,0,109.63455646774152,8,22,3,2,0,0,0,0
172,0,87.82944870822782,7,2,4,3,0,3,0,0
204,0,115.88265605538597,8,15,4,1,0,2,0,0
49,0,101.31161241177114,4,1,4,3,2,0,0,0
0,0,100.43920571167565,3,3,4,1,0,0,0,0
102,0,135.53880856344705,5,15,4,8,4,0,3,0
273,0,95.0,9,21,3,3,0,0,0,0
89,0,90.95,4,14,4,5,2,0,0,0
246,0,99.9030816156214,9,26,4,4,1,0,0,0
221,0,86.21419465098934,8,12,4,1,0,1,0,0
9,1,109.38702858088973,6,12,3,13,5,0,1,0
204,0,90.20439784054285,5,5,3,3,0,0,0,0
14,0,165.4656651265424,9,3,3,3,0,0,4,0
118,0,159.3,6,2,4,3,0,0,2,0
125,1,136.803722803241,12,24,4,1,0,0,3,0
153,1,120.7,7,6,4,3,1,0,3,0
43,0,139.5,10,6,4,2,1,0,3,0
218,0,95.83100883873836,7,10,4,1,0,0,0,0
64,0,213.1416965951178,5,11,4,4,2,0,4,0
80,0,93.6,11,12,4,0,1,0,0,0
237,0,85.38953731506379,12,30,4,1,2,0,0,0
31,0,88.87913167414905,6,1,4,1,0,3,0,0
154,0,151.56665278753266,9,15,4,2,1,0,2,0
30,0,117.81541349819439,4,23,4,1,1,0,0,0
91,1,130.34970746256184,7,14,4,5,2,0,1,0
77,0,135.0,10,20,4,1,0,0,0,0
46,0,78.3,2,6,4,0,1,0,0,0
97,0,132.1546474763858,6,23,4,3,0,0,3,0
18,0,111.63593484102338,5,16,4,2,1,0,0,0
160,0,218.10828562368278,7,19,4,2,1,0,5,0
157,0,122.79652121967413,5,24,4,3,0,0,2,0
9,0,132.17029330786383,8,20,4,0,0,0,0,0
8,0,104.47058247443198,4,19,4,1,0,0,1,0
234,0,89.79450841384273,9,14,4,2,1,0,0,0
145,0,98.16812699839717,7,22,4,4,1,0,0,0
58,0,116.1,5,19,4,3,1,3,0,0
224,0,80.75,8,21,4,2,2,2,0,0
132,0,105.70145153341102,6,5,4,3,0,0,0,0
38,0,131.4,3,22,4,1,0,0,3,0
37,0,131.59679512566336,6,3,4,0,1,0,2,0
233,0,87.39870684112431,8,11,3,2,0,0,0,0
8,0,142.93899682962228,5,9,4,3,0,0,3,0
5,0,106.78387521946341,3,11,4,2,1,0,0,0
255,0,90.95,8,28,4,4,0,0,0,0
31,0,231.15725706198793,11,19,4,1,1,0,5,0
94,0,174.2707082693305,4,20,4,2,1,0,3,0
199,1,151.9214710741611,9,19,4,3,1,0,0,0
5,0,140.0,10,2,4,2,0,3,0,0
96,1,123.80616618851946,7,27,4,2,0,0,0,0
80,0,119.07,10,9,4,3,0,0,3,0
176,1,128.62379388190763,7,10,4,4,2,0,1,0
74,0,139.14285791111269,6,11,4,3,0,0,3,0
132,0,140.07086875735357,7,30,4,4,1,0,3,0
35,1,160.9951675408942,6,24,4,3,0,0,3,0
24,0,136.9774457033183,4,26,4,1,2,0,0,0
279,0,99.05127179751392,9,18,3,1,1,0,0,0
15,0,83.06103035215207,3,8,4,1,0,0,0,0
208,1,104.97890635452949,8,5,4,2,1,0,0,0
23,0,116.48495071997522,9,3,4,2,0,3,0,0
41,0,104.85715382271577,10,2,4,2,0,0,0,0
101,0,77.85059539647592,3,17,4,2,1,0,0,0
18,0,79.0,2,12,4,2,0,3,0,0
159,0,86.97949177671673,7,15,4,3,2,3,0,0
118,0,104.0063723515924,4,28,4,3,1,0,3,0
0,0,67.33439049561552,5,11,2,1,0,0,0,0
31,0,67.37543931231289,10,13,3,1,1,0,0,0
13,0,95.58846511870519,5,30,4,0,1,0,0,0
89,1,118.8,10,9,4,1,1,0,0,0
40,1,141.91768688856553,5,27,4,2,2,0,3,0
68,0,92.6282940179695,6,18,4,1,2,0,0,0
38,1,79.36180496655243,2,11,4,2,2,0,0,0
67,0,127.37208275444779,4,21,4,1,0,0,1,0
21,1,79.0,2,21,4,1,1,3,0,0
7,0,142.37824218099152,5,9,4,2,0,0,0,0
146,0,95.0,4,24,3,0,2,0,0,0
149,0,95.99521377102167,6,16,3,2,0,0,0,0
114,0,112.0404066412525,5,11,4,4,0,0,0,0
59,0,126.9,5,13,4,1,0,0,0,0
62,0,65.66,2,18,4,3,2,0,1,0
36,0,114.71366673163028,5,26,4,1,1,0,0,0
12,0,127.50394531476513,2,23,4,0,0,0,2,0
157,0,159.02724940508054,8,26,4,1,1,0,4,0
100,0,72.9234041580571,7,23,3,3,2,0,0,0
92,0,143.13793646454198,6,19,4,3,1,0,2,0
127,1,132.3,10,11,4,3,0,0,3,0
206,0,132.53142327731686,9,4,4,3,0,0,2,0
118,0,106.36449676581341,5,4,4,2,0,0,0,0
232,0,107.81496180062491,9,17,2,2,1,1,2,0
130,0,126.73567943194965,8,27,4,3,0,0,3,0
44,0,105.72023357028965,4,27,4,3,0,1,0,0
30,0,112.01610458281993,4,12,4,2,0,0,0,0
147,0,114.97633758483026,5,28,4,1,2,0,0,0
233,0,108.53369501810874,10,25,4,3,0,0,1,0
32,0,199.79654979588724,5,28,4,1,1,0,5,0
109,0,76.5,7,11,4,1,1,0,0,0
17,0,89.00703154606676,10,12,4,1,1,3,0,0
72,0,100.0505797712563,8,13,2,2,0,2,0,0
12,0,303.981921579561,9,16,4,2,1,0,5,0
25,0,185.58864087312776,7,23,4,3,1,0,3,0
63,0,115.77698036594278,5,21,4,1,0,2,0,0
24,0,119.0,9,26,4,0,1,3,0,0
8,0,118.12980822134247,5,18,4,2,0,1,0,0
50,0,99.55323151559423,2,28,4,2,1,0,0,0
12,0,137.79228238453234,3,28,4,3,0,0,0,0
347,0,75.33127594803213,12,12,4,1,0,0,0,0
82,0,219.410905211986,5,24,4,4,0,0,5,0
301,1,115.0,7,30,3,1,1,1,0,0
160,0,137.95022699093334,7,12,4,3,0,0,3,0
171,1,106.63590445439364,7,20,4,2,2,0,3,0
285,0,82.83086244345114,10,16,4,2,1,0,0,0
158,1,123.11880943744038,5,25,4,3,0,0,2,0
21,0,90.95386614856461,10,18,3,2,0,1,0,0
14,0,165.29266446792184,9,2,3,4,0,0,4,0
291,0,115.15842630001674,8,19,3,2,0,1,0,0
125,0,118.8,9,7,4,3,0,3,0,0
0,0,206.0,6,20,4,2,0,0,5,0
13,0,151.0,7,1,4,1,0,0,0,0
18,1,129.0,8,19,4,0,1,3,0,0
194,0,126.50212202709751,9,28,4,3,0,0,0,0
172,1,159.10997088074302,7,2,4,2,1,0,4,0
60,0,140.13877040516473,7,17,4,2,0,0,3,0
32,1,178.05454641759312,9,2,4,3,1,0,4,0
192,0,130.24028878282914,8,7,4,4,1,0,2,0
4,0,122.31206020622325,7,10,4,1,0,0,1,0
193,0,98.1,9,3,4,2,1,3,0,0
203,0,143.7801827807633,9,4,4,1,0,0,0,0
152,1,76.57893500892936,5,2,4,3,1,0,0,0
57,0,123.9742138754555,9,4,4,2,0,0,3,0
161,1,127.35869080572338,8,14,4,2,0,0,1,0
385,0,88.13174082953958,10,23,3,0,1,0,0,0
185,2,103.56664552009721,9,29,4,2,2,2,0,0
11,0,119.51259369689919,10,8,4,1,0,1,0,0
5,0,95.16934788619419,6,23,3,1,0,0,0,0
189,1,103.26819139125692,8,7,4,2,1,2,0,0
56,0,159.3,5,2,4,2,0,0,0,0
239,0,112.2,6,15,3,2,0,1,0,0
68,0,117.32227719089035,4,10,4,1,0,1,1,0
93,0,89.78088189600217,11,4,4,2,0,0,0,0
251,0,111.83644884920517,10,15,4,1,1,0,0,0
304,0,100.6694260507384,6,14,4,3,1,0,0,0
31,0,67.5,2,5,4,1,0,3,0,0
196,0,86.8330014839069,8,10,4,1,0,0,2,0
47,1,207.9,8,20,4,3,0,0,5,0
17,0,160.4549924433681,9,23,4,0,0,0,0,0
249,0,123.99277025563651,9,4,4,3,0,0,0,0
33,0,127.45616545309514,6,11,4,1,0,0,0,0
163,0,107.11839387197008,8,13,4,3,1,0,0,0
101,0,63.304190768401526,9,7,3,2,1,1,0,0
103,0,112.46039566287622,5,4,4,4,0,0,0,0
47,0,64.98239867211136,2,18,4,2,2,1,0,0
150,0,125.52842099629441,6,28,4,7,2,0,3,0
57,0,132.56760459198986,9,10,4,2,1,0,2,0
124,0,134.6885204364746,10,9,4,0,1,0,3,0
204,0,86.64563824119875,7,21,4,1,0,0,1,0
12,1,92.05554714848759,2,7,4,0,1,0,0,0
65,0,134.2247823972308,10,19,4,2,0,0,0,0
32,0,197.3087171908002,8,4,4,1,0,0,0,0
11,0,77.47846720852115,11,17,4,5,2,0,0,0
166,1,98.52646883428451,7,7,4,3,1,0,0,0
7,0,94.64805181049239,3,30,2,1,0,0,0,0
2,0,88.62521612503144,4,10,4,1,0,1,0,0
64,1,82.0439428963419,10,19,4,1,1,2,0,0
180,0,98.1,10,10,4,0,0,3,0,0
65,0,165.78556254576498,7,7,4,4,2,0,1,0
264,0,74.38763962680386,6,11,3,1,2,0,0,0
127,0,141.0457713631895,7,10,4,2,1,0,0,0
301,0,109.0,7,30,3,1,1,1,0,0
34,0,126.87836288637021,5,1,4,1,1,0,0,0
118,0,61.15942247374187,8,23,3,2,0,0,0,0
272,0,93.52098017471386,10,13,4,4,2,0,0,0
264,0,73.95,12,26,4,3,1,0,0,0
9,0,93.42628423862787,2,24,4,2,0,0,0,0
217,0,96.20968060102692,8,10,4,1,0,0,0,0
11,0,135.1178987970423,9,2,4,1,1,2,0,0
73,0,157.1695622473962,4,3,4,1,1,0,4,0
155,0,130.02811413921933,8,16,4,2,0,0,0,0
66,0,126.72543822747103,6,16,4,2,0,0,0,0
70,0,56.47962340060599,7,4,4,1,2,2,0,0
216,0,96.92673543049833,8,29,4,2,0,0,0,0
38,1,114.5471318201189,3,19,4,0,2,0,3,0
31,0,168.7184669596794,6,14,4,2,1,0,3,0
175,0,99.45,8,10,4,3,0,0,0,0
170,0,138.0259970296364,7,28,4,2,0,0,3,0
67,0,140.35849746258566,5,13,3,2,0,0,2,0
167,0,62.34248211997257,6,26,4,3,0,3,0,0
15,0,135.66764675390462,6,13,4,2,1,0,2,0
160,0,127.59719317343968,8,15,4,2,1,0,0,0
46,0,208.50263720986845,7,21,4,3,1,0,5,0
12,0,147.9148154074161,10,12,4,4,2,0,4,0
31,0,117.57094389130796,5,21,4,1,0,0,0,0
14,0,111.00478158991471,5,29,4,0,1,0,0,0
100,0,126.9,5,6,4,1,0,0,0,0
31,0,95.37395011493098,3,11,4,1,0,0,2,0
189,0,165.2764781903073,8,6,4,3,0,1,0,0
54,0,89.47749013439903,3,17,4,2,1,0,0,0
52,0,104.70903655334153,7,8,4,0,1,3,0,0
102,0,82.43066737143364,10,16,4,2,0,0,0,0
68,0,121.16446403387498,5,10,4,2,0,0,0,0
1,0,63.31009224765082,6,27,2,0,2,0,0,0
125,0,93.56169826718475,8,6,3,1,2,2,0,0
80,0,78.3,3,6,4,2,0,0,0,0
176,1,139.0467683335817,8,10,4,3,0,0,2,0
23,0,159.23599660590924,4,24,3,1,0,0,0,0
220,0,184.87984395471054,7,2,4,2,2,0,4,0
3,0,95.02018605107234,4,12,4,1,0,3,0,0
183,0,98.1,10,11,4,1,0,3,0,0
78,0,75.62813310505912,3,27,3,2,1,1,0,0
168,0,105.8913583068317,4,21,3,1,1,0,0,0
62,0,111.17013258424046,8,30,4,4,0,0,3,0
12,1,77.37719205838941,10,27,4,2,1,2,0,0
160,0,103.92457163963157,5,17,4,1,2,0,0,0
92,0,176.8410718265857,7,14,4,2,0,0,4,0
160,0,115.0,9,13,3,2,0,0,0,0
84,0,88.4,11,26,4,4,1,0,0,0
79,1,76.5,7,3,4,2,0,0,0,0
207,0,113.72402357951286,8,14,4,1,0,1,0,0
115,0,128.35010842842456,9,25,4,1,0,0,0,0
115,1,135.75031647257498,5,19,4,2,1,0,0,0
247,0,78.96510194627598,10,24,4,4,2,2,0,0
285,0,85.23984523936196,10,16,4,1,1,0,0,0
12,0,125.42546564195159,4,7,4,2,2,0,3,0
100,0,123.48663283027784,7,21,4,2,0,0,3,0
144,1,104.81380103984054,4,23,4,1,2,0,1,0
46,0,158.49063230190976,6,29,4,1,1,0,3,0
20,1,79.0,2,22,4,2,1,3,0,0
29,0,117.78958030117087,5,21,4,2,1,0,0,0
186,0,112.03251008098331,8,14,3,1,1,0,0,0
234,0,90.64315980098198,8,12,4,2,1,0,0,0
137,1,89.40066582659918,11,15,4,1,0,0,0,0
129,0,63.01696973880406,2,20,3,1,0,0,1,0
57,0,99.0,9,2,4,1,0,3,0,0
428,0,71.33386031811962,9,12,3,2,0,0,0,0
28,0,117.75912493912753,5,21,4,2,1,0,0,0
44,0,208.0658298417717,9,15,4,3,0,0,5,0
169,0,130.04467941185487,7,25,3,4,1,0,2,0
29,0,72.70924502732962,2,2,3,3,0,2,0,0
85,0,99.72206201622674,9,8,2,1,0,0,0,0
73,0,167.9462165805838,8,13,4,1,1,0,3,0
45,1,139.5,10,7,4,1,2,0,3,0
49,1,99.53494145960204,3,11,4,3,0,0,0,0
320,0,115.0,8,18,3,2,0,1,0,0
24,0,161.44902588560416,11,1,4,3,0,0,4,0
56,0,112.48337219975974,4,8,4,4,1,0,2,0
71,0,150.7880211860687,8,19,4,1,0,0,3,0
89,0,185.63809551100536,7,21,4,2,0,0,5,0
169,1,110.44876435999235,7,18,4,2,0,0,1,0
213,0,92.65,10,2,4,2,1,3,0,0
36,0,67.95388942898876,2,26,3,1,1,2,0,0
167,0,90.9,8,25,4,2,0,0,0,0
169,0,300.0,7,28,3,3,2,1,0,0
212,0,74.07008641365631,10,8,4,1,2,0,0,0
64,0,177.3,7,23,4,2,0,0,5,0
3,0,94.49604272601658,11,4,0,2,0,0,3,0
169,1,108.90854330636937,10,2,4,3,0,0,0,0
68,0,168.3,8,11,4,1,0,0,3,0
99,0,93.09918788976815,4,17,4,1,2,0,2,0
132,0,89.18175576900599,4,28,4,2,0,2,0,0
275,0,91.69,10,9,4,5,3,3,0,0
37,0,112.90888829445582,6,27,4,2,1,0,0,0
9,0,92.62958733504732,2,9,4,3,0,0,0,0
12,0,104.88313034527829,5,20,2,2,0,0,1,0
21,0,223.6631522854511,5,3,4,1,0,0,4,0
19,0,149.93782579998506,10,6,4,1,1,0,0,0
16,1,235.67831730234047,9,18,4,8,3,0,5,0
49,0,94.5,9,18,4,2,1,0,0,0
30,0,149.4,5,11,4,3,0,0,3,0
63,0,116.1,5,19,4,1,0,3,0,0
33,0,90.2010612982872,4,18,3,3,0,2,0,0
176,0,101.34611919289414,6,2,3,2,0,0,0,0
6,0,103.12230782117216,3,13,4,0,1,0,0,0
53,0,83.24365648796244,2,16,4,3,0,0,0,0
97,0,127.156172296294,5,6,4,1,0,0,0,0
41,0,89.31865732398583,5,21,4,1,0,3,0,0
62,0,68.20372101180648,7,13,4,7,2,0,0,0
26,0,138.50276584660935,5,26,4,1,1,0,0,0
216,0,96.3,7,9,4,2,0,0,0,0
154,0,111.64360521095487,7,11,3,2,1,0,0,0
109,0,76.5,7,16,4,1,0,0,0,0
256,1,114.59868109173603,6,15,3,2,0,1,0,0
55,0,207.1808809440295,8,21,4,3,0,0,5,0
105,0,128.70312799676935,6,10,3,1,0,0,0,0
112,0,105.3,7,13,4,3,0,0,0,0
32,0,152.6048984787392,8,26,4,1,0,0,3,0
119,0,107.19900669224408,6,3,4,2,1,0,0,0
67,0,94.60042518164741,4,24,4,2,0,3,0,0
70,0,21.640529082814815,4,18,3,2,1,0,0,0
22,0,101.13553788099098,9,4,4,3,0,0,0,0
192,0,188.86276872241882,8,21,4,1,0,1,3,0
131,0,131.61582865253936,9,13,4,1,1,0,2,0
282,0,82.87137275221575,11,29,4,3,1,0,0,0
82,0,96.10656309312249,3,25,4,2,2,0,3,0
32,1,93.636879433717,10,4,4,3,1,0,0,0
17,1,97.56274909247789,8,28,4,5,2,0,0,0
220,0,115.78218400067998,9,15,3,2,0,0,2,0
62,0,106.92029281037959,8,3,4,2,1,0,0,0
112,0,150.33334237663914,7,14,4,3,1,0,3,0
167,0,90.95,7,7,4,3,1,0,0,0
100,0,224.69595523484026,10,22,4,4,2,1,5,0
16,0,151.26753425946467,6,29,4,2,0,0,0,0
4,1,124.888367895843,9,6,4,0,1,0,0,0
175,0,124.12131002510667,8,24,4,3,0,0,0,0
118,0,95.03861483194531,4,16,4,1,1,0,2,0
282,1,110.91931117053252,10,23,4,1,2,0,3,0
26,0,141.9790782730663,4,14,4,2,0,0,3,0
30,1,128.26763041723297,11,5,4,3,2,0,3,0
29,0,156.44462898401838,5,18,4,1,0,0,2,0
36,1,98.76341520985049,9,2,4,1,0,2,0,0
167,0,96.79895584630502,9,4,3,3,0,0,0,0
173,1,128.66384790234278,7,27,3,2,1,0,1,0
85,0,122.97792181315855,10,22,4,2,1,0,0,0
179,0,104.75331539332593,7,24,3,3,0,0,3,0
114,0,75.0,6,1,3,2,1,0,0,0
121,0,117.54210023627333,5,10,3,1,0,0,0,0
67,0,167.69701710778872,9,11,4,2,0,0,3,0
131,0,137.19105902397604,7,29,4,5,1,0,3,0
7,0,89.0,4,8,4,1,0,3,0,0
107,0,119.56705398661929,7,20,4,2,1,0,0,0
290,0,91.70557221160769,10,21,4,3,2,0,0,0
25,0,179.77387105845972,2,1,4,1,1,0,1,0
84,0,94.09219305640869,8,17,4,2,1,1,0,0
19,0,187.0,7,7,4,1,1,0,3,0
66,0,139.9998351078775,5,12,4,2,0,0,3,0
252,0,111.45646999154873,10,15,4,1,1,0,0,0
27,0,89.89853631693127,3,18,4,0,1,1,0,0
8,0,99.5928897754883,6,16,4,0,1,0,0,0
213,0,119.96959566690774,9,18,4,4,2,0,0,0
35,0,92.40896140213592,5,21,3,0,1,3,0,0
34,0,213.307775215355,6,24,4,0,1,0,4,0
42,0,134.99265274392027,3,24,4,3,2,0,3,0
74,0,131.4,7,4,4,1,0,0,3,0
204,0,134.968881128005,8,24,4,2,1,0,1,0
7,0,238.72249575551447,8,14,4,2,0,0,5,0
176,0,104.75390923737554,7,30,4,1,0,1,0,0
116,0,60.83644620546981,2,28,3,1,2,0,0,0
7,0,151.0,7,3,4,1,0,0,0,0
45,0,78.3,2,4,4,1,0,0,0,0
11,0,109.77458820445183,9,25,4,1,1,0,0,0
67,0,182.96838139397587,7,18,4,2,0,0,3,0
9,0,119.5,5,18,4,2,0,0,1,0
187,1,121.57868735874187,8,9,4,3,1,0,1,0
93,0,72.41471697610528,10,16,4,1,0,0,0,0
5,0,119.49864500561401,4,10,4,1,0,0,0,0
80,0,119.07,10,2,4,1,1,0,3,0
225,0,95.50332720596276,10,29,4,1,2,0,0,0
10,0,129.80677356964875,9,26,4,2,0,0,0,0
17,0,97.0,3,17,4,1,0,3,0,0
124,0,147.4931412542214,8,8,4,3,0,0,3,0
95,0,121.9339666134925,8,26,4,2,0,0,0,0
126,0,105.3,5,5,4,2,0,0,0,0
180,0,130.02495932254666,9,10,4,2,0,0,2,0
98,2,97.39869701605059,9,3,4,3,0,0,0,0
59,0,75.96649830182665,11,2,4,2,1,3,0,0
183,0,84.03980431081537,9,18,4,2,0,2,0,0
235,0,90.94966732433627,7,12,4,2,1,0,0,0
116,0,71.55934521312483,2,28,3,1,2,0,0,0
42,0,168.0213150480267,6,13,4,1,0,0,3,0
233,1,102.10143123974011,8,12,4,4,0,0,0,0
183,2,80.1,10,27,4,2,0,3,0,0
26,0,141.52419627106332,4,12,4,2,0,0,1,0
169,1,121.5,8,3,4,3,0,0,0,0
5,0,85.0,2,18,4,4,1,0,0,0
5,0,95.0,4,4,0,2,1,0,0,0
438,0,67.17836033061145,6,19,3,1,0,0,0,0
80,0,109.68754452577859,4,24,4,3,1,0,2,0
187,0,112.5,8,28,4,0,1,0,0,0
104,0,103.77910540165456,4,27,4,5,1,0,1,0
142,0,86.57871701242019,11,15,4,3,2,0,0,0
199,0,84.70978356468105,5,21,4,1,0,0,0,0
158,0,143.80212423926793,9,18,3,1,1,0,0,0
96,1,116.79822288296761,8,7,4,1,0,0,0,0
322,0,83.24364952502538,11,29,4,2,1,0,0,0
116,0,60.86646576683925,2,28,3,1,2,0,0,0
37,0,90.952695460544,9,16,4,6,2,0,0,0
181,0,98.90485908875843,10,11,4,1,0,3,0,0
275,0,63.125227012330136,6,4,4,1,0,0,0,0
89,0,78.82081392020737,8,8,3,2,1,0,0,0
59,1,121.08149829064506,9,2,4,1,1,0,1,0
32,0,194.78036187515684,7,5,4,2,0,0,3,0
34,0,98.7429229382081,9,25,4,0,1,2,0,0
11,0,131.56717283609188,4,25,4,0,1,0,0,0
160,1,114.3661474696013,7,26,4,3,0,0,0,0
168,0,105.3,8,21,4,1,1,0,0,0
183,1,104.46479922924644,7,14,4,1,1,1,1,0
138,0,102.58515068199459,9,4,4,4,0,0,0,0
5,0,83.41519390387273,2,11,3,1,0,0,0,0
153,0,130.34245280536217,6,27,4,2,1,0,0,0
142,0,90.0,11,12,4,1,1,0,0,0
0,0,199.78411507480635,8,17,4,1,0,0,3,0
88,0,62.53012542294796,4,24,3,3,1,3,0,0
24,0,122.73552259414821,9,18,4,2,0,0,0,0
16,0,133.39566527908534,4,6,4,4,0,0,3,0
166,1,105.26103798957543,8,5,4,1,0,0,0,0
158,1,113.64779953747218,9,28,4,2,1,3,0,0
135,0,146.7,8,8,4,0,0,0,3,0
52,0,101.10603377683186,5,27,4,2,1,2,0,0
160,0,128.8457318966202,5,18,4,2,0,0,3,0
80,0,96.44745885455563,4,2,4,3,0,0,3,0
196,0,127.35916817909829,8,28,4,2,0,0,0,0
38,0,117.9,7,2,4,1,1,0,0,0
112,0,119.09784649515929,8,5,3,3,0,0,0,0
219,0,106.72913011128986,7,2,4,2,0,0,0,0
25,0,170.14934285395464,2,9,4,3,1,0,4,0
10,0,138.29105465471127,3,3,4,2,0,0,0,0
61,0,140.74688830962847,5,7,4,1,0,0,3,0
19,0,118.49620834335356,7,20,4,0,0,0,0,0
75,0,122.82759536168555,7,23,4,4,2,0,0,0
193,0,71.29851758340759,6,9,3,1,1,0,0,0
116,0,60.53637792565655,2,28,3,1,2,0,0,0
123,0,75.58315302205355,8,12,4,2,0,0,0,0
130,1,139.54090224881742,8,29,4,3,0,0,3,0
291,0,114.17448966253579,7,19,3,2,0,1,0,0
165,1,160.24438525528137,8,4,4,2,1,0,1,0
20,0,138.9088670601536,6,3,4,4,1,2,0,0
248,0,79.76690566391737,12,30,4,3,1,1,0,0
24,0,154.430618548391,11,2,4,1,1,0,2,0
206,0,90.93199261914175,7,5,3,3,1,0,0,0
148,0,130.33090536428722,8,12,3,2,0,0,0,0
12,0,130.26756115801666,3,25,4,0,0,0,0,0
147,0,97.56261360894473,7,10,4,2,1,3,0,0
196,0,148.03660681122645,8,22,4,5,1,0,2,0
85,0,126.9,5,20,4,1,1,0,0,0
309,1,68.76069508861252,12,27,4,9,2,3,0,0
6,0,147.35796986320852,8,23,4,2,0,0,3,0
325,0,89.99781851984835,10,23,4,2,0,0,2,0
7,0,151.3075875946834,8,6,4,1,2,0,0,0
239,0,128.7,10,28,4,2,0,0,0,0
17,0,92.03688592471163,3,1,4,3,0,1,0,0
2,0,141.0,5,21,4,1,1,0,0,0
4,0,169.0,8,15,4,1,0,0,0,0
6,0,91.06774120154071,6,23,4,1,0,0,0,0
94,0,148.12265994952375,6,30,4,3,1,0,3,0
177,0,100.0391943097023,6,3,3,2,0,0,0,0
102,0,141.01571905088176,7,22,4,1,0,0,3,0
7,0,97.99375857809238,4,4,4,1,0,0,0,0
25,0,89.0,4,17,4,0,1,3,0,0
22,0,98.72554570676625,10,29,4,2,1,2,0,0
56,0,74.5805683413704,11,14,4,3,2,3,0,0
33,0,69.8330528253656,2,12,4,2,1,3,0,0
78,0,118.08093253169822,10,26,4,4,0,0,1,0
301,0,110.97003861401261,7,30,3,1,1,1,0,0
147,0,103.5,8,13,4,0,1,3,0,0
142,0,86.87299946934023,8,26,4,1,1,2,0,0
4,0,151.73790121345957,8,9,4,3,0,1,1,0
96,0,72.22876353006043,10,27,3,1,0,0,0,0
175,0,83.41944154293115,9,5,3,3,0,0,0,0
93,0,96.3,4,18,4,2,0,0,0,0
159,0,73.39222089091723,7,16,3,1,0,1,0,0
99,0,94.11073555410871,4,17,3,2,1,0,1,0
207,0,102.66605893585057,8,22,4,4,0,0,0,0
40,0,69.00287840121335,2,12,4,1,2,3,0,0
38,0,115.61723909116351,5,27,4,1,1,0,0,0
88,0,95.63342088738511,5,2,4,0,0,0,0,0
386,1,90.0,10,23,3,0,2,1,0,0
248,0,201.5989393249422,10,10,4,1,0,0,5,0
60,1,88.32299453910397,3,2,4,2,0,0,2,0
255,0,72.78223854050901,11,14,4,5,2,0,0,0
7,0,142.68722729821522,5,8,4,3,0,0,2,0
70,0,134.62261192937027,4,21,4,2,1,0,3,0
98,0,71.50613956537003,8,21,3,3,1,0,0,0
209,0,98.6645030686298,8,19,4,2,0,0,0,0
15,0,235.57721640107005,8,18,4,9,3,0,5,0
128,0,90.9128395742754,10,18,4,1,1,0,0,0
39,0,149.4,9,15,4,1,0,0,3,0
147,0,94.19556044757002,9,6,4,2,1,1,0,0
303,0,100.28405838904042,7,15,4,2,1,0,0,0
6,0,103.99477495457391,3,17,4,0,1,0,0,0
37,0,159.2097090800989,3,25,4,1,0,0,3,0
57,0,105.3,4,11,4,2,0,0,0,0
83,0,104.66040310878792,5,26,4,3,1,0,0,0
18,0,118.0,9,4,4,0,0,3,0,0
238,0,87.25929268568534,8,4,4,3,1,0,0,0
308,1,78.3,11,23,4,3,0,0,0,0
4,0,127.0,3,11,4,2,0,0,0,0
35,0,97.55889550116295,9,26,4,0,0,2,0,0
0,0,115.51027669775232,8,29,4,1,0,3,0,0
31,0,74.93877263237515,9,15,3,2,1,0,0,0
32,0,230.2660475729192,9,18,4,2,1,1,5,0
54,0,116.1,5,21,4,1,0,3,0,0
184,0,165.56481067824853,8,24,4,3,1,0,0,0
1,0,101.0,3,3,4,1,0,0,0,0
5,0,101.46149391269458,4,12,2,3,0,0,0,0
223,1,72.9,12,4,4,2,0,0,0,0
32,0,141.84486018296263,6,1,4,2,1,0,0,0
123,0,74.80958928510334,8,12,4,2,0,0,0,0
21,0,165.19060728133337,5,27,4,3,0,0,3,0
30,0,117.9,5,22,4,1,1,0,0,0
20,0,156.0,5,3,4,2,0,0,3,0
0,0,96.8113588833854,8,4,3,0,1,2,0,0
159,0,84.85498805077913,9,19,4,2,1,0,0,0
25,0,106.69132675968171,9,13,4,0,0,0,0,0
8,0,119.50277080498,7,23,4,1,0,1,0,0
87,0,187.85,5,15,4,3,1,0,5,0
52,0,139.59016607754523,4,11,4,2,0,0,3,0
12,0,64.97316495746503,8,13,2,3,1,0,0,0
14,0,137.29596811439032,8,15,4,2,0,1,0,0
22,0,221.0,5,13,4,2,0,0,5,0
193,0,96.44509922954181,9,21,4,5,2,0,0,0
209,0,88.52826225360624,9,6,3,2,1,0,0,0
31,0,67.5,2,5,4,2,0,2,0,0
35,0,128.224166224876,6,27,4,4,1,0,2,0
64,0,91.2,9,5,4,2,1,3,0,0
10,0,154.75754693903966,7,9,4,1,0,0,3,0
115,1,101.72279453640475,4,28,4,3,1,0,3,0
43,0,114.8192649725456,4,9,4,4,1,1,1,0
25,0,168.31291615709202,10,5,4,4,1,0,0,0
71,0,75.6157018750264,10,30,4,0,1,0,0,0
262,0,100.20434409679828,9,29,4,3,2,0,0,0
14,0,87.44456553327717,9,3,4,0,0,0,0,0
54,0,118.24051440512356,4,5,4,2,0,0,0,0
114,0,85.12313991171894,6,29,4,2,0,0,0,0
216,0,96.3,7,9,4,2,0,0,0,0
143,0,129.88329329026303,9,21,4,3,1,0,0,0
86,0,117.39921733506411,7,3,4,3,0,0,0,0
332,0,76.07944939652619,10,21,4,3,0,0,0,0
190,1,177.42555692574305,8,28,4,1,1,0,4,0
154,0,80.75,6,25,4,5,2,1,0,0
18,1,88.91163291370847,8,29,4,2,1,0,0,0
25,0,171.52189678371198,1,7,4,1,1,0,4,0
50,0,107.5466344107467,6,29,4,2,0,2,0,0
9,0,104.71832714758501,4,19,4,2,0,0,2,0
114,0,132.28553784612816,9,15,4,3,1,0,3,0
186,0,96.27653438403186,7,28,4,2,0,0,0,0
81,0,94.97227738214808,8,22,3,3,1,0,0,0
14,0,105.0,7,20,2,2,0,0,0,0
174,0,110.03860964162567,9,6,3,3,0,0,0,0
44,0,112.78485776552748,3,18,4,2,0,0,2,0
32,0,124.66348748523694,7,8,4,0,1,2,0,0
244,0,74.79349940599018,6,18,3,2,0,0,0,0
197,1,112.30313599981442,8,22,3,4,1,0,0,0
57,0,118.8,4,22,4,2,0,0,3,0
142,0,86.93158406135628,11,15,4,2,2,0,0,0
161,0,122.17636491393617,8,14,4,4,1,0,0,0
61,0,94.95461397278996,5,26,4,2,1,3,0,0
66,0,86.35326714922913,4,2,4,1,1,2,0,0
178,0,111.79593476874473,8,31,4,2,0,0,0,0
206,0,111.35,9,27,4,4,1,0,0,0
126,1,138.43529598727844,12,27,4,1,0,0,3,0
8,0,188.8579251571933,7,7,4,1,1,0,0,0
175,0,142.6094311077233,9,15,4,2,0,0,0,0
49,0,114.89154335768576,4,6,4,2,0,1,0,0
52,0,79.2,11,11,4,1,1,3,0,0
198,1,109.47402773417474,6,27,4,3,1,0,0,0
147,0,75.62745714223024,9,13,4,3,0,1,0,0
88,0,132.3,10,20,4,3,0,0,3,0
19,0,140.44129497687666,8,21,4,2,1,3,0,0
345,0,75.40937640867001,12,26,4,1,2,1,0,0
304,0,53.06809221013856,10,24,4,2,0,0,0,0
60,0,74.83201977351673,2,20,3,2,2,0,0,0
30,0,181.81582997425303,5,24,4,3,1,0,3,0
105,0,79.017356590813,11,5,2,3,1,0,0,0
163,0,105.3,7,27,4,0,0,0,0,0
289,0,71.21656337244953,6,17,4,2,1,0,0,0
295,0,116.75076987362175,8,21,3,3,0,1,0,0
54,0,76.40995691391835,11,11,4,3,1,3,0,0
92,0,139.71181949353686,6,1,4,2,0,0,3,0
162,0,133.34303147521234,7,19,4,3,2,1,0,0
162,0,105.3,7,1,4,1,1,0,0,0
250,0,95.0,9,26,3,3,1,0,0,0
17,0,83.64190344339407,10,27,4,3,2,0,0,0
14,0,136.5165924382709,8,15,4,2,0,0,0,0
157,0,105.3,7,24,4,0,1,0,0,0
136,0,94.5,7,17,4,0,1,3,0,0
8,0,123.42419658517615,6,12,4,1,1,0,0,0
93,1,118.8,10,7,4,2,1,0,0,0
96,0,138.0,9,28,3,1,1,1,4,0
202,0,90.0,5,29,3,1,2,0,0,0
96,0,130.88549761392548,5,17,4,4,0,3,0,0
72,0,109.72994732002174,4,27,4,2,0,1,1,0
130,0,114.44145671283066,5,4,4,3,0,0,2,0
122,2,76.36423359951371,7,13,4,0,1,0,0,0
166,0,80.75,7,5,4,4,0,3,0,0
5,1,159.11295725555303,9,15,4,2,0,0,0,0
27,1,150.14256688571706,7,23,4,2,0,0,2,0
84,0,96.3,6,16,4,2,1,2,0,0
238,0,105.94277449129785,9,12,4,2,0,0,0,0
109,0,200.33770512844973,9,11,4,3,0,0,5,0
7,0,157.6549605884261,5,10,4,3,1,0,1,0
45,0,125.7798425123575,10,4,4,2,0,0,1,0
13,0,79.0,2,23,4,1,0,3,0,0
155,1,130.4647642482842,8,1,4,1,0,0,0,0
53,0,125.70560911099585,4,18,4,2,0,0,1,0
155,0,142.56893742341285,8,17,4,0,1,0,3,0
81,0,94.00434709226099,9,12,4,2,0,1,0,0
58,0,78.93818767345725,11,2,4,2,0,3,0,0
100,0,108.0,10,16,4,1,0,1,0,0
39,0,89.25640062807159,5,20,4,1,0,2,0,0
69,0,72.71985822494293,3,17,4,3,1,3,0,0
1,0,126.84445758464715,8,19,3,2,1,0,0,0
74,0,85.5,4,8,4,1,0,3,0,0
123,1,141.69941674033555,8,20,4,5,1,0,3,0
25,0,168.37489067857126,10,6,4,3,1,0,0,0
303,0,78.0,8,19,3,3,2,0,0,0
208,0,85.54518558567158,8,2,4,0,1,0,0,0
93,0,99.82635337862624,3,26,3,1,2,0,0,0
195,0,105.53144136095258,8,12,4,4,2,0,0,0
23,0,128.49,5,21,4,4,2,0,1,0
31,1,89.53385430606961,11,4,4,7,4,2,0,0
162,0,115.0,10,14,3,2,2,0,0,0
45,0,99.0,9,30,4,0,0,3,0,0
45,0,64.13195083192463,3,6,4,2,0,3,0,0
149,0,127.5,7,20,4,3,0,0,0,0
25,0,126.0969430301715,6,12,4,1,1,0,3,0
273,0,114.01697547707255,9,27,4,2,0,0,2,0
15,0,132.70073225231184,3,5,4,3,0,0,3,0
354,0,86.6831137229539,12,26,4,4,1,0,2,0
17,1,99.07651227220248,8,29,4,3,1,0,0,0
68,0,75.1845378817143,11,22,4,3,0,0,0,0
159,0,143.36153509802492,9,19,3,2,1,0,0,0
18,0,77.91134097007743,2,1,4,4,0,0,0,0
35,0,81.9,3,8,4,4,1,0,0,0
83,1,88.4,11,29,4,4,1,0,0,0
189,0,113.55532914256194,9,26,4,0,0,0,1,0
85,0,95.72199720693982,4,14,4,2,0,0,0,0
89,1,119.43935348073168,10,9,4,1,0,0,0,0
163,0,96.3,8,28,4,1,0,0,0,0
7,0,119.11498938577209,4,21,4,2,0,2,0,0
169,0,106.4622811438912,4,21,3,2,2,1,0,0
197,0,99.96668879749413,8,8,4,3,1,0,0,0
111,0,134.97036831003612,8,24,4,2,0,0,1,0
12,0,65.1235247725804,9,14,2,2,0,0,0,0
92,0,101.40794481272293,3,25,3,1,1,0,0,0
6,0,144.46086014110784,5,10,4,4,1,0,3,0
172,0,95.0,6,24,3,2,0,0,0,0
81,0,190.15610051756406,8,15,4,3,2,0,5,0
180,0,114.23042351108265,8,10,4,3,1,0,0,0
44,0,65.3909924822494,3,9,2,0,1,0,0,0
34,0,95.4,3,5,4,1,1,0,3,0
90,0,172.66361719411822,6,14,4,3,0,0,3,0
134,1,104.54592739691265,6,10,4,2,0,1,0,0
20,0,138.35436718116324,6,2,4,3,1,1,0,0
17,0,114.80034826540961,6,11,4,0,1,0,0,0
77,0,105.04647250743714,6,26,4,0,1,0,0,0
204,1,127.39584275599611,9,8,4,3,0,0,0,0
70,0,89.04619463119253,4,14,4,2,1,3,0,0
43,0,83.12587506562267,11,6,4,4,0,0,0,0
99,1,264.5920912269042,7,21,4,2,1,0,5,0
177,0,82.15143240471485,7,24,4,4,0,3,0,0
266,0,109.2725229220035,5,22,3,2,0,0,0,0
260,0,112.67411942599561,9,21,4,2,0,2,0,0
94,0,157.10662609286092,5,21,4,1,0,0,3,0
204,1,126.9,9,6,4,1,1,0,0,0
67,0,77.73199334619203,5,18,4,6,2,0,0,0
35,0,125.2137295743484,3,23,4,2,0,2,0,0
79,0,186.39978103287902,9,15,4,3,2,0,3,0
180,0,85.5,8,26,4,1,1,3,0,0
206,1,129.40675687652464,7,8,4,3,0,0,1,0
197,0,140.50951015115405,9,5,4,3,0,0,3,0
66,0,88.64996947598735,4,2,4,1,1,0,0,0
138,0,150.62484670037827,9,7,4,0,1,0,3,0
104,0,113.07256713634175,7,5,4,2,0,0,0,0
36,0,70.02045263360137,2,8,4,4,2,3,0,0
142,1,118.50034604322747,5,25,4,0,1,0,0,0
93,0,107.42856324289403,8,18,4,3,2,3,0,0
32,0,98.1,5,25,4,1,0,3,0,0
35,0,202.35804076200574,9,2,4,1,0,0,1,0
48,0,151.0462020225255,8,16,4,2,1,0,1,0
157,0,86.89787618472016,7,16,4,2,2,2,0,0
179,1,108.22899172812248,9,1,4,1,1,0,0,0
102,0,120.8523396704272,10,6,4,1,0,0,0,0
91,0,80.47271442113099,4,4,4,1,1,0,0,0
143,1,137.61919498946997,7,4,4,2,0,0,3,0
53,1,88.30883151507842,10,4,4,2,0,2,0,0
99,0,89.4774787271841,3,19,2,1,0,0,0,0
111,0,134.07407893750812,8,23,4,2,0,2,0,0
29,0,156.96557970948743,4,16,4,2,0,0,3,0
97,0,72.81343619455414,8,21,3,3,1,0,0,0
14,0,107.34903093155116,2,25,4,2,1,1,1,0
2,0,100.70842593219969,11,24,4,1,0,0,0,0
174,0,84.94372324488721,7,4,3,2,0,2,0,0
118,0,92.29196819516675,4,8,4,2,1,1,0,0
159,1,130.44688899981327,7,6,4,1,1,0,0,0
313,0,68.65631758180541,12,26,4,6,2,3,0,0
27,0,105.64612290947687,4,5,4,1,1,0,2,0
4,0,139.34147856356674,8,2,4,0,0,2,0,0
225,0,70.42973660673105,11,27,4,2,1,3,0,0
142,0,141.52410669497897,8,18,4,3,0,0,3,0
2,0,94.01909919935373,11,2,0,2,0,0,3,0
146,1,79.96204175053742,8,28,4,2,1,0,0,0
28,0,139.39669582988694,5,20,4,2,1,0,3,0
249,1,82.89920841451323,11,27,4,2,2,0,0,0
349,0,75.9905783417322,11,5,3,2,0,0,0,0
168,1,104.87263850470046,7,26,4,2,1,0,3,0
93,0,151.56100221931823,8,13,4,2,2,0,0,0
247,0,114.00217665501495,6,6,3,1,1,1,0,0
34,0,94.34069155802561,9,31,4,2,0,3,0,0
152,0,113.32264146959275,6,20,4,2,1,0,0,0
98,0,114.84909727875153,7,7,4,1,0,0,0,0
112,0,189.48454153105195,7,14,4,2,0,0,3,0
85,0,127.88517090750425,4,20,4,2,0,0,3,0
175,0,104.21487090421117,9,29,4,1,1,1,1,0
147,0,97.26081883848012,7,6,3,3,0,2,0,0
157,0,130.05,8,2,4,4,0,0,0,0
183,0,99.57979770215137,9,3,4,2,0,0,0,0
1,0,256.6237699573447,7,14,4,0,1,0,3,0
33,0,141.53881037069712,3,24,4,2,0,0,1,0
107,1,92.7818905182402,8,28,4,1,0,1,0,0
204,1,127.0488096404508,8,8,4,3,0,0,0,0
104,1,109.92251354762112,11,4,3,0,1,0,0,0
31,1,78.47474079265866,11,23,4,2,0,1,0,0
91,0,96.3,4,18,4,2,0,0,0,0
73,0,72.57319928727762,3,18,3,3,1,0,0,0
5,0,116.50805021740756,6,26,4,2,2,3,0,0
38,0,159.10933215241795,5,9,4,3,0,0,2,0
3,0,139.70208256688449,6,21,4,2,1,0,0,0
352,0,89.59571149000487,12,26,4,4,1,0,1,0
12,0,111.71302244986724,8,2,4,1,0,0,0,0
255,0,100.69119731631403,9,15,4,3,1,0,0,0
212,1,206.01601465044808,8,18,3,1,1,1,0,0
26,0,101.58837361845617,5,22,4,1,0,0,0,0
9,1,130.61781124624997,3,7,4,2,0,0,3,0
16,0,129.0,6,17,4,1,1,3,0,0
77,0,115.50324282583053,9,20,4,3,0,0,0,0
181,0,70.76316073083014,11,19,4,2,0,3,0,0
16,0,83.78106844455851,2,7,4,1,0,0,0,0
106,0,141.17152750621935,6,10,4,4,0,0,0,0
137,0,74.17997329948868,11,14,4,3,1,2,0,0
7,1,129.0,8,19,4,1,0,3,0,0
101,0,78.3,3,15,4,2,0,0,0,0
10,0,79.0,2,3,4,3,1,3,0,0
46,0,132.78556382775866,4,20,4,1,0,0,3,0
206,0,102.54074197113391,10,5,4,4,1,0,0,0
19,0,232.66495429677636,9,18,4,3,2,0,5,0
74,0,116.3735972058078,5,9,4,1,1,2,0,0
60,0,137.54343187922953,9,18,4,1,1,0,1,0
60,0,126.0,10,18,4,2,0,0,3,0
56,0,67.23725847777781,3,11,4,2,1,2,0,0
71,0,116.1,5,7,4,1,0,3,0,0
266,0,77.04343322529806,12,23,4,6,1,0,0,0
18,1,199.45943211956225,6,13,4,2,0,0,3,0
15,0,109.33,3,2,4,3,0,0,3,0
35,0,91.49264733844626,9,20,4,1,0,1,0,0
12,0,129.0,6,26,4,0,0,3,0,0
14,0,105.0,10,16,3,3,0,0,0,0
131,0,137.82131602649343,8,2,4,2,0,0,2,0
11,0,121.12523002562875,5,29,2,3,1,0,0,0
116,0,107.5246060229602,5,6,4,1,0,0,0,0
48,0,126.82095947297803,4,21,4,1,0,0,0,0
198,0,73.12701871928638,6,2,4,2,0,2,0,0
40,0,239.27205066992556,10,19,4,2,0,0,5,0
77,0,90.9,4,11,4,1,0,0,0,0
156,0,86.52273367310463,8,16,4,2,1,2,0,0
45,1,77.34398778618375,3,14,4,3,2,0,1,0
193,1,130.88305292068782,8,11,4,1,1,0,0,0
132,0,138.95087678315073,7,6,4,3,0,2,0,0
18,0,110.92897645004771,5,14,4,1,0,0,0,0
254,0,100.3,9,29,4,3,1,0,0,0
94,1,76.5,7,7,4,4,1,0,0,0
81,0,85.64664154323587,6,23,4,1,0,2,0,0
220,0,105.98466451588517,10,2,2,2,1,0,3,0
18,0,65.88408867192038,9,13,3,0,1,1,0,0
11,1,90.25114387420243,8,17,4,4,1,0,0,0
68,0,87.75824216900634,4,2,4,1,1,0,0,0
25,0,78.28273103182165,1,29,4,1,0,0,0,0
36,0,72.28620313721873,3,2,4,2,0,3,0,0
1,0,67.79300925214665,2,28,3,1,2,0,0,0
28,0,168.33733533100332,8,7,4,2,2,0,1,0
49,0,152.1,8,15,4,2,0,0,0,0
5,1,108.9142305252045,5,8,4,2,0,2,0,0
20,0,62.239893809903904,2,10,4,3,0,3,0,0
160,0,128.95181277085752,4,26,3,2,0,0,1,0
257,0,90.09584401517277,9,2,3,4,1,2,0,0
104,0,124.2652989746635,5,5,4,3,1,0,2,0
104,0,105.24379841733528,5,27,4,1,1,0,0,0
20,0,81.43302286107456,2,2,4,3,0,0,0,0
100,0,101.11398351266531,10,13,4,1,1,0,2,0
43,0,107.1,4,2,4,1,1,2,0,0
258,0,72.16822654259119,11,17,3,3,2,0,0,0
124,0,143.1,9,20,4,5,1,0,3,0
166,1,114.3,8,3,4,2,0,0,0,0
70,0,113.5034862375933,10,21,3,1,1,0,3,0
72,0,127.63428807306211,5,7,4,1,0,0,0,0
175,0,48.87769377411104,7,24,4,4,0,2,0,0
116,0,97.23961504037467,8,16,4,2,1,0,0,0
291,0,115.0,7,19,3,2,0,1,0,0
31,1,143.84243478458893,9,28,4,1,0,0,2,0
237,0,87.05401314837015,8,4,4,1,0,0,0,0
443,0,61.83457436751881,4,29,3,1,0,0,0,0
44,0,125.59543920780773,10,4,4,2,0,0,2,0
39,0,113.91065952143254,7,27,4,1,1,3,0,0
95,0,125.66493776420252,10,26,3,1,1,0,3,0
52,0,140.2958159583783,6,17,4,2,0,0,3,0
115,0,60.766278843736124,2,26,3,2,2,0,0,0
177,0,123.20672087903914,8,2,4,3,1,0,0,0
110,0,74.28901416785789,7,14,3,2,0,0,0,0
41,0,208.89177328043883,9,4,4,3,1,0,1,0
23,0,97.53528148845673,3,10,4,2,1,0,0,0
118,0,59.03408960585719,2,27,3,2,2,0,0,0
32,0,168.95271903810223,7,12,4,1,1,0,3,0
219,0,86.52440821982533,8,17,4,2,0,3,0,0
54,0,89.57642927323124,3,17,4,2,1,0,0,0
32,0,130.09314486462134,10,10,4,2,0,0,0,0
150,1,130.17434515579515,7,9,4,3,0,0,0,0
155,1,118.19292968197365,10,6,4,2,1,0,0,0
65,0,159.39537347741128,8,28,4,2,1,0,3,0
10,0,90.0,6,13,2,3,0,0,2,0
53,0,123.3,9,2,4,2,0,0,3,0
153,0,103.8292074955236,7,28,4,1,0,2,0,0
108,0,101.79767037593031,7,6,4,1,0,3,0,0
166,1,121.83930694076287,8,2,4,3,0,0,1,0
55,0,139.53156425864836,9,17,4,3,0,0,3,0
21,0,62.847980289906005,10,15,2,0,0,0,0,0
249,2,115.2,9,15,4,1,0,0,1,0
259,1,100.30685595285783,9,7,4,3,1,0,0,0
116,0,72.13411759779711,5,25,3,3,1,0,0,0
19,0,106.98421930627248,10,25,4,2,0,1,0,0
308,1,78.3,11,23,4,3,0,0,0,0
29,0,167.15677739669397,9,12,4,2,1,0,3,0
44,0,87.22730860837778,10,19,4,1,0,3,0,0
31,0,161.08689298816174,9,15,4,1,2,0,3,0
128,0,120.24230908631111,9,13,4,3,0,0,1,0
342,0,90.0,9,13,3,2,0,0,0,0
227,0,72.86825513309665,11,7,4,2,0,0,0,0
48,1,73.89680930927722,11,11,4,2,0,3,0,0
30,0,231.38077067595998,11,19,4,1,1,0,5,0
19,0,120.8181455811278,5,6,4,1,1,0,0,0
55,0,94.5,7,18,4,2,1,3,0,0
47,1,149.85209556975659,8,1,4,1,1,0,2,0
46,0,47.7949778636514,4,5,4,8,3,0,2,0
92,0,99.22228971574027,3,26,4,0,1,0,0,0
59,1,133.6099435631558,8,29,4,1,0,0,3,0
230,1,135.98771158777356,8,5,4,4,0,0,0,0
31,0,117.9,5,21,4,1,1,0,0,0
45,1,140.29833792915457,9,4,4,3,0,0,2,0
66,1,105.16383245052225,11,11,4,1,1,0,0,0
94,0,105.3,5,14,4,3,0,0,1,0
3,0,79.15726660400038,8,17,2,5,2,0,0,0
285,0,87.07666953709284,10,16,3,1,1,0,0,0
22,0,148.776704308017,6,2,4,2,0,0,2,0
178,0,88.76415069106021,8,25,4,3,0,0,1,0
36,0,116.70195824325536,6,29,4,3,0,0,0,0
3,0,88.03134266885887,7,11,4,1,0,0,0,0
9,0,111.35,5,31,4,1,0,0,0,0
153,0,101.58,7,11,4,3,1,0,0,0
52,0,119.1393478698945,4,25,4,1,0,0,3,0
183,0,94.8717619271496,7,23,4,1,1,2,0,0
56,0,137.33085879483247,7,27,4,1,0,0,0,0
15,0,114.28592885087218,6,12,4,0,2,0,0,0
69,0,108.32175044495885,5,24,4,3,2,0,0,0
54,0,126.72059760036608,9,11,4,0,2,2,0,0
20,0,89.36996936664771,3,4,4,1,0,2,0,0
56,0,131.34875924284515,4,13,4,4,1,0,3,0
159,0,79.66018829511547,10,24,4,1,1,3,0,0
33,0,103.04745855765475,8,28,4,0,1,3,0,0
69,0,149.4,9,15,4,1,0,0,3,0
8,0,142.7466832480254,5,8,4,3,0,0,3,0
74,0,132.93566568784954,10,20,4,1,0,0,2,0
186,0,112.02502444398557,8,3,4,2,2,0,1,0
188,1,103.75300809115862,8,4,4,1,1,0,0,0
220,1,156.0,9,17,3,1,2,1,0,0
32,0,143.1959409888524,10,8,4,1,0,0,0,0
243,0,74.35300788652677,9,21,3,2,0,0,0,0
7,0,91.07834116583962,5,23,4,1,0,0,0,0
218,1,144.9057360468643,9,12,4,2,0,0,0,0
50,0,81.57362141516332,4,11,3,2,2,0,2,0
29,0,96.65356651037958,10,14,4,3,0,0,2,0
106,0,140.50650473218985,7,12,4,4,1,0,0,0
10,0,141.53449473389844,5,7,4,1,0,0,0,0
174,0,105.3,8,2,4,2,0,0,0,0
277,0,89.73251200266633,11,7,4,4,0,0,0,0
52,0,120.39319102138185,4,28,4,1,0,0,1,0
198,0,84.24634801014717,8,28,4,0,1,3,0,0
42,0,150.23991279697717,5,29,4,3,0,0,3,0
176,0,93.20343660261253,9,8,4,2,1,0,0,0
9,0,155.09742964564472,7,9,4,1,0,0,3,0
301,0,114.29810172168845,7,30,3,1,1,1,0,0
283,0,122.0846126149783,9,8,4,2,0,0,1,0
215,0,96.3,7,8,4,2,1,0,0,0
122,0,162.0,9,20,4,5,1,0,3,0
236,0,84.6091707709372,9,27,4,3,0,2,0,0
147,0,176.5237311587374,8,3,4,1,1,0,2,0
215,0,163.67910084857297,8,7,4,3,2,0,5,0
7,0,256.34966647384175,3,26,4,3,1,1,5,0
60,0,200.7295077996851,7,11,4,1,1,1,4,0
82,0,119.36656150766953,9,4,4,3,0,0,1,0
158,0,73.12526696776669,7,23,4,4,2,0,0,0
56,0,142.01717541324857,8,28,4,1,2,0,2,0
151,0,199.0707628544821,7,21,4,1,1,0,2,0
106,0,152.1,8,24,4,4,0,0,3,0
100,0,114.3,7,3,4,3,2,0,0,0
253,0,100.00620515861146,9,28,4,3,1,0,0,0
84,0,149.80123111409569,8,13,4,2,0,0,3,0
215,0,92.84922200324753,7,16,4,2,0,0,0,0
69,0,149.17285465230785,8,3,4,5,2,0,3,0
219,0,95.62273938673938,7,12,4,1,0,0,1,0
17,0,101.324004612755,7,30,4,2,1,0,0,0
15,0,89.0,6,20,4,1,0,3,0,0
108,0,94.80228705512913,6,25,4,1,1,1,0,0
1,0,120.8809261938616,8,28,4,1,0,3,0,0
61,0,159.3,5,1,4,2,1,0,1,0
19,0,63.24117146541323,2,10,4,3,0,3,0,0
54,0,108.02634784733138,6,9,4,2,2,0,0,0
152,1,146.31744274274737,8,12,4,1,1,0,2,0
50,0,158.93528522034418,8,22,4,5,2,0,3,0
84,0,158.95039699975865,7,27,4,1,2,0,3,0
59,0,98.75130774705254,9,3,4,1,1,1,0,0
70,0,79.64221855729988,5,11,3,4,0,0,0,0
82,0,78.3,3,4,4,2,0,0,0,0
34,0,219.2687362877212,8,18,4,2,1,0,3,0
119,0,110.47753137329505,5,30,4,5,1,2,0,0
112,0,138.48029086997306,7,1,4,5,1,0,3,0
53,0,144.33258098185212,9,24,4,2,2,0,3,0
349,0,94.48465359240774,10,4,3,5,1,0,0,0
90,0,149.4,9,7,4,3,0,0,3,0
157,1,122.00060190159685,7,12,4,2,0,0,0,0
16,0,181.69882873879772,7,14,4,1,1,0,3,0
195,0,105.7134353489309,8,12,4,3,2,0,0,0
186,0,79.33718806260815,8,8,4,2,0,0,0,0
160,0,96.87578363470332,7,5,4,3,0,3,0,0
205,0,90.87720871810741,6,24,3,1,2,0,0,0
27,0,67.46356255284299,11,9,3,1,1,0,0,0
159,0,85.50600283102935,10,19,4,2,2,0,0,0
94,1,178.76783778315482,6,27,4,3,0,0,3,0
7,0,313.1391007796874,8,13,4,1,0,1,5,0
38,0,116.1,5,13,4,1,0,3,0,0
190,0,93.35779830465425,9,2,4,3,0,0,0,0
160,1,114.75123033840944,8,13,3,2,0,0,0,0
17,0,96.16685243028819,4,11,3,2,1,1,0,0
31,0,109.41026472781675,4,10,4,2,0,0,0,0
144,0,117.45045696134163,5,27,4,1,1,0,2,0
238,0,106.68332636262772,9,21,2,3,0,0,3,0
257,0,105.1169717261201,9,29,4,1,0,0,0,0
42,0,84.0595877746576,11,5,4,4,0,0,0,0
173,0,123.81597570273144,8,16,4,0,1,0,0,0
161,0,103.84017418794811,8,7,4,1,0,2,0,0
12,0,118.0,8,29,4,1,0,3,0,0
205,0,58.82119986186904,9,2,4,2,0,0,0,0
101,0,126.9,5,8,4,1,0,0,0,0
115,0,106.02751492433926,4,29,4,4,2,0,3,0
8,0,95.0,4,6,4,1,0,0,0,0
8,0,56.23690850613761,3,2,2,1,0,0,0,0
135,0,97.61267997901184,6,26,4,3,0,0,0,0
103,0,107.76128335996444,9,8,4,0,1,3,0,0
194,1,111.5762228628156,8,24,4,5,2,0,0,0
152,0,119.3292040079359,7,5,4,4,0,0,3,0
167,0,105.09644018090079,8,19,4,1,0,0,0,0
177,0,71.52490376286498,7,18,3,5,2,0,0,0
99,0,90.63414671313545,10,24,4,3,1,1,0,0
60,0,107.26713788538537,6,24,4,1,1,0,0,0
181,1,105.3,7,19,4,1,0,0,0,0
128,1,95.19247172607831,8,27,3,1,1,0,2,0
114,0,100.57478501238533,4,27,4,3,0,0,3,0
188,0,108.17250863008853,9,5,4,3,0,0,0,0
237,0,139.7758817797734,10,6,4,3,0,0,3,0
7,1,154.766775727264,8,10,4,2,1,0,0,0
172,1,117.98391975038089,8,18,4,1,1,0,0,0
80,1,89.11557553449383,3,24,4,2,1,0,0,0
107,0,55.171025546312435,9,7,3,7,2,1,0,0
247,0,112.08985429107943,6,6,3,1,1,1,0,0
0,0,208.17273368110432,7,13,4,1,0,0,3,0
153,0,119.86486098703564,7,5,4,4,1,0,3,0
162,0,81.88231660814358,8,25,4,2,1,3,0,0
107,0,104.43010692643708,8,27,4,2,0,0,3,0
14,0,160.0,9,22,3,1,0,0,0,0
28,0,97.11715858031971,4,17,4,0,1,0,0,0
170,1,98.11772122065258,7,15,4,3,1,0,0,0
175,0,142.07550348696333,9,15,4,2,0,0,1,0
72,0,116.1,5,9,4,1,0,3,0,0
263,0,110.60123051802526,8,21,3,2,0,0,0,0
18,0,217.57927051241475,4,29,4,2,1,0,4,0
64,0,123.5641985647264,7,27,4,2,0,0,2,0
18,0,102.10328471322833,3,29,4,2,1,0,1,0
129,0,132.3,10,12,4,3,0,0,3,0
12,0,127.07560950194596,2,25,4,1,0,0,2,0
68,0,117.50195719651849,5,10,4,3,0,2,0,0
38,0,149.4,9,14,4,2,0,0,3,0
152,1,119.0584305998657,6,11,3,1,0,0,0,0
276,0,116.33,9,22,3,3,0,0,0,0
174,0,85.41154478870818,7,4,3,2,0,2,0,0
14,0,95.0,5,23,4,0,0,0,0,0
45,0,67.48394543204805,2,24,3,2,0,2,0,0
123,0,143.1,9,20,4,4,1,0,3,0
73,0,73.16259873246652,3,18,4,3,2,0,0,0
159,0,95.06353721516989,7,5,4,1,0,3,0,0
169,1,130.05,8,11,4,2,2,0,2,0
65,0,138.58072679434383,7,5,4,2,0,0,3,0
42,1,207.9,9,13,4,3,0,0,5,0
56,0,140.4,5,3,4,1,0,0,3,0
95,0,79.66892041321213,9,30,3,1,1,0,0,0
132,1,114.75963806883004,6,2,4,4,1,0,0,0
69,0,110.03404464956182,11,22,3,1,0,0,1,0
6,0,112.54564001348986,2,3,4,3,0,0,1,0
85,0,52.71647269280661,6,5,4,1,1,0,0,0
9,0,119.49207407888406,4,18,4,2,0,0,0,0
233,1,165.61383844182234,8,17,4,3,0,0,4,0
172,1,100.64980779769864,3,30,4,2,0,0,0,0
60,0,95.06299524982742,6,26,4,1,1,3,0,0
112,0,75.67509625562364,5,5,3,2,1,1,0,0
45,0,245.49681174081,8,19,4,3,0,0,5,0
58,0,117.27040095291285,4,21,4,2,1,1,1,0
98,2,90.0,11,18,4,1,0,0,0,0
35,0,125.02646189353325,10,2,4,3,2,0,3,0
249,0,91.89489460064908,9,23,4,2,1,0,0,0
90,0,75.41900922791484,5,10,3,2,0,0,0,0
114,0,231.09871550559,8,6,4,5,2,0,5,0
152,0,101.58,7,11,4,3,1,0,0,0
58,0,109.8,11,7,4,1,0,0,0,0
132,0,137.71301353372687,7,2,4,3,0,0,2,0
359,0,91.66673991286372,10,4,3,1,0,0,0,0
230,0,110.09973717773278,9,20,4,2,1,0,1,0
356,0,84.22226547071197,11,22,3,4,2,0,2,0
93,0,129.61246886357966,9,15,4,5,2,0,3,0
110,1,119.3906974177648,10,10,3,1,1,0,1,0
50,0,93.82379668844527,5,11,4,1,0,3,0,0
55,0,99.11014228291897,9,2,3,1,0,2,0,0
137,0,135.27677435848736,8,29,4,2,1,0,3,0
8,0,137.51787130828652,4,9,4,3,2,0,3,0
49,0,196.9412348521366,8,3,4,9,3,0,5,0
173,0,125.1,9,5,4,3,0,0,0,0
304,0,89.0,11,3,3,3,0,0,0,0
52,0,140.16885296604733,7,17,4,2,0,0,3,0
127,0,85.8469373294366,6,26,4,2,1,3,0,0
11,0,140.66689263566388,4,7,4,1,0,0,0,0
136,0,100.5313347525395,7,23,4,3,0,0,0,0
124,0,94.5,5,5,4,2,0,3,0,0
335,0,90.0,9,13,3,2,0,0,0,0
36,0,147.8487261531973,6,19,4,0,2,0,3,0
210,0,90.95,8,25,4,3,1,0,0,0
153,1,120.89128619052703,7,7,4,3,1,0,3,0
10,1,118.90636710666637,5,30,4,1,0,3,0,0
151,1,120.7,7,6,4,4,0,0,3,0
31,0,78.26395261703132,11,2,4,1,0,3,0,0
212,0,79.48161045768268,11,27,4,3,0,3,0,0
102,0,77.50198560416639,6,25,3,1,2,0,0,0
3,0,95.0,4,11,0,8,3,0,0,0
158,0,108.21013578826438,10,2,4,2,1,2,0,0
171,1,128.28110251952813,7,18,4,2,0,0,2,0
18,1,138.63332776943435,9,15,4,1,0,3,0,0
51,0,117.0190125639789,5,28,4,1,1,1,0,0
106,0,79.06311069488862,11,7,2,3,2,0,0,0
95,0,94.87989877691713,6,10,3,1,1,0,0,0
145,0,92.27315338307595,5,25,4,4,1,0,2,0
80,1,135.24456038881226,4,9,4,4,0,0,0,0
81,0,96.3,3,1,4,2,0,0,3,0
73,0,107.3069990880646,6,6,4,2,0,2,0,0
308,0,77.64119516767694,11,23,4,3,0,0,0,0
99,0,130.0971760862427,6,25,4,1,1,0,2,0
6,1,127.34564614763784,2,10,4,4,1,0,3,0
204,0,99.71389296575187,6,6,3,3,0,0,1,0
50,0,73.58088072216026,2,3,4,3,1,1,0,0
30,0,78.28775153069847,2,7,4,0,1,0,0,0
80,0,134.40754635971655,10,21,4,2,1,0,0,0
55,0,88.32767853631492,11,13,4,3,1,1,0,0
82,0,126.9,5,17,4,2,0,0,0,0
1,0,46.58255673785577,3,2,3,1,1,0,2,0
68,0,78.39939282131371,5,23,3,3,2,0,0,0
78,1,89.20985885497946,10,30,4,5,2,0,0,0
139,0,68.0,11,16,3,4,2,0,0,0
112,0,76.5,7,22,4,3,0,0,0,0
68,0,108.4694148102512,4,23,4,2,2,0,0,0
246,0,61.83692082678239,11,21,4,3,2,1,0,0
26,0,75.18473999815355,1,25,3,1,1,0,1,0
49,0,132.7681417661859,4,22,4,2,0,0,3,0
61,0,95.87453527864324,5,20,3,0,2,0,0,0
184,0,122.85104645831174,10,4,4,1,0,0,3,0
14,1,153.47894610085422,9,17,4,2,1,0,0,0
179,0,141.19948560770843,9,7,4,2,0,0,3,0
276,0,79.62120138009469,9,4,4,4,1,0,0,0
28,0,106.06018825678278,4,20,4,1,0,0,3,0
37,0,131.4,3,20,4,1,0,0,3,0
176,1,90.06782276597498,9,28,4,2,1,0,0,0
10,0,65.56005015034089,11,26,4,5,2,0,0,0
34,0,95.89783470093535,3,5,4,1,1,0,2,0
33,0,226.06938292931255,9,22,3,2,0,1,1,0
129,0,115.25490369970716,6,19,4,3,2,0,0,0
34,0,114.52460779978446,3,23,4,3,0,1,0,0
27,0,138.07940475774902,4,18,4,0,1,0,3,0
143,1,118.29467359147777,6,25,4,0,1,0,0,0
187,0,104.77492377584593,7,7,4,1,0,0,2,0
237,0,89.26793778258703,9,14,4,2,1,0,0,0
77,0,113.64685092592661,9,18,4,2,0,0,0,0
275,0,90.9410573940265,10,7,4,4,2,1,0,0
50,0,159.44597127448867,5,17,4,2,0,0,2,0
68,0,121.2415517113825,8,31,4,2,0,0,0,0
83,1,77.89292571005855,8,6,4,3,0,0,0,0
52,1,122.79305907607915,5,18,4,3,1,0,2,0
106,1,76.5,7,9,4,1,0,0,0,0
140,1,108.0,10,10,4,3,0,3,0,0
17,0,94.6704027850476,5,13,3,3,1,0,0,0
67,0,88.21263873294185,5,18,4,1,2,0,0,0
189,0,109.8249782146383,10,28,4,2,1,0,2,0
113,0,103.71091830717872,6,9,4,0,1,2,0,0
22,0,138.47299059369814,8,1,4,3,0,3,0,0
4,0,110.48031496884963,7,1,2,1,0,0,0,0
109,0,90.3719378372377,9,24,4,1,0,3,0,0
111,0,120.0,10,10,3,0,1,0,2,0
46,0,115.76738560608034,5,21,4,1,0,3,0,0
6,0,132.94914657636417,3,2,4,2,0,0,2,0
184,0,130.43177840149914,9,17,3,3,0,0,0,0
27,0,141.58643021882529,4,11,4,3,0,0,1,0
60,1,109.44263106847993,6,26,4,2,1,0,0,0
101,0,107.1,8,3,4,5,2,3,0,0
65,0,89.69244320339656,4,1,4,1,1,0,0,0
181,0,80.1,10,27,4,2,0,3,0,0
223,0,71.53776429325823,10,27,4,3,2,3,0,0
234,0,97.8563692001561,9,28,4,2,0,0,0,0
195,0,105.43819406964018,8,3,4,2,0,0,0,0
35,1,135.9,8,9,4,2,0,0,0,0
62,0,94.67414228545188,5,25,4,3,0,3,0,0
34,0,140.91554557504318,8,2,4,2,1,0,1,0
111,0,76.27420485237549,7,5,3,2,1,0,0,0
117,0,99.45,5,17,4,3,1,0,1,0
283,1,110.12315931749293,10,24,4,1,2,0,3,0
10,0,93.9822294896515,3,9,2,6,2,0,0,0
66,0,88.14380015252347,4,1,4,1,0,0,0,0
214,0,94.05140658250016,8,5,4,3,0,1,0,0
158,1,133.446674616509,8,28,4,3,1,0,3,0
39,0,71.1,3,11,4,1,1,3,0,0
63,0,87.39224669627029,3,4,4,1,1,0,2,0
17,0,101.66808154530874,6,30,4,2,1,0,1,0
158,1,130.23135594586446,7,23,4,3,1,0,3,0
179,0,109.68765743651423,9,1,4,1,1,0,0,0
184,1,114.04764168389846,8,2,4,5,1,0,0,0
10,0,128.8649794948605,4,16,4,4,1,0,2,0
164,0,77.67033520943222,7,25,4,3,0,0,0,0
38,0,69.42569356399856,2,20,4,3,1,0,2,0
12,0,182.0,3,25,4,1,0,0,3,0
166,0,136.5114995927548,8,13,4,4,2,0,0,0
63,0,107.12880329086218,6,18,4,1,1,0,0,0
109,0,118.85956864696061,10,18,4,3,0,0,0,0
59,0,120.79790818891966,11,2,4,1,2,0,1,0
26,0,150.92914459756244,7,2,4,1,1,0,0,0
155,0,193.10544232442473,7,12,4,1,2,0,4,0
98,0,65.15732569074768,10,29,3,2,1,0,0,0
193,0,99.45,8,19,4,5,1,0,0,0
171,0,106.37631792410788,8,16,2,3,0,0,3,0
11,0,139.26241411099218,5,7,4,1,0,1,0,0
52,1,131.4,3,20,4,2,0,0,3,0
113,0,100.02135155484378,4,30,2,3,0,0,0,0
194,1,108.45,8,10,4,2,1,0,0,0
180,0,110.4628370352304,8,1,4,2,1,0,0,0
169,0,106.15139344810122,4,22,3,2,2,0,0,0
104,0,109.96102473984278,9,11,3,2,1,1,0,0
287,0,103.15471482319602,9,29,4,3,0,0,0,0
101,0,107.1,8,3,4,4,2,3,0,0
27,0,78.692781898987,11,4,4,1,0,0,0,0
94,0,150.3,8,22,4,1,0,0,3,0
6,0,65.98275450659757,2,15,3,2,1,0,0,0
22,0,117.16770140898716,9,6,4,1,0,3,0,0
41,0,135.61060098114683,6,21,4,4,2,0,0,0
5,0,98.16874179287701,7,13,3,3,0,0,0,0
143,0,117.50741241679289,5,25,4,2,1,0,3,0
91,0,137.78767403771838,7,25,3,1,1,0,3,0
22,0,101.28001516244188,9,3,4,3,0,0,0,0
114,0,132.23094894048958,9,15,4,3,1,0,3,0
19,0,121.0,6,4,4,1,0,0,0,0
9,1,157.47297707530723,7,29,4,2,1,0,4,0
346,2,82.82264242114375,12,21,4,2,0,0,0,0
156,1,102.55089193656649,9,20,4,5,2,0,0,0
176,1,139.41396388918093,8,10,4,3,0,0,2,0
11,0,53.99037781307155,4,8,3,2,1,3,0,0
25,0,152.84088435161732,4,10,4,1,2,0,2,0
64,0,116.15691719847626,5,18,4,1,1,2,0,0
152,0,122.70977214217221,10,30,4,3,1,0,3,0
20,0,110.71358068934265,4,26,1,1,0,0,3,0
88,1,133.81744025703705,9,2,4,1,2,0,1,0
117,0,150.01105173704704,6,16,4,2,1,0,2,0
35,1,63.618134224913796,2,8,4,3,0,0,0,0
131,0,105.51965004489321,7,3,4,4,0,0,0,0
6,0,78.16975350304662,10,16,4,5,2,2,0,0
168,2,101.38457847657443,7,30,4,2,2,0,0,0
188,0,105.60166380835535,6,17,4,1,1,0,0,0
12,0,259.8160728909519,3,25,4,3,1,1,5,0
130,0,138.29036442807504,8,2,4,2,0,0,2,0
34,0,131.4,4,2,4,3,0,0,3,0
100,1,79.2,11,5,4,1,0,3,0,0
125,0,93.4024192733526,8,6,4,1,2,2,0,0
128,1,139.85585169539675,8,29,4,2,0,0,3,0
295,1,72.80701675445609,8,11,3,2,1,1,0,0
168,0,62.563825417443674,7,23,4,3,0,3,0,0
64,1,83.27542903259827,11,18,4,1,1,2,0,0
79,0,95.20282081007011,4,3,4,4,1,0,3,0
12,0,80.8766712068843,7,19,3,2,0,0,0,0
247,0,114.95954227335666,6,6,3,1,1,1,0,0
37,0,177.8803539866209,4,21,4,3,1,0,5,0
200,0,96.3,7,29,4,1,0,0,0,0
154,1,119.6488889853656,8,6,4,2,0,0,1,0
101,0,123.72512523541991,8,25,4,2,0,0,3,0
164,1,72.22076489774759,7,30,3,4,2,0,0,0
175,0,104.1964381103663,8,30,4,1,0,2,0,0
18,0,98.78671684268241,5,29,4,1,1,0,0,0
249,0,82.52699409463736,10,22,4,2,2,0,0,0
61,0,198.9,5,13,4,1,1,0,5,0
13,0,114.93703277759973,6,12,4,0,2,0,0,0
234,0,104.94567292243651,10,17,2,2,1,0,3,0
33,0,142.06759329997305,3,24,4,2,0,0,3,0
169,0,106.92885714413464,4,20,3,2,2,2,0,0
257,0,106.1601605375957,8,13,4,2,0,0,0,0
49,0,115.72072654293058,7,5,4,2,0,1,1,0
386,0,90.0,10,23,3,0,2,1,0,0
33,0,137.87377203223537,9,9,4,1,1,0,0,0
84,1,157.53582112746207,3,24,4,2,2,0,5,0
25,0,151.20327266172632,4,14,4,1,2,0,0,0
49,0,113.43677718899085,10,5,4,1,1,0,0,0
107,1,122.07448503170849,10,4,4,2,1,1,0,0
210,0,72.80165023768298,11,29,4,4,0,0,0,0
204,0,102.44515684075391,9,5,3,3,1,0,0,0
9,1,129.0,6,17,4,2,0,3,0,0
102,0,110.90922263081707,10,26,4,6,3,1,0,0
146,0,95.09923779413892,4,23,3,0,2,0,0,0
182,1,117.73085420241219,8,30,4,2,0,0,0,0
182,0,98.1,10,12,4,1,0,3,0,0
56,0,125.30184001944356,12,2,4,2,0,0,3,0
133,0,120.43664541001368,6,6,4,4,0,0,2,0
102,0,87.90383422184973,11,17,3,2,1,0,0,0
60,0,131.05111759570644,11,22,4,2,1,0,3,0
47,0,243.63287745288392,8,19,4,2,0,0,5,0
15,0,118.50835548756459,9,5,4,0,0,3,0,0
134,0,118.80857661791319,9,8,4,1,1,0,0,0
24,0,90.4677840876614,3,18,4,1,0,0,0,0
16,0,129.2749532477292,3,4,4,2,0,0,2,0
29,0,156.64018555829088,4,16,4,1,0,0,3,0
40,1,135.9,8,25,4,0,1,0,0,0
152,0,90.42181430811172,8,19,3,3,1,2,0,0
63,0,135.20683027927797,9,6,4,3,0,0,3,0
180,0,120.0,10,10,3,2,1,0,0,0
88,1,123.37146053544606,4,28,4,2,1,0,0,0
220,0,102.85,10,3,4,3,1,0,0,0
13,0,94.75305316299314,5,30,4,0,1,0,0,0
62,0,66.96186894781134,4,16,4,5,2,0,0,0
191,1,114.52736761516366,8,4,4,2,1,0,0,0
158,2,83.5,10,30,4,2,2,0,1,0
139,0,111.45731311335697,8,12,4,2,1,1,0,0
66,0,86.16837440701136,3,12,4,4,1,0,0,0
166,0,137.49009563360804,8,12,4,3,1,0,1,0
160,0,90.0,4,27,3,4,2,0,0,0
336,0,86.60335830514127,10,10,3,2,0,0,0,0
92,0,150.4359044580576,9,22,4,2,1,0,3,0
4,0,95.0,4,11,0,10,4,0,0,0
252,0,98.10721564282424,9,27,3,3,1,0,0,0
203,0,97.4072191512626,7,7,4,3,0,0,0,0
177,1,142.86874870402872,8,21,4,2,0,0,3,0
154,1,143.0762483302546,8,25,4,2,0,0,4,0
116,0,59.807830130941106,2,25,3,2,2,0,0,0
52,0,116.1,6,8,4,1,1,0,2,0
87,0,96.47711801455029,4,13,4,3,0,0,0,0
15,0,67.34474929059367,11,23,4,7,3,0,0,0
113,0,189.20534019400185,7,14,4,2,0,0,3,0
63,0,168.3,8,8,4,0,0,0,3,0
73,0,108.52964343194331,4,6,4,3,1,0,2,0
81,0,96.3,4,15,4,2,0,0,0,0
223,1,128.95055863707648,10,29,4,1,1,0,3,0
59,0,123.28811231863737,4,27,4,3,0,0,2,0
35,0,125.1,7,25,4,0,0,3,0,0
227,0,90.37821226458351,8,23,4,3,1,0,0,0
217,0,96.3,8,12,4,1,0,0,0,0
28,0,101.36117629044806,2,5,4,6,2,0,2,0
34,0,119.26986981222358,10,26,4,3,0,0,0,0
136,0,66.80261736852889,5,28,4,1,1,1,0,0
71,0,93.98806980190487,7,12,3,4,1,0,0,0
197,0,72.35084128314634,8,2,4,2,0,1,0,0
35,0,118.8,4,21,4,2,1,0,3,0
81,0,76.97742873956038,5,3,4,2,0,0,0,0
126,0,104.8461408794899,5,6,4,1,0,0,0,0
53,0,156.96281928282033,5,18,4,3,0,0,4,0
215,1,100.46010028879391,5,4,4,3,0,0,0,0
11,0,212.7071999264722,6,13,4,2,1,0,4,0
176,0,89.48172295795933,8,28,4,2,1,0,0,0
5,0,76.55885868908068,11,25,3,4,1,1,0,0
308,0,100.95442278032107,5,13,3,2,1,0,0,0
289,0,71.40230237703983,6,17,4,2,1,0,0,0
265,1,112.87617725278001,6,24,3,2,0,1,0,0
128,0,131.01542626591126,7,8,4,2,0,0,0,0
60,0,145.1185153696562,5,7,4,1,0,0,2,0
216,1,157.93760493171092,8,10,3,1,2,0,3,0
80,1,79.2,11,21,4,1,1,3,0,0
187,2,134.06119129541648,7,10,4,4,1,0,2,0
92,1,90.30031926347844,10,30,4,1,1,0,0,0
9,0,85.59748089421424,3,5,4,2,1,0,0,0
56,0,98.34844365843412,5,19,4,1,0,0,0,0
1,0,131.86449356865185,8,29,2,3,0,0,0,0
33,0,82.45181315753311,12,5,4,8,3,3,0,0
4,0,241.69946334018627,9,13,4,2,0,0,5,0
180,0,105.64085156581726,7,1,4,1,0,0,2,0
32,0,73.09342866045192,2,2,4,3,0,2,0,0
166,0,101.05843928653381,8,17,4,5,1,0,1,0
135,0,79.2,11,12,4,1,1,3,0,0
73,0,114.58115892611019,3,23,4,2,0,0,3,0
34,0,128.1544898962549,4,1,4,1,1,0,0,0
135,0,89.82720369636408,10,3,4,4,0,0,0,0
170,0,103.25928203527782,8,24,4,3,1,0,2,0
38,0,122.42972479683948,11,16,4,5,1,0,0,0
155,0,107.40943527259424,6,5,4,3,0,0,0,0
204,0,218.21387440951747,10,31,4,1,1,0,4,0
51,0,63.75,3,9,4,5,1,3,0,0
214,1,127.77615188703416,9,15,4,1,0,0,1,0
5,0,179.31549238727055,9,12,4,2,0,0,3,0
50,0,99.51661383589988,4,10,4,2,0,0,0,0
159,1,131.92226806353554,7,22,4,4,2,0,1,0
201,0,117.30242765617781,9,27,4,3,0,2,0,0
158,0,118.26689111512256,8,5,4,1,0,0,0,0
29,0,74.42523735077452,2,4,4,1,0,2,0,0
22,0,117.58260394658593,9,7,4,1,0,3,0,0
184,1,129.30626258011276,9,16,4,3,1,0,3,0
111,0,129.6,9,6,4,1,0,0,0,0
52,0,139.99235669182661,7,10,4,5,1,0,3,0
194,0,99.45,7,22,4,4,1,0,1,0
85,0,93.6,11,14,4,0,0,0,0,0
226,0,129.27846854559235,10,29,4,2,1,0,3,0
92,1,127.38607138972998,4,28,4,2,0,0,0,0
81,0,90.48686356923983,7,23,4,1,0,0,0,0
22,0,79.0,2,21,4,1,0,3,0,0
221,0,87.83052788067776,8,16,4,0,0,1,0,0
83,0,126.9,5,19,4,2,0,0,0,0
49,1,164.7942913439816,9,28,4,2,1,0,3,0
71,0,78.22512723344852,3,16,4,4,0,0,0,0
59,1,139.29770532187524,9,18,4,2,0,0,3,0
28,1,88.0,11,17,4,1,0,3,0,0
294,0,160.97526120063867,8,23,4,4,2,0,3,0
181,1,163.04961942934776,8,23,4,4,0,0,0,0
159,0,136.9143568140973,6,14,4,3,0,0,3,0
129,0,139.15370421843926,8,25,4,3,2,0,3,0
158,0,68.97439850477929,7,2,4,2,1,0,0,0
174,0,90.86767587449422,7,12,4,4,0,0,0,0
45,0,166.15611508071947,5,2,4,0,1,0,3,0
48,0,89.04903637801928,3,8,4,2,0,0,3,0
72,0,78.17781492764853,3,17,4,2,0,0,0,0
81,0,99.26523369053098,3,23,4,3,1,0,3,0
51,0,90.62556602514415,2,19,3,4,1,0,2,0
10,0,83.76057627887711,2,12,4,1,1,0,0,0
94,0,76.5,5,14,4,2,0,1,0,0
4,0,108.85183197859452,8,1,3,1,1,2,0,0
99,0,151.90616584610854,10,19,4,2,0,0,1,0
56,0,179.95514549524356,3,20,4,0,1,0,5,0
180,0,98.1,10,10,4,0,0,3,0,0
101,0,105.3,6,25,4,1,1,0,0,0
133,0,120.40963965607048,6,7,4,4,0,0,1,0
88,0,62.630223997765874,4,25,3,3,1,3,0,0
176,1,111.31096551024075,7,23,4,1,1,0,1,0
62,1,144.8631487482106,4,11,4,3,0,0,3,0
237,0,84.45327451706193,12,29,4,2,2,0,0,0
4,0,262.8162611972524,5,16,4,1,0,0,1,0
48,0,107.1,6,1,4,1,0,3,0,0
97,1,86.26722167446309,4,8,4,1,0,0,0,0
102,0,132.64568671210574,5,14,4,12,5,0,2,0
41,0,86.54540246139145,10,6,4,1,0,0,0,0
110,1,76.5,6,6,4,2,1,0,0,0
26,0,119.9418032500904,6,29,4,2,1,0,0,0
63,0,126.9,5,15,4,1,1,0,0,0
16,0,194.39060682663867,3,16,4,2,2,0,5,0
125,0,96.00447876933217,5,6,4,2,0,3,0,0
143,0,86.01901619271494,11,15,4,1,0,0,0,0
38,0,92.82846754537081,3,1,4,3,0,0,3,0
205,0,148.0990595126659,7,23,3,3,0,0,2,0
64,0,90.97238918441212,4,1,4,2,0,0,0,0
55,1,99.1576547472276,11,11,4,2,1,0,0,0
181,0,85.5,8,24,4,1,0,3,0,0
243,0,128.21358692083263,9,26,4,2,0,0,0,0
41,0,107.1,4,3,4,1,1,3,0,0
56,0,142.05596711443616,7,27,4,1,1,0,3,0
156,1,120.68760995461008,6,14,3,2,0,0,0,0
78,0,100.75064214438581,3,25,4,2,1,0,0,0
172,0,349.8807489603309,7,25,3,2,1,1,0,0
18,0,136.3465175984694,4,9,4,1,1,0,3,0
1,0,75.0,4,8,2,1,0,0,2,0
33,0,194.15562066258826,7,13,4,3,0,0,1,0
98,1,85.73160659614122,6,22,4,1,0,2,0,0
5,0,110.0,9,12,0,0,1,0,3,0
141,0,73.62412888327799,9,2,3,1,0,0,0,0
11,1,109.89878260710162,8,12,3,13,5,0,0,0
123,1,139.41285829415932,7,21,4,6,1,0,3,0
134,0,118.8,9,3,4,2,1,1,0,0
159,0,129.03091759573508,6,17,4,2,1,0,3,0
7,0,99.41921493020278,8,15,4,2,1,0,0,0
16,0,162.31803138298545,9,24,4,0,0,0,1,0
7,0,92.03804338715712,2,10,4,4,1,1,0,0
131,0,115.91532331677138,6,18,4,3,2,0,0,0
333,0,73.95,12,17,4,3,0,0,0,0
131,0,138.20031349518467,7,30,4,5,2,0,3,0
64,1,147.272523892398,8,28,4,3,1,0,0,0
25,0,158.5017863132344,4,21,4,1,0,0,2,0
59,0,74.29055453212241,10,15,4,3,0,2,0,0
55,0,125.14331974380505,11,2,4,2,0,0,3,0
135,0,93.68794530509015,6,28,4,3,0,0,0,0
61,0,105.13942800141436,8,29,4,3,1,0,2,0
227,0,120.2132345155411,9,26,4,5,2,0,2,0
71,0,119.85388441053742,5,13,3,2,2,0,0,0
90,0,89.1849303216592,11,27,4,3,1,2,0,0
49,0,74.8,11,19,4,5,2,3,0,0
41,0,86.40256190007845,10,6,4,1,0,0,0,0
7,0,151.849657251429,8,6,4,1,2,0,0,0
93,0,89.7628206646465,11,4,4,2,0,0,0,0
56,0,158.0177190561681,6,2,4,2,0,0,3,0
191,0,98.62938518749067,9,4,4,3,1,1,0,0
170,0,137.7,8,22,4,1,1,0,0,0
187,0,118.3499920681887,7,30,4,2,0,0,0,0
69,0,150.1290605103927,7,2,4,1,0,0,3,0
40,0,89.18249617246103,4,21,4,1,0,3,0,0
208,0,111.48419248792628,9,28,4,3,1,0,0,0
31,0,167.73928220808457,9,10,4,1,0,0,3,0
78,0,86.68593121352457,3,5,4,2,0,1,2,0
60,0,122.96671712116887,9,2,4,2,0,0,3,0
96,0,137.05450555765864,9,27,3,1,1,0,2,0
98,0,82.4260760395393,4,2,4,3,1,1,0,0
73,0,108.01488097130353,4,6,4,3,1,0,2,0
167,1,123.3,10,28,4,1,1,0,3,0
26,0,158.27121373516957,5,19,4,1,0,0,3,0
63,0,138.87217232966526,7,11,4,3,0,0,2,0
109,0,108.68397050667956,7,8,4,4,1,0,0,0
166,0,104.3019670053779,8,18,4,2,0,0,0,0
38,0,80.59814824962747,6,19,3,1,1,0,0,0
4,0,253.7363031359934,8,20,4,2,2,0,4,0
199,0,105.89590064322736,6,1,4,0,1,0,0,0
7,0,139.0,8,7,4,5,2,3,0,0
72,0,78.64469663784747,11,18,4,2,0,3,0,0
52,0,78.1160679888325,9,26,3,1,1,1,0,0
71,0,116.1,5,8,4,1,0,3,0,0
118,0,110.13969261847959,12,25,4,2,1,0,0,0
158,1,114.75,5,25,4,4,0,0,0,0
16,0,132.5902518456752,3,5,4,3,0,0,3,0
151,1,130.1624494228939,7,12,4,4,1,0,2,0
19,0,69.71018794371808,11,20,3,1,1,0,0,0
233,0,99.84101300268392,6,23,4,2,0,2,0,0
168,1,147.0963442392705,8,10,4,2,0,0,0,0
225,2,74.9723004936147,12,2,4,2,1,0,0,0
124,0,114.3,8,8,4,4,1,0,0,0
5,0,138.39032577926156,5,8,4,5,2,1,1,0
158,1,133.10724379375466,8,27,4,4,0,0,3,0
33,0,100.45631432251635,4,13,4,3,0,3,0,0
105,0,96.9926767694781,3,23,4,3,0,0,0,0
90,0,115.92343722914799,5,21,4,1,1,2,0,0
223,0,73.58738605232209,11,20,4,2,0,0,0,0
163,2,105.3,8,3,4,1,0,0,0,0
28,0,139.39284955579998,5,20,4,2,1,0,3,0
58,0,39.20992226374337,8,5,4,0,2,0,0,0
322,0,88.59563591098134,9,19,3,2,0,0,1,0
82,1,107.1,8,13,4,1,1,3,0,0
84,0,86.59717199779259,4,2,4,2,0,0,0,0
147,0,76.19160849163428,8,11,4,3,0,0,0,0
111,0,150.20964053528692,8,22,4,3,1,0,3,0
83,0,161.64579773936464,7,17,4,2,0,0,3,0
91,0,89.58211023344263,6,15,4,4,0,0,2,0
40,0,135.9,8,20,4,4,2,0,0,0
89,1,130.46531685666986,10,20,4,3,0,0,3,0
245,0,58.78649786100883,11,27,4,4,2,0,0,0
99,0,82.18668413781377,4,6,4,2,1,2,0,0
48,0,158.45476359658903,5,4,4,1,1,0,3,0
143,0,167.45,7,1,4,5,1,0,5,0
39,0,67.5,2,11,4,2,1,3,0,0
121,0,88.96605360791602,4,14,4,2,0,0,0,0
89,0,111.10350872056091,6,26,4,5,3,0,0,0
81,0,126.9,5,17,4,2,0,0,0,0
2,0,264.23947416738247,6,12,4,1,0,0,3,0
139,0,148.26659357858577,8,10,4,1,0,0,3,0
86,1,86.23432155377452,3,24,4,2,0,2,0,0
132,0,90.47235372814244,5,16,4,3,0,3,0,0
64,0,105.3,6,23,4,2,1,0,0,0
35,0,87.57105979887612,10,12,3,3,2,0,0,0
11,1,135.3555535410672,3,27,4,4,1,0,0,0
194,0,95.58077920183615,9,4,4,1,0,1,1,0
152,1,174.2896573753425,7,5,4,2,1,0,0,0
184,0,120.84283252345006,8,12,3,1,0,0,0,0
4,0,127.0,3,11,4,2,0,0,0,0
127,1,137.69368106655966,9,28,4,1,1,0,3,0
212,0,109.66,8,13,4,5,2,0,3,0
59,0,118.96579425444295,10,2,4,1,2,0,0,0
109,0,105.50791351805624,5,9,4,1,1,0,0,0
63,0,89.40220423688052,10,11,4,2,0,0,0,0
54,0,159.3,6,3,4,1,0,0,3,0
303,1,89.71149315613191,11,27,4,3,0,0,0,0
22,0,91.0,2,12,4,1,1,0,0,0
74,0,72.08057961472058,3,17,4,2,0,3,0,0
13,1,79.35154011107069,8,20,4,2,0,0,0,0
33,0,159.77762237643066,2,24,4,2,0,0,3,0
18,0,63.45716934606034,2,7,4,7,1,3,0,0
144,0,212.45838430680845,8,21,4,3,0,1,3,0
204,1,97.86721734548648,9,21,4,3,0,0,0,0
15,0,95.94767988030324,2,12,4,1,1,0,0,0
185,1,138.50779088159297,8,18,4,1,0,0,0,0
231,0,132.46151084780686,7,2,3,1,0,0,0,0
71,0,127.15294752203862,9,30,4,4,1,0,3,0
140,0,130.39099154223953,7,16,4,6,1,0,1,0
256,1,67.59946687879815,12,26,4,4,1,3,0,0
98,1,76.5,7,4,4,2,0,0,0,0
107,0,121.37,7,17,4,5,2,0,3,0
104,0,79.08578379189875,11,5,2,2,1,1,0,0
57,0,65.94585485061543,3,10,4,2,0,1,0,0
186,0,114.22377459031127,8,29,4,1,1,0,0,0
168,0,62.08114709309061,5,26,4,4,0,2,0,0
56,0,168.3,7,29,4,1,1,0,3,0
11,0,79.0,2,2,4,4,2,3,0,0
14,0,107.23886974371325,7,18,3,1,0,1,0,0
103,0,92.25390161296644,10,4,3,2,0,0,0,0
128,0,132.3,10,11,4,4,0,0,3,0
97,0,132.13432983088686,6,23,4,3,0,0,3,0
36,0,179.76288881937376,4,16,4,1,1,0,4,0
151,0,143.29438828429653,11,28,4,2,0,0,0,0
108,0,152.1,8,24,4,4,0,0,3,0
247,0,70.06502735922403,10,27,4,2,1,0,0,0
115,0,131.87346135513764,6,27,4,2,2,0,3,0
135,0,89.0671165778222,10,2,4,3,0,0,0,0
349,0,87.20855866777696,10,4,3,5,1,0,0,0
157,2,114.3,7,8,4,2,0,0,0,0
90,0,135.6719595718639,8,4,4,3,1,0,0,0
23,0,128.45585190168123,5,21,4,3,1,0,0,0
18,0,61.77734042336315,2,9,3,3,0,3,0,0
45,1,112.67139990149158,3,17,4,1,1,0,3,0
1,0,68.03735876954285,8,8,2,2,0,0,0,0
265,0,95.68010540104778,9,28,3,2,1,0,0,0
108,0,103.5,7,9,4,0,0,3,0,0
168,0,144.58727982790342,5,21,4,1,0,0,2,0
126,0,200.8952233428532,7,25,4,0,1,0,5,0
211,0,81.40224667098943,8,10,3,3,1,2,0,0
230,0,137.0,9,6,3,5,0,1,0,0
76,0,134.98411935583925,9,12,4,3,1,0,0,0
70,0,119.37959246014834,4,13,3,3,0,0,1,0
161,0,300.0,7,16,3,3,2,1,0,0
40,0,170.63259006492555,7,6,4,2,0,0,4,0
172,0,95.0,6,24,3,2,0,0,0,0
227,0,71.18131419222665,12,8,4,2,0,0,0,0
23,0,72.8,2,10,4,3,0,0,0,0
3,0,65.60315431378488,3,15,2,0,1,0,0,0
135,0,100.28709206673825,6,24,4,3,1,0,0,0
167,0,137.55050588247377,8,12,4,3,1,0,1,0
117,0,264.7238056240013,7,8,4,0,0,0,5,0
299,0,91.79716121818409,12,27,4,3,0,0,2,0
33,0,125.96812438319317,6,8,4,1,1,1,0,0
3,0,169.28042077525063,9,14,4,1,0,0,0,0
12,0,111.76673535085399,9,2,4,1,0,0,0,0
123,0,106.33707368727818,3,25,3,1,2,0,0,0
0,0,212.29490676349556,7,13,4,0,0,0,0,0
77,1,132.3,10,6,4,2,0,0,3,0
0,0,85.09943806366317,2,9,4,0,0,0,0,0
17,0,110.39452025197046,8,17,4,1,1,0,0,0
53,1,123.3,9,2,4,2,0,0,3,0
153,0,101.58332341063527,7,19,4,4,2,0,0,0
21,0,156.85126116736205,5,16,4,0,1,0,3,0
33,1,98.09317909318692,9,2,4,1,0,2,0,0
108,0,103.98089747265838,6,9,4,1,0,2,0,0
45,0,208.4439308810513,9,16,4,3,0,0,5,0
193,0,174.48185765685602,8,26,4,2,1,0,5,0
19,1,150.62336528410145,5,15,4,3,1,0,1,0
208,1,109.38625800273947,8,21,4,2,2,0,0,0
157,0,94.5,8,3,4,1,0,3,0,0
26,0,91.87309279512597,2,18,4,1,0,0,0,0
116,0,96.05,9,18,4,2,1,1,0,0
243,0,80.70062889062432,11,29,4,2,1,3,0,0
27,0,74.67667719880035,2,6,4,1,1,2,0,0
18,0,109.98116328725358,3,16,4,2,0,0,0,0
80,0,119.07,10,5,4,2,0,0,3,0
105,0,237.09391004506878,8,13,4,3,2,1,5,0
157,0,113.59043862129211,6,7,4,3,0,0,0,0
45,0,198.9,5,14,4,1,1,0,5,0
339,0,80.0,10,6,3,2,1,0,0,0
62,0,65.66,2,18,4,3,2,0,1,0
88,0,87.74511180764837,11,6,3,1,0,2,0,0
17,1,233.1335112548069,8,17,4,3,1,0,5,0
82,0,149.78414975250328,9,8,4,3,0,0,3,0
148,0,79.53639657656244,6,25,4,4,2,0,0,0
5,0,124.19788646091637,8,14,4,1,0,0,1,0
35,0,92.34234847107119,5,21,3,0,1,3,0,0
84,0,125.77637808025383,4,17,4,2,0,0,1,0
8,0,156.0,6,10,4,2,0,0,2,0
91,1,132.29008797749796,9,20,4,3,0,0,3,0
43,0,146.2634705523864,3,26,4,2,1,0,1,0
64,0,89.93704680405047,6,21,4,2,0,3,0,0
5,0,160.6777467145337,7,14,4,2,0,0,0,0
49,1,124.07967919139678,9,29,4,3,2,0,3,0
27,1,140.64424040907875,5,21,4,1,0,0,0,0
107,0,76.81099212501668,6,19,3,7,4,0,0,0
125,0,95.93620049618151,5,6,4,2,0,3,0,0
99,0,81.85718948349351,3,11,4,3,0,0,0,0
182,0,153.83560107380384,9,3,4,2,1,0,0,0
1,0,70.92480875012579,8,15,3,1,1,0,0,0
168,2,102.7108533357049,7,30,4,2,1,0,0,0
41,1,163.69550584536705,10,20,4,2,0,0,0,0
111,0,129.6,9,6,4,1,0,0,0,0
44,0,108.25563946642454,5,18,4,2,1,0,0,0
52,0,88.86777609697096,11,3,4,2,0,1,0,0
121,0,141.0858129235525,8,3,4,3,0,0,3,0
157,2,161.09865844251684,8,5,4,2,0,0,0,0
82,1,77.66904241054162,7,6,4,4,1,0,0,0
56,1,108.10276540221342,3,21,4,2,1,0,0,0
76,0,113.10617442068181,10,20,4,2,0,0,1,0
73,0,116.1,5,8,4,1,1,3,0,0
76,0,81.04615814762137,3,8,4,5,1,0,0,0
149,0,85.5,7,26,4,1,1,3,0,0
37,0,39.77933789800289,9,6,4,2,1,0,0,0
27,0,108.94024470475975,6,14,4,3,0,0,2,0
164,0,114.3,7,9,4,0,2,0,0,0
172,1,113.27995083133553,7,30,4,3,2,0,0,0
236,0,95.49302042396901,11,28,4,4,1,0,0,0
18,0,72.65250687522068,11,22,4,2,2,1,0,0
171,1,127.98328742753948,7,17,4,2,0,0,1,0
97,0,145.01610136563582,7,7,4,3,2,0,3,0
177,0,123.71290536910544,8,3,4,3,0,0,0,0
11,0,117.17611986117831,6,13,4,0,0,0,1,0
90,0,90.927989786109,4,25,4,3,0,0,0,0
86,0,157.89568838084352,9,26,4,1,0,0,4,0
104,0,115.42819504239091,4,17,4,2,0,1,0,0
39,0,122.32641006795706,10,10,4,2,0,0,0,0
38,0,134.40320683074717,4,24,4,2,0,0,0,0
197,0,86.62216522755097,7,17,4,0,1,0,1,0
233,0,90.1836484379746,10,14,4,2,1,0,0,0
220,0,95.65390791201605,8,11,4,1,0,0,0,0
13,0,85.0,3,17,3,1,0,0,0,0
4,0,140.80677814250632,7,22,4,1,1,0,0,0
126,1,212.27901481079832,8,3,4,2,1,0,5,0
98,1,79.21352028778252,10,26,4,1,0,3,0,0
65,0,119.64432589688194,4,8,4,2,0,0,2,0
11,0,89.0,4,17,4,0,0,3,0,0
41,0,103.99781942425709,3,27,4,0,1,0,0,0
103,0,123.0171434031926,12,7,4,1,0,0,3,0
119,0,113.96871790805696,8,6,3,1,2,0,1,0
135,0,75.53899478528159,7,12,3,2,1,1,0,0
36,0,64.2348527445017,2,24,3,2,1,0,0,0
188,0,89.91004889937739,8,17,4,3,0,1,0,0
3,0,97.41285161010943,8,25,2,1,0,0,0,0
219,0,106.11757061175862,9,3,2,1,0,0,3,0
88,0,159.01685467879244,3,29,4,1,2,0,3,0
62,0,74.8,11,16,4,3,0,3,0,0
46,1,112.5,3,18,4,1,0,0,3,0
79,0,64.58380423203573,4,25,3,1,1,0,0,0
65,0,118.46261727157315,4,8,4,2,0,0,2,0
175,0,104.22786149665933,8,30,4,1,0,2,0,0
240,1,96.35609562751554,7,18,4,1,0,0,0,0
8,0,92.03917766468464,2,5,4,2,0,0,0,0
158,0,108.20372934914596,10,2,4,2,1,2,0,0
176,0,49.52507550775901,8,25,3,3,0,2,0,0
185,1,112.00812074042126,8,3,3,2,1,0,0,0
100,0,114.3,7,4,4,4,1,0,0,0
116,0,184.14723588590567,6,26,4,2,1,0,1,0
311,1,68.60781751893498,12,26,4,8,2,3,0,0
161,0,104.51635930578742,7,15,4,2,1,0,0,0
21,0,139.0,6,29,4,3,0,0,0,0
2,0,134.46458666448854,3,24,4,1,0,1,0,0
4,0,112.1891946360896,5,1,4,3,0,0,0,0
133,2,75.6003416593843,12,23,4,3,1,3,0,0
257,0,91.17517039492128,7,30,4,1,2,0,0,0
221,0,113.02719604223138,8,30,4,1,0,0,0,0
242,0,71.7363107753807,8,13,4,1,0,1,0,0
94,0,73.00660551071238,3,5,4,2,0,0,0,0
56,0,129.73574479323605,4,22,4,1,2,0,0,0
39,0,139.89889130165275,3,27,4,1,1,0,3,0
304,0,89.0,11,3,4,2,0,0,0,0
186,1,112.01,9,4,4,2,2,0,1,0
6,0,93.98263209863184,3,3,4,1,0,0,0,0
13,0,209.32828504900183,8,13,4,1,0,0,4,0
33,0,124.64485001159736,8,11,4,2,0,1,0,0
19,0,114.93574926152455,3,3,4,1,0,3,0,0
175,0,123.29283957279738,8,16,4,2,0,0,0,0
159,0,94.5,8,4,4,1,0,3,0,0
270,0,96.47917569868456,9,30,4,2,1,2,0,0
56,0,135.65566475921037,9,10,4,1,1,0,0,0
45,0,107.1,6,28,4,2,0,3,0,0
49,0,117.96741169624319,9,4,4,2,0,0,0,0
9,0,95.46820532994128,3,11,4,0,1,0,0,0
184,0,152.23089895968346,8,4,4,2,2,1,0,0
18,0,138.48240053494618,4,7,4,2,1,0,3,0
9,0,111.05757961132512,5,31,4,1,0,0,0,0
75,0,136.07011855674904,7,14,4,0,1,0,0,0
88,1,136.01361203797873,10,6,4,3,1,0,0,0
32,0,78.5529544948909,11,24,4,2,1,3,0,0
143,0,115.46155720573373,7,31,4,3,2,0,1,0
164,0,129.13631223730746,7,29,4,0,1,0,3,0
48,1,108.0,10,3,4,3,0,2,0,0
34,0,80.99844673182682,11,8,4,5,2,3,0,0
123,0,159.3,6,2,4,3,0,0,1,0
95,1,72.52053403801291,11,27,4,2,0,0,0,0
144,0,97.75,7,6,4,3,0,3,0,0
127,0,82.12198721876818,6,26,4,2,1,2,0,0
184,1,112.0041439583216,8,3,3,3,1,0,0,0
65,0,126.16443306729578,6,15,4,1,1,1,0,0
72,0,105.3,4,14,4,1,0,0,0,0
7,0,143.76550498467347,8,10,4,2,1,0,4,0
18,0,76.21317411253901,2,2,4,3,1,0,0,0
176,1,138.89157101137224,8,6,4,1,1,0,3,0
19,0,90.40637276291316,9,17,3,2,2,0,0,0
54,0,79.2,11,11,4,2,0,3,0,0
212,0,67.98573800509115,7,30,4,3,0,1,1,0
33,0,71.1,3,13,4,2,1,3,0,0
39,1,67.76085890525457,2,24,4,3,0,3,0,0
79,0,168.3,6,12,4,2,0,0,3,0
0,0,180.89961110999135,7,25,4,1,0,1,1,0
92,0,72.25,11,17,4,1,0,0,0,0
89,0,175.98805566254276,8,11,4,2,0,0,5,0
70,0,93.13347627429306,6,12,3,5,1,0,0,0
39,0,135.9,8,22,4,1,2,0,0,0
84,0,94.5,7,14,4,3,0,3,0,0
29,0,96.51391177212045,4,14,4,2,0,3,0,0
31,0,167.69550933937163,9,10,4,1,0,0,3,0
208,0,142.92656754853707,7,24,3,1,0,0,4,0
241,0,137.7540262823152,9,29,4,2,0,0,2,0
92,0,149.84218884295197,7,23,4,2,0,0,3,0
129,1,139.2774782545362,9,28,4,3,0,0,3,0
288,0,67.2523392282078,12,22,4,5,2,0,1,0
60,0,125.776461425807,4,2,4,2,1,0,3,0
115,0,131.74183586782658,7,26,4,2,2,0,3,0
256,0,90.95,7,31,4,3,0,0,0,0
145,1,177.9625267743292,7,27,4,2,1,0,5,0
159,0,94.99494330296989,7,5,4,1,0,3,0,0
251,1,99.75885018459485,9,9,4,2,1,0,0,0
64,0,149.4,9,16,4,1,0,0,3,0
23,0,72.8,2,11,4,2,0,0,0,0
52,0,88.0,11,3,4,2,0,3,0,0
273,0,109.32860433947984,6,17,3,1,0,1,0,0
18,0,212.13853156378315,5,14,4,0,1,0,3,0
170,0,63.26215065913873,7,22,3,4,1,3,0,0
1,0,89.77493143416824,3,29,4,1,0,3,0,0
139,0,168.2755722478546,7,5,4,4,1,0,5,0
46,1,128.08329777522124,5,30,4,3,0,0,0,0
99,1,93.77463770927413,4,9,4,4,1,0,2,0
93,0,105.33960649023834,7,14,4,2,0,0,0,0
51,0,159.23238938086095,5,17,4,2,0,0,3,0
109,1,76.5,7,13,4,1,1,0,0,0
19,1,159.72772458407297,9,22,4,1,1,0,0,0
38,0,151.4598891553381,8,14,4,1,2,0,3,0
18,1,159.19001608624595,8,22,4,2,0,0,0,0
98,0,114.77825330206741,7,7,4,1,0,0,0,0
140,0,169.00646224862646,7,1,4,3,0,0,5,0
101,0,122.27023969987981,5,4,4,3,0,0,1,0
68,0,103.6370777979073,10,8,4,2,0,0,1,0
9,0,235.40385313997535,8,13,4,1,0,0,5,0
341,0,83.0065659733858,12,17,4,2,0,0,1,0
227,0,72.33226838871221,6,6,4,2,0,0,0,0
56,0,93.6,11,21,4,2,0,0,0,0
109,0,92.03464859373268,8,24,3,1,1,1,0,0
88,1,105.31116359293961,3,25,4,2,1,0,2,0
59,0,76.20572245374827,2,9,4,1,0,2,0,0
93,0,90.18853751231688,10,3,3,2,1,0,0,0
82,0,107.11071002103822,5,25,4,3,1,0,1,0
34,0,124.69064923081353,8,10,4,2,0,1,0,0
36,0,149.38123476416303,4,27,4,4,0,0,3,0
119,0,127.54591485014566,8,7,4,3,1,0,2,0
80,0,119.07,10,4,4,2,0,0,3,0
37,1,143.6335922197204,3,24,4,1,0,0,0,0
165,0,150.1437173585263,9,8,4,1,0,0,2,0
148,0,90.40282223147402,6,25,4,11,3,1,0,0
248,1,151.51817185727148,11,28,4,7,1,0,1,0
220,2,115.6193015596949,9,29,4,2,0,0,0,0
105,0,108.94120394603321,8,11,4,2,1,0,0,0
142,0,86.0219855647774,8,26,4,1,1,2,0,0
115,0,61.0,2,27,3,2,2,0,0,0
120,0,109.5714063586983,4,30,4,6,1,2,0,0
184,2,81.38531192373442,5,6,4,2,0,0,0,0
69,1,88.25938196567257,11,24,4,2,0,1,0,0
82,0,132.3,10,6,4,3,1,0,3,0
12,0,79.0,2,5,4,3,1,3,0,0
104,0,132.75653992097392,7,12,3,2,1,0,0,0
20,0,85.46879895318041,2,9,4,2,1,0,0,0
95,0,95.98162783662626,4,17,4,2,1,0,0,0
75,0,135.16903837143653,9,11,4,4,0,0,0,0
185,0,106.85884174322511,10,3,4,2,0,0,0,0
0,0,65.60259040993427,4,12,2,1,0,0,0,0
151,1,110.68763161057652,7,10,4,2,1,0,0,0
243,0,95.5099374200851,8,9,4,2,0,2,0,0
219,0,73.26940315010866,8,11,4,3,0,0,0,0
38,0,117.9,7,2,4,0,1,0,0,0
133,0,97.50404755804564,7,27,4,2,1,0,0,0
130,0,139.47904580076576,7,8,4,2,0,2,0,0
174,0,84.6047857331843,7,4,3,2,0,2,0,0
8,0,156.0,6,10,4,2,0,0,2,0
59,0,101.61888367056638,6,27,4,2,1,3,0,0
16,0,100.9536375574138,4,12,4,0,2,1,0,0
27,0,118.20562366839546,8,28,4,2,0,0,0,0
10,0,112.15198248702595,5,25,4,1,1,3,0,0
61,0,94.62479370126908,5,26,4,2,0,3,0,0
12,1,99.95065043630258,8,15,2,1,0,2,0,0
92,0,150.41197299570413,8,22,4,3,1,0,3,0
321,1,113.85181242604669,6,17,3,2,0,1,0,0
176,0,88.88654922255265,7,24,4,3,0,0,0,0
170,0,99.45,8,3,4,2,1,0,0,0
32,1,74.8,11,15,4,4,1,1,0,0
3,0,66.3869494347347,8,13,2,0,1,0,0,0
206,1,106.1842133745005,5,4,4,4,0,0,0,0
170,0,64.20243373915194,7,21,3,5,1,2,0,0
78,0,99.34667152190646,3,24,4,2,1,0,0,0
14,0,90.76447016204153,2,16,4,1,0,0,0,0
36,0,211.97926875297327,6,11,4,3,1,0,5,0
79,0,168.3,7,12,4,2,0,0,3,0
76,0,116.1,6,17,4,2,0,3,0,0
208,1,96.67697840515592,9,1,4,1,0,0,0,0
111,0,109.65,5,12,4,4,1,2,0,0
58,0,93.12349935414802,12,23,4,2,0,0,0,0
95,0,160.13796440857553,5,20,4,1,0,0,3,0
26,0,167.57947727940103,11,8,4,3,1,0,1,0
64,0,110.18233686396896,4,17,4,3,1,0,3,0
30,0,209.26589596071713,9,20,4,1,1,0,5,0
208,0,97.60298037889225,9,20,4,4,0,0,0,0
8,1,129.70718713326283,8,20,4,1,0,0,0,0
77,0,136.18527435867864,7,29,4,4,0,0,1,0
166,0,100.20839047941833,7,18,4,4,2,0,0,0
165,0,149.76430231557237,9,8,4,1,0,0,2,0
101,1,79.42343139300745,12,6,4,1,0,2,0,0
4,0,108.73231061226458,6,8,4,1,0,2,0,0
159,0,94.73279135721423,6,25,4,1,1,2,0,0
55,0,139.21858740788156,4,10,4,1,0,0,3,0
338,0,80.0,10,7,3,2,1,0,0,0
125,0,87.33600186908374,6,3,4,2,1,3,0,0
18,0,137.70085897535785,5,7,4,2,1,0,3,0
306,1,113.53581753505051,9,30,4,1,0,0,0,0
164,0,107.83479250749627,9,16,4,2,1,2,0,0
223,1,119.52857095370315,9,14,3,3,0,0,0,0
24,0,67.4525414716085,11,21,2,1,0,0,0,0
55,0,150.36490457493048,7,28,4,3,0,0,3,0
180,1,105.02971668827465,8,19,4,1,0,0,0,0
4,0,81.0,2,5,4,2,2,3,0,0
38,0,149.7466639154386,8,10,4,1,2,0,3,0
170,0,137.7,8,22,4,1,1,0,0,0
153,0,105.24534716619286,6,5,4,1,1,1,0,0
223,1,120.71537217392411,9,28,4,2,2,0,0,0
31,0,82.88315204246055,3,7,4,1,0,0,0,0
164,0,99.72978056740116,6,5,3,2,2,0,0,0
203,0,117.14578966456962,9,27,4,3,0,2,0,0
36,0,114.53702571322319,5,26,4,1,1,0,0,0
18,0,140.40050012678338,5,7,4,5,2,0,3,0
39,0,89.11645448817369,5,20,4,1,0,1,0,0
161,0,130.0,3,25,3,2,1,1,0,0
200,1,142.71347177865647,9,2,4,2,1,0,2,0
50,0,158.51719303416434,5,26,4,1,0,0,2,0
195,0,121.5,8,13,4,1,0,0,0,0
45,0,78.56168575358073,3,2,4,2,0,0,0,0
210,1,95.91429586722991,7,30,4,0,2,0,0,0
45,1,112.5,3,18,4,1,1,0,3,0
95,0,221.18734367838238,8,23,4,5,1,1,5,0
19,0,74.34627572753686,2,4,4,2,0,0,0,0
108,0,111.11820048981855,5,7,3,0,2,0,0,0
221,1,111.8151647241197,8,29,4,2,0,0,0,0
34,1,87.67881911305956,11,3,4,6,2,3,0,0
30,0,116.1,4,22,4,1,0,3,0,0
147,1,114.46124378696564,7,5,4,1,0,0,0,0
62,0,89.62898226530669,11,27,4,3,0,0,0,0
127,0,159.3,6,6,4,2,0,0,3,0
172,0,161.48880704199908,9,24,4,1,1,0,4,0
55,0,100.63912134499505,5,27,4,2,0,3,0,0
34,1,107.1,10,15,4,1,1,0,0,0
40,0,213.32600886152488,4,17,4,3,1,0,5,0
179,0,105.20395044962186,7,23,2,3,0,0,3,0
57,0,113.2030660897515,5,20,4,2,1,0,3,0
41,0,175.2516426853273,4,24,4,2,0,0,4,0
154,1,120.7,7,7,4,3,1,0,3,0
118,0,126.45688287353063,8,16,4,2,0,0,3,0
204,1,119.95926260487464,9,7,4,9,3,0,0,0
261,0,68.68039821700059,10,18,3,1,2,0,0,0
38,0,87.50198304826036,7,18,3,2,1,0,0,0
121,0,162.0,9,20,4,5,1,0,3,0
216,0,67.61371203120413,12,3,4,1,1,2,0,0
177,1,122.49834869691465,9,6,3,3,0,0,2,0
85,0,139.90614395167933,7,26,4,3,0,0,3,0
49,0,115.39663879645965,9,5,4,1,1,0,2,0
54,0,83.59455316302922,3,15,4,3,0,0,0,0
15,0,88.2281659137509,3,9,4,3,1,3,0,0
178,0,262.99910999208936,9,14,3,1,0,0,2,0
100,0,114.3,7,3,4,3,2,0,0,0
74,0,75.4214910873196,11,19,4,2,1,3,0,0
220,1,156.0,9,17,3,1,2,1,0,0
296,0,117.0,9,21,3,4,0,1,0,0
69,0,140.19398337373,4,29,4,1,0,0,3,0
72,1,72.2152510239032,3,17,4,3,2,2,0,0
161,0,130.0,3,25,3,2,1,1,0,0
79,1,88.00363964729223,10,25,4,2,0,2,0,0
62,0,152.1084778703752,8,20,4,0,1,0,0,0
170,0,95.54778097847286,7,16,4,3,0,2,0,0
102,0,118.8,9,5,4,1,0,0,0,0
25,0,139.0,9,12,4,2,0,3,0,0
173,0,86.41570202066485,10,13,4,3,2,0,0,0
157,0,75.40656998547823,8,19,4,3,2,0,0,0
53,0,108.44840998924656,10,11,4,1,0,2,0,0
159,0,132.29281735352743,9,3,4,3,0,0,2,0
176,1,138.25326288890608,8,8,4,2,0,0,3,0
23,0,79.0,2,20,4,1,0,3,0,0
108,0,102.7019358698136,7,7,4,1,0,3,0,0
168,0,101.86721621419619,7,18,4,7,2,0,0,0
27,0,212.87383243581988,6,18,4,3,0,0,5,0
120,0,162.08094659207575,9,20,4,4,1,0,3,0
109,0,89.74286647247892,9,24,4,1,1,2,0,0
104,0,105.51148304890289,7,16,4,1,1,0,0,0
33,0,102.72262986537812,9,28,4,1,1,2,0,0
60,0,75.73312668852982,3,19,3,2,1,0,0,0
228,0,69.83814627620019,10,26,4,2,0,0,0,0
73,0,83.71737356860596,3,17,4,3,0,0,0,0
9,0,151.0,7,3,4,1,2,0,0,0
38,0,71.44114225913204,3,3,4,3,1,3,0,0
11,0,121.32207822943874,4,29,4,2,0,3,0,0
96,0,182.60132348284336,6,24,4,3,0,0,5,0
88,0,117.24518473456563,9,23,4,1,2,0,2,0
175,0,232.78370033973906,9,14,3,1,0,0,2,0
55,0,159.2495270651668,6,2,4,2,0,0,3,0
216,0,96.3,8,7,4,1,0,0,0,0
54,0,86.91537585783585,3,16,4,3,0,0,0,0
140,0,117.50066829760073,7,9,4,2,2,0,1,0
175,0,123.15642185953197,8,9,4,2,0,0,0,0
23,0,107.14400517723462,9,26,4,1,0,3,0,0
206,0,82.2396639272924,8,5,4,3,1,2,0,0
123,0,89.57743629130637,5,22,4,2,1,1,0,0
210,0,55.63135360457172,10,4,4,2,0,1,0,0
157,0,160.5151402124955,9,23,4,1,0,0,3,0
199,1,137.7,8,27,4,2,1,0,3,0
114,0,188.04644430904872,8,12,4,2,0,0,5,0
129,0,89.1180522817103,10,18,3,1,1,0,0,0
236,0,89.06123570693514,9,3,4,1,0,0,0,0
39,0,150.3,6,29,4,3,0,0,3,0
157,0,123.34961497932686,6,6,4,3,0,0,0,0
2,0,94.50972312920977,7,1,2,1,1,0,0,0
38,0,67.5,2,11,4,2,1,3,0,0
160,1,114.2517354944102,7,26,4,3,0,0,0,0
111,0,100.41223897036915,5,27,4,3,0,0,3,0
120,0,72.00232996836756,7,19,3,4,0,0,0,0
82,0,132.43244660235317,10,9,4,2,1,0,2,0
16,0,127.68837449449998,3,6,4,2,0,0,2,0
227,0,73.29976521370416,8,5,4,1,0,0,0,0
32,0,121.52834577044226,2,25,4,2,0,0,2,0
44,0,65.68359196142568,2,7,3,0,1,0,0,0
127,0,94.5971244826619,11,19,4,1,1,0,1,0
332,0,75.459010302932,10,15,4,3,1,0,0,0
161,1,119.11256269649049,6,26,4,1,0,0,2,0
131,0,112.68615545558724,5,29,4,2,0,0,0,0
4,0,81.63949037629384,4,18,2,1,0,0,0,0
216,0,97.44772916940603,7,18,4,2,1,0,1,0
262,0,66.63660648137659,12,26,4,3,1,2,0,0
218,0,96.27455610172836,7,15,4,1,1,0,0,0
3,0,133.31740445622714,9,27,3,3,0,2,0,0
182,0,100.75043867688606,8,22,4,3,0,0,1,0
219,0,126.42622735944279,9,16,3,1,2,0,0,0
118,0,126.98583473690759,9,6,4,3,1,1,1,0
61,1,74.16369293977156,2,26,4,2,1,0,0,0
205,0,87.96747521876935,7,21,4,2,0,0,0,0
36,0,93.35056190727867,5,23,3,0,2,2,0,0
29,0,127.53042367420885,5,14,4,2,1,0,0,0
156,2,121.55,6,28,4,4,1,0,3,0
162,0,133.6366219769846,5,9,4,3,0,0,3,0
41,0,103.6161361632273,3,27,4,0,1,0,0,0
117,0,105.15190047866855,4,28,4,2,0,0,3,0
268,0,77.99932892981491,4,7,4,2,1,0,0,0
120,0,127.79930946477064,7,7,4,3,1,0,3,0
108,1,87.2235157929013,3,29,4,2,0,0,0,0
73,0,73.18525126990798,3,18,4,3,2,0,0,0
27,0,131.4999036458179,6,12,4,3,2,0,3,0
3,0,80.32820134229578,2,5,4,3,2,3,0,0
282,1,97.09573903047911,11,4,4,3,0,0,0,0
172,0,108.92291889815081,9,4,4,2,0,0,0,0
232,0,107.00743955053973,9,17,2,2,1,0,2,0
240,1,100.48380372780088,9,2,4,2,2,0,2,0
32,0,126.9,3,23,4,2,0,0,0,0
59,0,124.65596843644317,4,27,4,3,0,0,3,0
211,0,144.68484474649966,7,27,3,2,0,0,4,0
6,0,91.84929263865698,6,23,4,1,0,0,0,0
70,0,93.6,7,12,3,6,2,0,0,0
72,0,64.97584973645853,3,13,4,2,1,3,0,0
133,0,88.50809879429214,4,28,4,2,0,3,0,0
223,1,72.9,12,3,4,2,0,0,0,0
56,0,135.9,9,10,4,1,2,0,0,0
112,0,190.8,10,9,4,2,1,0,5,0
49,0,73.41646121301306,2,5,4,2,1,0,0,0
84,0,88.4,11,25,4,3,1,0,0,0
42,0,107.1,4,4,4,0,1,3,0,0
140,1,114.59758411198855,5,22,4,2,1,0,3,0
35,1,125.53130467341036,9,1,4,1,0,0,0,0
140,0,96.23718046359473,6,1,4,2,0,0,0,0
58,0,95.37056812664922,6,18,4,3,1,1,0,0
10,0,221.0,5,11,4,3,0,0,5,0
212,0,127.04859889321327,9,29,3,3,1,0,3,0
110,0,142.86129631507654,6,2,4,1,0,0,0,0
8,0,109.65347342303939,4,8,4,2,0,0,1,0
99,0,131.3942256004629,5,24,4,2,1,0,3,0
65,0,76.7624138693912,3,30,4,4,1,2,0,0
198,0,106.01244309179053,8,11,2,2,0,0,3,0
177,1,127.98504305407089,8,11,4,2,0,0,3,0
30,0,200.1044377842559,5,6,4,2,0,0,4,0
107,0,103.5,7,8,4,1,0,3,0,0
157,1,114.6313142765822,5,24,4,3,0,0,0,0
110,2,118.8,9,10,4,2,1,0,0,0
133,0,106.55884968160795,7,5,4,4,0,0,0,0
184,0,96.52021976732121,5,28,4,5,2,0,0,0
100,1,89.40027877070563,8,19,4,2,0,0,0,0
213,0,121.00904678213556,8,28,4,3,0,0,0,0
6,0,84.59763667509226,2,15,4,2,1,1,0,0
152,1,120.7,7,6,4,3,0,0,3,0
134,1,137.33008271116614,8,28,4,3,1,0,3,0
70,0,79.8724546391564,10,27,4,2,1,3,0,0
116,0,96.02299946906987,8,17,4,1,1,0,0,0
79,0,87.16876776662734,3,24,4,2,1,2,0,0
127,0,118.8,9,8,4,3,0,3,0,0
147,1,74.28370033338744,11,29,4,2,0,0,0,0
89,1,66.1344864857709,11,17,4,2,0,0,0,0
261,0,106.25,11,15,4,4,0,1,0,0
317,0,120.0,9,15,3,2,0,0,0,0
316,0,66.16313030999176,11,27,4,4,1,3,0,0
33,0,141.9535729194991,6,1,4,2,2,0,0,0
68,0,151.51082383830135,6,2,4,1,0,0,3,0
297,1,82.60735909249232,12,29,4,3,0,2,0,0
325,1,189.0561674431784,11,23,4,2,0,0,3,0
251,0,105.66523653289627,8,3,4,4,1,0,2,0
18,0,99.06733237154181,4,29,4,2,1,0,0,0
176,1,112.5,7,24,4,1,0,0,0,0
30,0,97.89390123215148,4,17,4,2,2,0,0,0
152,1,120.7,7,6,4,3,0,0,3,0
92,0,145.88696204462337,6,20,4,3,1,0,3,0
190,0,91.37532663680399,10,3,4,2,0,0,0,0
158,0,113.04847442291351,7,25,4,1,0,0,0,0
70,0,209.81218310479395,7,8,4,4,1,0,5,0
155,1,101.97313735743349,7,17,4,5,2,0,0,0
194,1,106.47080139453611,8,12,4,1,2,0,0,0
12,0,181.97090140654683,6,16,4,2,0,0,3,0
58,0,120.54409780024197,4,27,4,3,0,0,0,0
52,0,117.25849710126018,6,4,4,1,0,1,0,0
56,0,135.9,7,27,4,2,0,0,0,0
114,0,61.016388057347946,2,27,3,2,1,0,0,0
34,1,123.98042193954353,9,4,4,1,1,0,1,0
72,0,134.18414928999388,7,10,4,6,1,0,0,0
135,0,118.8,10,8,4,1,1,0,0,0
13,0,84.52917726532552,2,12,4,1,0,0,0,0
191,1,153.44341516605886,8,14,4,2,1,0,2,0
286,0,116.73050546973819,8,16,3,2,0,1,0,0
12,0,179.80737618854582,6,20,4,3,1,0,0,0
136,0,198.0,8,8,4,3,1,1,3,0
159,0,117.2484010008805,8,6,4,1,0,0,0,0
119,0,68.0,8,18,4,1,1,0,0,0
64,0,161.8962809801343,6,9,4,6,2,0,0,0
2,0,138.5652024186715,3,23,4,1,0,0,0,0
188,1,123.75,8,7,4,5,2,0,0,0
30,0,125.25385292315629,5,16,4,2,0,2,0,0
145,0,100.80421623654192,6,1,4,4,0,0,0,0
80,0,80.75,8,6,4,3,0,0,0,0
322,0,68.48467745708356,6,19,3,4,0,0,0,0
95,0,149.0321387632241,6,29,4,5,3,0,3,0
60,0,152.6102302995479,9,24,4,1,1,0,0,0
34,0,138.55306976085984,9,2,4,2,1,0,2,0
22,0,128.60452532932715,4,21,4,3,1,0,0,0
347,0,90.0,9,8,3,3,0,0,0,0
52,0,117.42283949624634,6,4,4,1,0,0,0,0
213,0,128.2217579801696,9,16,4,1,0,0,2,0
176,0,127.47234561906728,8,30,4,2,0,0,1,0
22,0,128.5662575102879,4,21,4,4,2,0,1,0
56,1,93.6,11,24,4,2,0,0,0,0
23,0,91.79720833324674,10,17,3,1,0,2,0,0
185,0,114.89727063065263,8,14,3,2,0,2,0,0
50,0,143.97747673271482,9,9,4,1,0,0,1,0
214,0,96.3,7,9,4,2,0,0,0,0
191,0,119.96404674766566,6,20,3,2,1,0,0,0
61,1,76.5,7,4,4,3,1,0,0,0
96,0,94.45935826486757,6,10,3,1,2,0,0,0
74,0,186.45107248191022,5,13,4,2,0,0,3,0
6,0,79.14767033088184,10,15,3,6,2,2,0,0
160,0,94.62826499876681,7,25,4,1,0,2,0,0
56,1,93.6,11,22,4,2,0,0,0,0
182,1,119.73796253453185,9,10,4,2,0,0,0,0
173,0,88.95084758315228,9,14,4,3,1,0,0,0
161,0,130.0,3,25,3,2,1,1,0,0
128,0,85.80349143455263,5,27,4,2,1,3,0,0
55,0,159.34079733553617,6,2,4,1,0,0,2,0
36,0,67.5,2,13,4,0,0,1,0,0
72,1,72.2452109724585,11,12,4,1,0,0,0,0
110,1,76.5,5,8,4,2,2,1,0,0
28,0,213.52009051019172,3,29,4,2,0,0,4,0
61,0,96.11693338259795,8,3,4,2,1,0,0,0
219,0,107.55142936674858,9,25,4,4,1,0,0,0
85,0,97.37726911143235,12,2,4,1,0,0,0,0
182,1,112.09072190655765,8,9,3,4,0,0,1,0
15,0,109.60273287947179,8,17,4,1,0,1,0,0
107,0,79.73191947867129,10,24,3,1,0,1,0,0
23,0,116.93298971416287,9,4,4,2,0,3,0,0
29,0,157.28057247156514,4,14,4,1,0,0,3,0
175,0,70.0,10,11,3,1,0,0,0,0
66,0,119.05751240584407,7,5,4,2,1,0,3,0
37,0,126.69769499308913,5,23,4,1,1,0,0,0
73,0,71.34015652743219,3,17,3,3,1,0,0,0
75,0,93.6,11,3,4,2,0,0,0,0
7,0,142.7703590804584,5,8,4,3,0,0,2,0
7,0,76.25313278292974,8,12,3,4,1,0,0,0
15,0,179.63788180440048,6,16,4,2,2,0,3,0
209,0,67.68558665096431,7,29,4,3,1,0,0,0
114,0,88.50047975390389,4,15,4,3,2,2,0,0
56,0,136.00102161794098,6,27,4,2,0,0,0,0
157,0,80.1298229714818,9,24,4,3,1,3,0,0
4,0,167.47705335484864,8,14,4,1,0,0,0,0
8,0,112.4860366660637,2,28,4,2,1,0,3,0
67,0,149.1168006926817,7,7,4,3,0,0,3,0
179,0,96.3,7,23,4,1,0,0,0,0
215,0,95.91115386793498,10,29,4,2,1,0,0,0
18,1,166.0,7,9,4,1,0,0,3,0
113,0,103.55877102756249,7,1,4,1,1,0,0,0
252,1,98.23697559552713,8,5,4,1,0,0,0,0
168,0,105.3,8,21,4,1,1,0,0,0
121,0,68.30001784420162,10,16,3,3,1,0,0,0
162,1,98.58702924131047,6,18,4,3,2,1,0,0
20,0,234.28041108207523,9,18,4,3,1,0,5,0
34,0,168.83346513737789,8,9,4,1,0,0,3,0
149,0,127.54466203890962,7,19,3,2,0,0,0,0
8,0,169.03396000384728,6,22,4,1,0,0,0,0
105,1,89.84138059185749,10,30,4,2,1,0,0,0
301,0,0.6429925503665421,9,16,4,1,0,0,0,0
186,1,112.07189811331168,8,3,4,2,2,0,1,0
140,0,147.52349782426066,8,10,4,2,0,0,3,0
8,0,136.45275810362705,8,21,4,0,1,0,0,0
52,0,74.48031929446513,2,27,4,0,1,3,0,0
139,0,102.24632587916878,7,20,4,2,1,0,0,0
11,0,72.44908405380048,11,12,4,6,2,3,0,0
71,0,82.33102132792563,3,8,3,4,0,0,2,0
8,1,129.0,7,18,4,1,0,3,0,0
63,0,121.00107492073994,6,30,4,2,0,1,0,0
122,0,115.9121594755149,5,9,4,2,0,2,0,0
186,0,96.26846172592805,7,28,4,2,0,0,0,0
184,2,128.7,10,17,4,3,1,0,3,0
226,0,72.9,12,7,4,2,0,0,0,0
258,0,100.3,10,2,4,4,2,0,0,0
103,1,93.44936335058868,11,6,3,1,0,0,0,0
232,1,101.23875916755185,9,11,4,2,1,0,0,0
43,0,107.1,4,2,4,1,1,1,0,0
102,2,93.6,12,5,4,1,0,0,0,0
263,0,100.27039087432664,9,28,4,3,1,0,0,0
140,0,102.53514236845949,6,22,4,3,1,0,1,0
286,0,90.0,10,16,3,0,1,0,0,0
58,0,118.8,4,22,4,2,0,0,3,0
59,0,67.05376531805516,3,9,4,2,0,3,0,0
216,0,96.3,8,7,4,1,0,0,0,0
59,0,130.3569951941268,11,22,4,2,1,0,2,0
109,1,76.5,6,16,4,1,0,0,0,0
47,0,89.13741837115091,4,29,2,2,0,0,0,0
152,0,102.33963492766577,6,8,4,3,0,0,0,0
101,0,141.22061675230728,9,20,4,2,0,0,3,0
64,0,177.3,5,14,4,2,0,0,5,0
93,0,55.822713547652796,7,13,4,6,2,0,0,0
101,0,105.12933693839558,7,3,4,5,2,3,0,0
22,0,128.91454387847037,3,21,4,1,0,2,0,0
167,0,92.1860044197845,7,27,4,2,0,1,0,0
104,0,117.17702451791435,4,19,4,2,0,0,0,0
57,0,158.89689320719737,8,7,4,3,0,0,3,0
157,0,121.82659359457891,8,20,3,2,0,0,0,0
50,0,145.69,11,9,4,2,0,1,0,0
232,1,137.90269913400016,8,4,4,1,1,0,2,0
26,0,91.79352205607186,2,19,3,2,0,0,0,0
36,0,125.1,7,25,4,1,0,3,0,0
57,1,122.61455502403669,9,1,4,3,0,0,3,0
39,0,76.5,3,12,4,1,0,0,0,0
61,0,121.3514864658435,7,24,4,1,0,0,0,0
223,0,119.58007193076254,9,14,4,3,0,0,0,0
443,0,65.0,4,29,3,1,0,0,0,0
134,0,96.3,6,28,4,3,0,0,0,0
26,0,118.55801573336792,8,27,4,1,1,1,0,0
117,0,59.34263292129587,5,26,3,2,0,0,0,0
65,0,77.7660460756503,3,30,4,3,0,2,0,0
7,0,84.55815096552227,2,12,3,1,1,0,0,0
171,2,128.17488461304092,7,18,4,2,0,0,3,0
91,1,105.3,3,25,4,2,1,0,3,0
10,0,156.51349635545918,8,2,4,1,1,0,2,0
98,0,123.87181372322274,8,21,4,3,0,0,2,0
10,0,139.08212018670235,8,12,4,5,1,2,0,0
133,0,152.6154243710811,9,21,4,2,1,0,3,0
0,0,88.88007814107287,5,9,4,0,0,2,0,0
226,0,75.60521197764497,10,29,4,3,2,3,0,0
189,0,112.5,9,28,4,1,1,0,0,0
354,0,84.15405123233484,12,26,4,4,1,0,2,0
188,0,96.1480760241256,8,27,4,4,1,0,0,0
43,0,73.75213983535225,4,10,4,1,0,3,0,0
237,1,107.25356785051187,9,12,4,3,0,0,0,0
24,0,123.9664827660883,4,11,4,2,1,0,3,0
25,0,99.14856625529313,10,27,4,1,0,0,0,0
96,0,123.09729336849152,9,27,3,1,0,0,2,0
122,0,109.54299915440505,3,29,3,2,0,0,2,0
301,0,109.0,7,30,3,1,1,1,0,0
227,0,73.19668846912182,9,6,4,2,0,0,0,0
210,0,100.35705773316845,6,19,4,2,0,0,0,0
21,0,84.10424804480739,10,25,4,2,0,3,0,0
113,0,266.0975119004654,8,3,4,2,0,0,6,0
102,0,114.3,5,1,4,0,2,0,0,0
96,0,94.5,7,11,3,1,1,1,0,0
170,0,63.52925557263774,7,22,3,5,1,3,0,0
133,0,78.87234739905372,10,11,3,1,1,2,0,0
65,0,261.528381841494,9,19,4,3,0,0,5,0
22,0,145.17073823771952,6,5,4,2,0,0,0,0
128,0,90.64194458162923,10,18,3,1,1,0,0,0
6,0,166.46995005711557,4,5,4,3,1,0,0,0
287,0,89.4379957585763,10,15,3,0,0,0,0,0
237,0,106.1625491613721,10,25,3,2,1,0,1,0
48,0,112.05456653049929,11,26,4,1,0,1,0,0
63,0,112.04489601653809,4,8,4,2,2,0,3,0
56,1,86.64584375999794,11,17,4,2,1,0,0,0
91,0,115.41522280460158,5,3,4,1,0,1,0,0
21,0,116.71648849962189,9,5,4,2,0,3,0,0
202,0,97.53135119712547,6,29,4,1,0,0,0,0
92,2,77.69695845775927,9,13,4,2,2,1,0,0
49,0,123.3,8,30,4,4,1,0,3,0
159,1,113.38783445547026,8,28,4,2,0,2,0,0
218,0,160.40953654423467,8,7,4,5,1,0,5,0
101,0,101.48687584643471,10,15,3,2,0,0,0,0
103,0,118.93678831136849,8,2,4,3,0,0,3,0
27,0,150.23515062212337,9,24,4,1,0,0,3,0
77,0,93.87490665273741,6,23,4,3,1,2,0,0
77,0,97.86417861441242,3,25,3,4,1,0,2,0
68,0,110.0058067179266,10,25,3,1,1,0,0,0
187,0,92.14441520491926,8,26,4,3,2,0,0,0
60,0,86.12709036339646,3,8,4,3,0,0,2,0
34,0,103.30954142720418,11,26,4,1,0,0,0,0
87,0,109.90355592520714,4,28,4,3,2,1,0,0
107,0,105.3,7,13,4,3,0,0,0,0
36,0,124.39394623391578,9,4,4,1,1,0,3,0
203,0,90.95,8,29,4,3,1,0,0,0
69,0,78.65367302284488,3,3,4,2,0,0,0,0
301,0,109.0,7,30,3,1,1,1,0,0
103,0,205.04016622947412,11,29,3,1,2,0,0,0
28,0,110.8810532689979,8,29,4,2,1,2,0,0
74,0,85.5,4,9,4,1,0,3,0,0
93,0,157.15398548307738,6,9,4,2,0,0,0,0
163,0,337.5349402854494,7,15,3,2,1,1,0,0
122,0,94.28783906666375,4,29,4,2,1,0,0,0
202,0,90.95,8,29,4,3,1,0,0,0
64,0,214.1379363798311,5,10,4,6,2,0,4,0
225,1,115.15393699319624,9,4,4,4,2,0,1,0
162,0,79.6833043731567,8,27,4,2,1,2,0,0
16,0,182.55767583414953,7,13,4,1,1,0,3,0
52,0,117.33097813409395,6,4,4,1,0,0,0,0
209,0,131.20425844322642,9,24,4,3,1,0,0,0
163,0,108.84932466374521,7,13,3,3,1,0,0,0
0,0,133.0,9,4,4,1,0,0,0,0
34,0,207.10155626912513,9,19,3,1,1,0,2,0
179,0,137.7,8,6,4,1,2,0,3,0
89,0,138.80431206536522,6,18,4,2,1,0,2,0
104,0,76.5,4,15,4,2,1,3,0,0
174,0,86.33918280179662,8,8,4,2,0,0,0,0
9,0,143.09992237016772,4,11,4,3,0,0,3,0
1,0,134.6090021077493,4,23,4,0,1,0,2,0
30,0,106.3519462941973,3,1,4,1,0,0,3,0
59,0,124.02029729603423,9,5,4,3,0,0,3,0
180,2,125.42142862030627,9,24,4,2,1,0,1,0
8,0,154.32001898560932,7,17,4,2,1,0,4,0
125,1,140.72065088645832,10,30,4,2,0,0,2,0
0,0,180.43661255092456,8,24,4,1,0,2,0,0
163,0,100.62641756900925,9,5,3,2,0,0,0,0
16,0,144.96930374707534,4,13,4,2,0,0,0,0
211,0,90.9,8,17,4,1,0,0,0,0
31,0,126.9,5,13,4,1,1,0,0,0
110,2,118.8,9,10,4,2,1,1,0,0
38,0,121.34836623581333,3,22,4,3,0,0,3,0
204,0,127.20264717340041,7,9,4,3,2,0,1,0
104,0,85.02522123730317,9,29,3,1,1,1,0,0
8,0,91.41492218362679,2,5,3,1,0,0,1,0
134,0,118.8,10,6,4,2,0,0,0,0
171,1,114.57853486187776,8,8,3,3,0,0,1,0
50,0,154.70341532229202,10,24,4,1,2,0,4,0
69,0,125.85621592263746,10,1,4,4,0,0,2,0
126,0,89.60091917144362,5,8,4,2,1,3,0,0
94,0,76.98128846675391,5,14,4,3,1,1,0,0
23,0,72.8,2,11,4,2,0,0,0,0
31,0,126.97742022070118,6,15,4,2,1,0,0,0
212,0,80.62076010190387,5,19,3,0,2,0,0,0
168,0,105.3,8,21,4,1,1,0,0,0
293,0,116.72790964401902,8,21,3,3,0,1,0,0
89,0,98.50858095532136,4,12,4,3,0,0,2,0
57,0,108.81051956546523,4,12,4,2,1,2,0,0
276,0,106.3752632548407,11,27,2,2,1,0,3,0
123,0,77.51151777851157,11,26,4,2,1,3,0,0
118,0,65.63638796234741,7,20,3,0,0,0,0,0
98,0,145.7460707273833,7,8,4,3,1,0,3,0
145,0,92.24822895796392,5,25,4,4,1,1,1,0
74,0,76.5,6,5,4,1,1,0,0,0
66,0,203.88870635263157,6,13,4,1,1,0,5,0
124,0,89.60463871378106,6,24,3,2,1,1,0,0
33,0,64.20268340355825,5,20,2,1,0,0,0,0
265,0,100.57279271770629,9,8,4,2,1,0,0,0
165,0,71.83512984784993,7,2,3,4,1,0,0,0
160,0,129.50993634814225,3,25,3,2,0,0,1,0
197,1,115.21388340677007,8,15,3,3,0,2,0,0
159,0,95.09606738298166,7,4,4,2,0,3,0,0
207,0,80.75,7,29,4,2,2,3,0,0
2,0,95.39243135818141,4,12,3,1,0,2,0,0
3,0,78.7759649814756,8,16,2,5,2,0,0,0
103,0,102.03239448373176,3,25,4,3,0,0,1,0
85,0,51.232567219998856,7,10,4,1,0,0,0,0
162,0,135.01273827950857,5,11,4,3,0,0,2,0
180,0,108.99145404198215,9,1,4,1,1,0,0,0
107,0,79.18236431872735,11,9,3,1,2,2,0,0
229,0,120.2299126456441,9,28,4,4,1,0,2,0
29,0,76.01930305125404,3,2,4,4,1,1,0,0
242,0,88.28835748646856,8,19,4,2,1,0,0,0
58,0,116.1,5,21,4,2,2,3,0,0
187,0,90.93860447619407,7,28,4,4,2,0,0,0
8,0,110.97957263447306,4,25,4,1,0,0,0,0
197,0,105.51545407674894,7,3,4,2,0,0,0,0
28,1,103.71904508234765,9,27,4,2,0,0,0,0
14,0,126.22419821487969,4,29,4,2,0,3,0,0
179,0,113.94880412395642,7,22,4,0,1,0,0,0
4,0,109.10738867195585,8,1,3,1,0,2,0,0
32,0,162.40413501019188,4,18,4,1,0,0,5,0
15,0,177.0,6,16,4,2,1,0,3,0
235,1,105.34089479800612,9,22,3,4,0,0,3,0
23,0,86.17097165379049,2,11,4,1,1,0,0,0
183,2,80.1,10,28,4,1,1,3,0,0
141,0,140.00124465990942,8,17,4,5,1,0,3,0
138,1,124.2411102135041,5,21,4,1,2,0,3,0
48,0,150.26531462366998,8,18,4,2,1,0,2,0
55,0,113.40999862853789,5,7,4,2,0,0,0,0
38,0,126.62199215189442,5,22,4,1,1,0,0,0
228,0,89.91136885096518,9,22,4,2,1,0,0,0
91,0,176.99023793158503,6,14,4,2,0,0,4,0
212,0,80.20598649905186,8,10,4,2,1,2,0,0
153,1,160.65015930175616,8,25,4,2,2,0,3,0
62,0,65.66,2,18,4,3,2,0,1,0
5,0,138.0557801506196,6,2,4,3,0,0,0,0
206,0,104.89086522724266,8,5,4,2,0,0,2,0
348,0,72.69972094753479,12,28,4,3,0,2,0,0
15,0,180.00459426425073,7,16,4,2,2,0,2,0
45,0,207.9,6,24,4,2,1,0,5,0
83,1,88.66219883069529,10,27,4,4,2,0,0,0
275,0,61.03608279915861,4,13,3,3,1,0,0,0
64,0,126.14862403658667,6,15,4,1,1,1,0,0
123,0,96.70878093043106,7,25,3,1,1,0,1,0
59,0,73.79313669538865,11,22,4,1,1,2,0,0
147,0,178.6012132346706,10,24,4,4,1,0,3,0
2,0,100.76649742998633,10,24,3,1,0,0,0,0
201,1,96.30256260501561,9,15,4,1,2,0,0,0
156,0,99.28834079889177,7,2,4,4,0,0,0,0
152,0,106.90784003484981,4,29,4,1,0,0,0,0
150,1,111.075509047276,8,3,4,2,1,0,0,0
187,0,129.89462256695913,6,15,4,2,0,0,0,0
11,0,77.9016345753131,10,17,3,2,1,2,0,0
194,0,75.27976409515315,4,21,4,3,0,3,0,0
27,0,78.03875611423823,11,4,4,1,1,0,0,0
62,0,112.1044950314177,7,29,4,4,0,0,2,0
60,0,159.3,6,1,4,3,0,0,3,0
75,0,105.0709051705706,10,29,4,0,1,0,0,0
133,0,82.71068197125508,8,18,3,2,1,0,2,0
115,0,60.14125760348669,2,27,3,1,2,0,0,0
162,1,163.30765031557303,8,4,4,1,1,0,1,0
196,1,150.73944055861324,9,19,4,3,1,0,0,0
10,1,126.36414624057295,2,9,4,3,0,0,0,0
54,0,117.65127438289653,10,10,4,2,0,0,0,0
90,0,140.2216136044462,5,14,4,2,1,0,3,0
24,0,118.5036199379736,9,8,4,0,1,3,0,0
11,0,154.0,9,8,4,1,0,0,3,0
167,0,90.95,7,4,4,3,1,0,0,0
80,0,96.42955516467781,3,3,4,3,0,0,3,0
192,0,103.62904317417332,8,27,3,2,2,0,0,0
181,0,98.1,10,11,4,1,0,3,0,0
160,1,95.36127565946846,6,16,4,4,1,3,0,0
159,0,114.85467354275117,8,13,3,1,0,0,0,0
82,0,104.67254028182565,10,25,4,4,0,0,3,0
34,0,104.0,12,7,4,2,0,0,0,0
151,1,80.26485015796506,9,27,4,1,0,2,0,0
220,0,109.28130626985559,8,14,3,2,1,0,3,0
305,1,78.168443383121,9,21,4,3,0,0,0,0
434,0,69.07033179562808,8,11,3,2,0,0,0,0
69,0,161.62689247290456,8,27,4,1,1,0,3,0
84,0,90.95,4,10,4,3,2,0,0,0
26,0,163.71168465882224,10,2,4,4,0,0,3,0
30,0,190.61731817025316,6,6,4,3,0,0,4,0
166,1,107.51506319640197,8,12,3,3,2,0,1,0
68,0,117.92368338063596,5,10,4,3,0,1,0,0
36,0,135.9,8,17,4,0,1,0,0,0
121,1,107.66684379141415,3,28,3,2,2,1,0,0
46,0,90.70883937168664,2,10,4,3,0,0,2,0
164,1,127.8,8,13,4,2,0,0,3,0
193,0,108.9,9,1,4,2,0,0,0,0
148,0,91.41307524842823,7,23,4,4,1,3,0,0
8,0,259.06133156200553,8,24,4,1,1,0,5,0
98,0,129.83293441510025,5,26,4,2,1,0,2,0
277,0,87.30175876183309,11,6,3,4,0,0,0,0
22,0,151.36788506382294,7,14,4,1,1,0,0,0
187,0,105.3,8,17,4,1,1,0,0,0
235,1,103.15858223609695,9,13,4,4,0,0,0,0
183,0,111.14498859257327,8,8,4,3,0,0,0,0
174,1,137.7,8,9,4,3,0,0,3,0
107,0,138.22346335573957,7,1,4,2,1,0,3,0
384,0,90.0,10,21,3,0,1,1,0,0
73,0,207.9,8,8,4,2,0,0,5,0
1,0,210.31576188832025,5,19,4,2,0,0,4,0
195,2,111.70575268938067,8,23,4,5,2,0,0,0
37,0,88.99267406048024,5,18,2,2,0,0,0,0
28,0,145.384679367497,4,28,4,2,0,0,3,0
185,1,113.1574394000062,9,10,3,2,1,0,0,0
160,0,134.16462588500985,8,28,4,3,0,0,3,0
131,0,161.21047927351253,8,6,4,3,1,0,2,0
133,0,119.95633735059175,6,8,4,4,1,0,0,0
45,0,245.68009307526688,8,19,4,3,0,0,5,0
106,0,55.400150883912524,9,19,4,2,1,1,0,0
25,0,168.03280075527894,9,6,4,3,1,0,0,0
104,0,111.64544451655793,5,3,4,3,0,0,0,0
81,1,76.5,7,4,4,8,3,0,0,0
129,0,120.78358892779418,7,31,4,3,2,0,3,0
3,0,108.66850529011334,6,10,4,2,0,0,2,0
75,0,109.8,11,3,4,1,0,0,0,0
58,0,76.68947729246476,6,11,4,3,1,0,0,0
193,0,98.61541453427103,8,6,4,2,1,3,0,0
176,0,126.9,9,30,4,2,2,0,3,0
41,0,113.7010877741471,3,19,4,1,2,0,0,0
174,0,100.14079144307094,6,3,4,2,0,0,0,0
196,0,91.0847378459632,9,8,4,2,0,0,0,0
86,0,95.7161593149568,4,13,4,3,0,0,0,0
112,0,75.81386317880337,7,3,3,2,1,0,0,0
141,0,85.4474456862724,10,16,4,4,2,0,0,0
288,0,115.85274428411418,8,17,4,2,0,1,0,0
222,1,116.23848316582736,9,4,4,3,1,0,0,0
208,0,77.35971196646702,5,20,4,4,2,0,0,0
32,0,123.93355318695612,10,3,4,1,0,0,1,0
106,0,121.37,7,17,4,5,2,0,3,0
173,0,285.3664277120288,7,23,3,2,1,0,1,0
88,0,90.25223021190418,5,18,4,2,1,0,0,0
188,0,67.92067829778371,4,25,4,3,2,0,0,0
331,0,75.57286625808146,12,29,4,1,1,2,0,0
77,0,61.011387959223455,3,25,3,2,1,0,0,0
46,0,95.18579673061608,10,24,4,1,1,0,0,0
91,0,127.43178121706968,10,20,4,3,2,0,3,0
81,0,134.01251347047193,8,7,4,1,2,0,0,0
187,1,103.61974507942891,9,29,4,1,2,1,0,0
101,0,108.0,10,17,4,1,0,1,0,0
285,0,84.25094212985356,10,16,3,2,1,0,0,0
61,0,142.62532147102382,5,7,4,1,0,0,3,0
175,0,242.74958028482038,9,12,3,1,0,0,4,0
28,0,117.9160808160562,4,20,4,3,1,0,0,0
180,0,116.2754487476379,6,11,4,3,0,0,1,0
55,1,80.26089623131598,7,7,3,2,0,0,0,0
185,0,130.08014980823853,9,19,4,4,0,1,0,0
255,0,106.0742212182199,7,11,4,1,0,0,0,0
31,0,82.76768487092866,3,10,3,1,0,0,0,0
214,0,139.91606759219295,9,23,2,1,0,0,1,0
102,0,114.3,5,1,4,0,2,0,0,0
218,0,179.77407437397787,8,3,4,3,2,0,2,0
31,0,82.37261327687533,2,5,4,0,2,0,0,0
386,0,110.33249312925393,10,23,4,0,2,1,0,0
16,1,161.47387905840267,7,19,4,2,0,0,2,0
213,0,75.72739544090477,9,8,4,1,1,0,0,0
165,0,99.45,6,28,4,4,0,0,1,0
103,0,116.1,6,14,4,1,0,3,0,0
39,0,75.85832958753801,9,19,3,1,1,0,0,0
56,1,93.6,11,23,4,2,0,0,0,0
41,0,150.30870266539452,5,3,4,1,0,0,3,0
26,0,152.59299159917833,4,10,4,2,1,0,3,0
44,0,211.56317336698262,3,18,4,3,1,0,5,0
34,1,109.9058205040433,9,29,4,2,1,1,0,0
50,0,98.30499479780165,4,11,4,3,0,0,0,0
296,1,117.7348505204996,9,22,3,2,0,0,0,0
178,0,108.64261360810343,7,22,3,1,1,0,3,0
5,0,116.35207936430994,3,3,4,2,0,0,3,0
57,0,100.1168426411205,4,27,4,3,0,3,0,0
5,0,111.25017460894689,10,29,1,1,0,0,3,0
32,0,89.1,8,29,4,1,0,3,0,0
163,0,134.3424571890129,8,19,4,2,2,0,0,0
384,1,115.0,10,21,3,0,1,1,0,0
130,0,114.40279362327487,5,4,4,3,0,0,2,0
152,2,110.01271561719484,8,4,4,1,1,0,0,0
52,0,150.40076951289777,6,27,4,1,2,0,3,0
29,0,139.6,5,20,4,2,1,0,3,0
104,0,69.25724655397292,8,4,4,1,1,0,0,0
106,1,117.46768621017877,10,20,4,3,0,0,0,0
152,0,94.40864184876031,9,23,4,2,2,2,0,0
31,0,96.01794262429584,7,5,4,2,2,0,0,0
433,0,69.80460656999023,8,8,3,2,0,0,0,0
67,0,168.95062129067657,9,6,4,2,0,0,1,0
267,0,95.64792458301525,10,1,4,1,1,2,0,0
113,0,107.5035563759645,7,17,4,2,1,0,0,0
163,0,167.1238656813151,8,21,4,2,2,0,5,0
154,0,110.84522364984095,7,10,4,1,1,0,0,0
55,0,159.3,5,2,4,2,0,0,0,0
102,0,126.40444000439535,9,21,4,2,1,0,3,0
27,1,150.13030429285257,7,23,4,2,0,0,2,0
177,1,107.5688383493061,8,28,4,3,2,0,0,0
29,0,126.5395866262554,4,23,4,1,0,0,0,0
60,0,165.23138477024705,3,20,4,2,1,0,5,0
111,1,79.2,12,15,4,1,1,3,0,0
40,0,77.2309979649046,2,13,4,1,0,0,0,0
27,0,139.0,8,21,4,2,0,2,0,0
33,0,123.31718231617738,3,24,4,2,1,0,0,0
279,0,73.95,11,16,4,4,0,0,0,0
73,0,72.06327836155198,3,17,4,2,1,1,0,0
248,0,96.75452541161783,9,27,4,2,1,0,0,0
52,0,89.67574654023872,11,3,4,2,0,0,0,0
36,0,95.4,3,1,4,3,0,0,3,0
17,0,136.0,2,9,4,2,0,0,0,0
96,0,91.27630039635251,4,8,3,1,0,0,0,0
189,0,119.85,9,25,4,3,1,0,0,0
145,0,98.05457143988636,7,22,4,4,1,0,0,0
93,0,104.6797401102829,4,13,4,3,0,0,3,0
91,0,99.98589220108822,3,25,3,1,2,0,0,0
66,0,150.133457097576,6,29,4,2,0,0,3,0
36,0,67.5,2,13,4,0,0,1,0,0
298,0,91.130960116461,10,23,4,2,1,0,0,0
138,0,147.79815367980936,8,12,4,2,0,0,3,0
113,0,118.19489179527034,5,12,4,4,2,0,0,0
41,0,150.3,6,8,4,3,0,0,3,0
247,0,95.67142131242554,9,27,4,2,0,0,0,0
148,0,79.64638700672262,6,25,4,4,2,0,0,0
91,0,198.9,5,11,4,2,1,0,5,0
0,0,97.93984187064797,4,15,2,1,1,0,0,0
99,0,74.42645735317008,3,15,4,3,0,0,0,0
140,0,144.6505870213781,8,14,4,1,0,0,3,0
126,0,80.45845912818785,9,12,3,1,1,0,0,0
78,0,96.92090800393042,4,4,4,4,0,0,3,0
187,0,105.33797053205419,8,18,4,2,0,0,0,0
151,0,136.6524569699366,8,15,3,3,1,0,3,0
13,0,113.26141126278064,3,3,4,1,0,0,0,0
185,0,89.25,8,13,4,4,1,3,0,0
16,0,128.05523128180252,4,7,4,3,1,0,3,0
87,0,55.601183232193364,10,14,4,3,0,2,0,0
30,0,94.4762738046548,4,13,4,1,0,2,0,0
93,0,116.82355435340635,7,23,4,1,0,0,0,0
122,0,89.76255145469207,5,23,3,2,1,0,0,0
121,0,79.73697724507706,12,6,4,2,0,0,0,0
114,1,132.21509592134086,9,9,4,1,1,0,2,0
24,0,157.6324837316871,10,18,4,3,0,0,0,0
11,0,79.20600608268812,10,17,4,3,1,2,0,0
113,0,197.782946775947,8,12,4,1,0,0,5,0
94,0,74.74941197769921,3,18,4,2,2,0,0,0
194,1,130.42192125317223,8,14,4,2,2,0,3,0
29,0,149.4,8,24,4,1,0,0,3,0
86,0,59.056739725026084,6,25,3,2,2,0,0,0
120,0,76.53691393138766,8,9,4,2,0,0,0,0
157,2,153.50672273859715,8,9,4,1,0,0,1,0
191,0,131.7830903118308,6,3,3,1,1,0,0,0
148,0,90.9,8,24,4,2,1,1,0,0
129,0,151.2,10,12,4,2,0,0,3,0
81,0,98.31567802558023,3,24,4,2,1,0,3,0
16,0,116.70462890549254,4,22,4,1,0,0,0,0
73,0,207.9,8,8,4,2,0,0,5,0
170,0,208.86738138454328,10,26,4,2,2,0,5,0
44,0,65.17778997277492,3,8,2,0,1,0,0,0
171,0,137.7,8,24,4,2,0,0,0,0
175,0,126.9,9,30,4,2,2,0,3,0
41,0,40.080085173152156,8,4,4,2,0,0,0,0
50,1,131.4,3,19,4,1,1,0,3,0
165,0,97.77880666632703,8,25,4,1,1,0,0,0
220,0,114.11772920291978,10,30,4,1,1,0,2,0
68,0,91.12258243773316,8,11,3,3,2,0,0,0
308,1,78.3,11,23,4,3,0,0,0,0
113,0,121.1178927533851,8,1,4,1,1,0,0,0
181,0,98.9474105848294,7,23,4,2,0,0,0,0
100,0,150.3,8,24,4,4,0,0,3,0
149,1,85.5,6,27,4,0,1,3,0,0
99,0,150.78426731621485,9,21,4,3,0,0,3,0
80,0,97.63669796864211,3,23,4,4,1,0,3,0
83,0,90.94487810967266,4,8,4,1,1,0,0,0
26,0,103.05875136639841,11,20,4,3,1,0,0,0
153,1,120.20915190200778,7,8,4,2,1,0,2,0
121,0,85.58991296015428,4,15,4,2,0,0,0,0
272,0,63.71813142215845,10,21,4,4,0,2,0,0
17,0,69.35927959558195,11,18,3,2,1,0,0,0
161,0,94.5,7,23,4,2,0,3,0,0
3,0,121.88589857635289,8,19,3,1,0,0,0,0
79,0,62.95854483862271,8,15,4,2,0,3,0,0
33,0,126.9,5,10,4,1,0,0,0,0
155,0,102.5793230647462,7,8,4,3,0,1,0,0
18,0,142.97717089466207,8,7,4,5,1,0,0,0
170,1,104.74965943672282,7,19,4,9,3,0,0,0
68,0,127.50597987972142,4,20,4,2,0,0,2,0
42,0,125.55,10,5,4,1,0,0,3,0
74,0,115.09391001157326,4,8,4,1,0,2,0,0
218,0,69.33,8,12,4,1,1,0,0,0
172,1,137.27380662302065,7,25,3,2,0,0,0,0
49,0,157.48914782549062,9,15,4,1,1,0,2,0
123,0,159.3,6,2,4,3,0,0,2,0
198,0,98.36051888406936,11,27,4,4,1,0,2,0
60,0,116.1,5,20,4,2,2,3,0,0
192,0,110.10936924150673,6,24,3,2,0,0,0,0
166,1,122.03335594879277,9,2,4,3,0,0,1,0
63,0,88.32548802254911,9,28,3,4,0,0,0,0
141,0,167.45,7,1,4,4,1,0,5,0
101,0,168.3,9,9,4,4,0,0,3,0
21,1,164.71664227994378,9,18,4,0,0,0,3,0
136,0,144.80138331373763,9,20,4,4,1,0,3,0
50,0,110.84120235320754,10,27,4,1,0,0,0,0
233,0,102.7056204883345,8,24,4,3,0,0,2,0
57,0,123.21686476118477,6,28,4,6,1,0,3,0
18,0,135.77401621557902,5,13,4,1,0,0,0,0
272,1,106.68562069723777,8,8,4,2,0,0,0,0
26,0,142.95051245478294,4,11,4,2,0,0,0,0
23,0,128.49,5,21,4,4,2,0,1,0
65,0,122.79257312229556,7,29,4,2,0,1,1,0
219,0,218.847634767019,10,29,4,1,0,1,5,0
184,0,138.53178481079973,8,19,4,1,0,0,1,0
192,0,102.4110223093826,10,26,3,3,1,0,1,0
44,0,73.59074586359307,2,20,4,2,0,0,0,0
15,0,90.26049728515673,8,30,4,3,1,1,0,0
8,1,154.45882290295881,9,27,4,2,1,0,3,0
19,0,136.80010765304937,3,19,4,1,1,0,0,0
46,0,76.49733062241435,3,15,4,2,0,0,0,0
128,0,114.3,7,8,4,1,0,0,0,0
186,0,105.3,7,8,4,1,0,0,2,0
82,0,122.38025277494451,5,16,4,2,1,0,1,0
9,0,95.0,3,31,2,1,0,0,0,0
6,0,103.0,3,12,4,0,2,0,0,0
159,0,114.3,8,7,4,1,1,0,0,0
28,0,74.27115212371768,11,20,4,4,0,0,0,0
129,0,112.96304661758109,6,5,4,1,0,3,0,0
103,0,139.70600436401762,7,22,4,1,0,0,3,0
127,0,119.77842554862667,6,19,4,1,1,0,0,0
183,0,98.1,10,11,4,1,0,3,0,0
106,0,113.53838966256087,4,14,4,5,0,1,1,0
196,0,105.3,8,2,4,1,0,0,0,0
35,0,187.28823250739325,8,8,4,2,0,0,3,0
215,0,96.3,7,8,4,2,0,0,0,0
56,0,72.18188132620305,2,4,4,2,1,1,0,0
76,0,137.88236133244644,7,3,4,2,1,0,1,0
37,0,81.0,6,19,3,1,2,0,0,0
213,0,122.87763137069716,8,23,4,4,0,0,0,0
15,0,130.35961978006782,5,14,4,1,1,0,0,0
5,0,118.19127883657839,3,10,4,1,0,0,0,0
95,1,68.56656176930257,7,23,4,2,0,0,0,0
201,0,89.92160515346492,5,28,4,0,1,0,0,0
249,0,72.31590069952084,12,27,4,6,0,1,0,0
1,0,109.21206906156223,7,29,3,1,0,2,0,0
63,0,211.2751065978001,5,13,4,1,1,0,3,0
179,1,102.22960633146617,7,20,4,3,0,0,1,0
310,0,90.85150026819937,11,2,3,2,0,0,1,0
9,1,129.0,6,16,4,2,0,3,0,0
131,0,94.5,8,15,3,1,2,1,0,0
275,0,62.2626137332321,5,6,3,1,1,0,0,0
18,1,91.1525137374667,2,14,4,3,1,0,0,0
115,0,94.97340106333068,5,8,3,1,1,2,0,0
54,0,133.0730173021428,9,11,4,0,1,2,0,0
56,0,116.1,5,18,4,2,0,3,0,0
60,0,122.3105287377206,11,2,4,1,1,0,3,0
7,0,160.06037044596243,4,27,4,2,0,0,3,0
73,0,111.5751194910056,10,30,3,0,1,0,0,0
47,0,67.5,2,24,4,3,0,3,0,0
91,0,72.25,11,19,4,1,0,0,0,0
157,0,106.79268681005432,8,14,3,2,1,0,1,0
45,1,112.71395527583789,3,17,4,1,2,0,3,0
185,0,96.3,7,28,4,1,0,0,0,0
79,0,132.3,10,6,4,2,0,0,3,0
60,0,73.79652683947,11,20,3,2,1,0,0,0
9,0,90.500297874394,7,23,3,0,0,0,0,0
207,0,112.13073596856474,9,23,4,3,2,0,0,0
126,0,139.97036128832934,7,6,4,1,0,0,0,0
73,0,84.69600340858901,3,8,4,1,0,2,0,0
108,0,199.39176144644608,10,10,4,3,0,0,5,0
101,1,94.02429749654767,5,25,4,2,0,1,0,0
279,0,109.92074160629926,10,11,4,3,0,0,0,0
111,1,119.04409560263798,9,10,4,1,1,2,0,0
133,0,105.3,5,5,4,2,0,0,0,0
43,0,69.52144177092876,2,5,4,2,1,0,1,0
165,0,99.62549553306052,8,4,3,2,1,0,0,0
17,0,95.0,4,18,4,1,0,0,0,0
167,0,90.95,7,4,4,3,1,0,0,0
33,0,195.65731103682248,7,7,4,2,0,0,0,0
186,0,90.92730656900021,8,28,4,3,2,0,0,0
39,0,71.1,3,11,4,2,0,3,0,0
159,0,76.34322096509128,9,10,4,3,1,2,0,0
22,0,111.39669195773192,2,26,4,1,1,0,3,0
64,0,73.95,2,11,4,2,2,0,0,0
44,0,198.9,5,15,4,1,0,0,5,0
48,0,73.0012912754073,3,4,4,2,0,1,0,0
261,0,78.73776128589031,12,26,4,4,1,0,0,0
53,0,69.51120785778751,10,10,4,2,1,0,0,0
116,0,97.46172677272672,8,16,4,2,1,0,0,0
5,0,229.05403975033582,8,4,4,3,0,0,4,0
167,0,99.79760393851168,8,16,4,4,1,0,0,0
143,0,108.38013799629772,8,26,4,3,0,0,3,0
120,0,85.18125486566106,5,16,4,1,0,0,0,0
28,0,127.50588171744656,9,5,4,3,1,0,1,0
21,0,91.0,2,6,4,0,0,0,0,0
61,0,65.0501642216199,3,8,4,3,0,1,0,0
94,0,152.03666870288455,8,14,4,2,1,0,0,0
178,0,125.73775765349296,8,3,4,2,1,0,0,0
71,0,87.46834615638755,4,1,4,2,0,0,0,0
58,0,123.3,9,1,4,2,0,0,3,0
53,0,118.03122112277495,9,9,4,1,1,0,0,0
28,1,127.67019692327766,8,20,4,1,0,0,1,0
187,1,123.42316639183196,8,9,4,4,1,0,0,0
49,0,99.0,8,30,4,3,0,3,0,0
44,0,114.07686535025498,4,9,4,4,1,0,2,0
176,1,128.45733793785288,7,10,4,4,2,0,1,0
147,0,121.11790206280811,8,14,4,5,2,0,1,0
140,0,117.40760365148816,7,3,3,3,1,0,3,0
198,0,167.65982667573783,7,26,4,2,0,0,5,0
46,1,100.17926168634474,3,15,4,3,0,0,3,0
138,0,87.03016002848601,7,13,4,6,1,0,0,0
14,0,136.05645321545433,8,7,4,1,0,3,0,0
126,0,142.72872967173186,7,9,4,2,1,0,1,0
124,0,78.51535085440571,11,16,4,3,0,3,0,0
194,0,130.05,8,8,4,3,1,0,3,0
56,0,140.4,5,27,4,4,1,0,3,0
221,1,104.25854035115694,8,2,4,3,1,0,0,0
9,0,149.0,9,13,4,1,0,3,0,0
5,0,139.10477221073583,4,9,4,4,1,0,3,0
135,0,89.70901151810357,6,26,4,4,0,2,0,0
95,0,95.87578496518508,4,17,4,2,1,0,0,0
172,1,113.73955130214635,7,30,4,2,2,0,0,0
70,0,78.5678231235987,2,11,3,3,0,2,0,0
86,0,85.2014426864943,4,5,4,3,0,0,0,0
222,0,86.47906296527559,7,24,4,1,1,0,0,0
29,0,139.0199939196637,9,20,4,2,0,0,0,0
17,0,101.82557477077304,11,10,4,4,1,0,0,0
24,0,152.32488823291746,7,23,4,3,1,0,0,0
73,0,129.0752669594231,7,7,4,1,0,0,3,0
12,1,138.00260968365552,4,28,4,3,0,0,0,0
128,0,130.35289715205266,7,8,4,2,0,0,0,0
18,0,142.26228748028174,7,7,4,6,1,0,1,0
82,1,107.1,8,13,4,1,1,3,0,0
166,1,101.18748413612978,7,8,4,1,1,1,0,0
219,0,82.68744239843566,8,12,4,2,1,3,0,0
61,0,63.75,3,6,4,5,1,0,0,0
130,0,60.52134326699054,2,19,4,1,0,0,0,0
8,0,90.40938913118342,7,24,3,0,0,0,0,0
252,0,98.76363239847055,9,28,4,3,1,0,0,0
32,1,153.933230565173,9,26,4,1,0,0,3,0
186,0,122.26528973185222,9,3,4,1,0,0,1,0
36,0,93.4713439081242,5,23,3,0,2,1,0,0
113,0,118.12661359253178,5,12,4,4,2,0,0,0
49,0,159.3,5,7,4,1,1,0,3,0
200,1,69.17563728513765,9,1,4,3,0,1,0,0
214,0,99.45855692552915,7,20,4,4,1,0,2,0
180,0,130.0148877076836,9,10,4,2,0,0,2,0
6,0,103.0,3,11,4,2,2,0,0,0
227,1,102.9952835271448,10,4,4,4,0,0,0,0
77,0,80.1354366667825,3,7,4,4,1,0,0,0
260,0,105.24381913876704,10,14,2,2,1,0,3,0
18,0,70.35000078457223,7,19,3,2,1,0,0,0
29,0,157.04942639844555,10,4,4,2,0,0,3,0
268,1,105.27703299853289,8,6,4,1,0,0,0,0
4,0,259.3887368921464,4,20,4,1,0,0,2,0
75,0,81.81529873664905,4,11,4,3,0,3,0,0
289,0,87.98248655831617,11,14,3,2,0,0,1,0
22,0,154.0,9,25,4,2,1,0,3,0
64,0,139.71601160492392,4,9,4,2,0,0,3,0
110,1,118.91258624687453,10,9,4,1,1,0,0,0
103,0,199.36132551281926,8,6,4,3,0,0,5,0
134,0,94.5,5,17,4,3,0,3,0,0
326,0,79.38525411152807,12,30,4,2,2,1,0,0
32,0,126.29924510857562,8,14,4,2,1,0,0,0
11,0,127.7219751178302,5,29,4,2,0,3,0,0
72,0,85.16509880907977,9,18,3,2,1,3,0,0
65,0,149.4,9,8,4,2,0,0,3,0
58,1,121.96335945150138,9,1,4,3,1,0,3,0
116,0,114.1708928092766,7,6,3,2,0,0,0,0
52,0,133.72570831779336,7,6,4,2,1,0,0,0
172,0,100.27743939137116,6,3,3,2,1,0,0,0
53,0,109.8,8,29,4,2,0,0,0,0
185,1,113.85627145307997,7,28,4,3,2,0,1,0
119,0,159.3,6,2,4,3,0,0,3,0
152,1,110.71321782216312,8,5,4,1,0,0,0,0
13,0,93.41209302614938,6,30,4,1,1,0,0,0
114,1,74.01561581910356,10,23,4,2,0,0,0,0
135,0,132.3166747173892,7,25,4,3,0,0,3,0
166,0,79.35766286925433,6,26,4,3,0,2,0,0
65,0,93.68240806005122,9,6,4,1,0,0,0,0
124,0,112.99857711744993,8,7,4,3,1,0,0,0
176,0,102.53681781391778,6,2,3,2,0,0,0,0
34,0,98.95980490525899,8,25,4,0,0,3,0,0
304,0,89.0,11,3,3,2,0,0,0,0
101,0,141.93692725810064,7,20,4,2,0,0,3,0
54,0,79.16221744924006,10,10,3,1,0,2,0,0
55,0,168.3,7,29,4,2,1,0,3,0
93,0,151.75021568227686,8,15,4,2,2,0,0,0
38,0,140.4,4,26,4,1,0,0,3,0
131,0,111.77759193965221,6,29,4,2,0,0,0,0
36,0,84.96604878704088,2,9,4,4,0,0,0,0
109,0,78.87904028600616,9,9,4,1,2,0,0,0
95,0,121.5,6,18,4,1,0,0,0,0
166,0,99.45,7,6,4,2,2,0,0,0
173,1,129.30313927653214,7,17,4,2,0,0,3,0
236,0,77.27647030690433,11,28,4,4,1,0,0,0
91,1,74.98519894664423,8,21,4,2,0,0,0,0
35,0,125.1,7,25,4,0,0,3,0,0
3,0,80.12751110327136,2,5,4,1,2,3,0,0
7,0,155.85975422629903,6,15,4,1,0,0,2,0
57,0,107.9098744318559,3,21,4,2,1,0,0,0
307,0,111.39398346996762,10,30,4,1,0,0,0,0
186,0,84.75141098190893,8,25,4,5,2,2,0,0
181,1,120.0,10,11,3,2,0,0,0,0
119,0,221.86208632586485,8,5,4,9,3,0,5,0
108,0,189.70420489109264,8,5,4,2,1,0,5,0
27,1,149.65660864975936,7,23,4,2,0,0,2,0
43,0,78.64183313070599,3,3,4,3,0,0,0,0
184,2,128.7,10,17,4,2,0,0,3,0
6,0,145.93241351738328,6,23,4,2,0,0,3,0
126,1,139.81046267895834,12,29,4,1,0,0,3,0
19,0,80.07124703455004,2,1,4,4,0,0,0,0
81,1,76.5,7,4,4,3,1,0,0,0
135,0,198.9,5,26,4,3,0,0,5,0
34,0,92.71936667169277,4,17,4,2,1,1,0,0
47,0,94.50456830193474,10,24,4,1,1,0,0,0
111,0,119.86661101408623,9,9,4,0,1,0,0,0
167,1,119.62992960715968,4,20,4,2,1,0,0,0
5,0,90.82530233753027,2,5,4,2,0,1,0,0
109,1,86.4899913010962,4,30,3,3,0,0,0,0
15,1,85.75307151892979,8,27,4,4,2,0,0,0
52,0,67.5,2,24,4,3,0,3,0,0
18,0,70.80744457694185,11,20,3,2,1,0,0,0
49,0,105.24386959467007,7,9,4,0,1,3,0,0
335,0,89.91892857319641,10,12,3,2,0,0,0,0
199,0,79.21526094826284,7,3,4,4,1,3,0,0
11,0,159.0,4,8,4,3,2,0,3,0
254,0,111.0468315964912,10,15,4,0,1,0,0,0
441,0,65.85699156162376,4,25,3,1,0,0,0,0
81,0,134.18292962933455,7,12,4,2,1,0,0,0
58,0,178.56487424009842,3,24,4,3,1,0,5,0
191,1,130.86166466249867,8,22,4,2,0,0,0,0
73,0,154.83846889453594,3,27,4,2,2,0,4,0
119,0,129.83283449107975,9,14,4,4,2,0,0,0
3,0,109.12007043636163,7,1,3,1,1,2,0,0
6,0,161.0,3,26,4,2,2,0,3,0
114,0,106.16889021433663,5,29,4,4,1,0,3,0
41,0,105.72604629261802,10,2,4,2,0,0,0,0
11,0,155.033851219063,9,4,4,2,1,0,3,0
36,1,159.22162646026393,3,24,4,1,0,0,3,0
119,0,127.71857395029124,8,15,4,1,0,0,2,0
96,0,119.46711789290345,5,7,4,2,1,0,0,0
28,0,79.37269543848794,2,17,4,1,0,2,0,0
149,0,105.28822874595446,8,20,4,2,2,0,0,0
157,0,94.5,8,3,4,1,0,3,0,0
168,0,130.05,8,11,4,2,2,0,1,0
19,0,145.89833343332236,9,23,4,2,1,0,0,0
47,1,77.17777395810337,11,11,4,2,1,3,0,0
65,0,148.34810169378903,4,23,4,1,0,0,0,0
280,1,89.37953650759661,10,28,4,2,2,0,0,0
39,0,71.1,3,11,4,1,0,3,0,0
189,0,110.86051797369218,9,29,4,6,1,0,0,0
174,0,214.77896691973882,9,28,4,2,1,0,5,0
79,1,88.6992140951266,10,28,4,3,0,0,0,0
173,1,137.7,8,8,4,2,0,0,3,0
105,0,131.51574142359007,7,25,4,1,0,0,3,0
164,0,115.17798602293192,8,29,3,3,0,0,2,0
156,1,117.8987068982096,10,6,4,2,1,0,0,0
6,0,125.02663913768986,8,28,4,1,0,3,0,0
94,0,74.57785946722964,3,18,4,2,2,0,0,0
19,1,233.27444389205195,9,18,4,3,2,0,5,0
59,0,120.99506107483077,11,2,4,1,2,0,2,0
20,0,78.89436488627803,11,7,4,2,0,3,0,0
253,1,97.12843021597077,9,16,4,1,0,2,0,0
158,1,114.3,7,8,4,2,0,0,0,0
35,0,85.69256193579864,2,9,4,4,0,0,0,0
31,0,163.8137254246925,10,16,4,1,1,0,3,0
153,0,121.5,5,27,4,1,1,0,2,0
142,0,201.0908992218071,9,15,4,3,1,1,3,0
14,0,99.16212953930794,9,12,4,0,1,0,0,0
299,1,86.072698070111,12,29,4,3,0,1,0,0
17,1,97.6511609526093,8,28,4,7,3,0,0,0
153,0,189.76002576487792,6,12,4,1,1,0,5,0
29,0,76.71983345926648,11,21,4,4,0,0,0,0
95,0,110.26253902252448,5,21,4,2,2,2,0,0
32,0,115.91869486677368,4,18,4,0,1,2,0,0
160,0,113.03281856290448,8,8,3,2,0,0,0,0
4,0,254.52912681221562,4,23,4,2,1,0,4,0
26,0,141.83611203483395,4,15,4,3,0,0,3,0
206,1,99.29288255470232,8,26,4,4,1,0,0,0
73,0,149.4,8,19,4,2,0,0,3,0
260,0,68.37134453257083,12,26,4,6,2,3,0,0
54,0,124.73581947440391,6,6,4,1,0,1,1,0
4,0,74.82826928920686,7,10,3,1,1,0,0,0
99,0,64.36124975233372,8,29,3,2,1,0,0,0
148,0,114.3,7,4,4,0,1,0,2,0
18,0,131.13480147129255,8,26,4,2,0,0,2,0
45,0,139.5,10,4,4,3,0,0,3,0
183,1,80.04594604925707,5,4,4,2,0,0,0,0
41,0,134.41807227000118,3,23,4,2,1,0,3,0
1,0,63.98821526924058,2,28,4,1,2,0,0,0
161,0,94.5,7,23,4,2,0,3,0,0
61,0,131.7378415667926,10,21,4,2,0,0,3,0
105,0,75.45073313794896,9,10,4,2,0,0,0,0
150,0,126.65145920466476,6,29,4,6,2,0,3,0
24,0,117.31280295979064,5,20,4,1,0,0,0,0
206,0,78.70134327512538,7,12,4,4,1,0,2,0
33,1,125.1,8,8,4,1,0,3,0,0
169,0,99.45,8,5,4,2,2,0,0,0
57,0,74.8,12,2,4,2,2,3,0,0
28,0,140.1751810716487,5,20,4,1,0,0,1,0
116,0,91.63571717558759,5,3,4,2,0,3,0,0
165,0,84.79082453645194,7,23,3,2,1,1,0,0
44,0,114.14964690483376,4,9,4,3,1,0,2,0
143,0,129.6,9,21,4,3,1,0,0,0
122,0,76.36593448307113,7,13,4,3,1,0,0,0
277,0,100.95097993133773,8,12,4,3,1,0,0,0
124,0,94.69331053010227,7,7,3,1,1,1,0,0
20,0,80.59853847360486,2,2,4,3,0,0,0,0
20,0,79.68077221097154,2,12,4,2,0,1,1,0
34,0,140.4,4,21,4,1,0,0,3,0
298,0,75.87441455419648,5,10,3,2,0,0,0,0
6,0,129.14899623320275,4,10,3,5,0,2,0,0
138,1,117.10570733293657,5,21,4,4,1,0,3,0
435,0,68.65473885628919,7,13,3,2,0,0,0,0
88,0,180.00359251308248,4,27,4,3,0,0,4,0
115,1,93.22754477923307,9,18,4,2,0,0,0,0
179,0,114.20503809330224,7,22,4,0,1,0,0,0
4,0,123.45693884989825,9,18,2,1,0,0,0,0
72,0,76.60411574934601,3,3,4,1,1,2,0,0
171,0,105.37849845518511,7,14,3,3,0,0,0,0
55,1,108.99203785289741,6,26,4,2,1,0,0,0
163,0,168.3,7,4,4,0,1,0,5,0
82,0,124.45240257812826,7,23,4,1,2,0,0,0
5,0,163.4616887449473,9,17,4,1,2,0,0,0
216,0,96.3,8,13,4,1,0,0,0,0
1,0,206.30055426341343,9,11,4,1,0,0,4,0
74,0,119.38900643673779,4,13,4,3,1,0,1,0
0,0,158.4884106586923,8,18,4,1,0,2,0,0
51,0,133.1205886343655,5,9,4,3,0,0,3,0
149,0,80.75,7,28,4,2,2,0,0,0
29,0,87.78369654942155,4,17,4,0,2,1,0,0
79,0,86.76191880228956,11,21,4,1,0,0,0,0
7,0,124.64163746434217,6,3,4,0,1,0,0,0
177,0,128.89585105570222,8,3,4,4,1,0,0,0
164,1,117.83548888636939,9,19,4,3,1,1,0,0
37,0,73.1,3,3,4,3,1,3,0,0
119,0,68.0,10,15,4,3,2,0,0,0
174,0,110.74248109504619,9,6,3,4,0,0,0,0
38,1,67.5,2,14,4,0,1,1,0,0
82,1,185.28609230199064,7,15,4,3,1,0,3,0
189,0,90.90309730732231,10,3,4,3,0,0,0,0
206,0,102.85,10,6,4,5,2,0,0,0
49,0,260.80940920988945,6,4,4,1,0,0,5,0
47,0,107.1,4,4,4,1,1,3,0,0
52,0,94.5,4,20,4,2,0,3,0,0
51,1,139.5,10,15,4,4,0,0,3,0
75,0,83.18467809430173,4,1,4,2,1,0,0,0
26,0,75.08577736998099,11,12,3,9,3,0,0,0
34,0,124.77805370852556,3,24,4,3,0,0,0,0
51,0,123.5490270858195,4,14,4,2,0,0,2,0
180,0,98.1,10,10,4,0,0,3,0,0
57,0,167.6901239176278,5,20,4,3,0,0,4,0
108,0,117.09928751362227,7,14,4,2,0,1,0,0
55,0,168.07085382526677,7,20,4,3,0,0,3,0
27,0,141.9165474676784,4,12,4,3,1,0,1,0
36,0,94.35931025992976,9,26,4,2,0,0,0,0
33,0,97.9688951249958,3,16,4,3,1,0,0,0
83,1,123.30363087593875,10,21,4,3,2,0,1,0
145,0,85.5,6,26,4,1,1,3,0,0
274,0,79.47760276653638,7,5,4,4,2,0,0,0
4,0,146.51376995981684,2,26,4,5,2,0,3,0
168,2,128.04051485035603,7,14,4,4,2,0,3,0
25,0,153.29447066102693,8,25,4,1,2,0,3,0
165,0,100.19483937644469,7,18,4,4,2,0,0,0
183,1,114.85317598821507,6,6,4,5,1,0,3,0
52,0,208.06538566706075,9,19,4,3,0,0,5,0
187,0,86.5,7,7,4,2,0,0,1,0
90,1,76.5,7,7,4,3,1,0,0,0
319,0,100.84606856642047,8,3,3,2,0,0,0,0
156,0,96.3,6,27,4,0,1,0,0,0
87,0,85.5,5,25,4,0,1,3,0,0
47,0,108.83352514051965,4,6,4,3,1,3,0,0
104,0,105.5336993141159,7,16,4,1,1,0,0,0
171,2,114.75,8,3,4,2,1,0,0,0
42,0,98.32658965515584,6,27,4,1,0,3,0,0
36,0,131.4,5,4,4,1,1,0,3,0
143,1,117.19687664365414,5,26,4,2,1,0,3,0
207,0,81.43624377802031,8,12,4,5,3,3,0,0
1,0,73.09251765927577,8,14,4,1,1,0,0,0
56,0,133.40491934653113,9,12,4,1,0,1,1,0
307,0,78.28631907061003,10,22,3,3,0,0,0,0
121,0,114.46084257149782,7,5,4,2,1,0,0,0
303,0,77.85485788408212,8,19,4,2,1,0,0,0
49,0,109.54463033649299,9,5,4,2,0,1,0,0
182,1,96.3,7,28,4,1,0,0,0,0
104,0,81.19065141427355,4,4,4,2,0,0,0,0
234,0,105.5817190955519,9,27,4,5,1,0,0,0
418,0,102.98586289758336,9,26,4,2,1,0,0,0
74,0,112.30104614853762,10,22,3,1,1,0,3,0
121,0,119.92956514293616,6,9,3,1,0,0,0,0
30,0,98.1,5,23,4,0,1,3,0,0
172,0,89.72004308848275,9,15,4,4,1,0,0,0
115,1,102.92003621092073,4,28,4,3,1,0,3,0
158,0,104.39536315692868,5,12,4,2,1,0,0,0
9,0,221.0,5,9,4,3,0,0,5,0
5,0,204.98738372195203,4,23,4,3,2,0,5,0
106,1,118.8,9,5,4,2,1,2,0,0
115,1,67.7932083740887,7,9,4,3,2,0,0,0
16,0,88.35831669148712,6,3,4,0,1,2,0,0
152,0,113.12302601596667,6,20,4,2,1,0,0,0
30,0,132.69515987884162,6,15,4,1,0,0,2,0
98,0,92.11480881243749,10,24,4,3,1,0,0,0
122,0,113.82502582463388,5,12,4,2,1,0,0,0
177,1,102.61476591766133,7,18,4,2,0,0,0,0
261,0,67.7431063998387,12,26,4,6,2,3,0,0
18,0,139.96767673467392,9,29,4,1,1,0,0,0
261,0,65.96077747686267,11,22,3,1,1,1,0,0
169,1,100.47083167355828,7,29,4,2,2,0,0,0
88,0,75.4687051946791,6,15,4,2,1,0,0,0
54,0,78.63424017180837,4,26,4,2,1,3,0,0
27,0,125.18997021241222,2,26,4,2,1,0,2,0
40,0,140.32922216256208,3,25,4,1,0,0,3,0
37,0,113.67951931399571,5,20,4,2,1,0,3,0
81,0,117.24129362126783,6,2,4,1,0,1,1,0
238,0,112.90463088490907,6,15,3,1,0,0,0,0
64,1,92.06243882200145,10,8,4,2,0,0,0,0
275,0,92.04020675005047,10,8,4,4,2,2,0,0
180,2,127.64788811405265,8,25,4,1,1,0,0,0
308,0,70.56472771127656,12,28,4,5,2,3,0,0
274,0,110.0,4,17,3,0,1,0,0,0
108,0,81.6931519828316,11,6,2,4,1,0,0,0
277,0,106.94096089160655,11,27,2,2,1,0,3,0
20,0,234.08125109609696,9,18,4,3,1,0,5,0
209,0,100.5556537871297,7,19,4,2,0,0,0,0
15,0,209.34998887394744,8,13,4,0,0,0,3,0
18,1,120.73183887082715,9,29,4,1,1,1,0,0
179,1,108.9,10,1,4,1,2,0,0,0
174,1,82.26917349965716,9,12,4,2,1,0,0,0
9,0,93.39351755534331,2,9,4,2,0,0,0,0
4,0,120.68695875874953,5,9,4,1,0,0,0,0
63,0,68.0,7,2,4,2,1,0,0,0
18,0,109.41083027680405,4,17,4,2,0,0,0,0
271,0,63.274571266222054,7,20,3,4,0,1,0,0
225,0,70.24843453582174,10,29,4,2,2,0,0,0
160,0,132.01606104519098,9,3,4,3,0,0,3,0
257,0,101.11347390219531,7,1,4,2,0,0,0,0
96,0,64.46506829897673,9,29,3,2,2,1,0,0
45,0,208.24566490241284,8,19,4,3,1,0,5,0
67,0,149.4,9,15,4,3,1,0,3,0
16,1,89.8340691146044,8,30,4,3,1,0,0,0
134,0,134.3996133521043,7,28,4,2,1,0,3,0
23,0,117.18250331823809,4,21,4,1,0,0,0,0
114,1,106.63936633832971,4,29,4,4,1,0,3,0
21,0,231.0,8,22,4,3,1,0,5,0
183,1,137.7,8,4,4,2,0,0,3,0
179,1,107.06408134941714,10,28,4,2,2,0,0,0
34,0,222.7400956222213,8,21,3,3,0,1,1,0
23,0,138.535652305688,7,26,4,2,1,0,0,0
81,0,96.08121912676818,5,26,4,0,1,0,0,0
180,0,97.02093693089002,7,23,4,1,0,0,0,0
186,1,112.01,9,4,4,2,2,0,1,0
213,0,92.65,10,1,4,2,1,3,0,0
214,0,67.0610132660485,10,29,4,4,0,0,0,0
182,0,96.76375245749833,3,28,4,5,2,0,0,0
39,0,189.3769334714318,4,6,4,1,0,0,4,0
147,1,104.53028713642743,10,27,4,3,0,0,3,0
30,0,95.75559805096442,3,10,4,2,0,0,2,0
44,0,100.50051057329418,5,20,4,2,1,0,0,0
39,0,117.9,7,2,4,1,2,0,0,0
74,0,106.63429085163385,4,26,4,3,0,0,0,0
215,1,95.01386010619386,10,30,4,2,1,0,0,0
33,1,135.9,8,8,4,2,0,0,0,0
5,0,284.53479465185967,7,11,4,2,1,0,5,0
173,0,127.54484893492457,8,13,4,4,1,0,0,0
37,0,116.1,5,12,4,1,0,3,0,0
90,0,89.25527999258873,11,27,4,3,1,2,0,0
79,0,95.2838344224685,4,3,4,4,1,0,3,0
172,0,114.6384593615497,8,9,3,3,0,0,2,0
181,0,99.53774676143149,8,25,3,2,0,0,0,0
64,0,126.54285456988492,4,28,4,2,0,0,0,0
131,0,40.59472642849322,8,15,4,1,1,1,0,0
8,0,151.0,7,4,4,1,1,0,0,0
89,0,88.48453011099541,11,5,4,1,0,2,0,0
118,0,72.25,7,21,3,4,0,0,0,0
72,0,153.81050008256287,6,17,4,1,0,0,3,0
157,2,158.03813344273107,8,7,4,2,0,0,0,0
76,0,150.9626943189164,8,24,4,1,0,0,3,0
16,0,198.8789680628866,4,13,4,2,0,0,5,0
11,0,79.0,2,1,4,4,2,3,0,0
82,0,168.3,3,25,4,2,1,0,5,0
58,0,136.0828120931896,8,27,4,2,0,0,1,0
118,0,112.11076522941626,7,28,4,1,0,0,0,0
60,0,113.35804647654062,7,2,4,0,0,1,0,0
147,0,90.9877097897486,7,25,4,2,1,0,0,0
11,0,150.53241105150124,9,7,4,2,0,0,0,0
40,0,121.47006786572501,11,11,4,2,1,0,0,0
65,0,106.6093945748915,4,25,4,3,0,0,0,0
9,1,129.01901369720133,6,17,4,1,0,2,0,0
60,0,94.80350471015969,4,26,4,3,0,3,0,0
159,0,137.2109944066218,6,14,4,3,0,0,3,0
166,0,114.45869722878963,8,29,3,4,1,0,0,0
42,0,116.20128029643709,3,30,4,2,1,1,0,0
75,0,123.01346136987476,7,23,4,4,2,0,0,0
125,0,148.10109726481022,8,8,4,3,0,0,3,0
49,0,168.23660262157378,7,19,4,3,1,0,3,0
27,0,142.0662426944057,6,10,4,2,0,0,0,0
349,0,123.33,10,4,3,5,1,0,0,0
262,0,67.90215235647776,11,19,3,1,1,0,0,0
254,1,97.27620538955343,10,12,4,2,0,0,0,0
179,0,139.19522262354772,8,23,4,2,0,0,3,0
110,0,120.0,10,9,3,0,1,0,2,0
35,0,71.1,3,3,4,2,1,3,0,0
14,1,133.79038561107103,5,28,4,2,0,0,0,0
8,0,165.87725262067477,6,21,4,1,0,0,3,0
36,0,159.3,3,26,4,1,0,0,3,0
73,0,72.77624946105458,3,17,4,3,2,0,0,0
189,1,109.76765766989024,8,20,4,4,1,0,2,0
126,0,95.51814703619908,7,2,4,3,0,3,0,0
75,0,159.9388749616155,8,28,4,1,1,0,3,0
162,0,98.30122648554836,8,8,4,5,2,2,0,0
178,0,180.02881422456338,8,13,4,4,0,0,3,0
74,0,85.5,4,9,4,1,0,3,0,0
2,0,101.0,3,3,4,1,0,0,0,0
34,1,148.86900940229978,9,25,4,1,1,0,3,0
141,0,115.92582430341317,5,23,4,3,1,0,3,0
166,1,99.31925400759228,7,7,4,3,1,0,0,0
16,0,129.32027507044663,4,5,4,3,0,0,3,0
61,0,116.1,5,17,4,2,0,3,0,0
239,0,87.40676714200363,8,4,4,3,1,0,0,0
2,0,96.15935734273789,4,13,3,1,0,2,0,0
248,0,78.5537990580188,7,15,4,2,1,0,0,0
62,0,148.92649297568292,9,16,4,1,0,0,3,0
4,0,132.9202578913539,3,22,4,2,0,1,1,0
379,0,90.0,10,16,4,1,0,1,0,0
161,0,130.0,3,25,3,2,1,1,0,0
35,0,128.49919421527576,7,28,4,3,1,0,1,0
277,0,87.3153595181069,11,6,3,4,0,0,0,0
35,0,64.24106200810829,2,25,3,1,1,0,0,0
18,0,156.0,5,13,4,1,0,0,3,0
72,0,80.38458399930522,10,18,3,2,0,3,0,0
28,0,100.44496921407514,4,18,2,2,0,0,0,0
74,0,63.74847460363316,11,17,4,2,0,0,0,0
183,1,105.78587663384921,8,8,3,1,0,0,0,0
44,0,107.1,4,2,4,1,1,3,0,0
27,0,118.50757220303787,9,18,3,0,1,0,0,0
20,0,113.10578110169921,3,26,4,0,2,0,2,0
201,0,104.6496722682149,7,30,4,3,0,0,0,0
53,0,141.29583832718598,6,28,4,1,2,0,3,0
81,0,133.7424496965123,7,21,4,2,1,0,1,0
169,1,105.47728988498766,8,21,4,1,1,0,0,0
32,0,130.0173699737224,10,10,4,2,0,0,0,0
189,0,166.46367485700296,8,10,4,2,0,0,1,0
115,0,187.8942657683776,7,21,4,3,2,0,3,0
120,0,159.3,6,2,4,2,0,0,3,0
15,0,162.63911639690053,6,8,4,1,1,0,3,0
60,0,145.56036520305904,5,8,4,2,0,0,3,0
41,1,160.2715870022246,10,20,4,2,0,0,0,0
350,0,78.24464632967404,11,22,3,1,2,0,0,0
34,0,92.08094998142934,9,30,4,2,0,3,0,0
50,0,123.3,9,2,4,2,1,0,3,0
7,1,139.8857019135405,9,4,4,5,0,3,0,0
46,1,124.1,3,19,4,2,1,0,3,0
197,0,86.75,7,16,4,0,0,0,1,0
40,0,208.95591028701725,8,4,4,2,2,0,1,0
166,0,76.35549588096994,7,2,3,0,1,0,0,0
6,0,108.83178312287757,3,10,4,2,0,0,1,0
19,0,112.52993862338121,10,1,4,3,0,0,0,0
222,1,141.72284524326233,9,3,4,1,0,0,0,0
86,0,100.0,9,9,2,1,0,0,0,0
38,0,120.10127521002948,4,20,4,3,1,0,3,0
77,0,132.98268816086605,9,5,4,3,0,0,2,0
162,1,118.8,7,23,4,1,0,0,3,0
109,0,259.36026579728303,8,25,4,2,0,0,5,0
109,0,93.9293599041411,5,7,4,1,1,2,0,0
23,0,97.31088468210368,4,9,4,2,0,0,0,0
184,0,70.02296565314776,11,24,4,2,0,3,0,0
132,0,94.5,7,15,3,0,1,1,0,0
105,1,105.78869930561586,5,28,4,4,1,0,1,0
88,0,110.15994873714519,5,26,4,4,3,0,0,0
66,1,104.62277232727186,11,10,4,1,0,0,0,0
41,1,162.25538457862905,10,20,4,2,0,0,0,0
10,0,146.40903941092193,3,23,4,1,1,0,3,0
145,1,107.23586653381307,9,9,4,0,1,3,0,0
133,0,104.90212954545073,6,2,4,2,1,3,0,0
56,0,140.23706720050652,6,1,4,3,0,0,3,0
88,0,135.15202573401697,9,2,4,1,0,0,0,0
32,0,210.70951370043073,3,29,4,1,0,0,3,0
176,2,137.7,8,7,4,2,0,0,3,0
55,0,99.9,6,20,4,1,0,0,0,0
72,0,64.65098469187099,3,13,4,2,1,3,0,0
1,0,45.871913960660756,3,3,3,1,1,0,2,0
154,0,113.4,10,5,4,1,1,0,0,0
160,0,133.07551471972818,7,21,4,4,2,1,0,0
2,0,163.66664551075917,7,22,3,2,0,0,2,0
102,0,94.66162366409472,5,4,4,3,0,0,0,0
45,0,107.1,4,3,4,1,1,3,0,0
25,0,155.73292175645759,9,15,4,2,1,0,1,0
52,0,78.23876356651958,2,3,4,3,0,0,0,0
14,0,148.81997819255727,6,25,4,1,1,0,1,0
30,0,149.4,5,11,4,3,0,0,3,0
275,0,116.43138271152941,9,22,4,2,0,0,0,0
285,0,89.42554111909959,10,16,4,0,1,0,0,0
4,0,127.49202579348052,2,11,4,3,1,0,1,0
287,1,100.76066897084287,9,29,4,3,0,0,0,0
202,0,90.0,5,29,3,1,2,0,0,0
159,0,126.05169904793559,7,1,4,4,1,0,0,0
102,0,72.98250869706253,12,5,4,1,1,0,0,0
52,0,126.69688362951693,4,18,4,2,0,0,0,0
4,0,161.91072182528836,4,25,4,3,1,0,3,0
56,0,141.37837136383513,6,28,4,2,2,0,3,0
15,0,97.0,3,11,4,1,1,0,0,0
257,0,89.21092733610651,8,4,3,4,0,0,0,0
38,0,116.1,5,7,4,1,0,3,0,0
67,0,116.53533266820871,10,19,4,3,0,0,3,0
20,0,232.63751113022644,8,20,4,3,1,0,5,0
187,0,105.3,8,13,4,1,1,0,0,0
22,0,190.55602074431275,7,21,4,2,1,0,3,0
185,0,121.65940931184218,8,3,4,2,0,0,0,0
222,1,127.92840331609892,9,25,4,1,1,0,1,0
277,0,80.0,9,5,3,5,2,0,0,0
166,1,104.51933305870335,8,5,4,1,0,1,0,0
60,0,99.0,9,2,4,1,0,3,0,0
130,1,162.95864163532187,11,24,4,5,1,0,4,0
224,1,115.01899286911235,9,4,4,4,2,0,0,0
171,0,99.73503750259599,7,4,4,2,2,0,0,0
27,0,75.99964438645303,11,22,4,3,0,0,0,0
17,0,169.31472038492996,3,25,4,2,1,0,0,0
154,1,119.11088560039944,9,6,4,2,0,0,0,0
4,0,110.77609202715905,2,25,4,9,3,0,3,0
28,0,109.19848356033826,8,28,4,1,1,2,0,0
216,0,88.52982142510544,8,16,4,3,0,2,0,0
196,0,128.48365878429541,9,28,4,1,1,0,2,0
143,0,114.3811599408097,7,13,4,1,0,0,0,0
166,0,89.70692411321548,7,4,4,4,1,2,0,0
160,0,91.32495359138532,6,30,4,2,1,2,0,0
179,0,88.88228306789078,7,2,4,3,0,3,0,0
74,0,115.42931487420114,10,18,4,2,0,1,0,0
3,0,110.0,9,7,0,1,1,0,3,0
15,0,83.19088549929212,3,7,4,1,0,0,0,0
94,0,135.78397669486907,6,3,4,2,1,0,1,0
31,0,110.1205289977314,4,13,4,2,0,0,0,0
443,0,60.83311187784168,4,29,3,1,0,0,0,0
73,0,168.3,8,12,4,0,2,0,3,0
50,0,78.3,2,26,4,2,0,0,0,0
65,0,223.3924464208204,8,13,4,4,1,0,5,0
161,0,130.0,3,25,3,2,1,1,0,0
66,0,126.8994737480793,6,16,4,2,0,0,0,0
68,1,78.9960922670728,8,31,4,3,1,3,0,0
10,0,84.07456650837082,2,12,4,1,1,0,0,0
7,0,101.43499888511458,7,24,4,3,0,0,2,0
39,0,72.48315592696258,6,2,4,3,1,3,0,0
115,0,61.0,2,27,3,1,2,0,0,0
102,0,134.67772399364688,6,1,4,3,0,0,3,0
30,0,118.01569553581244,4,23,4,1,1,0,0,0
60,0,137.2656181566429,6,15,4,1,0,0,3,0
131,0,100.2019092605736,7,21,4,3,1,0,0,0
108,0,114.48857246241714,6,3,4,1,1,0,0,0
169,0,112.57149179063903,7,16,4,3,1,0,1,0
142,0,201.1015980898291,9,17,4,1,1,1,3,0
183,0,108.86235844385831,9,6,4,2,0,0,0,0
93,0,151.2686467218796,8,16,4,2,2,0,1,0
23,0,89.93763791603048,4,20,4,1,0,1,0,0
176,1,138.75754274289858,8,8,4,2,0,0,3,0
211,1,96.69105893403173,7,30,4,0,1,0,0,0
90,1,105.3,3,25,4,2,1,0,3,0
251,0,95.28820017749321,8,3,3,1,0,0,0,0
0,0,90.3406854235748,5,22,4,2,0,0,0,0
18,0,146.3520414505798,3,16,4,2,0,0,0,0
152,1,114.82841952142579,6,4,4,1,1,0,0,0
163,0,100.05334584029042,6,5,3,2,1,0,0,0
186,0,67.87037803425773,5,24,4,3,1,0,0,0
157,1,114.55307027117298,5,24,4,3,0,0,1,0
147,0,96.27457069347427,6,21,3,0,2,0,0,0
57,0,109.53278451338349,7,27,4,1,2,0,0,0
5,0,193.37664276841718,4,9,4,2,0,0,4,0
51,0,149.34666882129275,6,6,4,1,1,0,3,0
51,0,115.9293592278917,6,9,4,1,2,0,3,0
38,0,86.16852040428455,2,4,4,2,0,0,3,0
18,0,118.0,9,4,4,0,0,3,0,0
75,0,83.22392424730383,4,1,4,2,1,0,0,0
21,0,79.86829989521861,10,4,4,0,0,2,0,0
214,0,67.58203406038494,11,29,4,3,0,0,0,0
8,0,129.07085516078325,8,18,4,1,0,0,0,0
127,0,125.23219171039409,9,27,4,1,1,0,3,0
62,0,113.77011008778757,4,8,4,2,1,0,2,0
148,0,72.66968151050087,10,16,3,3,0,3,0,0
152,1,112.9604745751509,8,5,4,1,0,0,0,0
197,0,128.12939825447825,8,28,4,0,0,0,2,0
114,0,104.4,10,27,4,2,0,0,3,0
21,0,171.2314366824323,4,29,4,1,0,0,3,0
15,0,135.64363336224494,6,14,4,1,0,0,0,0
238,0,78.71037818258438,11,30,4,1,1,3,0,0
14,0,221.0,6,10,4,1,0,0,5,0
56,0,70.43267936151986,10,11,4,3,1,0,0,0
37,0,151.6381770194292,8,18,4,2,1,0,3,0
16,0,165.9889074887356,6,8,4,1,1,0,3,0
50,0,78.3,3,5,4,2,0,0,0,0
206,1,128.51254874491218,7,8,4,4,1,0,2,0
132,0,122.6406980347893,9,30,4,3,0,0,3,0
155,0,114.51033574878868,7,13,3,3,1,0,0,0
11,0,151.0,8,12,4,1,1,0,0,0
19,0,221.0,4,2,4,1,0,0,5,0
135,0,107.56826295283729,7,5,4,3,1,0,0,0
65,0,137.7,4,22,4,2,0,0,3,0
230,1,136.0704715590183,8,5,3,4,0,0,0,0
15,1,202.0851471544672,9,12,4,1,0,0,2,0
43,0,135.24112496465318,4,25,2,2,2,0,3,0
128,0,119.27414461353214,8,8,4,3,0,1,0,0
224,1,73.15872158810762,9,2,4,1,0,0,0,0
15,0,83.91457295379142,3,8,4,4,0,3,0,0
46,0,76.64398611615225,11,22,4,2,0,3,0,0
94,1,127.09501479880258,4,28,4,2,0,0,0,0
76,0,120.0,10,10,3,0,1,0,0,0
159,0,96.76840832050175,7,5,4,3,0,3,0,0
174,0,82.28508573587088,9,4,3,3,0,0,0,0
73,0,107.79386104715057,4,6,4,3,1,0,2,0
78,0,122.02708900810929,8,1,4,3,0,2,0,0
157,1,121.6436231226187,7,15,3,2,0,0,0,0
219,0,108.0,9,4,3,1,0,1,0,0
78,1,88.11845577757549,10,30,4,4,2,0,0,0
112,0,104.39496432640179,7,11,4,1,0,1,0,0
217,0,55.58853730284971,11,13,4,2,0,3,0,0
14,0,99.19183611460102,7,23,4,0,1,0,0,0
60,0,223.4054899934853,11,24,4,3,0,0,3,0
72,1,150.70987146610975,9,18,4,3,0,0,3,0
56,0,157.19533723335664,11,18,4,0,1,0,4,0
56,0,69.01013091840622,10,9,4,3,1,0,0,0
46,1,124.1,3,20,4,2,1,0,3,0
237,0,86.57958584968274,11,30,4,1,1,0,0,0
287,0,102.99673430431127,9,29,4,3,0,0,0,0
166,0,111.11826981658142,10,1,3,3,0,0,0,0
108,0,117.15784222960768,7,14,4,2,0,1,0,0
151,0,90.1437926409115,7,14,4,5,2,0,0,0
22,0,117.97142014228908,9,5,4,2,0,3,0,0
78,0,86.74248926929045,3,3,4,2,0,0,2,0
156,0,109.37136426888301,8,30,4,3,0,0,0,0
7,0,142.76189354600206,5,8,4,3,0,0,2,0
204,0,86.513014328703,7,21,4,2,0,0,0,0
228,0,73.0979819835637,5,4,4,1,0,0,0,0
237,2,92.43931694126312,8,17,4,2,0,0,0,0
174,0,46.662813949156984,7,24,4,4,0,2,0,0
42,0,140.3206852363605,6,9,4,2,0,0,3,0
61,0,80.99179350656637,3,4,4,2,1,0,0,0
40,0,81.0641740456927,4,20,4,1,0,0,0,0
28,0,131.081928022785,6,13,4,1,0,0,3,0
56,0,74.08270835964746,11,14,4,3,2,3,0,0
76,0,119.76089589711154,10,10,3,0,0,0,0,0
100,0,107.90171218031057,7,6,4,1,2,3,0,0
9,0,144.66088905938204,4,12,4,5,0,0,3,0
115,0,59.766342840356906,2,26,3,2,2,0,0,0
85,0,36.10552611808555,5,9,3,3,1,0,0,0
231,0,90.95,8,28,4,2,1,0,0,0
35,0,74.8,12,1,4,3,1,3,0,0
2,0,100.58096546173567,11,25,4,1,0,0,0,0
135,0,113.61878333397004,6,30,4,2,1,0,1,0
33,0,80.16470256576332,2,11,4,1,0,2,0,0
152,1,114.0132766570122,7,10,4,1,0,0,0,0
5,0,116.47072415347083,9,1,3,9,2,0,0,0
21,0,62.27874799235164,11,17,2,1,0,0,0,0
316,0,106.29433023563016,9,1,4,3,0,0,0,0
65,0,77.43885646506874,3,30,4,3,0,2,0,0
11,0,111.2914641606661,5,2,4,2,0,0,0,0
66,0,86.37181281127005,4,2,4,1,1,2,0,0
5,0,65.6375388407194,2,15,3,1,1,0,0,0
16,1,165.78195261697215,7,6,4,2,0,0,3,0
110,1,216.62259197104638,10,7,3,4,0,0,4,0
132,0,130.2929681609805,7,1,4,4,1,0,1,0
84,0,94.5,7,15,4,2,1,3,0,0
290,0,164.1456123541503,10,20,4,3,1,0,1,0
112,0,76.5,7,8,4,1,2,0,0,0
54,0,141.63029679732728,7,28,4,3,1,0,3,0
25,0,123.09856254384789,4,29,4,2,1,0,0,0
50,0,139.67926737596937,9,2,4,2,1,0,3,0
237,1,106.22132151645266,9,19,3,4,0,0,3,0
220,0,115.60901895475232,9,15,3,2,0,0,2,0
35,0,67.7366881232531,2,13,4,1,0,3,0,0
130,0,159.53334650760755,6,9,4,2,0,0,3,0
100,0,100.4697828595639,9,27,4,4,0,0,0,0
48,0,125.90875488684912,9,17,4,2,0,3,0,0
9,0,92.05886441514956,2,5,3,0,1,0,2,0
42,1,112.60060183812033,9,19,4,1,0,3,0,0
2,0,177.82019174956307,5,27,4,2,0,0,3,0
30,0,83.60096018777995,2,4,4,1,1,0,0,0
99,1,123.19432795610821,9,21,4,4,1,0,1,0
99,1,84.83834072531627,4,8,3,2,0,2,0,0
171,0,94.90868293422439,6,24,4,2,0,0,0,0
35,0,81.9,3,8,4,4,1,0,0,0
247,1,120.30586827709557,7,6,4,1,0,0,0,0
3,0,151.2610605952475,3,3,4,1,0,0,3,0
32,0,72.94010475985097,2,2,4,4,0,2,0,0
144,0,132.09515818982592,7,26,4,3,0,0,3,0
175,1,139.369391076565,8,9,4,2,0,0,2,0
152,0,198.6560397189846,7,20,4,3,1,0,1,0
107,0,129.95346062005703,6,9,3,1,0,0,0,0
87,0,99.17522866914041,7,9,2,1,0,0,0,0
96,1,122.37167662025547,8,26,4,2,0,0,0,0
58,0,78.99191121087163,10,2,4,3,0,2,0,0
251,0,96.90280845918704,8,2,4,1,0,0,0,0
226,0,90.59572452913226,11,30,4,2,2,0,1,0
6,0,171.90396860379553,8,6,4,2,1,0,0,0
173,1,130.52338226492984,7,23,3,2,1,0,2,0
47,0,104.07563638632264,5,20,4,1,1,2,0,0
51,0,49.52213531641193,3,3,4,7,2,1,1,0
34,0,159.88007048001856,3,28,4,1,1,0,3,0
38,0,116.1,5,13,4,2,0,3,0,0
173,0,85.1782383354239,8,8,4,2,0,1,0,0
270,0,62.507003018154336,4,18,3,3,0,0,0,0
182,0,98.1,10,11,4,1,0,3,0,0
154,0,113.21445896358108,9,2,4,1,1,0,0,0
144,0,115.60376248440397,6,28,4,1,1,0,1,0
38,0,71.1,3,11,4,2,0,3,0,0
226,0,115.95045771303674,7,4,4,3,1,0,1,0
55,0,94.5,6,19,4,2,1,0,0,0
38,0,150.49688326386666,8,12,4,1,2,0,3,0
179,1,157.9525616160953,7,25,4,2,0,1,0,0
189,2,111.28125204371982,8,17,4,4,0,0,3,0
246,0,110.96863866530028,6,6,3,1,1,0,0,0
93,0,55.36967280125499,7,13,4,6,2,0,0,0
148,1,215.9229309387855,8,20,4,3,1,1,4,0
20,0,87.37357658781562,3,4,4,1,0,1,0,0
66,0,125.1,8,16,4,1,0,3,0,0
99,0,99.2391269905904,9,28,3,3,0,0,0,0
68,0,150.77693618065027,3,12,4,1,0,0,4,0
17,0,136.71587376300965,4,6,4,3,1,0,3,0
55,0,140.37616982336502,6,3,4,1,0,0,3,0
6,0,84.2658914187691,2,13,2,0,1,0,0,0
63,0,91.34547188027265,9,6,4,2,1,1,0,0
78,0,168.3,8,11,4,0,1,0,3,0
49,0,115.32011717882746,9,5,4,1,1,0,2,0
60,0,73.84346317412151,11,20,3,2,1,0,0,0
152,0,98.12325278750623,8,24,4,2,1,0,0,0
125,0,128.08299462627556,7,26,4,3,0,0,1,0
148,0,178.65526842045963,11,27,4,4,1,0,5,0
198,1,106.2,4,13,4,3,0,0,0,0
230,0,115.47000998199573,6,7,4,3,0,0,3,0
108,1,122.8745668246523,6,4,4,4,0,0,0,0
99,1,219.64840923290666,5,14,4,1,1,1,3,0
37,0,148.804654153643,3,26,4,4,0,0,3,0
13,0,86.26022083529237,4,28,3,3,1,0,2,0
206,0,112.7372184655629,8,16,4,1,0,0,0,0
41,0,76.34296767069934,2,15,4,1,0,0,0,0
205,0,119.8231155954176,9,27,4,3,0,0,0,0
90,0,179.92192234097004,7,17,4,2,0,0,5,0
192,0,118.26287885683034,6,23,3,3,1,0,2,0
30,0,88.0,11,26,4,1,1,3,0,0
56,1,93.6,11,24,4,2,0,0,0,0
20,0,78.47909016802524,11,8,4,3,1,3,0,0
119,0,122.38910220282173,5,27,4,1,0,0,1,0
255,1,115.00691786012628,6,15,4,1,0,0,0,0
59,0,126.83732015958182,4,27,4,3,1,0,3,0
55,0,180.10812262538465,4,27,4,3,1,0,1,0
31,0,104.90515943319917,4,14,4,2,0,2,0,0
157,1,83.61877961366294,10,29,4,2,2,0,0,0
160,1,82.15848719719983,9,28,4,2,2,1,0,0
253,0,100.3,9,10,4,4,1,0,0,0
28,0,79.78552038727099,7,7,4,0,0,0,0,0
198,0,137.7,8,21,4,1,0,0,3,0
32,0,74.91120235713159,9,15,4,3,1,0,0,0
130,0,105.39259555378585,5,5,4,3,0,0,0,0
87,0,157.13635676223907,10,26,4,1,0,0,4,0
249,0,90.86408101917142,9,23,4,2,1,0,0,0
149,0,105.3,8,20,4,1,1,0,0,0
4,0,120.4639769989608,6,9,4,0,0,0,0,0
230,0,90.95,8,27,4,2,2,0,0,0
36,0,193.1636742335208,6,7,4,1,0,0,1,0
59,0,122.02913047753853,3,29,4,0,1,0,0,0
56,0,94.5,4,23,4,0,1,2,0,0
34,0,70.02305559891148,2,18,4,7,3,3,0,0
158,1,93.21814720540829,8,28,4,2,0,0,0,0
39,0,139.92613531550325,3,27,4,1,1,0,3,0
59,0,76.5,7,11,4,4,1,0,0,0
215,0,96.3,7,8,4,2,0,0,0,0
153,0,101.96629423935673,6,8,4,3,0,0,0,0
32,0,133.76396527472286,6,18,4,1,0,0,0,0
70,0,114.32211768912006,6,30,4,1,0,0,0,0
187,1,86.61552011841769,7,7,4,2,0,0,1,0
14,0,192.7077596374205,3,17,4,3,1,0,5,0
143,1,101.23688158646274,4,23,4,4,2,0,2,0
217,0,170.41087225215864,8,7,4,3,2,0,5,0
117,0,126.00624143691803,11,25,4,1,1,0,1,0
120,0,87.03282460668797,4,15,3,1,0,0,0,0
96,0,76.45578764178983,7,21,3,3,1,0,0,0
161,0,130.0,3,25,3,2,1,1,0,0
36,0,126.0,9,1,4,0,0,0,0,0
62,0,117.66025059325202,3,23,4,1,0,0,1,0
188,0,119.85,9,23,4,3,1,0,0,0
75,0,82.45657429381505,4,1,4,2,1,0,0,0
8,1,88.46533011912801,2,4,4,2,1,0,0,0
165,0,99.58595505301895,8,1,4,4,1,0,0,0
179,0,84.91325192834104,8,26,4,2,1,2,0,0
51,0,140.61708541204942,5,11,4,2,0,0,3,0
30,0,133.266318111097,7,8,4,1,0,0,0,0
191,0,131.90765904763242,6,4,3,2,1,0,0,0
10,0,79.0,2,1,4,4,1,3,0,0
70,0,79.5543063505097,4,2,3,3,0,0,0,0
69,0,111.55166455153861,5,27,4,2,1,0,0,0
0,0,208.55446467643378,7,13,4,1,0,0,3,0
121,0,143.1,9,20,4,5,1,0,3,0
218,1,96.3,8,3,4,1,0,0,0,0
216,0,96.3,8,12,4,2,0,0,0,0
43,0,135.19669039529512,3,26,4,3,2,0,3,0
9,0,167.81654610595749,7,17,4,1,0,0,1,0
155,1,105.27735743485385,7,26,4,1,0,0,0,0
202,0,149.37767481382784,8,21,3,4,0,0,1,0
95,0,124.72129738302904,9,27,3,1,1,0,3,0
31,0,69.7540925298918,2,4,2,2,0,1,0,0
156,0,98.94399035289688,8,2,4,3,0,0,0,0
130,0,116.51979186545313,6,2,4,2,0,3,0,0
49,0,63.75,3,6,4,4,0,3,0,0
27,1,139.0278650395808,7,21,4,1,0,2,0,0
85,0,157.25,3,24,4,3,2,0,5,0
138,0,118.8,10,8,4,1,1,0,0,0
6,0,84.20023725720476,2,13,2,0,1,0,0,0
122,0,99.67379664621345,5,28,4,1,1,0,0,0
16,0,234.80560138630128,8,19,4,8,3,0,5,0
41,0,139.88744422508836,8,7,4,2,0,0,3,0
104,0,94.5,7,16,4,1,1,1,0,0
123,0,117.41951296386429,6,15,4,1,2,0,3,0
39,0,120.69486191398413,4,20,4,3,0,0,2,0
157,0,187.140949186566,6,21,4,2,0,0,5,0
173,2,115.83233341176964,7,20,4,2,0,0,2,0
9,0,94.62003555609253,3,10,4,0,0,0,0,0
275,0,115.8279464922429,9,24,3,2,0,0,1,0
7,0,132.85277197324132,3,1,4,3,0,0,2,0
129,0,106.14171281433798,4,6,4,2,0,0,0,0
148,0,84.82602587973646,7,25,4,2,2,2,0,0
55,0,97.38834848461887,4,21,4,2,0,0,0,0
149,1,111.61310430572365,8,2,4,3,1,0,1,0
172,2,216.26358375938338,7,18,4,2,0,0,3,0
77,0,63.573184001917866,8,21,3,1,0,3,0,0
116,0,100.62246183255603,4,28,4,2,0,0,3,0
78,0,103.94027708852812,9,26,4,1,1,0,1,0
60,0,123.9983964951006,8,24,4,1,1,2,0,0
134,0,134.0561416570493,7,27,4,3,0,0,3,0
162,1,120.38918246284298,7,25,4,0,0,0,1,0
192,0,98.16562146899648,8,19,4,5,2,0,0,0
257,0,101.08141235289234,8,1,4,3,0,0,0,0
129,0,178.69219945314117,7,25,4,2,1,0,5,0
30,0,199.1395586618077,5,6,4,2,0,0,4,0
40,0,140.1352389439982,3,25,4,1,0,0,3,0
265,1,116.70587789514097,9,29,3,2,1,0,2,0
25,0,175.0544479395851,1,4,4,1,1,0,2,0
34,0,99.39322051592437,4,17,4,1,2,0,0,0
117,0,85.88627220680372,6,18,4,0,2,0,0,0
43,0,131.5089358616767,4,8,4,3,1,0,1,0
32,0,126.95898231652991,7,15,4,2,0,1,0,0
232,0,98.16823260213424,9,29,4,2,1,0,1,0
144,0,94.64315846465504,7,29,4,1,1,0,0,0
156,0,111.62582471156253,7,28,4,4,0,0,0,0
27,0,109.10435828581815,8,28,4,1,1,3,0,0
30,0,89.02423249713767,9,25,4,0,1,3,0,0
13,0,94.25839919904824,5,30,4,0,1,0,0,0
18,0,129.1235377615143,2,26,4,8,3,0,3,0
22,0,72.14753682110883,2,21,3,2,1,0,0,0
5,0,140.0,10,2,4,1,0,3,0,0
143,2,129.6,9,21,4,3,1,0,0,0
12,0,89.0,6,19,4,1,0,3,0,0
90,0,90.57416591472115,5,14,4,4,2,0,0,0
91,1,129.39045334092006,5,15,4,4,1,0,0,0
381,1,115.0,10,18,3,1,0,1,0,0
24,0,108.59079197540278,4,11,4,2,0,0,0,0
63,0,211.32065347080587,5,13,4,2,1,0,3,0
144,1,132.2903473054651,7,27,4,3,1,0,3,0
175,0,126.16909311769813,9,9,3,1,0,0,0,0
35,0,140.26643847316242,4,20,4,1,1,0,3,0
1,0,147.30596237114136,7,11,4,3,0,0,1,0
20,0,138.09559856348304,7,1,4,3,1,3,0,0
45,0,125.10198128331689,7,26,4,1,0,2,0,0
3,0,123.92443742805204,7,28,4,1,0,3,0,0
64,0,139.18052117777455,7,11,4,3,0,0,3,0
38,0,162.57269462621272,8,18,4,1,0,0,0,0
320,1,114.05972287622436,7,17,3,2,0,1,0,0
157,1,131.29265855481967,7,25,4,3,0,0,3,0
35,0,102.18707027124383,4,12,4,2,0,1,0,0
145,0,93.38604310450987,8,28,3,1,1,0,0,0
215,0,174.1438570474538,11,6,4,5,2,0,0,0
173,1,117.42116833241953,8,1,4,2,1,0,0,0
99,0,111.9949194019203,7,9,4,2,1,0,0,0
139,0,114.3,8,13,4,1,1,0,0,0
55,0,142.17858390195872,7,28,4,1,2,0,3,0
173,0,240.50174747099302,9,13,3,1,0,0,4,0
139,0,116.1159949767258,9,7,4,1,0,2,0,0
26,0,167.31330441673478,11,9,4,2,1,0,1,0
184,0,137.19283847113348,9,22,4,2,1,0,2,0
190,1,130.9670407791113,8,22,4,2,0,0,0,0
88,0,181.73986371808485,5,25,4,3,0,0,5,0
17,0,139.65961670516288,3,17,4,1,1,0,1,0
21,0,89.3002995278183,9,17,3,2,1,1,0,0
46,1,108.0,10,3,4,2,0,3,0,0
32,0,143.24119346099127,9,8,4,2,0,0,0,0
49,0,115.7111119541706,7,5,4,2,0,1,1,0
158,0,99.45,8,1,4,5,2,0,0,0
285,0,100.0,10,3,3,3,1,0,0,0
96,0,111.86808839293829,5,22,4,2,1,0,1,0
23,0,158.02217535826108,3,23,4,1,0,0,0,0
68,0,120.34095500031609,5,10,4,3,0,0,0,0
4,0,79.01522845403139,9,17,2,5,2,1,0,0
50,0,96.7226260691677,3,21,4,2,0,1,0,0
159,1,128.83072730728227,5,25,4,2,0,0,3,0
208,0,95.69020051663414,9,1,4,1,0,0,0,0
148,1,112.74028485590853,7,1,4,3,1,0,3,0
56,1,92.80211808379867,11,17,4,2,0,0,0,0
84,0,90.69772782530296,3,8,4,1,1,0,0,0
168,0,204.80711776675147,10,24,4,2,1,0,5,0
10,0,150.97980348424207,8,26,4,2,1,0,3,0
216,1,119.85,9,12,4,3,1,0,0,0
29,0,131.68850146451715,9,9,4,2,0,2,0,0
116,0,72.17068182444883,6,25,3,3,1,0,0,0
6,0,127.0,2,10,4,2,0,0,0,0
87,0,85.24853683171756,4,3,4,1,1,2,0,0
224,1,119.85,9,14,4,3,0,0,0,0
125,0,79.46010371392329,10,16,3,2,0,2,0,0
69,1,79.82884107865947,10,27,4,2,0,3,0,0
26,1,168.34331833210513,7,28,4,3,0,0,4,0
0,1,140.57251947587775,3,19,4,1,0,0,0,0
59,0,138.2663477705626,9,18,4,2,0,0,1,0
180,0,110.00416543228799,8,1,4,2,1,0,0,0
116,0,72.0,2,28,3,1,2,0,0,0
47,0,79.2,11,22,4,1,0,3,0,0
58,1,131.93262208814176,9,30,4,2,0,0,3,0
99,0,107.05936507504096,7,28,4,1,1,2,0,0
22,0,149.33,6,7,4,3,0,0,3,0
26,0,144.77726808066572,4,14,4,2,1,0,3,0
78,0,147.41278363680794,10,6,4,2,1,0,3,0
82,0,105.3,3,25,4,2,1,0,3,0
26,0,159.7955388846769,10,2,4,3,0,0,4,0
112,0,79.09330541862784,5,8,4,4,1,0,0,0
160,0,106.2464937845754,4,17,4,1,2,0,0,0
206,1,99.27771734016866,8,26,4,4,1,0,0,0
5,0,126.8083129228166,3,4,4,4,2,0,3,0
133,0,80.81417366679432,11,12,4,1,2,3,0,0
181,1,120.0,10,11,3,1,0,0,0,0
278,0,114.4058376220035,9,22,4,2,0,0,1,0
144,0,177.24738881824956,9,24,4,1,0,1,0,0
257,0,93.521870492109,8,30,4,1,2,0,0,0
10,0,138.79469494002376,8,12,4,5,2,3,0,0
94,0,134.62581474857424,8,6,4,2,1,0,0,0
1,1,98.0,8,9,4,0,1,0,0,0
8,0,102.76638194390232,8,16,4,3,0,2,0,0
97,0,87.79826407302066,6,21,3,3,0,0,0,0
10,0,127.11249652682432,3,16,4,1,0,0,0,0
51,0,89.27746722318803,11,2,4,3,1,1,0,0
79,0,92.0914924139764,3,23,4,2,1,0,0,0
128,0,90.36579814524343,4,28,3,3,0,0,0,0
215,0,105.62133322634989,10,24,3,2,0,0,0,0
77,0,114.9723746841545,7,17,4,2,0,1,0,0
100,0,81.19769181211787,4,11,3,3,0,0,0,0
167,1,104.50220808687979,9,26,4,4,1,0,3,0
120,0,114.64917892112072,7,9,4,3,0,0,0,0
108,0,129.5884530660875,8,18,4,1,0,0,0,0
116,0,108.72488381602145,6,19,4,2,1,0,0,0
110,0,134.54825718517273,5,3,4,2,0,0,1,0
143,0,121.58964586275903,7,19,4,3,0,0,2,0
43,0,86.75,1,14,4,3,0,0,1,0
157,0,113.41323439835213,6,7,4,2,0,0,0,0
180,0,120.0,10,10,3,2,1,0,0,0
47,0,130.18411154049832,9,26,4,3,0,0,3,0
178,0,81.96040230211945,7,26,4,2,1,0,0,0
190,1,115.41210272089332,8,2,4,3,0,1,0,0
207,0,0.5187279117088988,9,8,4,3,0,0,0,0
114,0,114.74150990210215,6,9,4,2,0,0,0,0
32,0,159.3,3,25,4,1,0,0,3,0
349,0,94.40777256805802,10,4,3,5,1,0,0,0
64,1,127.39978486476745,4,29,4,2,0,0,0,0
186,0,96.11964198830141,7,28,4,4,1,0,0,0
198,1,70.6181606857151,8,2,4,3,0,0,0,0
303,0,53.408487767456144,10,24,3,2,0,0,0,0
182,0,98.1,10,11,4,1,0,3,0,0
135,0,92.09587392843298,8,2,4,2,1,0,0,0
9,0,119.35232204788129,10,9,3,1,0,0,0,0
104,0,97.60754507854082,3,23,4,3,0,0,0,0
45,0,75.89000785407221,3,3,4,3,0,0,0,0
3,0,65.04832465564802,2,15,2,0,1,0,0,0
249,1,200.5503355251592,9,9,3,1,0,0,4,0
191,0,88.55652742960193,8,24,4,3,0,3,0,0
292,1,70.20355868199503,11,12,4,2,1,3,0,0
211,0,70.96357284328363,10,19,4,2,1,1,0,0
135,0,198.44575201922558,8,7,4,2,1,0,3,0
88,0,187.06070506559303,6,18,4,5,1,0,5,0
219,0,95.87326190376797,8,12,4,1,0,0,0,0
144,0,121.46460963560641,8,25,4,3,0,0,3,0
89,0,111.59395104657258,6,25,4,3,3,0,0,0
191,1,137.7,8,7,4,1,1,0,3,0
84,0,160.79899903297195,8,23,4,1,1,0,3,0
246,0,96.3,10,28,4,2,0,0,0,0
219,1,154.27964508462577,9,16,4,1,1,0,0,0
172,0,105.3,8,12,4,1,1,0,0,0
158,0,114.3,7,7,4,2,0,0,0,0
9,0,94.32201205967685,3,7,4,2,0,0,0,0
180,0,112.09716376368395,7,2,4,4,1,0,2,0
73,0,79.85152762786305,6,30,4,2,1,3,0,0
80,0,131.62246467652008,8,5,4,2,0,0,3,0
4,0,256.6930938181415,3,23,4,2,1,0,3,0
201,0,81.81781205648423,7,12,4,4,0,0,1,0
66,0,45.95186025973028,8,4,4,0,2,2,0,0
178,1,143.824274642008,8,23,4,3,0,0,3,0
102,0,87.93325874123201,11,17,3,2,1,0,0,0
57,0,116.1,5,16,4,1,0,3,0,0
294,1,70.93751512068185,10,11,3,2,1,2,0,0
88,0,96.35149373492773,4,3,4,0,0,0,0,0
133,0,184.55737723528645,7,23,4,1,0,0,3,0
4,0,107.76291126354431,2,11,2,8,4,0,3,0
39,0,70.78879528857576,2,11,4,2,2,3,0,0
175,1,138.99908499323496,8,9,4,2,0,0,2,0
186,0,129.59174279607706,7,15,3,2,0,0,0,0
140,0,117.32004472508247,7,3,3,3,1,0,3,0
59,0,79.56706003755335,10,22,4,3,0,2,0,0
6,0,108.65571707197766,5,10,4,2,0,0,3,0
20,0,85.69851158464564,2,7,4,3,2,0,0,0
90,0,135.9051166462036,8,3,4,1,0,0,0,0
17,0,142.89115735414927,4,14,4,2,0,0,2,0
117,0,155.33084985379162,7,7,4,5,3,0,3,0
10,0,151.0,7,1,4,1,0,0,0,0
67,0,110.6392667992458,4,15,4,4,1,0,3,0
61,0,137.66603053992864,6,17,4,2,0,0,3,0
209,0,132.48868803515663,8,19,4,2,0,0,0,0
7,0,127.83315596963399,3,19,4,3,0,0,0,0
189,1,103.61080201968,8,7,4,2,0,2,0,0
155,0,128.7,6,27,4,2,1,0,1,0
128,0,112.0487622263371,5,10,4,3,1,0,2,0
301,0,0.6601186183788208,9,16,4,1,0,0,0,0
0,0,135.33336392758875,4,23,4,1,0,0,1,0
166,1,121.2883716299307,9,2,4,3,0,0,3,0
191,0,131.9268895488526,6,4,3,2,1,0,0,0
109,0,138.06310860621664,7,25,4,1,2,0,3,0
208,0,111.59916280428668,9,27,4,3,1,0,0,0
155,1,133.9975672863655,8,1,4,1,1,0,0,0
139,0,94.5,7,18,3,0,2,2,0,0
173,0,107.21476216835987,8,4,4,1,0,1,0,0
180,1,117.9539888700872,5,23,4,2,0,0,0,0
216,1,64.06000139244954,11,19,4,2,1,3,0,0
68,0,86.26005116798339,4,2,4,1,2,0,0,0
10,0,221.0,6,10,4,1,0,0,5,0
54,0,79.2,11,11,4,2,0,3,0,0
69,0,89.22090718072921,3,14,4,2,1,3,0,0
10,0,155.30522680349472,6,5,4,1,0,0,3,0
143,0,140.7,8,17,4,3,1,0,3,0
246,0,89.22627896870311,9,21,4,2,2,0,0,0
34,0,97.08725180708012,10,25,4,1,1,1,0,0
32,0,200.58676344507117,4,30,4,1,1,0,4,0
77,0,85.64350973615566,3,1,4,2,0,2,0,0
212,0,68.05970569582422,7,30,4,3,0,1,1,0
10,0,122.33908623518174,4,28,4,2,0,3,0,0
209,0,103.9606059908757,8,20,4,3,1,0,0,0
1,0,142.56816918926557,3,18,4,1,0,0,1,0
36,0,70.72285486877482,2,8,4,4,2,3,0,0
84,0,126.9,5,18,4,2,1,0,0,0
164,0,115.67022139079285,8,4,4,1,2,2,0,0
39,0,116.1,3,6,4,3,1,0,0,0
39,0,77.91105525276157,2,11,4,2,1,0,0,0
66,0,72.69657900129252,10,30,4,0,1,2,0,0
1,0,68.91458584336307,8,13,2,1,1,0,0,0
27,0,177.89179841810514,4,28,4,2,1,0,3,0
17,1,103.19875687473763,9,10,4,7,2,0,0,0
37,0,116.1,5,14,4,1,0,3,0,0
71,0,136.9142095438622,6,27,4,3,0,0,2,0
32,0,84.66067904863719,4,3,4,1,1,1,0,0
162,0,84.15268379365192,6,29,4,1,0,3,0,0
101,0,107.3018325448361,8,6,4,0,1,3,0,0
123,0,122.85704380929754,7,13,4,1,0,0,0,0
40,0,107.1,5,28,4,2,0,3,0,0
247,0,115.0,6,6,4,1,1,1,0,0
128,0,85.96147777352223,5,27,4,2,1,3,0,0
39,0,121.7380309745662,3,22,4,2,0,0,2,0
431,0,70.42535031685358,9,9,3,2,0,0,0,0
76,1,106.29652377771467,4,26,4,2,0,0,0,0
161,0,135.64818578379467,5,10,4,3,0,0,3,0
60,0,105.24991879598934,7,11,4,1,0,0,0,0
148,0,90.88582316806809,8,21,4,4,1,3,0,0
220,0,108.17959285420854,8,13,4,1,2,0,2,0
156,1,87.73210506180051,11,25,4,2,0,0,0,0
70,0,161.2313660482384,8,27,4,1,1,0,3,0
84,0,66.76901828154058,4,12,4,5,2,0,0,0
120,0,114.3,8,9,4,4,0,0,0,0
10,0,93.28464393881043,3,10,1,8,4,0,0,0
217,1,90.43942722443278,6,23,4,3,0,0,0,0
57,0,124.9337574813871,9,7,4,1,0,2,0,0
66,0,111.72146916608169,4,14,4,3,1,0,3,0
128,0,132.3,10,11,4,4,0,0,3,0
35,0,126.13608787250175,8,1,4,1,0,0,0,0
20,0,166.2981948778756,6,8,4,1,0,0,3,0
200,0,94.75953614533061,8,2,4,3,0,1,0,0
294,0,74.47798521509904,8,5,3,2,0,0,0,0
215,0,97.53567621928418,9,28,4,2,0,0,0,0
31,0,168.3,7,9,4,1,1,0,3,0
0,0,75.0,8,10,4,0,0,1,0,0
5,0,109.0,5,8,4,2,0,2,0,0
99,0,90.5784025613623,4,24,4,3,0,0,0,0
16,0,129.9474514515107,4,7,4,3,1,0,3,0
133,0,118.70769778639475,9,8,4,1,0,0,0,0
194,1,108.45,8,10,4,2,1,0,0,0
86,0,140.82166266542595,5,26,4,2,0,0,1,0
92,1,90.10011134352747,10,30,4,2,1,0,0,0
84,0,96.3,4,15,4,2,1,0,0,0
273,1,99.6597747486905,9,19,4,3,0,0,2,0
7,0,257.8919025667153,9,24,4,1,1,0,5,0
107,0,150.3,8,17,4,3,0,0,3,0
93,1,118.07613697647491,8,11,4,2,1,0,0,0
235,0,94.52952076423772,8,30,4,3,0,2,0,0
346,1,77.4108678533384,12,21,4,2,0,0,0,0
233,0,90.0185464421631,9,13,3,2,1,0,0,0
166,0,99.45,6,29,4,3,0,0,2,0
238,0,78.65305470943076,11,30,4,1,1,3,0,0
256,0,112.07596476757865,6,15,4,2,0,1,0,0
86,0,78.1835358747387,6,6,3,3,1,0,0,0
97,0,126.9,5,4,4,1,0,0,0,0
207,0,99.51076599538244,7,22,4,3,0,0,0,0
17,0,102.15,5,30,4,2,1,0,3,0
68,0,149.14824229713852,7,6,4,3,0,0,3,0
80,0,93.6,11,12,4,0,1,0,0,0
224,0,71.97099153620226,9,29,4,2,2,1,0,0
134,0,132.4298680511637,8,1,4,3,2,0,3,0
66,0,89.11096719837322,4,2,4,1,1,0,0,0
17,0,96.18488151079691,3,16,4,1,0,1,0,0
17,0,166.45778159521228,7,7,4,1,0,0,2,0
4,0,79.0,2,4,4,0,0,1,0,0
40,0,209.2083036461611,8,4,4,3,2,0,1,0
186,0,112.2,8,3,4,5,2,0,3,0
161,0,130.66401498961838,7,5,4,3,0,0,3,0
52,0,135.9,7,27,4,2,0,0,0,0
183,1,130.33516115182968,8,2,4,3,0,0,0,0
45,1,124.1,3,19,4,2,1,0,3,0
179,0,112.15991979438051,7,1,4,4,1,0,0,0
10,0,118.25157048980995,8,27,4,0,2,3,0,0
50,0,126.33585570380598,5,20,4,1,0,0,0,0
209,0,99.15094385661064,8,19,4,2,0,0,0,0
40,0,78.03869662988727,2,12,4,2,1,0,0,0
174,0,119.68438289734577,8,2,4,1,2,0,0,0
39,0,119.00618153925566,4,21,4,2,0,0,3,0
79,0,88.63694916991845,7,2,4,2,0,0,0,0
23,0,97.62025085543772,3,10,4,2,1,2,0,0
63,0,174.90457452553943,7,26,4,2,0,0,4,0
173,0,88.20451389835624,7,22,4,5,2,3,0,0
181,0,98.1,10,11,4,1,0,3,0,0
24,0,104.93541182002986,9,4,4,1,0,0,0,0
164,0,105.27597207011874,8,15,4,4,1,0,0,0
202,2,128.30780494074997,9,5,4,3,0,0,0,0
38,0,159.3,3,25,4,2,0,0,3,0
5,1,143.0850651636918,6,17,2,3,1,0,3,0
11,0,85.22858821226488,3,6,4,2,1,0,0,0
105,0,133.23486045563558,7,27,4,2,1,0,3,0
21,0,133.68731851142627,8,29,4,4,0,0,0,0
223,0,86.62973397436403,7,24,4,1,2,0,1,0
44,0,74.32181279431475,1,23,4,3,0,0,0,0
87,0,85.5,5,25,4,0,1,3,0,0
114,0,132.32038414182938,8,22,4,3,1,1,1,0
116,1,121.62584021503143,10,16,4,4,0,0,3,0
78,0,121.11849086137603,7,25,4,2,2,2,0,0
194,0,95.5978240743608,8,26,4,2,1,0,0,0
291,0,115.0,7,19,3,2,0,1,0,0
8,0,116.56885912764655,5,19,4,2,0,2,0,0
51,0,66.56980688576527,2,25,4,6,1,0,0,0
8,0,124.39272970569262,3,10,4,1,1,0,3,0
73,0,124.86445349828024,8,26,4,5,2,0,1,0
47,0,79.3494246457299,11,11,3,2,1,2,0,0
148,0,79.6874584453158,6,26,4,4,2,0,0,0
58,0,116.1,5,12,4,2,0,3,0,0
103,0,109.22115465308468,11,3,4,0,2,0,0,0
109,0,154.92449439481013,6,22,4,3,0,0,3,0
99,0,89.15156896048414,4,20,3,2,0,0,0,0
19,0,52.08172694444386,11,17,3,2,0,2,0,0
16,0,185.90649951917607,7,10,4,1,1,0,3,0
63,0,160.26438703324237,6,8,4,4,0,0,2,0
43,0,74.6167604736712,2,18,4,2,1,0,0,0
97,1,76.17556115066564,11,26,4,1,1,3,0,0
22,0,163.1059341132733,7,18,4,1,1,0,3,0
186,2,133.2954055806887,7,9,4,5,2,0,3,0
32,0,85.12013933565953,3,14,3,1,1,0,0,0
222,0,116.94882226854249,9,14,4,3,0,0,0,0
219,0,72.59676940134224,8,11,4,3,0,0,0,0
98,0,167.97011847205223,4,19,4,2,0,0,3,0
153,0,186.3,8,19,4,1,0,0,5,0
107,1,120.12633495946686,8,5,4,3,1,2,0,0
289,0,55.69242579327381,10,18,4,3,2,0,0,0
116,0,97.11000685705879,7,18,4,2,0,0,0,0
102,0,78.29403919396498,9,16,3,2,0,0,0,0
40,0,142.67035689948725,3,24,4,2,0,0,3,0
44,0,140.4,5,14,4,1,0,0,3,0
4,0,139.0,8,6,4,2,0,3,0,0
10,0,155.11745888704908,6,5,4,1,0,0,3,0
114,0,103.3121940580692,5,3,3,2,0,0,0,0
94,0,147.04771925698032,6,29,4,2,0,0,3,0
0,0,207.90353103228466,7,13,4,1,0,0,3,0
148,0,78.97157104172229,8,29,4,2,1,0,0,0
174,0,70.0,10,10,3,1,1,0,0,0
15,0,303.0839601150607,8,16,4,1,1,0,5,0
13,0,122.14197359040926,7,26,4,2,2,2,0,0
220,1,79.49917544372002,12,28,4,3,0,3,0,0
236,0,78.67746250544351,11,28,4,4,1,0,0,0
155,1,132.17561113123102,8,1,4,1,1,0,0,0
48,0,157.76613405395997,6,2,4,2,2,0,3,0
139,0,131.19689877559256,7,14,4,8,3,0,1,0
254,0,70.51774382969383,11,15,4,3,0,1,0,0
82,1,88.90803689627725,10,26,4,3,2,0,0,0
100,0,114.3,6,2,4,0,2,0,0,0
69,0,94.5,4,23,4,1,1,3,0,0
187,0,103.1700966685813,8,6,4,0,1,0,0,0
38,0,125.61492524859077,10,5,4,1,1,0,3,0
109,0,108.0,10,11,4,1,0,3,0,0
90,0,140.24675054642205,5,14,4,2,1,0,3,0
59,0,126.15397622841431,11,18,4,2,1,0,2,0
80,0,99.95043750188623,4,9,3,1,1,0,0,0
238,0,112.72330228688861,6,15,3,1,0,0,0,0
251,0,97.03087051280946,9,27,3,3,1,0,0,0
30,0,118.88333891186684,4,20,4,2,0,0,1,0
15,0,116.0420521630746,8,10,4,2,1,0,0,0
168,0,91.28510774384107,8,6,4,3,0,0,0,0
50,0,61.1336713739649,3,5,4,6,2,2,0,0
182,0,122.50157234844933,10,5,4,2,0,0,3,0
20,0,55.70253931824328,11,17,2,1,0,1,0,0
149,0,106.32594888574056,5,28,4,4,1,0,0,0
71,0,87.75873353052847,4,1,4,2,0,0,0,0
53,0,105.71563474804644,8,10,4,0,1,3,0,0
191,0,93.49181986861898,8,22,4,2,0,3,0,0
194,1,106.6730818921194,9,1,4,1,1,0,0,0
72,0,71.96857398966327,3,17,3,3,1,2,0,0
2,0,76.18888884528029,11,26,4,5,3,0,0,0
19,0,148.1260384830895,4,17,4,2,0,0,0,0
194,0,159.98799322654733,7,19,4,2,1,0,5,0
36,0,131.79568322338204,4,19,4,1,0,0,3,0
147,0,114.3,8,6,4,0,0,0,0,0
167,1,107.45545798291579,5,23,3,2,2,0,1,0
160,0,97.75,7,7,4,4,0,3,0,0
104,0,100.5766043681369,8,16,3,1,0,0,0,0
106,1,117.74637370777445,10,20,4,3,0,0,0,0
7,0,90.63409194507985,7,23,3,0,0,0,0,0
202,0,90.0,5,29,3,1,2,0,0,0
45,0,167.05561190510818,5,1,4,0,1,0,3,0
162,0,201.52139575447165,7,25,4,2,0,0,5,0
98,0,108.0,10,16,4,2,0,1,0,0
308,2,78.3,11,23,4,3,0,0,0,0
34,0,160.1337799877342,4,25,4,2,0,0,3,0
50,0,134.84197138921908,7,26,4,3,0,0,1,0
158,1,130.9555069796727,7,5,4,3,0,0,0,0
34,0,222.4779551198159,8,21,4,3,0,1,1,0
2,0,113.0246833561066,5,28,3,2,1,0,0,0
221,0,85.5905483139762,8,11,4,2,0,2,0,0
5,0,149.61544837872873,8,4,4,1,0,2,0,0
84,0,106.15514516394833,4,19,3,5,2,0,0,0
254,1,101.24538812817224,9,29,4,2,0,0,0,0
77,1,132.3,10,6,4,2,0,0,3,0
131,0,105.45508271384101,7,2,4,4,0,0,0,0
35,0,96.23236268710598,5,22,3,0,2,3,0,0
249,1,118.5303616399598,9,21,4,1,0,0,0,0
133,0,191.8598177717694,6,23,4,1,0,0,3,0
183,1,111.40872333644073,8,8,3,3,0,0,0,0
37,0,126.9,5,21,4,1,1,0,0,0
50,0,145.84671488198643,10,9,4,1,0,2,0,0
40,0,103.77568616626081,10,2,4,1,1,0,0,0
14,0,88.77450185881402,2,9,4,3,2,2,0,0
16,0,121.0,6,8,4,2,0,0,0,0
72,0,67.91098983785386,6,7,4,3,0,0,0,0
87,1,141.43442623061028,7,18,4,3,1,0,0,0
26,0,68.6194068377827,10,5,2,1,0,0,0,0
18,0,138.20890002629542,5,7,4,2,1,0,3,0
11,0,110.06657278184784,4,2,4,2,0,0,1,0
146,1,114.3,7,6,4,1,0,0,0,0
84,0,125.16097338200719,4,18,4,3,0,0,2,0
30,0,112.24231439268996,4,12,4,2,0,0,0,0
167,0,90.7682949976686,7,6,4,4,2,0,0,0
184,0,105.3,7,8,4,1,0,0,1,0
235,0,90.89262774630839,7,12,4,2,1,0,0,0
115,0,60.71844728130242,2,27,4,1,2,0,0,0
144,0,93.71801664330029,4,24,4,2,1,0,1,0
81,0,131.45413905432176,7,5,4,2,0,0,3,0
151,0,105.18019381290755,7,14,4,1,0,0,0,0
73,0,73.21350880029689,3,18,4,3,2,0,0,0
50,0,90.4723331128272,5,21,4,2,0,3,0,0
64,0,68.0,7,2,4,2,1,0,0,0
76,0,83.67344438425108,4,1,4,2,1,0,0,0
159,0,119.85,5,26,4,2,0,0,0,0
179,0,112.5,7,24,4,1,0,0,0,0
137,0,100.72119133469539,5,15,3,1,1,0,1,0
59,0,36.98538023923074,8,3,4,0,1,1,0,0
33,1,89.42837847130052,10,5,4,3,0,0,0,0
272,0,94.97310665139628,5,13,3,2,1,0,0,0
110,0,134.22299514389803,8,24,4,2,0,0,1,0
99,0,88.83234496480915,12,26,4,3,1,2,0,0
89,0,76.5,7,9,4,3,0,0,0,0
92,0,89.20282144400723,11,5,4,2,0,1,0,0
0,0,123.49528728464901,8,20,3,1,1,0,0,0
13,0,150.88017524129074,7,1,4,1,0,0,0,0
251,0,110.06305000490713,9,18,4,2,1,0,0,0
33,0,168.74114942120812,8,9,4,1,0,0,3,0
153,1,103.98858059020294,9,29,4,1,1,0,2,0
154,0,89.76,10,20,3,2,0,0,0,0
32,0,118.10558570460405,4,21,4,1,1,0,0,0
53,0,157.10916442286444,5,18,4,3,0,0,3,0
108,0,142.2463013786726,5,23,4,1,0,0,0,0
178,1,121.77192472682326,8,24,4,1,1,0,0,0
50,0,159.3,5,6,4,1,0,0,3,0
191,1,139.45251034359268,8,17,4,2,0,0,3,0
79,0,87.3,3,3,4,1,0,0,2,0
97,0,172.447990085335,9,17,4,2,0,0,3,0
217,0,80.85079765816053,7,12,4,2,0,0,0,0
67,0,90.03780808689298,4,3,4,2,0,0,0,0
2,0,201.68424133593118,4,8,4,6,1,0,4,0
5,0,128.7900905990952,4,10,4,4,0,2,0,0
92,0,90.71004358273666,11,3,4,2,0,0,0,0
152,0,97.3750711305041,8,24,4,2,1,0,0,0
261,0,67.34316891080076,12,10,4,1,0,3,0,0
147,1,164.3694996580733,8,24,4,1,1,0,3,0
226,0,129.22313627079583,10,29,4,2,1,0,3,0
103,0,103.77190161089027,8,16,3,1,0,0,0,0
93,1,90.35341590873402,10,31,4,1,1,0,0,0
180,0,127.70889606362674,8,29,4,1,1,0,1,0
100,0,130.95104683786954,7,21,4,1,0,0,0,0
254,1,82.51181532095383,9,16,4,4,2,1,0,0
193,0,86.60702839243682,7,15,4,1,0,0,1,0
85,0,122.37123121712575,11,8,4,2,0,0,0,0
76,0,147.74074504513575,8,25,4,1,1,0,3,0
53,0,108.0,10,10,4,0,0,3,0,0
133,0,94.5,7,17,4,0,0,3,0,0
176,0,80.75,7,15,4,3,1,3,0,0
49,0,158.46100641575808,8,20,4,2,0,0,3,0
117,0,123.4909115479533,4,28,4,2,0,0,3,0
102,0,143.5499977234029,6,8,4,3,0,0,0,0
230,0,90.1597048630448,8,25,4,2,2,0,0,0
288,0,90.65512761805039,10,18,4,2,1,0,0,0
0,0,98.0,8,7,4,1,0,0,0,0
161,1,121.08373971669822,6,25,4,0,0,0,0,0
39,1,77.55611674930155,2,11,4,2,1,0,0,0
116,0,62.83678171821859,2,28,3,1,2,0,0,0
0,1,140.04984203989952,4,19,4,1,0,1,0,0
19,1,237.87047240727634,9,19,4,4,1,0,5,0
80,0,75.88819958381725,5,26,3,2,1,0,0,0
27,0,105.58859619526635,4,20,4,1,0,0,3,0
103,1,92.6212497250481,11,6,3,1,0,0,0,0
44,0,86.8767583606341,11,19,4,0,1,1,0,0
207,0,116.1,9,11,4,1,1,3,0,0
177,1,104.2791089126387,9,29,4,1,1,0,2,0
147,0,106.30377273148186,5,21,4,1,0,0,0,0
5,0,90.7679481487129,2,6,4,3,0,1,0,0
68,0,93.15734741141236,10,5,4,1,0,0,0,0
101,0,107.94332573213967,9,2,4,1,2,3,0,0
41,0,150.89711314172263,5,3,4,1,0,0,3,0
124,0,143.1,9,20,4,4,1,0,3,0
19,0,120.81464602427815,5,6,4,1,1,0,0,0
0,0,221.0,5,14,4,1,0,0,5,0
159,0,119.85,5,26,4,2,0,0,0,0
219,1,117.47783639329354,9,25,4,2,0,3,0,0
49,0,159.39311942858876,7,20,4,3,0,0,3,0
112,0,130.7810000708607,8,15,4,2,0,0,1,0
50,0,79.2,11,11,4,1,1,3,0,0
121,0,76.20032198802944,11,26,4,3,1,3,0,0
61,0,79.18808358372861,2,28,4,1,1,0,0,0
22,0,100.90830354010008,2,26,4,3,0,0,0,0
253,0,90.95,10,25,4,4,0,0,0,0
90,1,121.44598140808215,9,7,4,1,0,0,0,0
131,0,79.2,11,12,4,1,2,3,0,0
51,0,107.80292688560478,9,5,4,1,0,3,0,0
347,1,135.0402513356214,11,15,4,6,2,0,2,0
77,0,116.59859607321849,6,2,4,2,0,2,0,0
91,0,145.09528774085206,6,28,4,3,0,0,3,0
16,0,64.12276372467312,5,12,4,1,2,3,0,0
197,0,96.3,9,29,4,1,1,0,0,0
156,0,121.06127285065502,6,25,4,2,0,0,0,0
13,0,111.79741542015464,5,29,4,1,1,0,1,0
15,0,195.50602629267868,3,16,4,2,1,0,5,0
377,1,114.31192758104429,10,14,4,2,0,1,0,0
32,0,102.36547369377125,4,14,4,2,0,3,0,0
9,0,87.40543842911342,3,19,4,1,0,1,0,0
6,0,85.0,2,20,4,3,2,0,0,0
180,1,137.4343590724537,8,2,4,3,0,0,3,0
30,0,210.79800458329711,6,17,4,3,0,0,3,0
90,0,76.5,7,15,4,3,1,0,0,0
6,0,130.5337708274754,7,12,4,1,1,0,0,0
48,1,74.32852181140902,11,11,4,2,0,3,0,0
89,1,130.28144188762042,6,14,4,4,1,0,0,0
8,0,95.54358337840755,10,13,4,2,0,2,0,0
8,1,155.32805611415134,9,28,4,2,1,0,3,0
45,0,65.77693762106188,3,5,4,2,0,3,0,0
5,0,110.05442382542434,9,1,2,1,0,0,0,0
114,0,115.0344583809372,5,11,4,3,1,0,0,0
192,0,98.47088518176339,8,19,4,5,2,0,0,0
203,0,102.04722069094743,8,5,3,3,0,0,0,0
14,0,166.20793953520055,9,7,2,1,0,0,3,0
190,1,122.5570482465267,8,2,4,3,0,0,0,0
106,0,159.9,10,29,4,1,2,0,5,0
33,0,195.485129421356,7,7,4,2,0,0,0,0
62,1,150.80135333567492,9,24,4,1,2,0,1,0
7,0,110.8658442495821,4,25,4,1,0,0,0,0
38,0,81.0,6,19,3,1,2,0,0,0
109,1,76.5,7,13,4,1,1,0,0,0
38,0,125.37547667489487,7,21,4,0,1,2,0,0
4,0,212.77989100773615,3,20,4,3,0,0,5,0
47,0,88.45965613410503,10,6,4,3,0,1,0,0
131,0,114.62636729051334,5,4,4,3,0,0,3,0
183,0,98.1,10,12,4,1,0,3,0,0
40,0,127.34924470398711,5,20,4,2,2,0,0,0
115,0,61.0,2,27,3,2,2,0,0,0
66,0,119.1236072013017,9,3,4,2,1,0,3,0
31,0,229.20413759782298,4,16,4,4,1,0,5,0
137,0,131.62315958406296,8,23,4,4,0,0,3,0
153,1,103.34263442458659,7,29,4,1,0,2,0,0
101,0,114.1873867938302,8,4,4,0,1,0,0,0
39,0,76.9045590036225,9,19,3,1,1,0,0,0
181,1,105.60185932410228,10,27,4,2,2,0,1,0
29,0,118.39934442633702,4,22,4,1,0,0,0,0
68,0,140.4113030836516,4,29,4,1,1,0,3,0
226,0,106.16257679883469,9,13,4,2,2,0,0,0
140,0,103.05,8,22,4,3,1,0,0,0
78,0,119.36588153279786,10,11,3,1,0,0,2,0
178,1,107.85255166279764,8,23,3,2,1,0,1,0
50,1,123.3,9,1,4,2,1,0,3,0
151,0,173.25,7,7,4,3,1,1,0,0
36,0,125.1,7,25,4,1,0,3,0,0
7,0,101.21027977008245,5,22,4,2,0,0,1,0
265,0,112.64484280949304,6,24,3,2,0,1,0,0
186,1,167.11989323661604,7,7,4,1,0,0,3,0
125,0,93.40576047356224,8,6,4,1,2,2,0,0
37,0,170.02806583813427,7,27,4,1,1,0,1,0
203,0,90.0,5,29,4,1,2,0,0,0
126,0,146.80541767928102,8,7,4,2,0,0,3,0
72,0,89.28587903244633,4,5,4,1,0,0,0,0
11,0,169.6837560980566,3,26,4,1,0,0,0,0
73,1,131.50830639621876,8,6,4,1,0,0,3,0
103,0,115.47790574576354,4,19,4,2,0,0,0,0
18,0,109.33955246732303,4,17,4,2,0,0,0,0
249,0,96.00941383100803,9,27,4,2,1,0,0,0
53,0,67.61691291140335,2,24,4,2,0,2,0,0
65,0,149.4,9,8,4,2,0,0,3,0
181,1,118.07971995199368,5,11,4,3,0,0,2,0
46,1,112.5,3,18,4,1,0,0,3,0
163,0,100.52908538284171,10,3,3,2,0,0,0,0
12,0,149.3377022853658,8,26,4,2,1,0,3,0
74,0,159.3,5,13,4,1,0,0,1,0
210,1,90.97996785011618,8,18,4,1,0,0,0,0
337,0,79.03832214420099,10,7,3,2,1,0,0,0
93,1,120.18644449562301,10,7,4,1,0,0,0,0
109,0,151.7242679705485,8,23,4,3,0,0,3,0
105,1,150.77343542689982,9,10,4,3,0,0,3,0
83,0,130.44971907773507,4,20,4,2,1,0,3,0
59,0,95.85458813069803,6,17,4,4,1,2,0,0
70,0,75.11840635252972,3,12,4,2,2,0,0,0
200,0,94.42084554591999,10,1,4,5,1,0,0,0
40,0,139.95871722308965,3,26,4,1,1,0,3,0
8,0,92.60735874275969,2,5,4,1,0,0,0,0
55,0,232.64725358818427,5,22,4,1,1,0,5,0
28,0,176.11523156192825,5,26,4,3,1,0,3,0
72,0,76.8893416925331,3,3,4,1,1,2,0,0
187,1,86.70179799260055,7,7,4,2,0,0,1,0
37,0,72.61480439666205,3,3,4,3,1,3,0,0
202,1,95.20036277949131,8,17,4,3,2,0,0,0
40,0,140.4518762004707,3,24,4,2,0,0,3,0
153,1,126.9,9,2,4,2,1,0,0,0
21,0,85.0,2,4,4,1,0,0,0,0
244,1,98.83270758715892,9,28,4,1,0,2,0,0
152,0,122.04766822074437,7,28,4,1,2,0,3,0
187,0,105.89543099060587,8,3,4,2,0,0,0,0
53,0,93.6,11,21,4,1,0,0,0,0
349,0,128.4347673143334,10,4,3,2,0,0,0,0
123,0,89.92,3,30,4,3,0,0,1,0
135,0,75.50990760290713,7,12,3,2,1,1,0,0
229,0,66.96983507583685,11,9,3,1,1,2,0,0
225,0,71.18191833971767,11,20,4,1,0,0,0,0
175,1,124.05160951599959,7,24,4,1,2,0,0,0
82,0,175.5896472391276,4,25,4,2,1,0,5,0
110,0,94.38623870388004,5,7,4,2,1,3,0,0
108,1,220.99516925300674,8,7,4,1,0,0,1,0
9,0,169.15322152852224,6,11,4,5,3,0,2,0
179,0,130.27927505123048,8,10,4,4,0,0,3,0
103,0,141.3211482237186,7,18,4,3,0,0,3,0
20,1,152.5857956985677,10,17,4,3,0,0,3,0
162,0,112.83360070043169,7,14,3,2,0,0,0,0
63,0,89.25,10,13,4,2,0,0,0,0
158,0,69.39853024167672,7,3,4,2,1,0,0,0
194,0,125.89890773975343,8,26,4,3,1,0,1,0
170,1,104.27812951632473,7,14,4,3,0,0,0,0
202,0,91.16033070344331,5,29,4,1,1,0,0,0
163,1,104.45868092729386,9,26,4,3,0,0,2,0
153,0,189.32732583758445,6,13,4,1,2,0,5,0
43,0,159.3,3,28,4,1,0,0,3,0
126,0,85.5,6,26,4,1,1,1,0,0
35,1,69.01958562700104,2,26,4,1,0,3,0,0
230,0,137.0,9,6,3,5,0,1,0,0
14,1,152.32801169950574,6,28,4,3,0,0,2,0
211,0,126.78698733600433,9,30,4,3,1,0,2,0
167,2,121.5,8,2,4,3,0,0,0,0
50,0,78.3,2,26,4,2,0,0,0,0
162,0,107.32379908862583,7,7,4,4,2,1,0,0
30,0,188.58484302621733,6,10,4,1,1,0,5,0
136,0,94.5,8,22,4,3,0,0,0,0
39,0,71.13210082234852,2,3,4,2,1,2,0,0
37,0,126.0,9,3,4,0,1,0,0,0
199,0,120.29296027978454,11,27,4,3,0,0,2,0
43,0,125.55,10,5,4,1,0,0,3,0
96,1,75.72742949971338,6,7,4,3,0,0,0,0
1,0,80.7413501378407,2,26,3,1,0,2,0,0
1,0,203.2967246135635,9,12,4,1,0,0,4,0
104,0,76.22764050268272,4,15,4,2,1,0,0,0
28,0,110.65996428885043,4,12,4,2,0,0,0,0
84,0,116.73286699070395,6,10,4,2,0,2,0,0
109,1,121.64602480174398,6,3,3,4,0,0,0,0
88,0,150.98520323259027,9,9,4,2,1,0,3,0
145,1,178.05518697409616,7,27,4,2,1,0,5,0
161,1,119.08213577254197,6,26,4,1,0,0,2,0
176,0,127.48716016698721,8,11,4,1,1,0,1,0
67,0,78.68108168816173,4,22,3,3,2,0,0,0
30,0,194.22616661994005,7,24,4,2,2,0,4,0
203,0,126.9,9,9,4,1,1,0,0,0
165,0,96.3,8,27,4,1,1,0,0,0
102,0,87.7097745081259,11,17,3,2,1,0,0,0
113,0,85.25923920409706,5,29,3,4,1,0,0,0
66,0,168.3,8,11,4,0,1,0,3,0
18,0,88.0,11,26,4,1,0,3,0,0
174,0,86.14510645925769,8,7,4,2,1,0,0,0
15,0,128.48956913707121,5,16,4,1,1,1,0,0
438,0,67.4943641057694,6,18,3,1,0,0,0,0
205,0,137.64668488408338,8,19,4,1,0,0,2,0
14,0,137.6129146475568,8,15,4,2,0,1,0,0
52,0,99.63240641510276,3,6,4,1,0,0,0,0
33,1,143.56018392265008,9,24,4,1,0,0,3,0
65,0,148.78154349793164,6,9,4,1,1,0,3,0
129,0,126.24938697455345,6,2,4,3,0,0,0,0
158,0,114.3,7,7,4,2,0,0,0,0
57,0,76.29893401161567,12,15,4,3,1,3,0,0
125,0,40.90733300900039,7,11,4,6,3,0,0,0
3,0,99.07020638822839,8,16,2,2,1,0,0,0
93,0,76.5,5,15,4,2,2,1,0,0
96,0,76.5,7,21,4,4,1,0,0,0
192,1,131.55998565230578,8,20,4,2,1,0,1,0
149,0,105.73325846776073,7,20,4,2,0,0,0,0
126,0,113.85068599581209,6,21,4,4,2,0,2,0
54,0,88.93758384466855,3,17,4,1,1,3,0,0
208,0,108.1545366690974,8,21,4,4,2,0,0,0
86,0,140.8357976730175,6,26,4,3,1,0,1,0
15,0,111.0,5,29,4,0,1,0,0,0
61,0,87.3,3,9,4,2,0,0,3,0
237,0,95.9093663907326,11,28,4,3,1,0,0,0
57,0,148.47436399226967,10,17,4,3,1,0,4,0
30,0,98.77395743877754,7,28,4,3,0,3,0,0
1,0,177.5831780805468,6,22,4,1,0,1,1,0
14,0,160.0,9,22,3,1,0,0,0,0
97,0,67.35379418709266,10,29,4,2,1,0,0,0
62,0,97.47286680863996,5,20,3,1,1,0,0,0
103,0,156.7382592394351,7,18,4,1,0,0,0,0
15,0,213.6283866455986,5,13,4,1,1,0,4,0
81,0,116.92227226164277,5,3,4,2,0,2,0,0
144,1,114.3,6,6,4,2,0,0,0,0
14,0,89.0,7,13,4,0,1,3,0,0
84,0,89.78618262904189,3,9,4,1,1,0,0,0
18,0,113.14292971122815,4,13,4,1,1,0,0,0
86,0,138.81807647094755,6,13,4,3,0,0,3,0
99,0,99.10195630586348,9,28,3,3,0,0,0,0
80,1,148.74550729950008,7,15,4,3,0,0,3,0
69,0,161.7341384428721,8,27,4,1,1,0,3,0
128,0,81.28899977873033,6,26,4,3,1,2,0,0
179,1,129.89133782496108,8,4,4,3,2,0,3,0
58,0,158.98081628838705,7,7,4,3,0,0,2,0
233,0,89.96247312267393,9,14,3,2,1,0,0,0
11,1,129.99654708589145,2,1,4,4,0,0,0,0
159,0,137.7,7,14,4,2,0,0,3,0
28,0,108.16792316334968,6,15,4,2,0,0,3,0
27,0,105.60375622635273,4,5,4,1,1,0,2,0
310,0,1.1543153915993893,9,15,4,1,0,0,0,0
14,0,89.0,4,18,4,1,0,3,0,0
35,0,89.06326960414034,5,19,3,1,0,1,0,0
141,0,75.0,6,2,3,2,1,0,0,0
153,0,189.61251687150389,6,12,4,1,2,0,5,0
87,0,134.8001859833896,9,10,4,2,1,0,0,0
294,0,92.32896083570277,11,24,4,4,3,0,0,0
156,0,108.07184119314779,6,11,4,1,0,0,0,0
9,0,125.07599673124571,5,9,4,1,2,0,1,0
236,1,86.13787633792423,8,4,4,2,0,0,1,0
155,1,172.26572054964387,7,13,4,5,2,0,0,0
27,0,79.41948902471557,9,7,3,0,1,0,0,0
78,0,135.57912879332022,8,3,4,2,2,0,0,0
106,0,79.01355227397326,10,6,2,3,2,0,0,0
219,0,86.71580916408533,8,8,4,3,0,0,1,0
49,1,131.4,3,19,4,1,1,0,3,0
20,0,85.18815621365898,3,4,4,1,0,0,0,0
103,1,77.70827862533035,5,26,3,1,2,0,0,0
181,0,85.18730394500625,8,25,4,1,0,2,0,0
172,2,129.32011991884588,7,20,4,2,0,0,3,0
74,0,115.93043459225764,6,1,3,3,0,1,1,0
83,0,104.47050495556826,5,26,4,3,1,0,0,0
35,1,110.7396623503995,8,29,4,4,0,0,0,0
31,0,71.5325803142244,2,4,2,2,0,0,0,0
56,0,142.03036736914095,7,28,4,1,2,0,3,0
166,0,120.78389246751384,9,3,4,4,1,0,1,0
0,0,217.4318303394358,7,14,4,0,0,0,1,0
53,0,168.3,8,20,4,3,0,0,3,0
36,0,71.9286914689167,2,2,4,3,1,1,0,0
133,0,118.21933445485303,9,8,4,1,0,0,0,0
36,0,132.53635332544025,3,24,4,1,0,0,1,0
194,0,103.23226167738791,8,12,4,2,1,0,0,0
181,1,104.7228609014987,8,20,4,1,0,0,0,0
146,1,135.49764062644493,9,18,4,4,1,0,0,0
118,0,85.55955362189533,6,18,4,0,1,0,0,0
43,0,75.85340058026541,2,17,4,2,1,0,0,0
9,1,126.50629751908471,2,10,4,3,0,0,0,0
216,0,95.17588714302589,7,17,4,1,0,0,0,0
265,1,113.21742268496152,6,24,4,2,0,1,0,0
3,0,122.92402034045487,9,19,2,1,0,0,0,0
249,1,69.66605537526215,11,28,4,4,2,1,0,0
232,1,138.03184491397562,9,5,4,2,0,0,2,0
5,0,169.0,8,15,4,1,0,0,0,0
110,0,150.3,8,14,4,4,1,0,3,0
144,1,114.3,5,5,4,1,0,0,3,0
3,0,82.53443568464033,8,17,2,2,0,0,0,0
322,1,112.31028542509216,5,17,3,3,0,1,0,0
43,0,88.33975368729342,4,21,4,2,0,3,0,0
166,0,99.45,8,7,4,2,1,0,0,0
108,0,158.61232816421565,11,26,4,3,1,0,0,0
157,0,113.2990494801033,6,7,4,2,0,0,0,0
164,0,180.25767543721517,8,19,4,3,1,0,0,0
223,0,73.52323243099733,9,29,4,3,2,3,0,0
98,0,79.7424138481725,10,30,4,1,2,3,0,0
164,0,139.0058575019073,7,29,4,2,0,0,3,0
87,0,97.7375034984097,5,9,4,3,0,0,0,0
6,0,104.0,4,17,4,0,1,0,0,0
12,0,121.99859816793655,7,26,3,3,1,2,0,0
102,1,109.8,12,7,4,1,0,0,0,0
12,0,119.88258601080781,7,7,4,1,0,1,0,0
0,0,162.87172554751862,5,18,2,1,0,0,0,0
181,0,99.01300467950081,8,24,4,3,0,0,0,0
65,0,75.1130059675626,9,9,4,1,1,0,0,0
83,0,124.86587491004612,6,17,4,2,1,0,0,0
34,0,124.81240522039715,8,10,4,2,0,1,0,0
125,0,79.2,11,16,4,2,0,3,0,0
91,0,86.9337299403928,5,25,4,0,1,2,0,0
242,0,92.93394148621216,8,2,4,3,0,0,0,0
153,0,101.86337118714981,7,21,4,2,2,0,0,0
29,1,136.4103444643528,7,26,4,3,0,0,0,0
49,0,241.44300887577742,8,20,4,2,0,0,5,0
36,0,159.41632501761066,8,25,4,2,1,0,3,0
33,0,150.21020629569452,9,11,4,1,1,0,3,0
107,1,80.75,5,29,3,1,2,0,0,0
63,0,63.8827617534668,2,12,4,2,2,2,0,0
260,0,68.47214660828735,12,26,4,6,2,3,0,0
252,0,65.8899633230805,10,28,4,1,2,2,0,0
54,0,86.4178862047826,3,17,4,2,0,1,0,0
263,0,77.14012681856809,12,26,4,4,1,0,0,0
60,0,115.62714778464726,6,1,4,1,0,3,0,0
14,0,166.06135502160808,9,6,2,2,0,0,4,0
2,0,66.03661256102687,9,11,2,0,0,0,0,0
195,0,85.92164078095244,7,20,4,3,0,0,0,0
73,0,115.66981017953026,4,23,4,0,1,0,0,0
176,0,125.636903603596,7,24,4,1,1,0,0,0
217,1,162.14495536934518,8,7,4,4,1,0,5,0
122,0,100.39373672727474,4,29,4,1,1,0,0,0
6,0,129.73863210114504,7,12,4,1,1,0,0,0
127,0,139.18534728265024,8,2,4,1,0,0,0,0
153,2,135.3365898151301,7,19,4,2,1,0,3,0
9,0,221.03929682547712,6,10,4,2,0,0,5,0
161,0,76.77306560621648,8,28,4,1,0,0,0,0
133,0,105.76307664573142,6,26,4,3,0,0,3,0
270,0,73.01198762469436,12,27,4,3,0,1,0,0
41,0,156.18844650562278,10,31,4,2,1,1,1,0
241,0,95.50525849168771,9,6,4,2,1,1,0,0
146,0,118.25140328966252,7,3,4,8,3,0,3,0
77,0,114.16798036620297,8,18,4,2,0,0,0,0
155,0,115.9607882630425,9,25,4,1,1,2,0,0
167,0,120.31595523167461,8,3,4,8,2,0,0,0
29,0,77.54616664960805,3,2,4,4,1,0,0,0
169,0,106.39605617956292,4,21,3,2,2,1,0,0
36,0,100.33770945316199,10,14,4,3,0,1,2,0
177,1,127.76370006974638,8,11,4,2,0,0,2,0
195,0,121.5,8,13,4,1,0,0,0,0
39,0,168.86843216011485,6,27,4,2,0,0,2,0
82,0,122.8565222888693,5,17,4,2,1,0,1,0
58,0,196.02864303237746,6,11,4,1,0,0,5,0
68,0,149.4,9,15,4,4,1,0,3,0
79,0,76.5,4,2,4,1,1,2,0,0
32,0,168.3,7,13,4,1,0,0,3,0
21,0,92.72191878989788,3,8,4,2,0,0,0,0
44,0,139.79610408498272,8,7,4,2,1,0,3,0
26,0,138.51941076038366,9,15,3,1,0,2,0,0
0,0,141.96886411892413,8,9,4,1,0,0,0,0
64,0,116.76694963330048,4,21,4,1,1,2,0,0
86,0,121.65962186756722,11,8,4,2,0,0,0,0
30,1,98.84682736459608,3,3,4,15,5,0,2,0
17,0,104.00270121683417,10,24,3,2,0,0,0,0
191,1,92.83448489506583,7,8,4,3,0,0,1,0
9,0,147.49020829729756,4,22,4,1,1,0,1,0
199,0,101.23629263617251,8,8,4,3,0,1,0,0
63,0,89.95463194089595,10,12,4,2,0,0,0,0
253,0,105.89575289789924,7,7,4,2,0,0,0,0
104,0,75.25399778611042,9,13,4,3,0,0,0,0
178,0,128.5487910477993,8,26,4,1,0,0,0,0
49,0,94.5,9,18,4,2,1,0,0,0
93,0,120.00200336413937,6,21,4,1,0,0,0,0
43,0,181.8,9,2,4,1,2,0,5,0
16,0,65.0,10,12,2,1,0,0,0,0
73,1,76.84478913355495,11,18,4,3,1,3,0,0
79,0,125.1,9,10,4,1,0,3,0,0
200,0,86.52376161466542,7,20,4,0,0,0,1,0
48,0,72.95193880174543,2,6,4,2,1,0,0,0
144,0,118.11670441239578,5,27,4,2,2,0,2,0
33,0,69.46364410341297,2,3,4,2,0,3,0,0
179,0,85.33422959550771,8,26,4,2,1,2,0,0
79,0,189.99249643088618,9,15,4,3,1,0,4,0
386,0,90.0,10,23,3,0,2,1,0,0
75,0,59.7427627373888,2,25,4,2,1,0,0,0
180,1,103.98874126440126,8,26,4,3,0,0,3,0
132,0,100.64087961540564,11,5,4,4,0,0,0,0
79,0,87.38083606669302,3,3,4,2,0,0,2,0
131,0,140.28845131739874,7,30,4,5,2,0,3,0
150,0,130.0,9,16,3,1,0,0,0,0
210,1,90.74026602179852,8,17,4,1,0,0,0,0
34,0,118.75938564458549,9,26,4,3,0,0,0,0
82,0,139.60933580630456,7,25,4,2,0,0,3,0
238,0,92.7032233399488,6,16,4,1,0,0,0,0
65,0,92.28587086726611,9,6,4,1,0,0,0,0
186,0,116.05462102493735,5,22,3,2,1,0,0,0
115,0,60.0,2,27,3,2,2,0,0,0
196,0,83.08057562186845,7,26,4,1,1,3,0,0
49,0,170.7635546754653,4,13,4,3,0,0,4,0
44,0,100.94717388922797,11,1,4,6,1,0,0,0
11,0,98.10144172384788,10,13,4,4,1,0,0,0
72,0,158.01365884191674,6,28,4,1,1,0,3,0
102,0,108.0,10,5,4,0,1,3,0,0
26,0,232.25140758337338,8,18,4,2,1,0,5,0
87,0,85.5,5,25,4,0,1,3,0,0
223,1,92.39324912101453,9,2,4,9,3,1,0,0
233,1,104.81296696916888,8,6,4,1,0,0,0,0
192,1,99.49867595873692,7,18,4,4,1,0,0,0
31,0,106.61740684043086,11,14,4,3,0,0,2,0
154,0,187.11856783509967,7,15,4,1,0,0,5,0
14,0,178.29774437774498,6,17,4,2,1,0,3,0
126,1,136.87535530617149,11,24,4,1,0,0,3,0
222,0,71.48669278118199,9,15,4,1,0,0,0,0
173,0,114.96651180469344,8,9,3,3,0,0,2,0
265,1,112.61515534075151,6,24,4,2,0,1,0,0
89,0,88.71575018359964,11,26,4,4,1,2,0,0
10,0,79.0,2,1,4,4,1,3,0,0
204,0,80.97300974776377,7,5,4,3,0,2,0,0
32,0,101.87430721141939,8,29,4,1,0,3,0,0
126,0,94.14763005593198,7,6,4,1,1,3,0,0
195,0,98.24345123917402,8,3,4,1,1,3,0,0
208,0,80.90696829037522,6,30,4,2,1,2,0,0
165,0,104.2091775138835,7,8,4,0,0,1,0,0
16,0,155.02537492413703,4,13,4,1,0,0,3,0
30,0,194.20884149910637,7,24,4,2,2,0,4,0
193,0,129.81631978443642,8,6,4,4,1,0,2,0
124,0,94.5,8,8,3,1,2,1,0,0
152,0,97.73588090025348,7,24,4,3,2,0,0,0
123,1,77.93626867694249,7,12,3,0,1,0,0,0
120,1,77.83608739968393,11,4,4,2,0,3,0,0
85,0,221.1496444067387,9,23,4,3,1,0,5,0
43,0,126.45275665604987,4,29,4,1,0,0,0,0
96,0,94.5,7,11,4,1,1,1,0,0
35,0,153.31218060655976,11,14,4,2,0,0,3,0
98,0,83.83157021848434,4,4,4,2,2,3,0,0
30,1,210.92056066110558,7,18,4,3,0,0,3,0
36,0,126.9,5,21,4,0,1,0,0,0
108,0,100.98390827911484,7,5,4,2,0,3,0,0
171,1,106.69471531406029,7,20,4,2,2,0,3,0
159,1,114.43187264712925,7,2,4,3,0,0,0,0
160,0,130.05,7,2,4,4,0,0,3,0
135,0,88.06351163723859,8,26,4,4,0,2,0,0
22,0,99.0021383980227,9,30,4,2,1,2,0,0
69,0,73.95,3,11,4,3,1,0,0,0
159,1,132.70627543488854,8,28,4,3,1,0,3,0
49,0,158.41874232676253,5,4,4,1,2,0,3,0
35,0,95.79789580605944,6,26,4,0,1,0,0,0
169,1,106.87179777102466,4,22,3,2,2,0,0,0
143,0,118.67338210462948,6,25,4,0,1,0,0,0
175,0,126.40453144220112,8,18,4,0,1,0,0,0
80,0,168.3,9,8,4,2,0,0,3,0
231,0,96.44077444539208,7,26,4,2,0,0,0,0
159,0,104.7834303043208,8,5,4,1,0,0,0,0
193,0,86.71057409468513,7,15,4,1,0,0,1,0
206,1,104.68194073047792,8,5,4,2,0,0,2,0
23,0,65.78323689181816,10,5,2,1,0,0,0,0
151,0,136.7487509421973,8,16,3,4,2,0,3,0
205,1,127.23891974231498,7,8,4,4,1,0,1,0
15,0,91.67443981982045,2,8,4,2,1,0,0,0
31,0,231.01888886770712,11,19,4,1,1,0,5,0
22,0,166.0,7,21,4,1,1,0,3,0
18,0,156.0,5,12,4,1,0,0,3,0
116,0,159.3,7,21,4,3,0,0,3,0
214,1,129.1647976369691,8,26,4,1,1,0,1,0
38,0,149.4,9,12,4,2,0,0,3,0
26,0,143.94103982456957,10,12,4,4,1,0,4,0
87,1,105.3,3,24,4,2,0,0,1,0
13,1,76.69527604761244,11,14,4,3,2,3,0,0
143,0,151.2,10,5,4,4,1,0,3,0
203,0,86.59449226358231,7,21,4,1,0,0,1,0
199,0,94.76292410689122,8,1,4,5,1,0,0,0
114,0,86.18700557592268,4,26,4,9,3,3,0,0
49,0,107.1,7,1,4,1,0,3,0,0
221,0,88.96170107074434,8,17,4,0,0,0,0,0
90,0,88.82585882587263,11,26,4,3,1,2,0,0
355,0,85.5657676115628,11,23,3,4,2,0,2,0
71,0,115.64526960097561,6,1,3,3,0,0,2,0
40,0,99.09839639815088,6,26,4,1,1,1,0,0
159,0,94.88170634278877,7,25,4,2,1,2,0,0
135,0,89.63733341973006,6,26,4,4,0,2,0,0
101,0,106.21760044562326,7,28,4,1,1,1,0,0
90,0,136.544921034523,6,21,4,1,1,0,1,0
144,0,108.0,10,7,4,1,1,3,0,0
55,0,149.34484516796348,7,26,4,4,0,0,3,0
194,0,130.05,8,7,4,4,1,0,3,0
206,0,150.70937618131404,9,13,4,10,4,0,2,0
27,0,120.51276985648433,9,18,3,1,1,0,0,0
37,0,89.24026315490813,5,21,4,1,0,3,0,0
8,0,136.4253202633593,8,21,4,0,1,0,0,0
100,0,138.82577585684837,7,29,4,2,1,0,3,0
148,1,144.3382126720415,6,4,4,4,1,0,3,0
253,0,101.15347585228523,9,29,3,2,1,0,0,0
155,0,112.94875963178171,8,20,4,2,2,0,2,0
209,0,90.95,7,29,4,3,1,0,0,0
169,0,90.62746455079457,9,24,4,4,0,0,0,0
28,0,140.89000708063423,5,20,4,1,0,0,0,0
101,1,167.4961565066867,8,10,4,3,0,0,3,0
49,0,126.9,5,21,4,1,0,0,0,0
96,0,74.09830378527006,7,21,3,3,1,0,0,0
47,0,124.03427793825628,3,17,4,2,1,0,3,0
423,0,73.06466343304353,9,19,3,2,0,0,0,0
123,0,109.18783877558636,3,29,4,2,0,0,1,0
153,0,89.00896085337956,5,2,4,2,1,0,2,0
28,0,104.08292722518547,2,5,4,3,2,0,3,0
12,0,149.6235566111434,8,26,4,2,1,0,3,0
279,0,110.0,9,18,4,2,0,0,0,0
24,0,144.33366638404178,4,27,4,2,0,0,3,0
60,0,120.17739375663888,6,10,4,3,0,0,2,0
60,0,129.37303200899103,11,21,4,2,1,0,3,0
42,0,180.51209703972285,3,20,4,2,1,0,3,0
151,1,104.79804776289842,10,23,4,2,2,0,0,0
153,0,146.7,7,10,4,1,0,0,3,0
152,0,100.24847650556288,6,30,4,4,1,0,2,0
30,0,159.19045846869676,10,19,4,2,0,0,0,0
85,0,88.73744673563458,10,21,4,2,1,0,0,0
25,0,129.6006785354319,9,3,4,1,1,3,0,0
170,0,113.52965299304428,8,29,4,5,2,0,0,0
91,0,77.17605212892343,6,4,4,1,1,0,0,0
194,1,106.83362277389747,8,12,4,1,2,0,0,0
171,0,106.931757713572,8,20,4,1,1,0,2,0
5,0,149.03140057254993,6,3,4,1,1,0,1,0
44,0,208.63330467759542,3,27,4,2,1,0,5,0
7,0,125.75095150361071,2,10,4,3,1,0,3,0
24,0,157.33403585060313,6,21,4,2,0,0,2,0
209,0,105.27690211133437,8,5,4,2,1,0,0,0
167,1,105.3,8,5,4,1,0,0,0,0
265,1,113.59586709634954,6,24,3,2,0,1,0,0
69,0,137.7,5,23,4,2,0,0,3,0
165,1,123.29772007549155,9,26,4,3,0,0,3,0
123,1,78.53398086283929,7,12,3,0,1,0,0,0
26,0,104.0,11,16,4,1,0,0,0,0
18,1,116.3128430675659,8,29,4,1,0,0,0,0
233,0,90.0,10,14,3,2,1,0,0,0
42,0,176.00625299221923,3,24,4,2,1,0,4,0
85,0,99.31238156671634,4,7,4,3,0,0,3,0
176,0,105.51841311250354,7,29,4,1,0,0,0,0
63,0,127.73838317496143,5,15,3,1,1,0,0,0
71,0,155.6967996515704,5,2,4,1,1,0,4,0
103,0,94.67885364664853,6,16,3,1,0,2,0,0
199,0,137.7,8,23,4,1,0,0,3,0
26,0,117.95812145580808,9,18,3,1,0,0,0,0
24,0,144.62985995798607,4,28,4,2,0,0,3,0
26,0,176.7186250594438,4,29,4,1,1,0,3,0
57,0,110.78878557478122,11,9,4,2,0,0,0,0
63,0,63.75,3,10,4,2,1,1,0,0
156,1,100.54758849271019,6,9,4,3,0,1,0,0
112,0,119.30671707580699,7,4,4,3,0,0,0,0
118,0,61.25184077556684,8,23,3,2,0,0,0,0
52,0,98.02798221780091,7,4,4,0,1,0,0,0
64,0,137.7,5,23,4,2,0,0,3,0
135,0,77.449706937748,11,28,4,2,0,1,0,0
5,1,109.0,3,5,4,2,0,1,0,0
15,0,141.7250490688039,8,15,4,2,0,0,3,0
43,0,208.40136427074066,9,9,4,3,0,0,3,0
120,0,96.89256557464364,4,29,4,2,1,0,0,0
39,1,162.64896364938963,8,23,4,2,1,0,0,0
100,0,132.5022877994739,6,22,4,2,1,0,3,0
91,0,85.5,5,25,4,0,1,3,0,0
178,0,93.58362104200265,8,20,4,0,0,0,0,0
23,0,96.1711192604919,3,10,4,2,1,0,0,0
51,0,107.98142090440878,9,5,4,1,0,3,0,0
24,0,166.0,6,27,4,0,0,0,3,0
71,0,88.85699773920554,9,17,4,2,0,0,0,0
71,0,87.3,4,2,4,1,1,0,0,0
98,0,71.61797741484371,8,21,3,3,1,0,0,0
71,0,132.65136278764464,5,22,4,3,1,0,3,0
42,0,157.5,8,31,4,3,0,1,3,0
30,1,78.56672351847375,11,23,4,3,0,0,0,0
180,0,120.0,10,10,3,2,0,0,0,0
10,0,89.68092502767928,8,25,3,0,1,0,0,0
17,0,97.0,3,11,4,2,0,3,0,0
0,0,75.0,6,9,3,0,0,2,0,0
129,1,112.25646687362911,5,11,4,3,0,0,3,0
114,0,105.3,6,3,4,1,1,0,0,0
306,1,158.49504014306925,8,15,4,3,1,0,4,0
136,1,120.60020489191588,8,21,4,3,0,0,3,0
25,0,160.67295790372094,10,1,4,3,0,0,4,0
28,0,165.46242221850503,3,26,4,0,1,0,0,0
166,0,101.13917144599124,7,17,4,2,1,0,1,0
191,0,96.91881125629094,9,6,4,3,0,2,0,0
41,0,150.3,6,7,4,1,0,0,3,0
139,0,104.65454597773963,8,3,4,4,2,0,0,0
156,0,170.337390857902,8,16,4,4,2,0,4,0
29,0,186.26552481538278,10,2,4,8,3,0,4,0
88,0,87.05711255397185,4,2,4,0,2,0,0,0
148,0,96.59998635897745,8,21,3,2,1,0,0,0
186,0,18.424344690006883,8,24,4,3,1,0,0,0
73,1,113.28445609133539,4,6,4,2,0,0,0,0
4,0,91.70465999457605,2,11,4,1,0,1,0,0
82,0,93.6,11,15,4,0,1,0,0,0
10,0,139.293603263508,7,7,4,0,0,2,0,0
33,0,168.3,7,12,4,1,0,0,3,0
48,0,157.5313749819037,6,2,4,2,1,0,3,0
40,0,67.5,2,11,4,2,1,3,0,0
31,0,67.75753453071391,2,4,3,2,0,2,0,0
58,0,140.4,5,27,4,2,1,0,3,0
36,0,149.4,9,10,4,1,2,0,3,0
99,0,146.7,7,3,4,2,1,0,3,0
105,0,116.1,6,14,4,2,0,3,1,0
93,1,77.09651771122944,7,13,4,2,0,0,0,0
222,1,114.31357472679676,9,4,4,4,1,0,0,0
218,1,134.6011673443851,9,13,4,2,0,0,0,0
215,0,105.68629624432234,10,24,3,3,0,0,0,0
127,0,118.8,9,8,4,3,0,3,0,0
190,1,85.69769729897612,7,4,4,12,4,0,0,0
180,0,102.18773954960828,9,10,4,3,1,2,0,0
33,0,140.4,3,22,4,1,0,0,3,0
177,0,87.39736017633271,7,22,4,2,1,3,0,0
119,0,91.51081402586942,4,7,4,2,1,0,0,0
246,0,92.62762695654257,10,25,4,3,0,0,0,0
87,0,97.99065412731107,5,9,4,3,0,0,0,0
132,0,111.34287554597516,6,27,4,3,0,0,1,0
137,0,169.56436457855497,5,5,4,4,1,0,5,0
1,0,163.5817506125938,5,16,2,1,0,0,0,0
79,0,118.62769627023324,9,6,4,1,0,0,1,0
184,0,105.3,7,8,4,1,0,0,1,0
296,0,86.37916973154543,9,21,3,3,0,0,0,0
76,0,124.33465910956741,8,10,4,1,1,1,1,0
1,0,178.17015341365672,7,22,4,1,0,1,1,0
10,0,182.8054766240543,3,23,4,3,0,0,3,0
63,1,88.4,11,27,4,4,0,0,0,0
130,1,139.80655896425867,9,27,4,3,1,0,3,0
175,0,129.26438913022707,8,13,4,2,1,0,3,0
118,0,81.11214612290705,12,3,4,1,1,2,0,0
265,1,67.5,12,13,4,1,0,3,0,0
99,0,96.27102809586947,4,13,3,2,0,0,0,0
159,1,129.62618925272213,9,15,4,3,1,0,0,0
152,0,93.30258747835265,9,21,4,3,2,3,0,0
67,0,139.4779308011531,4,5,4,1,0,0,3,0
99,0,126.9,5,5,4,1,0,0,0,0
205,0,64.97922660451671,7,26,4,4,0,1,0,0
48,0,127.02013089202761,7,27,4,4,1,0,3,0
25,0,127.64551103142566,9,4,4,2,1,0,0,0
166,0,96.3,7,27,4,1,1,0,0,0
53,0,123.51386894437712,4,2,4,1,0,0,3,0
76,0,116.74794530096698,6,8,4,0,1,1,0,0
112,0,131.45466579397964,8,16,4,2,0,0,3,0
166,0,94.50347744572471,7,28,4,1,0,2,0,0
136,0,89.79432828521833,10,12,4,2,0,0,0,0
82,1,79.29252702576503,9,6,4,3,0,0,0,0
14,0,166.18307604805486,9,7,2,2,0,0,3,0
5,0,62.468459467356794,2,14,3,1,1,1,0,0
86,0,134.1,8,14,4,2,2,0,0,0
103,0,94.81893692775361,4,4,4,2,0,0,0,0
74,0,93.6,11,3,4,2,0,0,0,0
95,0,130.33380748433993,5,16,4,4,0,3,0,0
38,0,116.1,5,12,4,1,0,3,0,0
109,0,117.99299503558535,10,21,4,3,0,0,0,0
129,1,112.64598500988389,5,11,4,3,0,0,3,0
159,0,117.89254347438343,8,5,4,1,0,0,0,0
175,0,90.4082324150914,7,12,4,4,0,0,0,0
71,0,110.97982455920561,5,29,4,1,1,1,0,0
159,0,144.89835284281955,8,16,3,2,1,0,1,0
78,0,76.5,7,13,4,2,0,0,0,0
12,0,109.31848949907939,2,2,4,2,0,0,2,0
34,0,126.53075777550146,6,2,4,0,1,0,0,0
142,0,130.4520482337895,7,9,4,3,0,0,0,0
157,2,151.62304882207857,9,9,4,1,1,0,2,0
258,0,109.84531128698102,10,15,3,0,0,0,0,0
118,0,106.44387476358861,5,4,4,2,1,0,0,0
153,1,115.05893692400777,6,3,4,1,1,0,0,0
186,0,83.85482587512011,9,10,4,5,3,2,0,0
92,0,150.3,8,22,4,1,1,0,3,0
176,0,153.57306534037926,9,1,4,2,0,0,3,0
29,0,98.00330521948794,3,11,4,3,0,2,0,0
36,0,139.14142565865228,8,24,4,2,1,0,3,0
100,0,142.22275828430207,6,21,4,3,0,0,3,0
0,0,91.1850055114403,8,20,4,1,0,0,0,0
33,1,97.44567387482476,11,14,4,1,0,0,1,0
37,1,98.93138715866071,9,2,4,0,0,3,0,0
168,1,114.71963619047689,6,18,4,1,1,0,1,0
53,0,134.52925973957917,8,4,4,3,1,0,0,0
162,0,80.19304342705342,8,27,4,2,1,2,0,0
62,0,96.29398460406077,9,4,4,2,1,0,0,0
154,0,180.2805930384389,5,21,4,3,2,0,5,0
163,0,99.02212785049821,7,26,4,4,1,0,0,0
275,0,62.373533342683395,5,6,3,1,1,0,0,0
157,0,85.05234298408045,6,30,4,2,0,2,0,0
346,1,114.71484215042311,9,13,4,2,0,0,0,0
136,0,106.13573829902529,7,4,4,3,1,0,0,0
183,0,98.1,10,11,4,1,0,3,0,0
90,0,108.0,10,8,4,3,1,3,0,0
218,1,106.67914497482575,9,6,4,1,0,0,0,0
122,0,114.3,8,6,4,2,1,0,0,0
246,1,65.28907128059178,10,27,4,3,2,0,0,0
74,0,82.42324883336498,4,1,3,3,1,0,0,0
179,0,91.07984335308817,7,1,4,3,0,2,0,0
38,0,158.5685852881452,7,8,4,3,0,1,1,0
156,0,121.44709655109376,6,25,4,2,0,0,0,0
143,0,129.6,9,21,4,3,1,0,0,0
17,0,142.88018843435736,4,14,4,2,0,0,2,0
40,0,107.1,4,1,4,1,1,2,0,0
43,0,83.04030212319832,2,14,4,1,0,0,0,0
79,1,183.6,9,15,4,3,2,1,3,0
219,0,106.91630031595285,7,2,4,2,0,0,0,0
28,0,186.4342562453102,9,2,4,6,3,0,4,0
27,0,130.345931446451,7,3,4,2,1,1,0,0
109,0,100.44431077651869,9,5,4,2,0,2,0,0
125,1,80.16716595279945,8,12,3,1,1,0,0,0
55,0,161.18850154642556,6,3,4,1,1,0,1,0
69,0,135.90998984061795,8,4,4,3,1,0,0,0
61,1,79.1459624896752,10,3,4,2,1,2,0,0
236,0,79.51647203141222,11,28,4,4,1,0,0,0
16,1,74.73969870027055,11,21,4,4,2,1,0,0
152,0,165.29549330253158,8,20,4,2,2,0,3,0
171,0,82.48083497316398,7,9,4,3,0,3,0,0
103,0,151.17817544984206,9,8,4,0,0,0,3,0
127,0,104.85148590496374,5,6,4,2,0,0,0,0
148,1,113.04357529515251,7,1,4,3,0,0,3,0
88,0,96.7151165707316,5,7,4,3,0,0,1,0
28,0,213.3767592331776,5,17,4,3,0,0,4,0
39,0,112.95750334003749,3,23,4,3,0,0,0,0
250,0,109.37452343175612,9,21,4,3,1,0,0,0
6,0,144.37393939381911,8,10,4,2,2,0,4,0
189,0,98.9660146978863,8,5,4,4,1,1,0,0
27,0,152.28301075874253,6,25,4,1,1,0,3,0
40,0,100.02756042413681,5,25,4,1,1,0,0,0
183,1,128.31705054480486,9,17,4,3,0,0,2,0
35,0,77.40153943826427,12,4,4,5,1,3,0,0
82,0,118.84769618122453,7,14,4,2,1,0,3,0
30,1,96.61254348310725,11,14,4,2,0,0,2,0
34,0,126.9,5,10,4,1,0,0,0,0
183,1,82.74460244382811,8,17,4,1,0,1,0,0
102,0,168.75753488976773,9,13,4,3,0,0,3,0
113,0,119.81797320324213,8,4,4,2,1,0,0,0
148,0,130.4755720092834,8,12,4,2,1,0,0,0
211,0,72.98771073061813,9,20,3,2,2,0,0,0
90,0,99.50281099501929,3,23,4,4,2,0,0,0
2,0,177.88974511457278,6,25,4,1,0,1,1,0
179,0,103.69264098014132,7,29,4,2,0,0,1,0
119,0,79.2,11,4,4,1,1,3,0,0
80,0,134.86388427242437,10,21,4,2,0,0,0,0
61,0,134.23865685086784,6,18,4,2,1,0,3,0
178,0,140.59986869218375,8,22,4,1,0,0,3,0
188,0,104.69525344671507,7,8,4,2,0,1,1,0
198,0,99.58076116546758,8,8,4,4,1,0,0,0
71,0,94.6794213315229,9,12,3,3,1,0,0,0
88,0,89.85471440561592,7,18,4,2,1,0,0,0
247,0,102.81042340085152,9,28,3,3,1,0,1,0
39,0,150.77760447612744,8,18,4,1,2,0,3,0
260,0,106.33127946333107,10,15,3,3,0,0,0,0
49,0,158.64445243250935,8,15,4,1,1,0,3,0
207,0,168.3,7,18,4,1,0,0,4,0
65,0,73.65079159542076,2,14,4,2,0,1,0,0
36,0,159.05175581474748,2,24,4,2,0,0,3,0
181,0,98.1,10,11,4,1,0,3,0,0
64,0,115.69015278381352,5,19,4,2,1,2,0,0
272,0,93.59680346046328,6,24,4,2,1,0,0,0
165,0,129.14339281007346,8,12,4,2,1,0,0,0
29,0,106.47168537613278,8,28,4,0,1,1,0,0
18,0,111.75771662373096,3,15,4,2,0,0,0,0
101,0,104.44184930265058,7,3,4,5,2,3,0,0
151,0,118.8,8,19,4,1,1,0,3,0
4,1,135.7021845779615,8,28,4,2,0,3,0,0
29,0,71.60505837388996,1,26,4,2,0,2,0,0
26,0,117.79748577157925,9,17,3,2,0,0,0,0
140,0,151.2,10,7,4,1,1,0,3,0
158,0,98.05213299049603,7,5,4,3,1,2,0,0
14,0,233.16041246901952,8,12,4,2,0,0,5,0
197,1,108.36987582747884,7,9,4,3,0,0,0,0
10,0,79.0,2,1,4,4,1,3,0,0
41,0,150.3,6,5,4,1,0,0,3,0
95,0,148.03179887539608,6,27,4,2,0,0,3,0
95,1,124.97061474258949,10,26,4,1,0,0,2,0
51,0,89.63922504806457,11,3,4,2,0,0,0,0
25,0,91.0,2,15,4,1,0,0,0,0
47,0,112.48441965122896,4,10,4,2,2,0,3,0
109,0,108.0,10,11,4,1,0,3,0,0
109,0,89.44828728407253,9,24,4,1,1,2,0,0
18,1,138.0087370842288,7,15,4,1,0,3,0,0
188,0,108.90638271190303,9,27,4,2,1,0,2,0
3,0,140.20593937411724,6,20,4,1,1,0,0,0
186,1,106.2204767300328,8,26,4,1,2,0,0,0
85,0,104.78405098012212,6,25,4,1,1,0,0,0
111,0,108.69193913329757,6,13,4,4,1,2,0,0
172,1,130.48110482037663,7,23,4,2,1,0,3,0
181,0,98.1,10,11,4,0,0,3,0,0
26,0,118.35499209068304,9,27,4,1,0,0,0,0
88,0,129.93106274358593,8,14,4,2,0,0,3,0
182,1,80.62304126953693,8,14,4,1,0,1,0,0
8,0,136.21017351931297,9,16,4,2,1,3,0,0
104,1,268.26940516550513,7,15,4,2,0,0,6,0
180,0,98.1,10,10,4,0,0,3,0,0
159,1,143.55584526770704,8,19,3,2,1,0,0,0
26,1,151.10240708407008,7,23,4,2,1,0,1,0
62,0,97.68904393207224,3,19,3,1,1,0,0,0
218,1,79.4925982143986,12,28,4,3,0,3,0,0
35,0,125.1,3,23,4,3,0,2,0,0
217,1,76.94668115183214,8,7,4,1,0,0,0,0
301,1,115.0,7,30,3,1,1,1,0,0
85,0,134.1,8,14,4,2,2,0,0,0
103,0,115.16482194760677,4,18,4,1,0,0,0,0
206,0,105.3,8,4,4,2,0,0,0,0
5,0,137.15648930045901,9,2,4,2,1,0,0,0
80,0,96.41748250729928,4,2,4,3,0,0,3,0
164,1,118.8,9,20,4,2,0,0,0,0
327,1,70.4641066482165,10,23,4,3,0,2,0,0
7,1,140.0,10,16,4,3,1,3,0,0
35,0,84.31699383344186,6,1,4,2,0,3,0,0
74,1,150.26062480132757,9,20,4,2,0,0,3,0
33,0,152.2108260318319,4,28,4,2,1,0,1,0
6,1,139.76569490066282,8,23,4,1,0,0,0,0
12,0,107.52637694276785,11,16,4,3,0,0,0,0
6,0,108.65115141242826,5,10,4,2,0,0,3,0
101,0,146.13639494108716,7,8,4,2,1,0,3,0
18,1,140.0,9,29,4,1,1,0,0,0
24,0,73.48494633444471,2,10,4,1,1,0,0,0
83,0,93.6,11,12,4,0,1,0,0,0
172,1,107.12210516428249,7,21,4,1,1,0,2,0
133,0,109.8,6,26,4,2,0,0,3,0
53,0,134.5562040872754,5,8,4,2,0,0,3,0
241,0,79.77327264353143,12,30,4,1,1,3,0,0
110,0,149.59176470469302,8,21,4,3,0,0,3,0
112,0,94.44298469276406,5,8,4,2,1,3,0,0
130,0,104.92769212621991,5,23,4,1,0,0,0,0
46,1,139.5,10,4,4,3,0,0,3,0
98,1,85.53228987236426,4,8,4,2,0,2,0,0
131,0,106.02097437643626,10,1,4,4,0,0,0,0
135,0,198.9,5,26,4,3,0,0,5,0
27,0,140.66263581044205,5,9,4,3,0,0,0,0
166,0,81.08612179363251,6,27,3,3,0,2,0,0
76,0,105.27259384039007,6,26,3,0,1,0,0,0
16,0,128.2821571668649,4,6,4,3,0,0,3,0
183,0,90.61288062546652,9,28,4,1,1,0,0,0
151,0,104.25604312817902,10,26,4,4,2,0,3,0
54,0,94.87131855296823,11,9,4,2,0,0,0,0
171,0,16.218872449628957,5,23,4,3,0,0,0,0
153,0,146.5159515890639,6,8,4,1,0,0,3,0
92,1,76.5,7,5,4,2,2,0,0,0
177,0,94.9886187244803,9,18,4,0,0,0,0,0
5,0,151.74932579946687,10,6,4,1,2,0,0,0
151,1,125.28359677921549,8,6,4,5,1,0,0,0
255,1,129.8361343048083,9,15,4,3,1,0,3,0
56,1,137.7200141799026,8,27,4,1,1,0,2,0
222,0,75.65087229590382,7,10,4,4,0,0,0,0
106,1,151.01254455082585,9,12,4,3,0,0,3,0
130,0,116.05981394543167,5,2,4,3,0,2,0,0
5,0,116.42666610225008,3,3,4,2,0,0,3,0
18,0,104.55215975372316,10,25,4,2,0,0,0,0
152,0,94.1141316358187,9,22,4,2,1,3,0,0
223,0,80.75087967765336,8,20,4,1,1,3,0,0
169,1,147.5288391654559,8,8,4,3,1,0,0,0
180,0,137.7,8,7,4,1,1,0,3,0
150,0,135.67168529244353,8,3,4,3,1,0,0,0
65,0,75.26635800394743,9,8,4,2,0,0,0,0
33,0,162.21690062013857,9,15,4,1,1,0,2,0
115,0,89.74740554168842,8,16,4,2,0,1,0,0
67,0,87.69544136131002,4,2,4,1,2,0,0,0
27,0,177.89758107996906,4,28,4,2,1,0,3,0
4,0,108.88100986426679,6,10,3,1,0,0,3,0
125,0,87.65980408475028,6,4,4,2,1,3,0,0
62,0,113.87596605347738,7,26,4,3,0,0,0,0
119,0,114.3,7,6,4,2,0,0,0,0
55,0,109.44920221233994,7,27,4,1,2,0,0,0
160,0,115.3931246421404,8,7,4,2,0,0,0,0
83,0,124.84580612661877,4,16,4,2,1,0,1,0
176,0,125.39816809333394,8,8,3,3,0,0,0,0
27,0,130.68202326883895,10,19,4,2,0,0,0,0
171,2,114.75,8,4,4,2,1,0,0,0
103,0,129.92989280288631,8,11,4,3,1,0,1,0
211,0,77.9639387261138,5,20,3,3,2,0,0,0
47,0,88.53482858605231,10,6,4,3,0,1,0,0
198,1,137.7,8,27,4,2,1,0,3,0
84,0,149.86870536830983,8,13,4,2,0,0,3,0
20,0,85.6754044371353,2,8,4,3,2,0,0,0
22,0,154.0,10,25,4,2,1,0,3,0
215,1,96.1446988677364,8,30,4,2,0,0,0,0
75,0,135.3749079287602,9,17,4,0,0,0,0,0
236,1,84.23816222052042,8,27,4,4,0,3,0,0
103,0,109.20493155378217,11,23,4,2,1,1,0,0
292,0,115.18778183870593,7,21,3,2,0,1,0,0
279,0,110.0,10,12,3,3,0,0,0,0
193,0,66.2471121495435,9,15,4,3,0,0,0,0
76,0,109.8,11,3,4,1,1,0,0,0
14,0,89.69360342478406,2,8,4,2,2,1,0,0
8,0,144.3552118397261,8,10,4,2,2,0,3,0
63,0,110.58953609271023,8,3,4,3,0,2,0,0
122,0,97.22089929113396,6,26,4,2,0,0,0,0
16,0,105.30739917287087,2,26,4,2,1,0,3,0
9,0,139.9144446820562,9,15,4,2,2,3,0,0
65,0,155.91983740221852,5,3,4,1,1,0,2,0
12,0,135.0,10,3,4,1,0,3,0,0
36,0,102.83707329753615,11,25,4,2,1,0,0,0
33,0,121.6910947004096,3,25,4,1,1,0,0,0
231,0,110.3130564592697,10,21,4,2,0,0,1,0
154,0,94.3612977131316,8,21,4,2,1,3,0,0
191,0,116.10666377508095,6,3,3,2,1,0,0,0
165,1,127.53315732967951,8,12,4,2,1,0,2,0
187,1,99.45,7,8,4,5,2,0,1,0
52,0,119.3939362466305,4,25,4,1,0,0,3,0
7,0,85.12866108129053,2,21,4,0,0,0,0,0
199,1,71.56996227292433,7,2,4,3,0,1,0,0
188,1,88.92013634682542,6,7,4,3,0,0,2,0
66,0,149.2916230750663,5,10,4,1,1,0,3,0
17,0,97.0,3,13,4,1,0,3,0,0
175,0,140.30835155846603,8,17,4,0,1,0,3,0
263,0,110.0,10,21,3,2,0,0,0,0
206,0,99.58792001816865,7,6,4,2,1,0,2,0
26,0,151.0700183577818,7,2,4,1,1,0,0,0
163,1,107.17884645625017,8,16,4,3,1,0,1,0
65,0,168.3,8,8,4,1,0,0,3,0
47,1,152.87654995808205,9,2,4,1,1,0,0,0
32,1,152.63075679686855,9,26,4,1,0,0,3,0
98,0,126.39078527606232,7,21,4,2,0,0,2,0
34,0,99.23567473616053,5,18,4,0,2,1,0,0
122,0,79.29202986618266,11,7,4,2,0,0,0,0
124,1,139.82429865007404,7,11,4,2,0,0,0,0
43,0,195.77923865247288,7,19,4,2,0,0,4,0
68,0,121.46335419503413,5,10,4,3,0,0,0,0
221,1,96.63768196949592,9,2,4,2,0,0,0,0
40,0,89.37445924180521,5,21,3,1,0,2,0,0
148,0,130.0,9,14,3,2,0,0,0,0
32,0,206.83868328557463,9,23,3,1,0,1,1,0
9,0,185.0476127950621,3,24,4,2,0,0,0,0
5,0,144.0520185250751,6,21,4,3,1,0,3,0
117,0,95.74663259919804,4,16,4,1,1,0,2,0
221,1,111.90288924418203,8,29,4,2,0,0,0,0
29,0,139.6,5,20,4,2,1,0,3,0
225,1,92.86027125166834,11,30,4,2,2,0,2,0
70,0,73.95,3,12,4,3,1,0,0,0
46,1,104.6520219963441,3,16,4,3,0,0,3,0
34,0,113.1335413797656,3,23,4,1,0,1,1,0
63,0,94.53264883060007,6,24,4,2,1,3,0,0
38,0,140.2050728446953,4,27,4,1,0,0,3,0
52,1,78.3,2,19,4,2,0,0,0,0
5,0,99.28549209215056,6,13,2,3,0,0,0,0
322,1,112.32177237101094,5,17,3,3,0,1,0,0
49,0,63.75,3,8,4,4,0,3,0,0
215,0,97.65204986805504,6,6,4,2,0,0,0,0
277,0,107.41100250829462,10,1,4,1,1,0,1,0
56,0,140.4,6,2,4,1,0,0,3,0
103,1,114.65721035517919,10,6,4,1,0,0,0,0
14,1,135.3954159888949,5,28,4,2,0,0,0,0
214,0,67.39891877586872,10,30,4,3,0,0,1,0
157,0,112.17918104725226,6,6,4,3,0,0,0,0
82,0,107.3173775515882,7,13,4,1,1,3,0,0
12,0,127.14769304568047,6,26,4,0,1,1,0,0
51,0,95.84756799946092,4,11,4,3,0,2,0,0
177,0,88.79450710909828,7,9,4,3,0,3,0,0
221,0,87.15589845893729,9,2,4,5,1,3,0,0
152,1,135.00735736912074,7,19,3,3,1,0,3,0
90,0,141.43507946479738,6,18,4,3,1,0,3,0
11,1,90.0,7,16,3,3,0,0,0,0
12,0,79.0,2,4,4,3,1,3,0,0
175,0,125.5627643040833,9,8,4,2,0,0,0,0
152,1,108.13455043782497,7,22,4,1,1,0,0,0
173,0,95.08292750153198,8,13,4,1,1,2,0,0
108,0,152.1,8,24,4,4,0,0,3,0
89,1,135.9307476373143,8,4,4,3,1,0,0,0
149,0,130.5,8,11,4,2,0,0,0,0
201,0,87.00213415909252,7,19,4,1,0,0,0,0
54,0,177.6483112725628,3,16,4,0,2,0,5,0
80,0,75.78469516935934,7,26,3,1,1,0,0,0
41,0,87.86807004891327,3,20,4,1,1,3,0,0
155,2,122.00544829561272,7,29,4,4,1,0,3,0
263,1,156.9414289498137,10,23,4,2,2,1,0,0
31,0,115.09088240309687,4,16,4,0,0,3,0,0
59,0,105.59364829087939,4,24,4,1,1,0,0,0
59,0,99.31321201838715,4,19,4,1,0,0,0,0
103,0,130.73197801272119,10,21,4,2,1,0,3,0
31,0,211.85858379771454,3,29,4,1,0,0,3,0
85,0,91.06011566827858,9,18,4,1,1,0,0,0
35,0,110.81048408421894,6,29,4,3,0,0,3,0
166,1,159.77120608988395,7,3,4,2,1,0,3,0
60,0,140.3432147869351,6,17,4,2,0,0,3,0
0,0,116.21571155230703,3,11,4,2,0,0,0,0
65,1,87.09949856070763,11,19,4,2,0,0,0,0
121,0,105.96878852372858,3,27,3,1,2,0,0,0
22,0,118.0,9,6,4,1,0,3,0,0
37,0,133.7093681535754,5,5,4,1,1,0,1,0
115,0,60.021421605140624,2,27,3,1,2,0,0,0
178,0,128.66889799866482,8,25,4,1,0,0,0,0
194,0,103.32728842703715,8,12,4,2,1,0,0,0
116,0,95.51900156556343,9,19,4,2,1,1,0,0
131,0,90.9348703923668,6,28,4,4,0,0,0,0
195,0,99.25534223325353,8,7,4,1,1,2,0,0
13,0,86.06449161428357,11,2,4,2,0,0,0,0
254,0,100.45725607687963,8,10,4,3,0,0,0,0
25,0,184.71740025696747,7,25,4,2,0,0,3,0
258,1,144.12963551783665,10,5,4,2,0,0,3,0
50,0,112.43661448872902,4,7,4,2,0,0,0,0
162,0,118.0118174581561,8,14,4,3,2,0,0,0
186,1,90.37012538653582,7,13,4,4,0,1,0,0
52,0,116.92512816696298,5,5,4,1,0,1,0,0
79,0,76.5,6,2,4,2,0,0,0,0
165,1,119.13001904300705,8,20,4,2,0,0,0,0
48,0,65.76566171097903,3,6,4,2,1,3,0,0
25,0,118.72197378786002,9,26,4,0,0,1,0,0
171,0,106.0929687029751,7,18,3,4,1,0,3,0
206,0,123.29242045328918,7,29,3,2,1,0,0,0
20,0,118.68126653604288,7,21,4,0,0,0,0,0
164,0,107.34796214796275,7,5,4,3,1,0,0,0
153,0,100.9158662014761,7,23,4,2,0,0,0,0
226,0,71.53810249440753,11,28,4,3,1,2,0,0
1,0,209.121674857467,9,14,4,1,0,0,3,0
6,0,152.16750881808156,4,16,4,1,1,0,3,0
158,0,119.867367976411,5,25,4,2,0,0,0,0
49,1,74.8423534788396,11,20,4,4,1,3,0,0
119,0,121.08226810684204,9,1,4,3,1,3,0,0
250,0,97.72590335850325,9,28,4,2,1,0,0,0
145,0,76.5,8,9,4,1,1,0,0,0
275,0,106.38854644671713,10,28,2,2,1,0,3,0
108,0,103.76188460504609,6,9,4,1,0,2,0,0
67,0,81.44134684578458,4,3,3,4,1,2,0,0
188,1,105.2564248704756,8,3,4,2,0,0,0,0
153,0,137.04111645225086,8,16,3,2,1,0,3,0
168,0,79.30874391111307,8,7,3,2,0,1,0,0
3,0,68.10038336452966,7,15,3,1,2,0,0,0
247,0,109.0,6,6,3,1,1,1,0,0
41,0,113.90808938758242,3,18,4,1,2,0,1,0
69,0,150.3,7,2,4,1,0,0,3,0
241,1,97.3215378845512,9,28,4,1,0,1,0,0
194,0,130.05,8,7,4,4,1,0,3,0
224,1,119.85,9,14,4,4,0,0,0,0
35,0,196.15146977940938,7,15,4,3,1,0,1,0
98,0,76.16748118979864,8,21,3,4,1,0,0,0
162,0,116.1,9,7,4,2,0,2,0,0
57,0,116.1,5,18,4,2,0,3,0,0
8,0,168.83006484694218,7,22,4,0,0,0,0,0
168,2,126.71277911834056,7,17,4,4,1,0,3,0
24,0,99.07402958367008,10,28,4,2,1,1,0,0
44,0,78.3,3,3,4,3,0,0,0,0
85,0,157.25,3,24,4,3,2,0,5,0
140,1,118.70048905813812,8,19,4,5,2,2,0,0
23,0,96.5810154718771,3,9,4,2,0,0,0,0
83,0,78.3,3,3,4,2,0,0,0,0
109,0,74.45892049538384,7,14,3,1,0,0,0,0
59,0,105.77906546107391,7,11,4,0,0,0,0,0
54,0,79.0954976100925,8,8,2,1,0,1,0,0
119,0,202.16384145856318,8,18,4,0,1,0,5,0
91,0,129.75986350648972,6,14,4,4,0,1,0,0
82,0,141.6453140174892,7,12,4,1,0,1,1,0
288,0,90.7052258281584,10,18,3,2,1,0,0,0
179,1,108.9,10,1,4,1,2,0,0,0
23,0,126.04616033616439,4,10,4,3,1,0,3,0
6,0,77.58462939782042,11,22,4,5,2,3,0,0
23,0,211.28304620184224,6,17,4,1,0,0,3,0
31,0,70.33664365974357,2,4,2,2,0,0,0,0
104,0,108.34388091453425,10,9,4,0,1,2,0,0
44,0,68.98162957884371,2,11,4,2,0,3,0,0
72,0,87.04506467364149,9,17,3,2,1,1,0,0
27,0,74.974089244256,2,5,4,1,1,3,0,0
230,0,137.0,9,6,3,5,0,0,0,0
133,0,118.46727206105074,5,4,4,4,0,0,3,0
284,0,87.83596809186254,12,3,4,3,0,0,1,0
66,1,149.4,9,7,4,3,1,0,3,0
126,0,104.4686980177909,5,6,4,1,0,1,0,0
151,1,128.5629669144719,11,28,4,2,1,0,0,0
59,0,66.64690915924102,3,8,4,2,0,2,0,0
26,0,131.09751754276695,10,19,4,2,0,0,0,0
77,0,91.09612387345612,9,2,4,3,0,0,0,0
233,0,100.77474153324637,6,23,4,3,0,2,0,0
38,1,98.0241524832489,9,2,4,0,0,3,0,0
64,0,151.26201650317083,8,21,4,1,1,0,0,0
2,0,214.46061958569743,10,7,4,2,0,0,5,0
9,0,139.0,8,9,4,5,2,3,0,0
62,0,173.28341998373085,7,25,4,2,0,0,4,0
213,0,92.95286666304095,9,30,4,2,2,0,0,0
10,1,128.73423850245052,2,2,4,4,0,0,0,0
165,2,118.2365023460544,8,19,4,1,0,0,0,0
13,0,187.21788961231636,7,3,4,1,1,0,2,0
31,0,69.83420058167144,2,4,2,2,0,0,0,0
36,0,145.878187632114,6,19,4,0,1,0,2,0
197,1,106.2,4,12,4,3,0,0,0,0
207,1,105.3,8,5,4,2,0,0,2,0
36,0,101.28068903487139,10,13,4,2,0,2,1,0
16,0,132.8309213394163,5,13,4,1,0,0,0,0
63,0,116.1,5,17,4,1,0,3,0,0
18,0,142.3088281466569,7,7,4,5,1,0,1,0
47,0,160.95623167457177,6,1,4,2,2,0,3,0
82,1,103.99155357309776,4,13,4,2,1,0,2,0
77,0,124.27034260874461,8,26,4,2,0,1,0,0
208,1,154.40734189259328,10,5,4,1,2,0,0,0
144,1,112.12207944733626,7,23,4,5,2,0,3,0
102,1,155.09670082875186,8,19,4,1,0,0,0,0
163,0,100.60412835935239,10,4,3,2,0,0,0,0
188,0,172.99115907995576,8,28,4,2,2,0,3,0
80,0,187.85,5,9,4,3,1,0,5,0
84,0,88.4,11,25,4,3,1,0,0,0
18,0,109.20844484381342,3,17,4,2,0,0,0,0
10,1,150.2822132816828,9,15,4,1,0,1,0,0
0,0,97.88593296420238,8,7,3,1,0,0,0,0
36,0,94.35277098992552,7,26,4,0,1,0,0,0
39,0,106.46021367833727,8,2,4,1,1,1,0,0
211,1,129.39193519560274,9,24,4,3,1,0,0,0
178,1,105.36552051518629,10,25,3,2,1,0,1,0
110,0,128.3190243879073,6,27,4,1,0,0,0,0
263,1,162.29898793261455,10,19,4,1,1,0,0,0
137,0,172.5743559556941,5,7,4,3,1,0,5,0
92,0,150.3,8,22,4,2,1,0,3,0
224,1,119.4406003259035,9,14,4,3,0,0,0,0
103,0,146.80579484680086,7,8,4,1,1,0,3,0
76,0,105.2100643976536,7,27,4,0,1,0,0,0
247,0,112.99079312935304,6,6,3,1,1,1,0,0
160,0,199.9145013712754,5,25,4,2,0,0,5,0
99,0,79.4991469514006,2,18,2,1,0,0,0,0
45,0,197.15053369944042,5,12,4,1,0,0,5,0
113,0,127.6639584337008,6,16,4,2,0,0,0,0
60,0,79.2,11,3,4,2,0,3,0,0
80,0,94.82517088029203,9,4,3,3,0,0,0,0
9,0,128.9815150225355,5,16,4,2,1,2,0,0
292,0,116.26194088974012,8,20,3,3,0,1,0,0
219,0,99.39802542797831,9,2,4,2,0,0,0,0
16,0,92.3442289201976,2,10,4,2,1,0,0,0
145,0,178.2207956832805,8,25,4,3,2,0,3,0
68,0,211.94896165911894,6,9,4,5,2,0,5,0
229,0,91.84213253859124,8,28,4,1,2,0,0,0
276,0,76.02757567811534,9,3,4,2,0,0,0,0
101,0,91.50589133403156,9,5,3,2,0,2,0,0
32,0,70.08305903497615,10,8,3,3,2,0,1,0
230,1,134.47024618031352,8,4,3,3,0,0,0,0
32,0,152.1,7,5,4,2,2,0,0,0
33,0,70.12184458481613,2,19,4,8,3,2,0,0
271,0,107.89767773252018,9,29,4,2,1,0,1,0
32,0,66.55476707439539,9,13,2,1,0,0,0,0
156,0,106.00338426869298,7,1,2,1,1,0,3,0
10,0,150.69556430892584,8,26,4,2,1,0,3,0
230,0,112.14958165212595,8,6,4,4,0,0,0,0
8,0,169.08602616593868,4,9,4,5,2,0,1,0
53,0,68.88100459318278,3,3,4,2,0,1,0,0
124,0,75.26549037059101,10,7,4,3,1,2,0,0
218,0,70.1463645247987,12,3,4,1,1,1,0,0
228,1,176.13213989853364,8,22,4,1,1,0,5,0
65,0,155.92472404135046,6,4,4,1,0,0,3,0
62,0,142.83208198057676,5,7,4,1,0,0,0,0
98,1,79.2724278743643,10,26,4,1,1,3,0,0
202,0,96.6792352667032,6,29,4,1,0,0,0,0
174,0,98.27105480492165,8,15,4,1,0,0,0,0
8,0,151.0,7,2,4,1,0,0,0,0
130,0,101.3423269608251,7,20,4,3,2,0,0,0
273,0,105.78115229942036,9,30,4,2,1,0,0,0
23,0,85.22359900826304,2,8,4,1,2,0,0,0
88,0,135.0516814580829,9,2,4,1,0,0,0,0
196,0,121.75533449462037,9,3,4,6,2,0,2,0
38,0,134.3501036447244,9,2,4,0,1,0,0,0
40,0,107.1,4,1,4,1,1,3,0,0
147,0,120.32699802682986,8,15,4,5,2,0,2,0
155,0,156.59209108597895,8,24,4,2,2,0,4,0
24,0,146.02895928426207,8,3,4,1,1,0,0,0
120,0,125.86844649756256,6,10,4,1,0,0,0,0
7,0,103.77862452320205,4,17,4,0,1,0,0,0
313,0,69.45859141363958,12,25,4,6,3,2,0,0
129,0,146.9099612596902,9,7,4,0,0,0,4,0
12,0,89.0,7,20,4,1,0,3,0,0
92,0,150.3,8,22,4,2,1,0,3,0
39,0,81.05117430898467,4,20,4,1,0,0,0,0
47,1,78.70669855039026,11,11,4,2,1,3,0,0
114,0,131.4,8,20,4,3,0,0,3,0
62,0,64.57839771231836,3,8,4,3,0,0,0,0
34,0,112.41571000163697,3,23,4,1,0,0,2,0
72,0,109.72548448303093,4,27,4,2,0,1,1,0
74,0,118.84946165514204,10,9,3,0,1,0,0,0
115,0,89.56179884845163,7,16,4,2,1,1,0,0
186,1,106.07273171633356,8,26,4,2,2,0,0,0
172,1,114.92832297710919,7,5,4,1,2,0,1,0
71,0,78.21995891375063,2,16,4,3,0,0,0,0
196,0,138.75298514766345,8,23,4,1,2,1,1,0
198,1,70.44232299244187,8,2,4,3,0,0,0,0
21,0,224.92045190155173,6,3,4,1,0,0,4,0
34,0,144.11513820689103,8,22,4,0,1,0,3,0
157,0,122.66762326054834,5,24,4,3,0,0,2,0
110,1,108.0,10,12,4,1,0,3,0,0
203,1,103.00343480365171,8,6,3,3,0,0,0,0
54,0,89.25332127836117,3,17,4,2,1,0,0,0
82,0,104.6562180110367,5,26,4,3,1,0,0,0
276,1,97.34650173669586,10,20,4,2,0,0,0,0
85,0,221.15329779613714,9,23,4,3,1,0,5,0
54,0,97.36972677686155,10,10,3,2,0,0,0,0
38,0,71.33376118665045,3,3,4,3,1,3,0,0
52,0,122.78066232420898,5,16,4,3,1,0,3,0
241,0,79.85035286872318,12,30,4,1,1,3,0,0
60,0,94.60745421955762,6,26,4,1,0,3,0,0
99,0,114.6914783852295,6,3,4,0,1,0,0,0
38,0,125.92047212238366,6,21,4,0,1,1,0,0
7,0,170.7175179610905,7,6,4,3,1,0,0,0
174,0,106.20355134788345,8,2,4,3,0,0,0,0
72,0,111.09887170369382,10,22,3,1,1,0,3,0
91,0,127.20011062371624,10,20,4,3,2,0,3,0
25,0,105.86488166635081,9,7,4,1,0,2,0,0
73,0,138.1284738679254,8,11,4,3,1,0,1,0
49,0,89.1,6,21,4,2,0,3,0,0
28,0,138.1403858450995,9,20,3,1,0,0,0,0
137,0,63.39180437149428,2,28,4,1,1,2,0,0
59,0,142.97433789270852,4,29,4,1,1,0,0,0
159,0,130.03153771191762,7,2,4,4,0,0,0,0
87,0,89.29063916667523,10,9,2,1,0,1,0,0
172,0,113.33425072031233,7,14,4,3,2,0,0,0
271,0,96.88347099930328,9,21,3,3,0,0,0,0
158,0,114.3,7,8,4,2,0,0,0,0
238,0,159.2325190218632,8,28,4,2,0,0,3,0
46,0,125.18232717819906,8,17,4,2,0,1,0,0
31,1,130.41046770139164,7,24,4,2,0,0,0,0
146,1,114.81560409344667,5,3,4,2,0,0,3,0
11,0,99.83272280784,8,15,4,2,1,1,0,0
158,1,134.27683194422158,8,29,4,3,1,0,3,0
136,0,169.74938418585998,5,5,4,4,1,0,5,0
134,0,102.68608987569442,7,13,3,1,0,1,1,0
117,1,135.8304378559087,5,18,4,2,1,0,0,0
20,1,151.27917740681158,7,24,4,0,1,0,0,0
298,1,115.84495750112282,7,26,4,2,0,1,0,0
59,0,122.80052451109412,9,2,4,2,0,0,3,0
147,0,130.01306111647818,8,12,3,1,0,0,0,0
256,0,67.07129430780881,11,26,4,3,1,3,0,0
23,0,216.31319818371043,3,29,4,3,0,0,5,0
248,0,97.50275627050844,9,27,4,2,1,0,0,0
101,0,138.08186821124258,5,1,4,1,2,0,1,0
178,1,103.17027679485224,7,20,4,2,0,0,0,0
173,0,325.12604428308066,7,25,3,2,1,1,0,0
142,0,88.98946471452254,9,26,4,1,0,1,0,0
141,1,220.06562490338257,8,14,4,2,0,0,5,0
247,0,109.0,6,6,3,1,1,1,0,0
60,0,94.76452873062686,6,17,4,0,1,2,0,0
44,0,113.52829218011345,4,10,4,3,2,0,3,0
36,0,69.30103354267605,2,26,4,1,0,3,0,0
76,1,85.5,4,11,4,2,0,3,0,0
4,0,151.09677088316596,10,5,4,1,1,0,0,0
62,0,112.2,4,7,4,2,1,0,3,0
107,1,122.79331865649284,10,4,4,2,1,1,0,0
232,0,109.68306076527264,9,20,4,3,0,2,0,0
159,0,105.68117018048945,7,1,2,2,1,0,2,0
182,0,119.79542689834605,9,11,3,1,0,0,0,0
90,1,121.47980582730496,9,7,4,1,0,0,0,0
197,0,74.33185073290721,11,23,4,1,1,3,0,0
2,0,136.68144924031398,7,17,2,4,1,0,0,0
74,0,105.05662464032314,10,30,3,0,1,0,0,0
5,0,125.31385815338707,8,28,4,1,0,3,0,0
46,0,108.23911237426287,7,19,4,1,1,1,0,0
21,0,238.18874671903947,7,3,4,2,0,0,5,0
52,0,117.38758609449573,6,4,4,1,0,0,0,0
249,1,120.4363458628357,9,21,4,1,0,0,0,0
20,0,81.03235078384718,2,2,4,4,0,0,0,0
68,0,169.52876264951954,8,3,4,3,2,0,0,0
179,1,108.9,10,1,4,1,2,0,0,0
175,0,98.31419802460154,8,13,4,2,0,0,0,0
29,0,73.86238825073013,2,20,4,2,0,3,0,0
35,0,159.01792326762674,6,4,4,1,0,0,3,0
56,0,64.71931030377378,3,11,4,2,1,0,0,0
97,0,80.48962845487176,10,28,3,1,1,1,0,0
62,0,99.0,9,2,4,1,0,3,0,0
151,0,77.16309245397606,6,2,4,2,1,0,0,0
168,0,142.14182197440107,6,21,4,1,0,0,1,0
205,0,81.67268380555251,7,12,4,5,2,2,0,0
210,0,80.04905544250867,9,27,4,4,0,3,0,0
166,0,135.0344519047428,9,2,3,3,0,0,3,0
193,0,86.58457139805247,7,15,4,1,0,0,1,0
158,1,123.17141203735942,10,26,4,3,1,0,3,0
32,0,159.3,3,25,4,1,0,0,3,0
30,0,68.66472008142895,2,12,4,1,1,0,0,0
7,0,197.06659179732492,5,17,4,2,1,0,4,0
78,0,136.88379636885642,11,25,4,2,1,0,3,0
66,0,74.86222374292173,9,9,4,2,1,0,0,0
47,0,208.32588686313719,9,15,4,3,0,0,5,0
95,0,174.03030050053775,8,17,4,2,0,1,3,0
3,0,163.95651886775556,5,14,3,1,0,0,0,0
54,1,110.70839770304546,9,30,4,4,1,0,2,0
18,0,111.93524150795743,5,15,4,2,1,0,0,0
102,1,84.75187686128237,10,16,4,2,1,0,0,0
225,1,114.9434734008282,8,4,4,4,1,0,0,0
3,0,240.68367504694734,9,12,4,1,0,0,5,0
3,0,96.30326977808961,9,11,1,1,0,0,1,0
54,0,111.55082822986375,9,29,4,3,1,1,1,0
112,0,131.41732406746402,8,16,4,2,0,0,3,0
169,1,213.09421197269253,8,19,4,2,0,0,1,0
169,0,137.7,8,22,4,1,0,0,0,0
104,0,75.97377861383445,8,19,4,3,0,0,0,0
178,0,88.77,8,27,4,1,1,0,1,0
59,0,100.80480887991449,6,26,4,1,1,2,0,0
56,0,115.63713208688492,6,8,4,2,0,0,0,0
247,0,79.45353123542317,10,24,4,4,2,2,0,0
15,0,135.5294620652097,6,14,4,1,0,0,0,0
16,0,84.0510226558804,2,5,4,1,1,2,0,0
31,0,130.73637403841667,9,9,4,2,0,0,0,0
150,0,131.16718133811406,7,14,3,6,1,0,2,0
1,0,173.20026512791244,6,21,3,1,0,0,1,0
26,0,213.4727394396755,5,26,4,3,0,0,5,0
62,0,72.2580202798867,11,17,3,2,1,1,0,0
31,1,126.81002482699715,11,4,4,2,1,0,2,0
418,0,75.98402755767972,9,26,3,2,1,0,0,0
7,0,128.2695789352758,9,17,4,1,0,1,0,0
28,0,103.55176510671366,2,4,4,3,1,0,1,0
72,0,112.07401177858988,5,29,4,1,0,0,0,0
33,0,82.77932254738369,5,18,3,1,2,0,0,0
47,0,79.34576345521647,11,11,3,2,1,2,0,0
113,0,107.17989182160001,6,11,4,4,1,0,0,0
64,0,105.3,7,23,4,2,2,0,0,0
237,0,106.82324313257654,9,19,2,3,0,0,3,0
72,0,78.39976114989537,3,18,3,1,0,0,0,0
215,0,92.96748382133238,7,16,4,2,0,0,0,0
214,0,106.41932874508758,9,9,4,3,2,0,0,0
35,0,67.5,2,11,4,2,0,3,0,0
221,0,112.45808059044413,9,4,4,3,1,0,0,0
93,0,134.44837807183123,8,4,4,2,1,0,0,0
2,0,100.23079853885632,9,9,3,1,0,0,1,0
264,1,103.35517548615445,8,6,4,2,1,0,0,0
149,1,85.5,6,27,4,0,1,3,0,0
143,1,151.2,10,4,4,4,0,0,3,0
118,0,97.71111887173946,5,15,4,2,2,0,1,0
45,1,139.5,10,6,4,2,1,0,3,0
116,0,203.4135357324174,8,23,4,2,2,0,5,0
185,1,82.97265776985518,5,6,4,2,0,0,0,0
87,1,105.3,3,24,4,2,0,0,0,0
37,0,67.5,2,11,4,2,1,3,0,0
164,2,105.3,8,2,4,0,0,0,0,0
10,0,139.50654712559793,7,7,4,0,0,2,0,0
51,0,94.29334550939373,4,11,4,2,0,3,0,0
126,0,72.5774579919042,7,6,3,2,0,1,0,0
12,1,126.40675827633217,3,26,4,1,0,0,2,0
80,0,88.93492326130229,10,24,4,1,1,0,0,0
81,0,190.7981265499684,9,15,4,3,2,0,5,0
19,1,233.65183518331438,9,18,4,4,2,0,5,0
19,0,84.96853913106602,3,8,4,3,0,3,0,0
261,0,64.89834132337532,8,26,4,4,1,1,0,0
101,0,126.9,5,7,4,1,0,0,0,0
9,1,149.77731200308702,8,14,4,1,0,1,0,0
166,0,97.94169367501749,7,7,4,3,1,0,0,0
224,1,119.71307111921007,8,14,4,3,0,0,0,0
49,0,63.75,3,8,4,4,0,3,0,0
117,0,264.45849303938655,7,11,4,0,1,0,5,0
154,0,103.04812576043294,6,7,4,3,0,1,0,0
132,0,107.38143484479828,10,1,4,2,1,1,0,0
128,0,130.77722938567385,7,8,4,2,0,0,0,0
70,0,107.32538279524951,6,7,4,1,0,2,0,0
96,2,90.0,11,19,4,0,1,0,0,0
19,0,98.61352788416357,5,11,4,0,2,3,0,0
140,0,114.10665913023286,7,30,4,3,2,0,3,0
53,0,47.602330636439994,3,1,4,4,0,2,0,0
184,0,150.40005111497973,9,1,3,4,2,0,0,0
50,0,77.04098249929736,11,11,4,1,0,3,0,0
73,0,76.5,4,3,4,1,1,2,0,0
2,0,164.30667733533335,8,22,3,2,0,0,2,0
48,0,158.71094944576953,5,4,4,2,1,0,3,0
212,0,90.91448688002644,8,16,4,3,0,0,0,0
349,0,123.33,10,4,3,5,1,0,0,0
165,0,99.45,6,28,4,4,0,0,2,0
54,0,92.616887134247,5,17,4,1,1,3,0,0
243,0,94.65144946961277,8,7,4,2,0,2,0,0
3,0,100.18069268297242,9,24,3,0,0,0,0,0
83,0,266.394639361658,8,20,4,2,1,0,6,0
45,0,86.4,11,19,4,0,1,0,0,0
52,0,139.51512655183902,9,10,4,8,2,0,3,0
33,0,135.9,8,8,4,2,1,0,0,0
57,0,131.52528625180125,8,30,4,4,1,0,3,0
73,0,149.19171293620946,7,6,4,3,0,0,3,0
112,1,78.4118751497094,11,15,4,2,1,3,0,0
185,0,68.68939939273871,4,24,4,3,1,0,0,0
55,0,71.46334943238357,11,13,4,1,2,3,0,0
6,0,137.8720831658259,8,4,4,3,2,1,0,0
262,0,100.3,9,10,4,3,0,0,0,0
69,0,94.61161265027411,4,25,4,2,0,2,0,0
215,1,64.94008169140076,11,19,4,2,1,3,0,0
35,0,111.40702759817803,8,28,4,2,1,0,0,0
134,0,117.83163887398604,6,9,4,3,0,1,0,0
10,0,137.0600679479732,3,28,4,1,0,0,2,0
150,0,134.63405001002533,9,3,4,2,1,0,0,0
45,0,208.26091413713382,9,19,4,3,1,0,5,0
135,0,99.505936798231,7,23,4,3,1,0,0,0
113,0,105.3,7,2,4,1,0,0,0,0
109,0,93.25267067754136,6,7,4,1,1,2,0,0
33,0,54.50091006426467,1,22,3,1,0,2,0,0
31,0,77.10666644099005,9,16,3,2,0,0,0,0
93,0,109.81523322149647,7,14,4,2,1,0,0,0
222,0,85.94462577023289,8,13,4,0,0,1,0,0
180,0,120.0,10,10,3,2,1,0,0,0
181,0,99.79227125338213,7,23,4,3,0,0,0,0
30,0,73.83354332035577,9,15,3,2,1,0,0,0
23,1,119.0,9,22,4,2,0,3,0,0
166,0,100.27459011402453,6,18,4,2,2,0,0,0
211,0,90.95,7,25,4,3,1,0,0,0
102,1,109.43407560157662,11,9,4,1,0,0,0,0
142,0,122.99957855035971,7,17,4,3,0,0,3,0
189,0,90.45858038247141,8,25,4,3,1,0,0,0
225,0,113.71515220962817,9,4,4,4,1,0,0,0
10,0,101.87999130264404,8,15,3,2,0,3,0,0
182,1,80.1,10,28,4,1,1,3,0,0
78,0,89.23477209007032,3,6,4,1,0,0,1,0
209,0,88.77754401408959,7,30,4,3,1,1,0,0
65,0,167.06991033157658,8,9,4,3,0,0,2,0
15,0,166.1961948386834,9,7,2,1,0,0,3,0
59,0,128.5719872880501,4,28,4,2,1,0,2,0
144,0,66.01024992094592,9,18,3,2,1,1,0,0
91,0,99.96583082610395,3,25,3,1,2,0,0,0
40,0,208.68955401319775,9,5,4,3,2,0,1,0
23,0,107.914286801862,9,26,4,1,0,3,0,0
83,0,104.4,6,26,4,3,0,0,0,0
116,0,60.63956209803396,2,28,3,1,2,0,0,0
114,0,190.78832765213002,6,17,4,4,3,0,3,0
229,0,90.93734239372553,8,26,4,3,1,0,0,0
169,2,130.90854465480464,8,11,4,3,2,0,2,0
54,0,118.64958082441777,9,9,4,2,0,0,0,0
157,1,129.5141027368998,8,28,4,2,1,0,3,0
127,0,103.5,7,8,4,4,0,3,0,0
66,0,91.2,9,5,4,2,1,3,0,0
81,1,135.15,5,10,4,3,1,0,0,0
289,0,69.89956273574344,8,19,4,3,1,0,0,0
103,0,91.98965924537569,9,5,3,2,0,1,0,0
88,0,89.2538747307155,12,4,4,1,0,2,0,0
65,0,148.60573524712368,6,9,4,1,1,0,3,0
296,0,117.0,9,21,3,4,0,1,0,0
11,0,145.0,7,9,4,2,1,0,0,0
178,0,114.13869529680842,7,22,4,0,0,0,0,0
157,1,117.7584685246342,10,5,4,1,1,0,0,0
37,0,125.1,7,25,4,1,0,3,0,0
12,1,137.84987465884686,4,28,4,3,0,0,0,0
46,0,169.71408034465412,5,13,4,2,0,0,4,0
202,1,116.7866797073595,8,15,4,1,1,0,0,0
279,0,74.32617534010618,8,4,3,2,0,0,0,0
20,0,85.0,2,10,4,1,0,0,0,0
31,0,96.03377847722426,4,23,4,0,1,3,0,0
38,0,75.84212153385198,2,22,3,1,0,0,0,0
192,0,98.1,9,4,4,2,1,3,0,0
63,0,89.44533259028852,10,11,4,2,0,0,0,0
150,1,169.46228915181584,7,1,4,5,2,0,4,0
103,0,109.1955841496949,11,3,4,0,2,1,0,0
5,0,150.993651403631,7,15,4,1,0,0,0,0
136,0,100.7656366994847,7,22,4,4,0,0,0,0
82,1,78.23347624550817,8,6,4,3,0,0,0,0
282,1,83.20795413854214,12,29,4,3,1,0,0,0
31,0,78.77168578167466,2,5,4,1,0,0,0,0
8,0,127.0,2,4,4,2,0,0,0,0
172,0,80.75,7,8,4,4,1,3,0,0
3,0,79.6222413615193,2,6,4,5,2,3,0,0
34,0,208.47725871307438,8,15,4,1,2,0,5,0
38,0,118.8,4,21,4,2,0,0,3,0
4,0,97.05029496029677,6,13,4,2,0,1,0,0
4,0,110.50541022199019,6,1,3,1,0,0,0,0
60,0,117.38027471815577,3,22,4,2,0,0,0,0
180,0,194.08700828190217,8,15,4,2,0,0,5,0
50,0,94.01076542838135,10,22,4,1,1,0,0,0
39,0,85.03027097439588,2,4,4,2,0,0,3,0
129,0,105.3,5,5,4,2,0,0,0,0
0,0,138.0,8,12,4,1,0,0,0,0
18,0,217.84021063996883,4,29,4,1,1,0,5,0
9,0,76.58613379151568,11,19,4,10,4,3,0,0
228,0,89.65963059715477,7,26,4,3,1,0,0,0
38,0,170.13604236213547,5,29,4,1,0,0,0,0
26,0,157.32805996837558,5,20,4,2,0,0,3,0
206,0,112.1153008797352,9,23,4,4,2,0,0,0
96,0,93.99462082621712,10,25,4,2,0,0,2,0
151,0,97.30259931300672,7,5,4,5,2,3,0,0
187,1,123.79192820277784,8,1,4,5,2,0,0,0
205,0,74.5071434591459,9,27,4,2,0,0,0,0
34,0,219.6249551583378,7,18,4,3,2,1,3,0
83,0,117.98934030131306,6,3,4,2,0,1,0,0
94,1,84.7824254350839,10,20,3,1,1,0,0,0
45,1,126.43182763124736,10,3,4,0,1,0,1,0
194,0,103.60959902589197,8,1,4,2,1,0,0,0
69,0,69.48942434926543,9,24,4,3,0,0,0,0
101,0,78.3,3,16,4,2,0,0,0,0
120,0,85.22992554045021,5,16,4,1,0,0,0,0
71,0,107.5895794730885,5,26,4,2,2,0,0,0
74,0,139.03925587818694,7,11,4,2,1,0,2,0
133,0,121.39243916010452,7,6,4,4,0,0,2,0
192,0,110.0,6,24,3,2,0,0,0,0
179,0,84.34734037782329,8,26,4,2,0,1,0,0
102,1,84.28073075143143,10,16,4,2,1,0,0,0
78,0,124.58316269306313,8,27,4,2,0,2,0,0
35,0,140.4,3,24,4,1,0,0,3,0
36,1,127.24096271836551,4,22,4,1,1,0,0,0
118,0,95.86175229257779,6,26,4,4,1,0,0,0
112,0,190.8,10,8,4,2,1,0,5,0
157,0,122.68627007810106,5,25,4,3,0,0,2,0
9,1,92.04567990717683,2,7,4,2,0,0,0,0
293,0,93.23195429530695,11,24,4,5,3,0,0,0
202,1,127.69511185888621,8,23,4,3,2,0,3,0
207,1,105.99754496051067,5,4,4,3,0,0,0,0
22,0,72.21359440587258,2,11,4,2,1,0,0,0
155,0,103.13156977224754,7,24,4,2,0,0,0,0
68,0,87.80678485008525,4,1,4,1,0,0,0,0
65,0,169.03136228519338,8,5,4,1,1,0,1,0
202,1,120.9946567360975,9,14,4,2,2,0,1,0
50,0,96.99699933263915,4,11,4,3,0,1,0,0
19,0,217.82782327728466,4,28,4,2,0,0,5,0
24,0,122.18796099602095,4,10,4,2,2,0,3,0
2,0,139.36774648144197,3,22,4,1,0,0,0,0
47,0,103.42883563103331,4,11,4,1,1,0,0,0
146,0,202.35823837157488,9,19,3,3,1,0,3,0
76,0,105.2660799314219,10,28,4,1,1,0,1,0
275,0,72.60807392786631,12,26,4,4,0,2,0,0
63,0,109.90454122594201,4,18,4,2,1,0,2,0
207,1,105.61876389507721,9,24,4,4,1,0,0,0
68,1,123.74621714377378,10,1,4,3,0,0,3,0
39,1,165.00407080763324,8,25,4,3,1,0,0,0
275,0,117.11044061096874,9,22,4,2,0,0,0,0
126,0,79.2,11,12,4,1,1,3,0,0
67,0,137.63836560205957,4,8,4,1,1,0,2,0
192,0,110.0,6,24,3,2,0,0,0,0
157,1,114.45021316788011,5,23,4,2,0,0,1,0
79,0,95.71608476022287,3,21,4,2,1,0,0,0
58,0,74.60383426217112,3,6,4,2,1,0,0,0
20,0,90.86095518392733,2,6,4,1,0,0,0,0
115,1,203.84577914336694,8,22,4,2,2,0,5,0
49,0,100.72216772287553,3,27,4,2,0,0,0,0
191,1,131.84930182607673,7,6,4,2,1,0,0,0
5,0,78.7982119951091,10,17,3,5,2,2,0,0
165,0,71.92157103715647,7,2,3,4,1,0,0,0
7,0,143.0762251100169,5,11,4,2,0,0,0,0
187,0,103.90678959636841,7,7,4,1,0,0,1,0
92,0,90.98474833559602,4,25,4,2,1,0,0,0
123,0,90.62041524441719,3,29,4,2,0,0,0,0
87,0,97.10796942392672,5,11,4,3,0,0,0,0
192,0,93.13541350139661,8,28,3,2,0,0,0,0
56,0,166.1714532788518,4,19,4,3,1,0,5,0
227,1,134.1998931570476,11,29,4,3,1,0,4,0
129,0,79.2,11,26,4,1,0,3,0,0
50,0,82.28937763518047,3,11,3,2,2,0,2,0
18,0,221.0,5,9,4,1,0,0,5,0
102,0,81.90173865616552,9,29,3,1,1,3,0,0
89,0,112.76916430421046,6,27,4,5,2,0,0,0
82,1,78.10607428555426,9,26,4,1,0,1,0,0
107,0,104.46788955130597,6,5,4,3,0,2,0,0
162,0,114.04747910121145,9,14,4,2,1,0,0,0
204,0,70.58180004586897,7,26,4,4,0,0,0,0
149,1,143.08604467397308,6,4,4,4,1,0,2,0
8,1,155.86420473091445,8,11,4,2,0,0,0,0
136,0,94.2816300172288,7,2,4,2,2,0,0,0
51,0,95.55921569693872,3,21,4,2,0,2,0,0
40,1,98.40890301553505,10,1,4,0,0,2,0,0
15,0,153.63356419008565,4,29,4,3,1,0,3,0
267,0,95.83654979786037,9,29,4,2,1,1,0,0
11,1,80.0,8,27,4,1,0,0,0,0
4,0,109.0,6,4,4,1,0,3,0,0
256,1,115.0,6,15,3,2,0,1,0,0
262,0,70.64875958504422,9,12,3,1,1,0,0,0
103,0,93.35399033153888,7,4,3,2,0,0,0,0
196,0,81.30201690664558,5,22,4,1,0,1,0,0
210,0,90.9,8,17,4,1,0,0,0,0
151,0,103.11190993922655,8,28,4,4,2,0,3,0
10,1,100.27540913482086,9,18,4,1,1,0,0,0
143,0,100.3,6,1,4,3,1,0,0,0
307,0,88.39995296029197,11,23,4,3,0,0,0,0
21,0,92.25819043475455,2,7,4,2,0,0,0,0
95,2,90.0,11,20,4,0,2,0,0,0
197,0,112.45874165175866,8,26,3,4,1,0,0,0
214,1,127.72630375199113,9,15,4,1,0,0,1,0
114,0,108.1844373255262,6,18,4,3,1,0,0,0
53,0,149.0222631123544,3,27,4,1,2,0,4,0
126,1,79.45958105937181,10,12,3,1,1,2,0,0
6,0,110.99632515508105,2,3,4,3,0,0,0,0
12,0,136.0,6,13,4,2,1,0,2,0
148,0,96.76871205617928,6,13,3,2,0,1,0,0
47,0,79.30363749971971,9,11,3,2,1,2,0,0
123,0,74.04641947590969,10,10,4,2,0,0,0,0
67,0,80.52622012748347,3,30,4,3,0,1,0,0
240,0,146.37790361690548,10,8,4,3,1,0,3,0
39,0,150.3,4,1,4,1,1,0,2,0
191,1,110.01906027126687,8,22,4,3,1,0,0,0
193,0,108.9,9,1,4,2,0,0,0,0
12,0,182.17308389407546,6,16,4,2,0,0,3,0
35,0,90.12925802042064,5,21,3,0,0,3,0,0
44,0,111.26902284460674,10,2,4,3,0,0,2,0
50,0,89.97995265080587,10,3,4,3,0,0,0,0
38,0,131.4,3,19,4,1,0,0,3,0
96,0,121.5,6,17,4,1,0,0,0,0
58,1,83.80172118707321,2,28,4,3,1,0,0,0
151,0,84.94386383977208,7,28,4,2,0,3,0,0
102,0,96.87042764999842,6,24,3,3,0,0,0,0
36,0,89.04022041672772,5,19,2,1,0,1,0,0
27,0,142.70126509232463,4,15,4,4,2,0,3,0
80,1,76.5,7,3,4,3,0,0,0,0
275,0,90.24177255292595,10,5,4,4,1,0,0,0
124,0,119.07131876064827,7,16,4,1,1,0,3,0
78,0,85.68722241771314,3,7,4,2,0,2,1,0
89,0,135.9,8,3,4,3,1,0,0,0
1,0,81.0,2,8,4,1,0,3,0,0
162,1,119.4897510432147,7,26,4,1,0,0,3,0
160,0,136.86687045650993,6,13,4,3,0,0,3,0
81,0,124.60405325842868,7,24,4,1,1,0,0,0
9,0,128.81906639805104,4,16,4,4,1,0,2,0
23,0,89.0,5,22,4,1,0,3,0,0
68,0,137.7,6,26,4,2,0,0,2,0
17,0,156.5666818793995,5,10,4,1,0,0,3,0
56,0,86.13548455869956,3,27,4,4,0,0,0,0
23,0,154.21435414182827,10,24,4,2,1,0,3,0
68,0,137.6172266385062,4,7,4,3,0,0,0,0
2,0,263.92039255719834,6,13,4,1,0,0,2,0
36,0,88.23736657202143,11,9,4,1,0,2,0,0
81,0,90.18180762979695,6,23,4,1,0,0,0,0
44,0,99.0,8,30,4,2,0,3,0,0
57,0,158.31034582034985,10,17,4,2,0,0,3,0
209,0,90.95,7,29,4,3,1,0,0,0
163,1,127.10476729164405,8,29,4,2,2,0,3,0
167,0,99.45,8,2,4,3,1,0,0,0
92,1,159.3,4,1,4,2,0,0,3,0
204,0,86.66915843087858,7,21,4,1,0,0,1,0
85,0,150.05505074632146,8,12,4,2,0,0,3,0
157,0,217.6,8,19,4,3,2,1,5,0
43,0,128.11000059974236,11,14,4,3,0,0,3,0
31,1,175.95818841685107,9,2,4,4,1,0,3,0
295,1,117.0,9,21,3,4,0,1,0,0
99,0,91.5,4,26,4,2,0,3,0,0
122,0,108.72888981338917,4,28,4,1,0,0,0,0
52,0,246.10201907825277,7,16,4,1,1,0,5,0
6,0,137.0,5,3,4,3,0,0,0,0
66,0,150.12065055894496,6,29,4,2,0,0,3,0
324,0,111.50140358576613,8,16,4,2,0,0,0,0
418,0,99.31879810177654,9,26,3,2,1,1,0,0
151,1,120.82145882564895,7,6,4,3,0,0,3,0
227,0,106.86995884447732,10,13,4,3,3,0,0,0
181,1,90.9,10,28,4,1,0,0,0,0
183,1,111.99369777571884,8,8,3,3,0,0,0,0
5,0,99.2812713890219,8,14,4,2,1,0,0,0
178,1,97.71006599077957,8,24,4,3,0,2,0,0
52,0,79.49797343068155,10,3,4,1,0,2,0,0
194,0,102.64383111067075,8,12,4,2,1,0,0,0
61,0,119.31601336507508,7,7,4,2,0,0,1,0
106,1,80.68393669168385,5,28,3,1,2,0,0,0
158,0,89.5853772329307,5,25,3,2,2,1,0,0
385,1,114.92495454432743,10,22,4,0,1,1,0,0
47,1,77.45706315434599,11,21,4,2,0,3,0,0
56,0,116.36156962140592,5,12,4,2,0,2,0,0
30,0,111.09691922337228,9,3,4,0,1,0,2,0
33,0,124.31024135747424,9,12,4,4,1,0,1,0
15,0,115.58333368451679,7,10,4,2,1,0,0,0
26,0,166.76306047117592,6,28,4,2,0,0,3,0
21,0,138.56466779355517,4,30,4,2,0,0,0,0
77,0,116.52665432331005,7,19,4,3,0,1,0,0
21,0,136.18183279407177,7,8,4,2,2,0,3,0
19,0,106.33209567768151,10,25,4,2,0,1,0,0
80,0,119.0179616891003,9,2,4,0,1,0,2,0
129,0,133.62858902848913,7,26,4,4,1,0,3,0
18,0,48.46043535526266,10,17,3,2,1,2,0,0
7,0,90.31294303506033,2,16,4,0,0,1,0,0
185,1,130.04353997106102,8,5,4,5,2,0,3,0
235,0,121.33779063575294,9,28,4,3,0,0,0,0
73,0,158.68156330900783,3,29,4,1,2,0,3,0
45,0,71.1,3,11,4,1,0,3,0,0
209,1,90.70158174145877,8,16,4,3,0,0,0,0
180,0,105.49414695855725,8,20,3,1,0,0,1,0
8,0,79.11107840098292,11,15,4,5,2,3,0,0
40,0,76.70103528868053,2,14,4,2,0,0,0,0
22,0,128.25640561039492,5,21,4,3,1,0,0,0
81,0,85.5,5,23,4,1,0,3,0,0
26,0,118.51530274816845,9,26,4,1,0,0,0,0
111,0,85.65161607135985,5,30,3,3,0,0,0,0
60,0,132.57534162338993,7,4,4,2,1,0,1,0
47,1,149.44055362372777,7,1,4,1,1,0,3,0
153,0,189.2302773790634,6,13,4,1,2,0,5,0
33,0,134.21783343304583,7,19,4,1,0,0,0,0
114,1,151.09575419331085,9,8,4,1,1,0,3,0
180,1,112.2,8,10,4,4,2,0,3,0
215,0,115.72610002530845,9,28,4,3,0,0,0,0
92,0,82.07844547648638,4,1,4,4,2,3,0,0
187,0,106.88331710065601,7,19,4,3,0,0,3,0
152,0,92.17931118718926,8,20,4,4,2,3,0,0
162,1,111.92246407064555,7,14,3,3,0,0,0,0
208,0,99.16786127267338,10,5,4,3,0,2,0,0
67,0,198.903279371171,5,13,4,1,1,0,5,0
60,0,136.80767916845556,7,16,4,1,0,0,1,0
252,0,91.4399910693445,5,3,3,3,0,0,0,0
418,0,85.97597496043888,9,26,3,2,1,0,0,0
177,0,99.74522926688125,6,3,4,1,0,0,0,0
125,0,107.92799263878992,7,6,4,1,1,0,0,0
157,1,117.68,11,6,4,2,2,0,0,0
36,0,105.1431477774428,4,10,4,1,1,0,0,0
103,0,104.67311080541924,4,26,4,3,1,0,2,0
77,0,95.29651706639261,5,22,4,3,1,1,0,0
215,0,68.40371977139301,9,15,4,2,0,1,0,0
5,0,161.83335897245567,4,25,4,3,1,0,3,0
39,0,71.1,3,11,4,2,0,3,0,0
116,0,95.93885901982063,7,17,4,1,1,0,0,0
219,0,106.14214911296567,9,3,4,1,0,0,0,0
189,1,104.09520387833507,7,8,4,2,0,2,0,0
132,0,115.97637216100824,5,4,4,3,0,0,3,0
8,1,150.76773427420247,7,2,4,1,0,0,0,0
238,0,159.2641190096784,8,29,4,2,0,0,3,0
141,0,109.03534625480567,6,4,4,1,1,3,0,0
263,1,138.76536030693177,10,19,4,3,2,0,3,0
252,0,103.53047076663422,7,8,4,1,0,0,0,0
141,0,95.9608296153143,6,1,4,2,0,0,0,0
177,0,88.40400428494601,8,9,4,3,0,2,0,0
104,0,131.5448319315818,8,10,3,4,1,0,2,0
234,0,90.76362842340892,8,12,3,2,1,0,0,0
40,0,107.1,4,1,4,1,1,3,0,0
49,1,139.72718807469184,8,16,4,4,1,0,3,0
49,0,89.87455357724006,9,5,4,2,0,3,0,0
2,0,204.89446074276165,8,14,4,1,0,0,0,0
185,0,87.53790516386081,8,11,4,5,2,3,0,0
152,2,169.83269372177116,7,3,4,5,1,0,2,0
77,0,168.3,8,12,4,1,1,0,3,0
2,0,99.42603686838807,10,26,3,0,1,0,0,0
14,0,100.11302433829317,9,13,4,1,1,1,0,0
30,0,109.27503078429089,4,12,4,2,0,0,0,0
44,0,90.89322565944413,11,19,4,1,1,0,0,0
116,0,112.78646581325393,7,6,3,1,1,0,3,0
19,0,113.23390433328751,10,1,4,2,0,0,0,0
43,0,112.42911722754934,10,2,4,2,1,0,1,0
201,1,119.8835113656025,9,9,4,2,1,0,0,0
34,0,137.05646716003892,8,1,4,2,1,0,0,0
13,1,77.20031937919892,11,20,4,5,2,1,0,0
232,1,137.84054949975365,9,5,3,2,0,0,2,0
234,0,90.51716414019798,8,22,4,3,1,0,0,0
162,0,115.0,10,14,3,2,2,0,0,0
48,0,74.27747330983098,3,1,4,3,0,1,0,0
127,0,140.23229626938016,7,11,4,1,1,0,0,0
28,0,95.0,4,18,2,1,0,0,0,0
71,0,151.45018097097596,9,18,4,2,0,0,3,0
41,0,140.4,5,13,4,1,0,0,3,0
25,0,158.15082180802943,5,20,4,2,0,0,3,0
99,0,91.54462654388195,10,25,4,1,0,0,0,0
89,0,115.90783860511006,5,28,4,1,1,2,0,0
227,0,71.90975072209754,12,8,4,2,0,0,0,0
62,0,144.0310352134196,6,8,4,2,0,0,1,0
157,0,114.02766779601976,9,26,4,1,0,0,1,0
9,1,90.0,8,15,4,4,1,0,0,0
211,1,121.01567652396614,8,22,4,4,0,0,2,0
65,0,214.09231820938658,6,10,4,6,2,0,5,0
100,0,222.07126235019342,9,23,4,5,1,1,5,0
157,1,79.37968377776042,11,24,4,1,0,3,0,0
249,1,118.0077743280985,9,21,4,1,0,0,0,0
9,0,93.076666455635,2,8,4,2,0,0,0,0
124,0,75.73321796030831,9,5,4,2,2,1,0,0
99,0,98.98328367495571,9,28,3,3,0,0,0,0
17,0,114.04376584719832,6,12,4,0,2,0,0,0
153,1,123.18937242004715,8,8,4,4,1,0,1,0
10,0,85.38228156555327,7,2,4,3,0,0,0,0
4,0,65.0,8,7,2,0,0,0,0,0
50,0,145.69,11,9,4,2,0,2,0,0
87,0,59.04485857926286,2,26,4,3,1,1,0,0
79,0,140.4,5,20,4,1,1,0,3,0
18,0,272.27505848137145,4,23,4,2,1,0,5,0
26,0,229.70672586002186,9,22,4,2,0,0,5,0
65,0,105.35829880917957,6,24,4,2,1,0,0,0
90,0,114.3,6,27,4,4,1,0,0,0
178,0,81.71810943567309,7,26,4,2,1,0,0,0
129,0,79.2,11,12,4,1,1,3,0,0
8,0,119.43731018275682,5,18,4,2,0,0,0,0
134,1,160.8800785180798,11,27,4,4,1,0,4,0
215,0,93.29695826423479,7,17,4,1,0,0,0,0
166,0,120.08540909116964,8,2,4,4,1,0,0,0
57,0,131.56119486255315,9,30,4,4,1,0,3,0
289,0,88.18267620895764,11,14,3,2,0,0,1,0
70,0,79.51191451142313,5,11,3,4,0,0,0,0
9,0,151.39061705550324,8,25,4,1,1,0,2,0
27,0,108.81751042360183,10,2,4,1,0,2,0,0
11,1,74.45460767432436,11,15,4,6,3,1,0,0
216,1,79.48886462560205,12,27,4,3,0,3,0,0
118,0,76.15065092523218,2,27,3,2,2,0,0,0
219,0,80.34525292370205,8,12,3,1,0,1,0,0
46,0,152.1883982612877,10,7,4,2,1,2,0,0
96,0,183.61075569549192,8,23,4,3,1,0,5,0
114,0,130.38654470246033,6,27,4,2,0,0,1,0
35,0,126.16490918418337,8,4,4,0,1,0,0,0
27,1,139.39257440028615,7,21,4,1,0,2,0,0
28,0,131.1690991681539,6,13,4,1,0,0,3,0
31,0,82.99814532825488,2,13,3,1,0,0,0,0
164,0,99.45,5,1,4,3,1,0,0,0
9,0,167.58340648414548,7,22,4,1,0,0,1,0
51,1,79.2,11,23,4,2,1,3,0,0
304,0,89.0,11,3,3,3,0,0,0,0
172,0,105.25132819864464,7,4,4,1,0,0,0,0
254,1,82.75048589594046,9,16,4,4,2,2,0,0
109,0,118.13437215928958,8,16,4,3,0,0,0,0
75,0,134.33142900456295,10,20,4,1,0,0,0,0
172,1,100.5752785025841,3,30,4,2,0,0,0,0
1,0,151.24590778988596,8,11,4,3,0,1,2,0
2,0,76.1534453593172,11,26,3,4,3,0,0,0
80,1,149.18014524049127,8,8,4,2,0,0,3,0
237,0,89.99092862708363,9,15,4,2,1,0,0,0
54,0,88.4,11,15,4,3,1,0,0,0
16,0,114.0,3,5,4,1,0,1,0,0
99,0,82.0920153761416,4,11,3,3,0,0,0,0
188,0,106.76524144038297,8,4,4,3,0,0,0,0
6,0,90.75591791462514,5,22,3,1,0,0,0,0
80,0,171.45326073453876,3,24,4,2,1,0,5,0
172,0,120.51531483500624,8,15,4,1,1,0,0,0
87,0,97.33156720155961,5,10,4,3,0,0,0,0
104,0,127.69638319873815,6,10,3,1,0,0,0,0
95,0,150.78364023328817,7,29,4,5,3,0,3,0
43,0,131.52432024277897,4,8,4,3,1,0,0,0
51,0,132.6641808691709,6,7,4,1,1,0,0,0
91,0,89.7801252070246,11,26,4,3,0,1,0,0
23,0,165.2174242945412,6,27,4,2,1,0,3,0
148,1,79.78798339892565,7,27,4,3,2,0,0,0
115,0,62.40056442822735,2,27,3,4,2,0,0,0
272,0,93.91927480874541,6,24,4,2,1,0,0,0
314,0,159.9659897388559,9,29,3,2,1,1,0,0
233,0,106.72868361415343,9,17,2,2,1,0,3,0
169,1,121.5,8,3,4,3,0,0,0,0
173,0,85.89715284035141,7,8,4,2,0,1,0,0
72,1,85.25060296347355,3,17,4,0,0,2,0,0
107,0,94.42578641406213,6,9,4,4,2,3,0,0
34,0,139.5,10,2,4,2,1,0,3,0
284,0,99.1901101124083,9,4,4,2,0,0,0,0
27,0,117.58282702992163,4,22,4,1,0,0,0,0
322,0,69.55891090641572,5,17,3,4,0,0,0,0
28,0,104.77147700944617,3,4,4,1,0,0,0,0
67,0,149.4,9,15,4,5,1,0,3,0
91,0,134.88049086013717,8,2,4,3,0,0,0,0
118,0,109.99310065208032,12,24,4,1,1,0,0,0
105,0,83.78613226542252,8,29,4,1,2,0,0,0
228,1,209.4198277621526,9,14,3,1,1,0,1,0
159,0,324.70219105491583,7,11,3,2,1,1,0,0
69,0,198.9,4,20,4,2,1,0,5,0
18,1,111.76505509111131,10,1,4,2,0,0,0,0
12,0,112.42,5,30,4,2,1,0,3,0
101,0,107.09921457986877,8,25,4,1,1,0,0,0
69,1,77.63484492451677,10,24,4,2,0,1,0,0
38,0,67.60448211027906,2,11,4,2,1,3,0,0
70,0,117.35339134828529,3,22,4,2,0,0,3,0
61,0,99.9,6,20,4,1,0,0,0,0
30,0,101.16458450910208,4,13,4,3,0,3,0,0
71,0,170.12901135545246,7,4,4,4,2,0,2,0
127,0,103.5,7,7,4,3,0,3,0,0
30,0,135.9,7,8,4,1,0,0,0,0
27,0,121.22173135651516,9,18,4,1,2,0,0,0
35,0,140.4,3,25,4,1,0,0,3,0
174,1,139.7088519511239,8,15,4,1,0,0,3,0
49,0,99.0,8,30,4,3,0,3,0,0
45,0,71.1,3,11,4,2,0,0,0,0
109,0,116.91003014055576,10,22,4,3,0,0,0,0
8,0,183.47394576451666,7,15,4,2,0,0,3,0
50,0,123.16164958673856,9,2,4,2,0,0,2,0
41,0,75.65365388267033,2,17,4,3,2,0,0,0
25,0,219.81713968220197,8,16,4,1,1,0,5,0
32,0,142.7599426572169,4,9,4,3,0,0,0,0
256,1,115.0,6,15,3,2,0,1,0,0
2,0,65.0103695219614,2,15,2,0,1,0,0,0
41,0,115.24776673560977,5,29,4,1,1,3,0,0
64,0,115.93811551216601,5,18,4,2,1,2,0,0
312,0,91.70478458476089,11,1,3,3,0,0,2,0
63,0,118.64119190730966,3,23,4,1,1,0,2,0
204,0,94.67691843626595,8,18,4,4,2,0,0,0
57,1,90.02008021096569,3,30,4,3,0,0,0,0
207,1,128.74944888210754,8,7,4,1,1,0,0,0
134,0,134.19646406430584,7,27,4,3,0,0,3,0
217,1,119.85,9,12,4,3,0,0,0,0
99,0,94.20722962552534,4,15,4,2,1,0,1,0
56,0,68.34296619877544,3,13,4,3,0,3,0,0
128,0,115.523326009488,6,8,4,1,1,0,1,0
68,0,118.8,4,22,4,1,1,0,3,0
167,0,119.90382996532053,8,3,4,4,1,0,0,0
179,0,180.04675505958886,7,14,4,5,1,0,3,0
40,0,126.9,5,20,4,2,1,0,0,0
51,0,123.79772079251208,7,28,4,2,1,0,3,0
153,2,108.23572977789398,7,1,4,0,1,0,0,0
7,1,139.32414525309073,10,16,4,4,1,3,0,0
9,0,111.99778029284444,5,25,4,1,1,1,0,0
69,0,149.4,9,16,4,1,0,0,3,0
24,0,158.48834199436564,8,19,4,2,0,0,0,0
101,0,95.73792539573006,6,17,3,1,0,0,0,0
229,0,70.6991842598542,10,27,4,3,0,0,0,0
263,1,146.12645596709265,12,26,4,6,2,0,2,0
13,0,151.52068204021845,7,1,4,0,0,0,0,0
150,0,99.01236823204012,7,18,3,3,1,0,0,0
34,0,140.4,4,21,4,1,0,0,3,0
68,0,120.41746741315775,5,11,3,3,1,0,0,0
83,0,104.4,6,26,4,3,0,0,0,0
157,0,121.69469342733385,8,21,3,2,0,0,0,0
182,1,129.0183993124379,8,2,4,2,0,0,0,0
251,1,95.61114802709908,8,16,3,1,0,2,0,0
27,0,175.52370970558943,5,27,4,2,1,0,3,0
91,0,81.24666478998839,4,2,4,3,1,2,0,0
14,0,150.78761708643327,7,1,4,1,0,0,0,0
30,0,195.18961991778318,8,24,4,2,2,0,4,0
112,0,172.03259440504618,10,26,4,1,1,1,3,0
0,0,63.52142134939638,5,9,2,1,0,0,0,0
194,0,90.95,7,13,4,7,2,0,0,0
39,0,89.5342075879429,5,26,4,0,2,2,0,0
41,0,88.87334369014529,4,21,4,1,0,3,0,0
82,0,123.15620618022497,4,16,4,2,1,0,2,0
151,0,215.87899055935807,8,20,4,3,1,1,4,0
35,0,135.9,8,10,4,1,0,0,0,0
42,0,113.49670719460816,3,19,4,2,1,0,0,0
296,1,191.2540351296616,12,26,4,5,1,1,4,0
54,0,130.62865864094664,3,22,4,2,1,0,1,0
40,0,89.02537291994571,5,24,2,0,0,0,0,0
3,0,57.26168154803226,2,11,3,0,1,2,0,0
93,0,158.79429139773976,6,8,4,2,0,0,0,0
224,0,97.57270480039757,8,6,3,2,1,0,0,0
158,0,147.48725706160963,7,6,4,1,0,0,3,0
1,0,67.01807290798385,6,27,2,0,2,0,0,0
18,0,141.02350850285882,9,22,4,3,1,2,0,0
50,0,139.33388225433322,9,4,4,1,2,0,3,0
7,0,95.0,5,23,4,0,0,0,0,0
49,0,36.22698948504189,10,4,4,0,1,0,0,0
159,0,189.05726121006057,5,26,4,3,0,0,5,0
282,0,105.17532574452957,10,3,3,3,1,0,1,0
23,0,85.0,2,5,4,1,1,0,0,0
38,0,113.03268319084427,7,26,4,2,1,1,0,0
117,0,110.11439237076121,5,11,4,3,0,0,0,0
174,1,114.44982342406608,7,30,4,2,2,0,0,0
68,0,121.78587167242559,9,2,4,4,2,1,1,0
0,0,162.4517705741307,5,18,2,1,0,0,0,0
12,0,129.0,6,26,4,0,0,3,0,0
104,0,104.70308756190076,5,6,4,5,2,0,0,0
5,0,137.64027754446204,5,2,4,3,0,0,0,0
196,0,128.7,8,28,4,1,2,0,3,0
195,0,104.38549214401293,9,3,4,6,3,2,0,0
44,0,89.1,6,21,4,2,0,3,0,0
69,0,149.944271310208,5,13,4,1,0,0,4,0
84,0,76.5,7,6,4,3,0,0,0,0
41,0,107.1,4,4,4,1,1,3,0,0
102,0,108.0,10,18,4,1,0,1,0,0
100,0,119.6468503581149,5,3,4,3,0,0,0,0
86,0,149.9005114270162,8,11,4,2,0,0,3,0
3,0,98.25220211647286,9,25,3,0,0,0,0,0
31,1,130.34309440146515,7,24,4,2,0,0,0,0
155,0,85.24047627896032,10,16,3,4,0,0,0,0
9,0,90.0,6,13,2,3,0,0,1,0
116,0,96.41234047786881,8,5,3,1,2,0,2,0
103,0,132.8288166252629,9,11,4,4,2,0,2,0
51,0,86.0215551727314,3,28,4,2,0,0,0,0
12,0,169.4206378670122,3,27,4,1,0,0,0,0
109,0,76.5,7,13,4,1,0,0,0,0
301,0,109.0,7,30,3,1,1,1,0,0
78,0,76.23135833095739,9,26,3,1,1,0,0,0
29,0,81.44036114175339,2,6,4,1,0,0,0,0
35,0,104.0,12,7,4,2,0,0,0,0
43,0,212.4566733548996,3,17,4,3,1,0,5,0
36,0,152.9424644028944,10,15,4,1,0,0,3,0
205,0,81.19955346132481,8,4,4,3,1,2,0,0
21,0,95.0,4,18,4,1,0,0,0,0
25,0,152.17911079740298,10,25,4,0,2,0,3,0
213,1,177.3,8,7,4,0,2,0,5,0
55,0,111.27845059788505,8,28,4,1,0,1,0,0
110,1,205.19787350619708,8,20,4,4,1,0,6,0
47,0,107.1,4,4,4,1,1,3,0,0
136,0,100.6476777291977,7,23,4,3,0,0,0,0
24,0,274.35248339038554,7,27,4,3,1,0,5,0
168,0,105.66701572788642,8,19,4,1,0,0,0,0
72,0,119.78952300799483,4,14,4,2,1,0,0,0
69,0,107.6902614756873,5,25,4,2,2,0,0,0
130,0,140.1199497317057,9,26,4,4,2,0,3,0
121,0,125.06528892659468,7,11,4,1,0,0,0,0
17,0,135.7727441445464,2,9,4,1,0,0,0,0
30,0,78.16529176135755,2,7,4,0,1,0,0,0
194,1,108.9,9,1,4,1,1,0,0,0
116,1,121.49800843656192,10,16,4,4,0,0,3,0
9,0,147.3483705121022,3,23,4,1,1,0,3,0
158,1,129.64898277682346,9,16,4,3,2,0,0,0
65,0,108.37032245499462,5,17,4,1,0,0,3,0
235,0,89.2307857783291,9,29,4,3,1,0,0,0
152,0,90.20710070182888,7,11,4,4,1,3,0,0
145,0,74.70525852044771,7,9,3,2,1,0,0,0
170,0,96.59478329224959,8,15,4,3,0,2,0,0
324,0,168.03482039283318,8,30,4,2,0,0,3,0
39,0,76.69467136084259,2,11,4,2,1,0,0,0
194,0,160.0192956215005,7,20,4,2,1,0,5,0
93,0,176.32092561199892,8,14,4,2,0,0,4,0
38,0,149.9782175143575,8,11,4,1,2,0,3,0
88,0,98.24165904255527,4,25,4,4,0,0,0,0
14,0,105.0,8,19,2,2,0,0,0,0
152,1,114.65656918917517,7,20,4,4,2,0,2,0
64,0,77.18950097375466,3,30,4,2,1,3,0,0
46,0,78.3,3,4,4,2,0,0,0,0
99,0,126.9,5,7,4,1,0,0,0,0
17,0,85.0,2,6,4,1,1,0,0,0
187,0,63.040619263687866,6,28,4,4,2,1,0,0
9,0,156.102018772775,5,5,4,1,0,0,3,0
205,0,90.9153721194213,7,29,4,2,1,0,0,0
97,0,141.7104694368258,5,22,4,2,1,0,3,0
123,0,77.0532638562173,8,6,4,1,2,0,0,0
29,0,92.43449820623827,8,31,4,2,0,3,0,0
99,0,126.9,5,6,4,1,0,0,0,0
183,1,111.48659834461395,8,8,4,3,0,0,0,0
145,0,95.02066374097761,7,17,3,1,0,2,0,0
42,1,112.60284606858485,8,18,4,1,1,2,0,0
164,0,99.91424458525145,9,1,3,2,0,0,0,0
63,0,120.93901740874541,9,2,4,1,0,0,3,0
157,1,132.68350115082862,7,27,4,4,0,0,3,0
188,0,117.89978813464262,8,28,4,3,0,0,0,0
53,0,94.23356222454103,11,6,4,2,0,0,0,0
150,0,80.15958486979146,9,25,3,6,3,0,1,0
37,0,81.9,3,10,4,2,2,0,0,0
265,1,117.05794363442139,9,29,4,2,1,0,2,0
151,2,105.19602771022173,8,20,4,1,0,0,0,0
36,0,125.05803113762609,9,2,4,2,2,0,3,0
22,0,105.77998594274317,9,25,4,2,1,0,0,0
231,0,91.85591381084885,8,25,4,2,0,0,0,0
110,0,119.43528982103786,10,10,3,0,1,0,0,0
107,0,113.76727153490653,6,3,4,1,1,0,0,0
246,2,117.22811191123762,9,25,4,1,0,0,0,0
87,0,97.53520534301384,6,8,4,3,0,0,0,0
286,0,90.0,10,16,3,0,1,0,0,0
12,0,130.48342928218082,9,28,4,1,1,0,0,0
127,0,140.62834691414832,7,11,4,2,0,0,0,0
74,0,93.6,11,3,4,2,0,0,0,0
117,0,123.62375861657748,10,26,4,2,1,0,2,0
175,0,99.45,8,10,4,3,0,0,0,0
30,0,121.07369975218525,4,19,4,2,0,0,3,0
73,0,149.4,8,19,4,2,0,0,3,0
157,0,99.45,8,1,4,4,1,0,0,0
170,1,113.10584392923435,8,10,3,3,1,0,3,0
38,0,125.1,8,19,4,0,1,3,0,0
51,0,125.82652302325903,3,21,4,2,1,0,0,0
385,0,109.61341853488487,10,22,3,0,1,1,0,0
171,1,109.26041773683419,9,3,4,2,1,1,0,0
50,1,79.2,11,23,4,2,1,3,0,0
109,0,94.93036333110331,6,25,4,1,1,0,0,0
45,0,151.97330679126665,8,3,4,1,0,0,0,0
55,0,177.3,4,16,4,1,2,0,5,0
30,0,186.22,11,2,4,9,4,0,5,0
63,0,105.3,6,22,4,2,1,0,0,0
215,1,102.85,10,1,4,2,1,0,0,0
32,0,130.26796394224235,8,8,4,1,0,0,0,0
6,0,103.9844686849876,4,16,4,1,0,3,0,0
256,0,100.90288903504887,7,1,3,1,0,0,0,0
150,0,135.09254004958103,9,3,4,2,1,0,0,0
33,0,84.02521191065134,4,1,4,3,0,1,0,0
65,0,141.3551182023256,5,5,4,1,0,0,1,0
227,0,72.36873034982172,5,6,4,2,0,0,0,0
58,0,88.17000706065174,11,10,4,2,0,2,0,0
203,0,94.04206317487265,6,7,3,3,0,0,0,0
261,0,113.97031285286974,7,22,3,2,0,2,0,0
102,0,80.4115295135221,5,28,3,1,2,0,0,0
55,0,249.61018270877693,7,14,4,1,1,0,5,0
102,0,107.6305350236737,9,7,4,0,1,3,0,0
89,0,76.5,8,15,4,4,1,0,0,0
6,0,166.7424205118714,7,21,4,0,0,0,0,0
133,1,74.45303452176132,11,21,3,4,2,2,0,0
182,0,122.4,10,5,4,3,0,0,3,0
233,0,159.0838141575961,8,26,4,2,0,0,4,0
195,0,106.37822746889775,9,3,4,6,2,1,0,0
139,0,139.67959643474285,11,27,4,2,0,0,4,0
208,0,73.33253323364796,11,28,4,2,1,0,0,0
87,0,147.62071751624887,10,6,4,2,1,0,3,0
118,0,90.9,4,15,4,1,0,0,0,0
116,1,84.29500558776071,12,13,4,4,0,0,0,0
113,0,107.28809358487707,7,17,4,3,1,0,0,0
61,1,77.88794586197399,2,28,4,2,1,0,0,0
191,1,130.64161087657484,8,22,4,2,0,0,0,0
32,0,111.16788621235835,4,13,4,3,1,0,0,0
128,0,114.3,8,7,4,2,1,0,0,0
45,0,112.5,4,7,4,1,0,0,0,0
181,0,99.2573153288125,8,24,4,3,0,0,0,0
19,0,118.33522348756993,8,19,4,0,0,0,0,0
112,0,119.02524473349182,8,6,3,3,0,0,0,0
66,0,84.3543981044131,3,13,4,4,1,0,0,0
379,1,90.0,10,16,3,1,0,1,0,0
153,1,121.74484374680924,7,7,4,3,1,0,3,0
12,0,121.04162046813843,8,26,4,2,2,3,0,0
95,0,85.18930769596308,7,22,3,2,0,1,0,0
109,0,157.8542789977886,8,11,4,3,1,0,3,0
70,0,150.33646745885204,6,4,4,4,1,0,2,0
164,0,106.59761362315018,8,13,4,3,2,0,0,0
20,0,72.47890314231444,11,22,4,2,0,3,0,0
19,1,168.78437423887414,7,1,4,1,0,0,0,0
5,0,99.85513789518782,7,14,3,2,1,0,0,0
157,2,151.6401256944493,9,9,4,1,1,0,2,0
22,0,190.9523821246086,7,21,4,2,1,0,3,0
186,0,130.24925723049452,7,16,3,2,0,0,0,0
209,0,92.82253725906214,8,17,4,4,0,0,0,0
134,0,94.5,6,17,4,1,0,3,0,0
279,0,110.0,9,17,4,2,0,0,0,0
49,0,78.3,3,6,4,2,0,0,0,0
237,0,86.65648325921218,8,5,4,2,0,0,1,0
206,0,100.30214500747272,7,28,4,4,1,0,1,0
29,0,100.70408378531276,2,4,4,10,3,0,3,0
0,0,100.57892170632431,3,21,3,0,0,0,0,0
104,1,78.46204476981904,5,27,3,1,2,0,0,0
14,1,200.94452025728717,7,12,4,1,0,0,3,0
19,0,139.81377444335055,6,15,4,2,0,1,0,0
7,0,77.48291109252406,9,13,4,5,2,1,0,0
84,0,93.6,11,12,4,0,1,0,0,0
157,0,70.31536906020145,7,2,4,2,1,0,0,0
204,0,91.54048380780264,7,4,4,7,1,0,0,0
162,1,118.8,7,25,4,1,0,0,3,0
115,0,76.83623505845445,8,18,4,2,0,0,0,0
282,0,86.61824505362887,10,29,4,2,2,0,0,0
59,0,116.48783970158212,4,21,4,2,1,1,0,0
106,0,105.29234822352657,6,11,4,4,1,0,0,0
43,0,147.0775690356022,4,26,4,2,1,0,0,0
130,2,136.32770556035035,8,27,4,1,1,0,3,0
12,0,109.28784044908407,10,22,3,2,0,0,1,0
103,0,76.2932020490815,3,15,4,2,1,0,0,0
71,0,90.91571484743056,4,6,4,2,0,0,0,0
209,0,85.19585350970233,7,30,4,3,0,2,0,0
307,0,106.84064504559485,8,11,3,3,1,0,2,0
134,1,76.75613693530195,12,28,4,1,0,1,0,0
18,0,79.0,2,12,4,2,0,3,0,0
5,0,95.0,10,5,0,6,2,0,1,0
236,1,125.56986034684238,9,20,4,2,0,0,0,0
38,1,81.9,3,9,4,3,1,0,0,0
49,0,112.2,4,8,4,2,1,0,3,0
169,1,105.72190531081172,7,21,3,1,1,0,0,0
225,0,71.33348728032725,11,29,4,2,2,2,0,0
87,1,119.76849880955601,8,9,4,1,0,0,0,0
9,0,150.4684593551987,6,26,4,2,1,0,3,0
15,0,89.63181747404782,7,19,4,1,0,3,0,0
134,0,94.5,5,17,4,3,0,3,0,0
45,0,79.24809871609052,11,10,4,2,0,2,0,0
101,0,103.5,7,3,4,4,1,3,0,0
34,0,81.0,6,19,3,1,2,0,0,0
179,1,127.70654013208481,8,3,4,1,2,0,0,0
19,0,85.0,2,6,4,1,1,0,0,0
158,0,112.16021886016199,8,26,4,1,0,0,0,0
40,0,150.29873648097933,5,7,4,3,0,0,2,0
9,0,95.7223848316189,10,14,4,2,1,2,0,0
26,0,232.2788835875742,9,19,4,2,1,0,5,0
12,0,127.0,2,25,4,2,0,0,2,0
145,0,94.59541169926267,4,24,4,0,1,0,0,0
124,0,143.1,9,20,4,4,1,0,3,0
67,0,132.89019755053786,4,21,4,2,1,0,3,0
15,0,129.15520102743642,4,5,4,3,0,0,3,0
139,1,110.69276365492745,9,11,4,2,0,1,0,0
36,1,62.25690701766588,3,9,4,3,0,0,0,0
18,0,129.0,8,23,4,0,1,3,0,0
160,1,108.50517363112613,7,16,4,3,1,0,0,0
202,1,137.7,8,27,4,1,0,0,3,0
38,0,88.94876927783824,11,15,3,5,3,0,0,0
57,0,94.68207176142857,4,24,4,0,1,3,0,0
32,0,124.25,9,12,4,4,1,0,1,0
203,0,90.95,8,29,4,3,1,0,0,0
115,1,102.04933417454338,4,28,4,3,1,0,3,0
76,0,119.99036173821713,10,10,3,0,0,0,0,0
162,0,114.74552949598507,8,12,4,1,2,0,0,0
28,0,130.8,6,14,4,2,1,0,3,0
38,0,126.0,9,2,4,0,1,0,0,0
18,1,159.0,9,23,4,1,0,0,0,0
19,0,232.03071404505505,9,18,4,2,2,0,5,0
277,1,96.3,10,18,4,1,0,0,0,0
44,1,135.17397995952427,3,26,4,3,2,0,3,0
12,0,129.0,6,25,4,0,0,3,0,0
117,0,125.38241973402287,10,25,4,2,1,0,1,0
182,0,120.0,10,12,3,1,0,0,0,0
78,0,63.488326028593015,9,20,3,1,0,3,0,0
215,0,177.0940568647422,10,6,4,4,2,0,0,0
164,0,100.0,10,2,3,2,0,0,0,0
256,1,113.76492330814177,6,15,3,1,0,1,0,0
45,0,77.62359382876038,3,2,4,3,0,0,0,0
31,0,103.82831842567548,4,13,4,1,0,3,0,0
44,0,151.6892801091675,7,4,4,1,0,0,0,0
3,0,89.0,3,18,4,1,1,3,0,0
111,1,76.5,7,6,4,2,1,0,0,0
68,0,93.4112775193381,5,19,4,1,1,1,0,0
4,0,110.0,9,29,1,1,0,0,1,0
123,0,114.3,8,6,4,2,1,0,0,0
69,0,67.51451233506997,3,8,4,1,0,2,0,0
1,0,81.135356432376,2,27,4,1,0,3,0,0
236,1,93.27449146086998,7,20,4,2,0,0,0,0
164,0,100.0,10,2,3,2,0,0,0,0
208,0,71.75427618833432,11,28,4,1,1,0,0,0
179,0,88.76429762035423,8,25,4,2,0,0,1,0
80,0,60.48087037421703,3,24,4,2,1,1,0,0
225,0,77.71723044681573,10,29,4,3,1,3,0,0
102,0,99.5647438804851,10,25,3,3,1,0,0,0
31,0,71.06468456178051,2,4,2,2,0,0,0,0
65,0,73.89959417180066,9,9,3,2,0,0,0,0
129,0,130.0087265390822,8,8,4,2,0,0,0,0
214,0,104.42989473011654,10,7,4,2,1,0,0,0
18,1,166.0,7,9,4,1,0,0,3,0
133,0,90.46860762175372,7,24,4,3,0,3,0,0
163,0,132.46176464593077,7,19,4,3,1,0,0,0
245,0,84.16649656052182,9,6,4,3,1,0,0,0
149,1,80.07810014838715,8,26,3,5,2,0,1,0
58,0,131.07898546060008,5,28,4,4,1,0,3,0
77,0,95.84288362754683,4,24,4,4,2,1,1,0
55,0,109.8,8,28,4,1,1,0,0,0
196,0,137.7,8,22,4,2,1,0,3,0
104,0,140.5951433005847,7,17,4,4,1,0,3,0
40,0,80.05731251524905,4,21,4,1,0,0,0,0
104,0,150.53978052332957,8,24,4,4,0,0,3,0
92,0,136.91470381984877,6,16,4,2,0,0,1,0
45,0,72.9,1,22,4,1,0,0,0,0
340,0,80.0,10,6,3,2,1,0,0,0
6,0,128.48818719081694,7,11,4,1,1,0,2,0
98,1,212.64888000894297,8,11,3,4,1,0,3,0
38,0,75.84524828797316,2,22,3,1,0,0,0,0
26,0,108.648125799773,8,28,4,1,1,3,0,0
85,0,88.43651573149265,11,24,4,3,1,0,0,0
329,0,1.0988039848270894,8,16,4,2,0,1,0,0
168,1,167.6389473957551,7,4,4,3,0,0,5,0
6,0,132.26706881624773,7,2,4,1,1,2,0,0
9,0,147.84537974765092,4,22,4,1,1,0,1,0
90,0,87.65636030999906,11,8,3,2,0,2,0,0
167,0,97.51992553638347,7,27,4,1,2,0,0,0
181,0,120.0,10,11,3,2,0,0,0,0
89,0,139.99290477191602,6,17,4,2,1,0,3,0
54,0,86.45228099043258,3,16,4,3,0,0,0,0
2,0,168.4478768666194,10,15,4,2,0,0,3,0
123,0,114.3,8,7,4,3,1,0,0,0
21,0,164.50807079689503,8,19,4,0,1,0,3,0
44,0,86.64527926121991,11,19,4,1,1,0,0,0
50,0,125.24914989085009,8,17,4,2,0,2,0,0
152,0,102.54394570354248,6,8,4,3,0,0,0,0
9,0,124.4251372638458,5,10,4,1,2,0,1,0
144,0,130.53869731104894,9,20,4,3,1,0,1,0
6,0,109.23280063566075,2,4,4,3,0,0,0,0
279,1,94.32496884488928,11,5,3,3,0,0,0,0
10,1,150.44908134812195,8,13,4,1,1,0,0,0
199,1,118.51926421475895,9,6,4,3,1,0,0,0
154,0,106.6941406182161,6,4,4,1,1,0,0,0
113,0,75.44339868747731,6,3,3,2,1,0,0,0
184,0,122.35050520470782,9,3,4,2,0,0,2,0
11,0,128.97127372645403,6,27,4,0,1,3,0,0
94,0,129.35922160644293,7,13,4,3,0,1,2,0
169,1,111.19250390195562,8,11,3,3,2,0,3,0
89,0,80.34186310759752,10,9,3,1,2,0,0,0
96,0,149.79406875084868,7,28,4,5,2,0,3,0
54,0,69.38287457895905,3,2,4,2,0,3,0,0
45,0,152.22830063142143,8,3,4,1,0,0,0,0
162,0,140.18169705795103,8,19,4,2,1,0,3,0
218,1,107.0541909390132,9,8,4,2,1,0,0,0
2,0,168.66433484446227,9,19,2,1,0,0,1,0
33,1,84.70525753471077,11,11,4,2,2,2,0,0
60,1,108.25187523741094,4,27,4,2,1,0,0,0
11,0,145.0,7,9,4,1,1,0,0,0
93,1,76.87637527537721,7,23,4,2,0,0,0,0
6,0,315.86768720806384,8,13,4,1,0,1,5,0
119,0,79.2,11,4,4,1,1,3,0,0
104,0,107.94843632987134,9,20,4,1,1,2,0,0
74,0,124.61907219505453,7,10,4,1,0,0,3,0
9,0,84.07834902113859,2,13,4,1,1,0,0,0
23,0,106.99615649595671,9,26,4,1,1,2,0,0
137,1,79.32161668930054,9,11,4,1,0,2,0,0
87,0,89.86330476362062,9,10,2,1,0,0,0,0
49,0,99.0,8,30,4,3,0,3,0,0
34,0,94.977360141879,10,25,4,1,2,0,0,0
100,0,100.4169385045171,9,27,3,3,0,0,0,0
129,0,79.2,11,12,4,1,1,3,0,0
14,0,89.0,7,13,4,0,1,3,0,0
71,1,160.79131776617876,5,28,4,1,2,0,3,0
101,1,167.42007573549415,8,10,4,3,0,0,3,0
78,0,168.3,8,11,4,0,2,0,3,0
83,0,139.91231514334987,6,13,4,2,0,1,1,0
65,0,141.09389481999344,5,4,4,1,0,0,2,0
103,0,93.42543714074002,11,2,3,2,0,0,0,0
34,0,67.5,2,12,4,1,0,3,0,0
303,0,76.03642538804708,9,20,4,2,1,0,0,0
30,0,97.81958330974034,4,8,4,2,1,0,0,0
211,0,90.95,7,29,4,4,2,0,0,0
188,0,69.80839622003279,7,24,4,2,1,1,0,0
181,0,120.0,10,11,3,1,0,0,0,0
66,0,68.47775885072973,7,7,4,1,0,0,0,0
44,0,111.86203605471634,3,19,4,1,2,0,2,0
76,0,168.3,5,13,4,2,0,0,4,0
199,0,86.22445837700934,7,20,4,1,0,0,0,0
102,0,79.16294639556949,11,5,3,1,1,2,0,0
135,0,99.49814401291515,7,23,4,3,1,0,0,0
8,1,157.98441183678727,6,29,4,2,0,0,3,0
50,0,158.98827197044596,8,18,4,1,0,0,3,0
72,0,85.05661676377181,9,18,3,2,1,3,0,0
2,0,200.4949456553955,4,7,4,7,1,0,4,0
282,0,66.47556106845911,10,10,3,0,1,2,0,0
175,0,126.92882749903178,8,11,4,0,1,0,0,0
206,1,99.37318671478668,8,24,4,4,0,0,0,0
193,1,106.7746944787978,8,9,4,1,1,0,0,0
286,0,117.0,9,16,3,2,0,1,0,0
236,0,80.76869089939854,8,14,4,2,0,0,0,0
130,0,116.26351712842309,5,2,4,3,0,2,0,0
159,0,106.74247527984946,7,6,4,5,2,0,0,0
34,0,84.54575038520242,6,1,4,1,0,3,0,0
32,0,80.16045315761937,10,16,4,2,0,0,0,0
9,0,156.22104961059475,6,4,4,1,0,0,3,0
181,1,122.13575361924418,7,30,4,3,2,0,0,0
55,0,141.17484678678548,5,9,4,1,0,0,3,0
221,0,77.26643080462046,8,11,4,4,0,0,0,0
5,0,185.73328920249313,7,12,4,2,0,0,3,0
169,0,105.34559415101077,7,22,3,1,1,0,0,0
154,1,122.13933298632969,7,29,4,2,1,0,3,0
18,0,69.51386583362962,2,18,3,1,1,0,0,0
7,0,86.09070820957793,2,21,4,0,0,0,0,0
298,0,76.38150865948653,5,11,3,2,0,0,0,0
17,0,94.5319019993236,5,13,3,3,1,0,0,0
31,0,72.95255796044317,2,4,4,2,0,0,0,0
142,0,176.03672001789445,8,30,4,3,0,1,0,0
208,1,179.51953379562832,9,6,4,1,0,0,5,0
129,0,127.7462160851049,6,4,4,2,0,0,0,0
278,0,107.8104732932658,10,2,4,2,1,0,1,0
1,0,106.58191892233717,7,10,4,9,2,0,0,0
89,0,98.68103821922963,3,26,4,3,0,0,0,0
2,0,131.0,4,22,4,0,0,0,1,0
60,0,74.8,11,17,4,3,0,2,0,0
149,0,128.34390376272188,7,21,4,3,0,0,0,0
3,0,183.7870747051108,4,26,4,2,0,0,1,0
173,0,89.28256627401937,9,14,4,4,1,0,0,0
30,0,117.25874452278217,4,24,4,1,1,1,0,0
29,0,69.20807436355179,10,9,3,1,1,0,0,0
112,0,134.66097198109736,9,23,4,1,1,2,0,0
123,0,74.8413820870731,11,4,4,3,1,3,0,0
21,0,85.86346703334338,10,26,4,1,0,3,0,0
18,1,120.73174237826639,9,29,4,1,1,1,0,0
133,0,109.8,7,25,4,2,0,0,3,0
30,0,139.01796290578366,3,3,4,6,1,0,1,0
61,0,177.3,6,18,4,1,0,0,5,0
173,0,105.3,8,5,4,1,0,0,0,0
192,0,65.58433468836272,9,14,3,2,0,0,0,0
17,0,89.0883424553447,8,30,4,3,1,0,0,0
119,1,78.05365532503104,9,6,4,2,0,1,0,0
130,1,117.9079344069543,10,8,4,1,1,0,0,0
45,0,99.0,8,30,4,1,0,3,0,0
96,0,107.86281662681124,9,17,4,4,2,3,0,0
6,0,96.2590206443053,4,16,3,0,1,0,0,0
103,0,94.5,7,16,3,1,0,2,0,0
122,1,115.19564699419415,5,21,4,4,2,0,3,0
159,0,143.44321400102308,9,19,3,2,1,0,0,0
25,0,121.81221961618571,5,29,4,1,0,0,0,0
8,0,144.67821440148427,3,25,4,1,1,0,0,0
30,0,152.71234616510958,9,3,4,2,1,0,2,0
159,1,130.726651373603,8,16,4,3,2,0,0,0
172,0,105.77281893261627,8,15,2,2,0,0,2,0
80,0,126.9,5,17,4,1,0,0,0,0
189,1,89.41401267654913,6,7,4,3,0,0,2,0
156,1,144.61013060396505,8,7,4,1,0,0,1,0
221,1,116.51362474713738,6,28,4,3,0,0,0,0
6,0,78.04468618096803,11,20,4,5,2,3,0,0
0,0,100.46700559997431,3,21,3,0,0,0,0,0
166,0,150.44011235857286,9,6,4,2,1,0,2,0
227,0,72.72536683290828,10,7,4,2,0,0,0,0
265,1,115.0,6,24,3,2,0,1,0,0
55,0,116.1,5,4,4,1,0,3,0,0
26,0,142.05732370095575,4,15,4,2,0,0,3,0
101,2,93.6,9,6,4,2,0,0,0,0
197,0,83.73187088205565,9,29,4,0,1,3,0,0
155,1,138.05682155669652,7,16,4,1,2,0,2,0
247,0,115.0,6,6,3,1,1,1,0,0
40,0,126.9,5,7,4,1,0,0,0,0
323,1,112.0,5,17,3,4,0,1,0,0
109,0,150.1273514224699,8,19,4,2,0,0,3,0
185,0,85.05954386337416,8,10,4,5,3,3,0,0
120,0,143.1,9,20,4,5,1,0,3,0
194,0,88.26542995268625,8,16,4,2,0,0,0,0
314,0,92.81783948047041,11,1,4,3,0,0,2,0
215,0,88.45000832679054,7,17,4,1,0,0,0,0
144,0,121.09889116147288,7,18,4,3,0,0,3,0
158,1,126.98934677088842,8,16,4,1,0,0,0,0
186,1,99.45,8,6,4,5,3,0,0,0
42,0,63.06792219427306,3,20,3,2,1,0,0,0
121,0,86.7661459812596,4,15,4,2,0,0,0,0
117,0,126.07240503282063,10,4,4,4,1,2,0,0
48,0,125.8725921076223,4,19,4,1,0,0,1,0
100,0,150.3,8,24,4,4,0,0,3,0
270,0,108.0339264745241,9,29,4,2,1,0,2,0
228,0,123.83008728881347,10,28,4,3,1,0,3,0
43,0,74.8,11,25,4,5,2,2,0,0
7,0,139.39323069797288,8,5,4,5,1,3,0,0
103,1,77.89078338039664,5,26,3,1,2,0,0,0
58,0,95.72361721293224,6,17,4,4,1,2,0,0
55,0,137.7,4,10,4,1,0,0,3,0
216,0,96.3,8,9,4,2,0,0,0,0
85,0,54.11390023897637,4,8,4,1,0,0,0,0
166,0,125.07431958343632,10,2,3,3,0,0,3,0
200,0,92.89895553750365,7,29,4,2,0,0,0,0
187,1,136.72998233665334,8,20,4,1,0,0,0,0
386,0,90.0,10,23,4,0,2,1,0,0
16,0,113.3324617655984,7,24,4,0,0,3,0,0
146,0,95.75578028529736,6,1,3,3,0,0,0,0
104,0,106.80314028947954,8,16,4,1,1,1,0,0
159,1,134.05773655138765,9,29,4,3,1,0,3,0
179,0,85.5,8,26,4,2,0,3,0,0
3,0,139.0,7,7,4,1,0,3,0,0
69,0,111.80397445891029,6,26,3,1,1,0,0,0
211,1,96.3,7,30,4,0,1,0,0,0
245,0,109.73753968859931,6,6,3,3,1,0,0,0
159,0,113.7900626691039,8,23,4,1,0,0,0,0
195,0,158.95,7,23,4,4,1,0,5,0
202,0,90.38154869791613,6,29,3,1,1,0,0,0
102,0,80.42430593407549,12,5,4,1,0,2,0,0
284,0,99.22020453108304,9,4,4,2,0,0,0,0
5,0,136.66517033879117,6,2,4,2,0,0,0,0
205,0,90.43672046946125,6,29,4,1,1,0,0,0
65,0,147.50270815683592,6,26,4,3,0,0,3,0
109,0,104.4,10,27,4,2,0,0,3,0
110,2,130.0276161173728,10,9,3,1,2,0,0,0
100,1,90.4039712450428,9,5,4,2,0,2,0,0
3,0,140.41496241658757,7,4,4,1,0,1,0,0
77,0,107.41094256214221,7,3,4,1,1,2,0,0
104,0,96.14759322038876,5,26,4,2,1,1,0,0
45,0,126.93419669682156,6,29,4,3,1,0,0,0
51,0,63.75,3,8,4,4,0,3,0,0
66,0,125.51201605015261,7,17,4,2,0,1,1,0
3,0,110.88918569984088,10,21,3,1,0,0,0,0
152,0,135.90792768625442,8,17,3,3,1,0,3,0
181,0,120.0,10,11,3,1,0,0,0,0
107,0,138.18754691591073,7,1,4,2,1,0,3,0
128,0,118.8,9,10,4,3,0,0,0,0
156,1,161.1,9,3,4,3,1,1,0,0
84,0,74.1460532233686,10,4,3,3,1,0,0,0
19,0,149.9681581662275,10,6,4,1,1,0,0,0
159,0,114.66202803986876,8,8,4,2,0,0,0,0
164,0,94.46964191136937,3,29,4,3,1,0,0,0
10,0,219.26182456511899,5,11,4,2,1,0,5,0
180,0,111.40936582191799,7,1,4,3,1,0,0,0
97,0,76.5,7,21,4,4,1,0,0,0
10,0,129.11163744532118,6,28,4,2,0,2,0,0
60,0,75.0,3,20,3,2,2,0,0,0
102,0,125.2481260352522,5,5,4,2,0,0,2,0
16,0,129.3345848254561,4,5,4,3,0,0,3,0
160,1,114.02121303773279,7,26,4,3,0,0,0,0
43,0,149.18443148151198,4,27,4,2,1,0,1,0
140,0,140.5455805119835,8,17,4,5,1,0,3,0
71,0,67.82236639097134,5,8,4,2,0,1,0,0
191,0,89.43028156837491,8,23,4,3,0,2,0,0
287,0,100.32553206249925,9,29,4,3,0,0,0,0
157,1,130.89798363021075,8,28,4,2,1,0,3,0
173,2,167.87263384584384,9,8,4,2,1,0,3,0
300,0,91.47802012291355,11,25,4,2,0,0,1,0
115,0,151.2,10,14,4,3,2,0,3,0
30,0,81.71749761525746,3,8,4,0,0,0,0,0
254,0,104.63977282041381,10,15,4,2,2,0,1,0
50,0,158.94276132385409,8,18,4,1,0,0,3,0
74,0,132.3,10,21,4,2,0,0,3,0
190,0,111.50504258126794,9,29,4,5,1,0,0,0
104,0,108.3921129384479,10,9,4,0,1,2,0,0
6,0,149.29996460836102,8,22,4,1,0,0,3,0
161,0,115.0,9,13,3,2,1,0,0,0
75,0,135.5370934745873,8,12,4,2,1,0,0,0
16,0,159.2912784962514,9,22,4,1,0,0,0,0
66,0,139.0695413990604,5,26,4,2,0,0,3,0
47,0,121.85275897886557,4,28,4,0,1,0,0,0
156,0,81.7563629589091,5,17,4,1,0,0,0,0
156,0,85.78363323085976,9,16,4,3,0,1,0,0
92,0,169.1490574921553,5,15,4,3,0,0,3,0
29,0,157.12133630545804,4,15,4,1,0,0,3,0
23,0,97.69393683804545,4,9,4,2,0,0,0,0
153,0,120.64865684926329,7,6,4,3,1,0,3,0
9,0,147.66572170413474,3,26,4,1,2,0,2,0
145,0,114.50479277804429,7,6,4,3,0,0,0,0
197,0,112.0,8,18,3,3,0,0,0,0
34,0,149.4,8,10,4,1,0,0,3,0
57,0,125.05471702843168,10,2,4,2,0,0,3,0
39,0,117.9,7,2,4,1,2,0,0,0
41,0,106.25267911960844,10,3,4,1,1,1,0,0
198,1,141.7407141776362,9,3,4,2,1,0,3,0
32,0,115.08027103086363,3,25,4,1,1,3,0,0
45,0,107.1,4,3,4,1,1,2,0,0
61,1,80.22443506985324,10,20,4,3,0,1,0,0
16,0,83.2875465704716,3,8,4,2,0,1,0,0
153,1,122.98998065914455,7,8,4,4,1,0,0,0
171,1,137.46767350561575,8,11,4,3,0,0,2,0
29,0,225.65407290559529,9,25,4,3,0,0,2,0
159,0,129.10715542005198,5,19,4,2,0,0,3,0
96,0,138.0,9,28,3,1,1,1,4,0
114,0,75.18060909486721,7,1,4,2,0,0,0,0
216,0,123.79817095392144,5,24,4,2,0,0,0,0
63,0,92.00885513336164,9,4,4,2,0,2,0,0
23,0,135.0,4,22,4,0,1,0,0,0
22,0,137.43972733154385,3,25,4,2,1,0,0,0
187,0,112.04002529744562,8,3,4,2,2,0,1,0
110,0,103.5,7,9,4,0,0,3,0,0
146,0,85.5,6,26,4,1,1,3,0,0
129,0,132.2872182956469,7,25,4,4,1,0,1,0
196,0,105.32227487702737,8,28,4,1,1,0,0,0
271,0,97.13736354850995,9,21,3,3,0,0,0,0
2,0,75.0,5,8,2,2,1,0,1,0
193,0,99.45,8,19,4,5,1,0,0,0
1,0,138.3355276913499,7,10,4,2,0,1,0,0
191,0,131.91565179218782,6,4,3,2,1,0,0,0
57,0,94.5,7,18,4,2,1,3,0,0
2,1,76.44841331598354,10,27,4,4,3,0,0,0
74,0,13.673857428886956,3,17,3,2,1,0,0,0
141,0,109.0668524867588,6,4,4,1,2,3,0,0
158,0,91.38,7,31,4,2,2,3,0,0
16,0,179.0785513202407,6,16,4,2,1,0,3,0
278,0,109.43555921837178,9,11,4,3,0,0,0,0
14,0,101.3325234660091,9,14,4,2,0,2,0,0
163,0,99.8946103371817,6,5,3,2,2,0,0,0
81,0,85.93152559847175,8,22,4,1,0,1,0,0
17,1,235.10437994193688,9,18,4,6,2,0,5,0
321,1,113.90101442590372,6,17,3,2,0,1,0,0
6,0,153.88966662180073,8,8,4,2,2,0,0,0
110,1,76.0934146020133,7,5,4,2,1,0,0,0
79,0,168.3,8,12,4,1,1,0,3,0
11,0,111.38384072485321,6,2,4,1,0,0,0,0
38,0,148.08567954597697,9,17,4,2,0,0,1,0
138,0,90.0,10,16,3,1,0,0,0,0
51,0,96.91308307611877,9,5,4,0,0,0,0,0
65,0,89.25,10,12,4,2,1,0,0,0
44,0,102.97664569975586,9,14,4,1,0,0,0,0
310,0,159.72629591404922,10,28,4,3,1,1,1,0
157,0,177.33699328997716,5,20,4,3,2,0,5,0
386,1,115.0,10,23,3,0,2,1,0,0
16,0,128.19117123113713,3,6,4,3,0,0,3,0
142,1,115.59017296114223,5,24,4,2,1,0,3,0
11,0,261.11625523097825,4,22,4,2,1,0,5,0
154,1,132.7825519189092,7,27,4,3,0,0,1,0
381,0,112.17011273530741,10,18,4,1,0,1,0,0
115,1,151.37339643427043,9,8,4,1,2,0,3,0
53,0,116.67758651826595,5,5,4,1,0,2,0,0
69,0,120.0,6,12,3,4,2,0,0,0
27,0,118.90585679886041,7,28,4,1,0,0,0,0
182,0,137.38125685546746,8,22,4,2,1,0,3,0
44,0,86.61263953754295,11,19,4,1,1,0,0,0
72,0,67.92445447619731,6,7,4,3,0,0,0,0
27,0,159.53316760372678,5,20,4,1,1,0,3,0
87,0,94.62184969551792,6,8,4,4,1,2,0,0
22,1,79.0,2,21,4,1,1,3,0,0
145,0,94.04117068633825,7,28,4,1,2,0,0,0
68,0,85.11802175983827,3,18,4,1,1,2,0,0
56,0,118.81643617407747,4,22,4,2,0,0,3,0
57,0,135.9,7,27,4,2,0,0,0,0
292,0,114.34757589349239,7,21,3,2,0,1,0,0
87,0,50.09608973530536,7,8,4,2,0,0,0,0
7,0,145.99377530155115,4,21,4,1,0,0,3,0
49,1,139.5,10,7,4,1,1,0,3,0
301,0,109.5264035635762,7,30,3,1,1,1,0,0
89,0,76.5,7,9,4,3,0,0,0,0
57,1,132.5600798843043,9,10,4,2,1,0,2,0
100,0,130.2780966384054,6,26,4,2,1,0,3,0
157,2,121.76711790526355,6,30,4,3,1,0,3,0
44,1,101.51052945326069,10,16,4,1,0,0,0,0
47,0,152.41285237430324,9,3,4,2,1,0,0,0
261,0,106.23220100499945,11,14,3,3,0,0,0,0
30,0,212.257800987381,3,29,4,1,0,0,3,0
169,0,98.39421964226531,8,4,3,2,1,0,0,0
132,0,90.82731546287893,5,16,4,3,0,3,0,0
170,0,89.89244981518684,8,3,4,4,0,2,0,0
8,0,79.36173955687799,2,4,4,3,0,3,0,0
65,0,137.7,4,22,4,2,0,0,2,0
55,0,177.3,4,15,4,1,1,0,5,0
46,0,165.409256613089,11,30,4,1,0,0,3,0
177,0,123.17354141955336,8,4,4,3,0,0,1,0
28,0,169.7623819943256,4,9,4,2,2,0,4,0
152,0,95.15065896334492,6,2,4,2,0,3,0,0
256,0,115.0,6,15,3,2,0,1,0,0
19,0,140.1250712800467,8,20,4,2,1,3,0,0
170,1,126.6960395525037,8,14,4,5,2,0,1,0
168,0,62.575134142779454,7,23,4,3,0,3,0,0
45,0,159.3,4,29,4,0,1,0,3,0
236,0,91.7262285395194,8,22,4,3,1,0,0,0
36,0,140.4,4,26,4,1,0,0,3,0
97,0,94.5,7,11,4,1,0,2,0,0
45,0,70.53295002634944,3,11,4,2,0,3,0,0
257,0,90.0,5,4,3,3,0,0,0,0
299,0,52.92997296935606,10,19,3,2,0,0,0,0
348,0,77.30770591701553,12,24,4,1,1,0,0,0
159,1,131.77549395842635,9,29,4,3,1,0,3,0
276,0,95.95377962739163,10,15,4,0,2,0,0,0
42,0,111.04890855394414,4,19,4,2,2,0,0,0
39,0,126.9,5,21,4,2,2,0,0,0
167,1,105.70828823618277,8,4,4,2,0,0,0,0
2,0,79.04835608750834,2,7,4,0,1,3,0,0
178,0,112.84457869393519,7,27,4,2,0,0,0,0
101,0,78.3,3,16,4,2,0,0,0,0
72,0,107.67660607631547,4,8,4,1,1,0,2,0
37,0,135.9,8,16,4,0,1,0,0,0
76,0,84.73096610497281,4,1,4,2,1,2,0,0
3,0,79.2,8,17,2,5,1,0,0,0
349,0,85.00938691749894,10,4,3,5,1,0,0,0
157,1,121.5,7,14,4,2,0,0,0,0
26,0,79.42841864997692,9,6,4,0,0,0,0,0
68,1,123.0248043131217,10,1,4,2,0,0,3,0
186,0,64.9155548069988,11,24,4,2,0,0,0,0
61,0,94.78,4,26,4,4,0,3,0,0
143,1,118.4220377878403,5,26,4,0,2,0,1,0
0,0,139.0,6,6,4,1,0,0,2,0
13,0,128.5227821427094,4,23,4,1,1,0,0,0
211,0,98.2429291003633,9,18,4,4,0,0,1,0
35,0,71.31639022782979,3,3,4,3,1,3,0,0
17,0,88.43101870286685,10,12,4,1,1,3,0,0
35,0,81.9,3,8,4,5,2,0,0,0
126,0,105.26076457038667,5,22,4,1,1,0,0,0
101,0,141.92513052212564,7,20,4,2,0,0,3,0
61,0,119.7786662500296,8,6,4,2,0,0,2,0
72,0,78.15244438995119,3,18,4,1,0,0,0,0
201,1,127.01694703999651,5,24,4,2,0,0,0,0
101,0,101.68514476857027,10,16,4,1,0,1,0,0
205,0,111.48323070506642,9,26,4,5,2,0,0,0
8,0,128.06696601475068,7,16,4,2,0,0,0,0
2,0,205.01550284168886,9,10,4,1,1,0,4,0
59,0,102.00481067780152,6,27,4,2,1,3,0,0
183,0,137.45474138015743,8,23,4,2,1,0,3,0
8,0,129.62091395794562,8,19,4,1,0,0,0,0
20,0,131.16524585422079,8,26,4,2,1,0,3,0
273,0,93.00444893759534,7,25,4,2,1,0,0,0
146,0,97.44749775407873,7,22,4,4,1,0,0,0
43,0,126.75543039369856,4,29,4,1,0,0,0,0
209,1,151.08288362570988,10,6,4,2,1,0,0,0
37,1,127.6214791785756,3,23,4,3,1,0,0,0
4,0,132.25707826498234,4,21,4,1,0,0,3,0
158,0,137.7,7,14,4,2,0,0,3,0
93,1,117.35742400918312,8,12,3,1,1,0,0,0
68,0,132.14590010099423,6,29,4,2,0,0,3,0
14,0,152.02428644088704,8,28,4,1,1,0,4,0
61,0,99.9,6,20,4,1,1,0,0,0
280,0,110.0,9,19,3,2,1,0,0,0
189,0,90.91329978247002,9,19,4,2,0,0,0,0
72,0,76.0582931279734,6,13,4,2,1,0,0,0
26,0,91.0,2,19,4,1,0,0,0,0
218,1,102.572772333789,9,3,4,3,0,0,0,0
105,1,118.24857274035669,10,6,4,2,0,0,0,0
33,1,129.0674031786791,9,25,4,3,0,0,0,0
5,1,109.0,2,4,4,2,0,0,0,0
1,0,95.36416301484586,5,25,0,1,0,0,0,0
280,0,109.01563171358156,10,4,4,3,0,0,2,0
77,0,132.38049314437308,10,20,4,1,1,0,2,0
219,1,107.69162386679388,9,9,4,2,1,1,0,0
1,0,82.8724495618197,2,24,4,0,0,3,0,0
93,0,90.90776631345369,10,26,4,2,0,0,0,0
147,1,164.79117638187736,8,24,4,1,1,0,3,0
155,0,146.7,7,8,4,1,0,0,3,0
119,0,89.73538750692049,4,6,4,2,2,0,0,0
69,0,94.5,4,24,4,1,0,3,0,0
8,0,127.0,2,4,4,2,0,0,1,0
144,0,94.5,7,16,4,0,0,3,0,0
76,0,119.46264593930597,9,9,3,0,1,0,0,0
43,1,74.8,11,27,4,9,3,0,0,0
10,0,145.0,9,8,4,1,0,0,0,0
6,0,125.61070381156127,3,11,4,2,0,0,1,0
115,0,60.56105283952388,2,27,3,2,2,0,0,0
187,0,114.11254473675649,8,29,4,1,0,0,0,0
29,0,74.48404325862761,2,3,4,1,0,3,0,0
22,0,124.71779043401881,3,12,4,2,1,0,3,0
11,0,150.53863664553782,10,5,4,1,0,0,0,0
44,1,101.00411388445016,10,16,4,1,0,0,0,0
55,0,116.1,5,20,4,1,1,3,0,0
112,0,131.54786818555723,8,16,4,2,0,0,3,0
81,0,86.89348092280837,11,21,4,1,1,0,0,0
23,0,128.91295341098407,4,9,4,3,2,0,3,0
104,0,109.38931908019752,5,11,4,4,1,2,0,0
35,0,63.084529467392315,2,24,3,2,1,0,0,0
20,0,118.94787081197639,5,22,4,1,0,0,0,0
108,0,113.81267569806296,6,3,4,1,1,0,0,0
177,0,128.93121902816986,7,25,3,1,0,0,0,0
262,0,100.3,10,8,4,3,2,0,0,0
44,0,78.95060150754101,3,3,4,2,0,0,0,0
49,0,90.42883000310563,2,22,3,5,2,0,3,0
148,1,79.71622940877624,7,26,4,3,2,0,0,0
94,1,76.5,7,6,4,2,1,0,0,0
15,0,88.8550126169732,8,29,4,4,1,0,0,0
133,0,94.5,7,19,4,1,0,3,0,0
48,0,110.8752767217329,9,5,4,3,0,0,0,0
253,0,111.1608767196723,10,15,3,0,1,0,0,0
18,0,190.5157328738092,7,12,4,1,2,0,3,0
165,0,99.67492172595878,8,5,3,2,1,0,0,0
153,1,106.13622261034959,6,3,4,0,1,0,0,0
8,0,83.7563973694671,2,13,3,0,1,0,0,0
154,0,186.65870848276543,7,20,4,1,0,0,5,0
102,1,213.8700309641148,9,10,3,4,1,0,3,0
73,1,109.36278752410016,4,8,4,2,1,0,2,0
122,0,113.55417674809293,5,12,4,2,1,0,0,0
80,1,78.23104655968861,3,6,4,2,1,0,0,0
30,0,77.92190868865359,3,9,4,2,0,0,0,0
16,0,95.42983054987242,6,12,3,2,1,0,0,0
60,0,115.88742441962165,6,1,4,1,0,3,0,0
42,0,80.48157884166507,3,5,4,2,1,0,0,0
91,0,80.35597315492726,4,3,4,2,1,0,0,0
29,0,70.00638361564418,2,24,3,2,0,2,0,0
88,0,94.75916411570627,8,1,4,1,0,0,0,0
35,0,67.5,2,13,4,0,0,3,0,0
12,0,127.41578108159705,2,7,4,1,2,0,1,0
133,0,100.94428959307997,8,22,4,3,0,0,0,0
38,0,80.735288065824,5,19,3,1,1,0,0,0
188,2,90.74979429060025,6,9,4,4,0,0,2,0
75,0,131.4,7,1,4,1,0,0,3,0
119,0,109.95050599295674,11,24,4,1,0,0,0,0
247,1,112.93085292892829,6,6,3,1,1,1,0,0
130,0,114.49715370458566,5,4,4,3,0,0,3,0
55,0,95.32540973988324,5,20,4,2,0,0,0,0
21,0,139.0,8,26,4,3,0,0,0,0
10,0,151.0,7,1,4,1,0,0,0,0
250,0,113.70827420735311,10,18,4,1,1,0,1,0
160,0,112.84734395299137,8,8,3,2,0,0,0,0
170,2,117.08001277177884,7,18,4,1,1,0,0,0
156,0,106.33022753143553,7,13,4,3,1,0,0,0
55,0,139.53972448766274,9,17,4,3,0,0,3,0
0,0,181.68404684007993,7,25,4,1,0,0,3,0
45,0,113.39431387754975,4,9,4,3,1,0,2,0
247,0,69.88094013516495,10,28,4,1,2,0,0,0
51,0,67.31850799422364,2,25,4,3,0,2,0,0
77,0,117.91644118344871,8,7,4,0,1,0,0,0
55,0,72.56606638381548,10,14,4,2,0,0,0,0
106,0,110.55129386676317,3,14,4,8,2,0,2,0
102,0,94.88004995378975,5,2,3,3,0,2,0,0
40,0,175.0448269185441,9,21,4,2,0,0,3,0
26,0,231.81912716804578,9,20,4,2,1,0,5,0
56,0,118.09733913143333,6,8,4,2,0,0,0,0
51,0,117.01576088730133,4,27,4,2,1,0,1,0
90,0,116.14447070742591,5,21,4,1,0,2,0,0
142,1,171.06380816207994,7,27,4,1,0,0,5,0
182,1,118.03795485076907,5,10,4,3,0,0,3,0
180,1,99.72208928352845,9,28,3,1,1,0,0,0
127,0,127.42711082627234,6,1,4,4,1,0,2,0
86,1,110.26918020068045,9,30,4,1,0,0,0,0
8,0,156.0,6,10,4,2,0,0,1,0
6,0,197.09258764448026,5,18,4,3,1,0,5,0
98,1,86.81141215515477,6,22,4,1,0,1,0,0
73,0,73.43172850473792,3,18,4,3,2,0,0,0
333,0,73.95,12,17,4,3,0,0,0,0
0,0,133.9310753399996,4,24,4,0,0,0,0,0
19,0,156.0,5,11,4,1,0,0,3,0
153,0,135.50904112501408,8,2,4,7,2,0,0,0
245,0,95.01092825385902,10,27,4,2,0,0,0,0
110,0,158.8720673694923,7,11,4,3,2,0,3,0
177,1,142.62143041817487,8,21,4,2,0,0,3,0
219,0,127.98196907563688,9,16,3,1,2,0,0,0
125,0,79.54070250932455,10,15,3,2,0,2,0,0
163,0,100.40773925937043,9,5,3,3,0,0,0,0
26,0,128.01956750938086,9,4,4,2,1,0,0,0
8,0,148.00165583178037,4,21,4,1,0,0,0,0
36,1,127.70626883130768,3,23,4,3,1,0,0,0
44,0,89.17415875606964,11,19,4,0,1,0,0,0
57,0,67.59883265056966,11,18,4,1,1,1,0,0
14,1,111.95990396653909,10,2,4,1,0,0,0,0
186,0,89.73372317588831,7,14,4,4,0,2,0,0
97,0,127.7037937269777,6,3,4,1,0,0,0,0
64,0,214.6902043895722,5,10,4,6,2,0,4,0
236,1,83.32529276175516,8,27,4,4,0,3,0,0
97,0,71.6070213450876,9,22,3,2,0,0,0,0
321,0,176.34419525661247,10,30,3,2,0,0,2,0
21,1,120.3245816251516,8,28,4,2,0,1,0,0
166,0,90.95,7,7,4,3,1,0,0,0
60,0,170.9607769460351,9,7,4,2,0,0,4,0
124,0,114.3,8,8,4,4,1,0,0,0
198,1,70.61681923724588,8,2,4,3,0,0,0,0
120,0,111.99332647160814,5,13,4,2,1,0,1,0
8,0,148.72273124928478,4,21,4,1,0,0,0,0
75,0,159.3,5,13,4,1,0,0,1,0
66,0,73.95,3,9,4,3,1,0,0,0
175,0,121.82573766079781,8,9,3,2,0,0,0,0
24,0,122.89118359869819,4,10,4,3,1,0,3,0
60,0,123.8480480184967,9,4,4,2,0,0,3,0
101,1,122.61654756012152,11,21,4,4,2,0,0,0
132,0,114.64099395296589,7,12,4,4,1,0,0,0
102,1,117.6319493592474,10,6,4,1,0,0,0,0
73,1,159.4654030855231,4,29,4,1,2,0,3,0
77,0,90.42235753916404,4,14,4,1,0,0,0,0
175,0,123.2155743848282,8,24,4,3,0,0,0,0
174,0,96.22760102579701,8,14,4,1,0,1,0,0
5,0,187.0081830898242,6,11,4,2,0,0,3,0
217,1,168.3,7,18,4,1,0,0,5,0
37,0,150.3,4,2,4,0,1,0,0,0
61,0,43.346147039479035,8,20,3,1,1,0,0,0
50,1,108.0,10,3,4,2,0,1,0,0
8,0,112.48749218052228,2,28,4,2,1,0,3,0
32,0,126.9,3,23,4,2,0,0,0,0
65,0,127.20287995441333,5,17,3,2,0,0,0,0
180,1,129.7,8,3,4,5,2,0,3,0
120,0,69.84743416882024,9,17,3,4,1,0,0,0
106,0,109.34477994846645,5,5,3,1,0,0,0,0
128,0,103.5,8,10,4,3,1,3,0,0
18,0,88.72276522313109,10,14,3,1,2,1,0,0
171,1,129.7321506017264,7,10,4,4,2,0,3,0
50,0,82.2681182142816,3,11,4,2,1,0,2,0
220,1,137.65453592624146,8,30,4,2,0,0,3,0
44,1,125.47847354244328,9,4,4,1,0,0,2,0
112,0,108.0,10,12,4,1,0,3,0,0
47,0,73.26500349558373,3,5,4,2,0,0,0,0
66,0,125.5787018618932,7,17,4,2,0,1,1,0
17,0,133.61467349235608,4,6,4,3,0,0,3,0
30,0,88.99258066207034,9,24,4,0,1,3,0,0
7,0,151.0,7,5,4,1,1,0,0,0
69,0,125.53613139151302,8,29,4,3,1,0,3,0
179,1,99.04725922157662,8,26,3,2,1,2,0,0
13,1,84.19450698860607,8,27,4,4,1,0,0,0
37,0,125.11864104704675,9,4,4,2,0,0,3,0
36,0,114.4907175974664,5,26,4,1,1,0,0,0
220,0,84.46760594911115,8,29,4,1,0,3,0,0
264,0,98.86652847949122,9,7,4,2,1,0,0,0
23,0,85.34874797710204,2,9,4,1,2,0,0,0
7,0,151.0,8,6,4,1,2,0,0,0
33,0,98.11019201116878,5,25,4,0,0,3,0,0
22,0,231.52935623311922,8,20,4,2,1,0,5,0
208,0,105.3,8,4,4,2,0,0,0,0
168,1,121.04889786122314,8,3,4,3,0,0,0,0
34,1,125.40298123105873,9,1,4,1,0,0,0,0
12,1,127.0,2,25,4,1,0,0,3,0
10,0,118.54559024871854,4,15,4,1,0,0,1,0
171,2,114.75,8,3,4,2,1,0,0,0
256,0,102.1301950752143,10,16,4,3,2,0,1,0
8,0,130.43078318132532,5,27,4,1,1,0,2,0
230,0,137.0,9,6,3,5,0,0,0,0
254,0,123.7372907190348,9,20,4,3,0,0,3,0
6,1,109.17373913256219,2,27,4,3,1,2,0,0
86,0,51.63958025989327,7,5,4,1,2,0,0,0
213,0,109.18791061647251,8,12,4,4,2,0,2,0
79,0,160.4883146419203,9,28,4,1,1,0,4,0
186,1,90.43998271873868,7,13,4,4,0,0,0,0
124,1,143.08041173885383,5,30,4,2,0,0,0,0
64,0,177.3,7,23,4,2,0,0,5,0
112,0,118.94264532671784,9,7,4,3,1,0,0,0
24,0,84.52794300577675,2,6,4,1,2,0,0,0
99,0,107.02521064161442,7,28,4,1,1,2,0,0
14,0,221.0,5,6,4,1,0,0,5,0
164,0,117.29330309415627,9,19,4,4,1,1,0,0
10,0,165.2890296488696,7,22,4,0,0,0,3,0
77,0,104.03928992762579,10,28,4,0,1,0,1,0
56,1,87.61769645199907,3,29,4,4,0,0,0,0
234,1,104.83236445312235,10,22,4,3,0,0,1,0
246,0,91.29413178019809,10,25,4,3,0,0,0,0
230,0,137.0,9,6,3,5,0,1,0,0
192,1,99.77508474140873,7,18,4,4,1,0,0,0
5,0,149.92105466227275,8,3,4,1,0,1,0,0
299,1,158.4,7,18,4,1,2,0,5,0
210,0,94.69659784790231,9,1,4,1,0,1,0,0
36,0,62.55551828695001,2,9,4,4,0,0,0,0
100,1,214.164936295654,6,17,4,1,2,1,3,0
234,1,177.89675674421628,6,19,4,1,0,0,5,0
29,0,126.36522241025958,2,24,4,1,0,0,1,0
110,0,94.72364742575382,6,26,4,1,2,0,0,0
208,0,87.04925467666789,9,4,4,1,1,0,0,0
205,0,90.76560879757518,7,21,4,2,1,0,0,0
32,0,143.081435473952,5,8,4,3,1,0,0,0
6,0,134.07800741559632,3,2,4,3,0,0,2,0
177,0,100.2317455110776,6,3,3,2,1,0,0,0
163,0,116.1,9,4,4,2,1,3,0,0
65,1,88.4,11,25,4,4,0,0,0,0
10,1,76.86832591801452,10,17,4,6,2,0,0,0
106,0,108.98143261225725,6,10,3,1,1,0,0,0
49,0,89.9204496986213,9,5,4,2,0,2,0,0
97,0,69.46437828155798,10,28,3,1,0,0,0,0
93,1,105.06540894373855,3,25,4,2,0,0,2,0
121,0,76.90178588449358,8,9,4,2,0,0,0,0
99,0,83.35800518091779,4,8,4,2,1,3,0,0
8,0,137.56707997057353,3,3,4,3,0,0,0,0
96,0,130.38508117835545,5,17,4,4,0,3,0,0
38,0,166.39870644757104,7,27,4,2,1,0,0,0
77,0,97.74798736465934,6,1,4,1,0,0,3,0
149,0,127.5,7,20,4,3,0,0,0,0
33,0,113.87736449945298,5,13,4,2,0,0,0,0
54,0,103.68432062963281,6,10,4,0,1,2,0,0
241,0,100.69140024201849,9,7,4,2,2,0,0,0
5,0,84.51802813489425,2,15,4,2,1,1,0,0
59,1,120.26117538537521,9,2,4,2,2,0,2,0
154,0,110.05802457154863,8,24,4,2,0,0,0,0
15,0,101.93879724042252,9,12,4,4,1,1,0,0
158,1,130.95650408869403,7,5,4,3,0,0,0,0
110,2,118.8,9,10,4,2,1,2,0,0
109,0,133.6979255213647,8,24,4,3,0,0,2,0
53,0,138.61684969547397,8,2,4,3,1,0,2,0
127,1,131.50798862652118,8,10,4,2,0,0,1,0
31,0,206.78270432555928,8,7,4,2,1,0,3,0
11,0,153.3149948148181,8,3,4,0,2,0,2,0
29,0,126.43388355542375,4,21,4,1,0,0,1,0
167,1,105.3,8,5,4,1,0,0,0,0
161,0,97.39379606451179,7,7,4,2,0,3,0,0
88,0,185.8230998989571,6,21,4,2,0,0,5,0
153,1,120.7,7,6,4,3,1,0,3,0
54,0,79.2,11,11,4,1,0,3,0,0
230,1,104.35732000349304,9,29,4,7,3,0,3,0
87,0,108.41023657861642,8,10,4,3,1,3,0,0
44,1,99.87316830453386,9,19,4,1,1,0,0,0
102,0,101.5,10,16,3,2,0,1,0,0
18,0,135.29515647752092,4,12,4,1,0,0,0,0
49,0,158.4255071454786,4,27,4,1,0,0,3,0
190,0,70.05990003375422,4,9,3,1,1,0,0,0
59,0,121.11950108478396,9,2,4,2,2,0,3,0
72,0,186.3,5,16,4,1,0,0,3,0
155,0,105.3,7,25,4,1,0,0,0,0
186,0,119.27986668111662,8,22,3,2,1,0,0,0
141,0,116.42749439792529,5,23,4,3,1,0,3,0
112,1,126.25347422550547,11,4,4,3,1,1,0,0
243,0,155.77050990765446,9,29,4,4,0,0,2,0
93,0,90.4368070487447,10,31,4,1,1,0,0,0
141,0,114.83400369580896,5,23,4,2,1,0,3,0
178,1,128.03441481648773,8,3,4,2,1,0,0,0
253,0,90.95,10,25,4,4,0,0,0,0
4,0,124.0,7,28,4,2,0,3,0,0
61,0,66.06890013965278,2,17,4,3,1,0,0,0
32,0,168.3,7,9,4,1,0,0,3,0
161,0,130.0,3,25,3,2,1,1,0,0
218,0,128.14484957667358,9,17,3,1,1,0,0,0
237,0,95.89557812668725,11,28,4,3,1,0,0,0
48,0,243.3221551649275,8,19,4,2,0,0,5,0
70,0,135.9,9,7,4,1,0,0,0,0
37,1,127.40056853311793,3,22,4,2,2,0,0,0
2,0,110.0,5,17,0,1,0,0,3,0
95,0,151.78391348172985,7,29,4,5,3,0,3,0
151,1,137.58251911370348,7,4,4,4,0,0,2,0
93,1,90.35593054960214,10,31,4,1,1,0,0,0
66,0,137.7,4,22,4,2,0,0,3,0
89,0,92.45763257681875,9,1,3,2,0,0,1,0
84,0,133.68762040579944,5,23,4,3,0,0,1,0
80,0,72.19547690393333,10,12,4,1,1,0,0,0
34,0,97.84205982519616,9,25,4,0,1,2,0,0
6,0,85.0,2,21,4,0,1,0,0,0
189,1,153.04580184140406,8,13,4,2,1,1,1,0
35,0,86.48265086248351,2,9,4,3,0,0,0,0
94,1,165.05494020132898,5,3,4,4,1,0,3,0
72,1,84.98743050194224,3,17,4,1,0,1,0,0
25,0,119.4015162541846,8,7,4,0,1,1,0,0
71,0,78.21436466752284,2,18,4,1,0,0,0,0
180,0,120.0,10,10,4,2,0,0,0,0
46,0,67.5,2,24,4,3,0,3,0,0
300,0,76.8235754784155,6,13,3,2,0,0,0,0
47,0,138.41596316869646,3,21,4,2,0,0,0,0
78,0,96.4261540820571,3,21,4,2,1,0,0,0
90,0,114.86735334783745,6,25,4,1,2,0,0,0
185,1,114.3362338367703,8,2,4,5,2,0,0,0
33,1,97.68466183297357,9,2,4,1,0,2,0,0
26,0,104.0,11,17,4,1,0,0,0,0
57,0,109.51455954000203,4,11,4,2,1,0,0,0
144,0,213.44017298998853,8,21,4,3,1,1,3,0
186,0,112.19740385181004,8,3,4,4,2,0,2,0
181,1,99.83304013127237,6,8,4,3,2,0,0,0
143,0,114.46395663809264,5,6,4,2,0,0,3,0
2,0,168.54097250591445,9,19,2,1,0,0,1,0
65,0,68.75848769968768,7,9,4,2,0,0,0,0
20,0,79.0,2,15,4,2,0,3,0,0
101,1,123.32165082952554,11,21,4,4,2,0,0,0
12,0,180.02426389695697,3,25,4,2,1,0,2,0
102,0,80.532558185159,10,16,4,2,0,0,0,0
23,0,166.0,6,26,4,0,1,0,3,0
64,0,177.3602425947936,6,26,4,3,0,0,5,0
57,0,140.4,6,2,4,2,0,0,3,0
158,0,128.42294871626245,5,27,4,2,0,0,2,0
45,0,70.64459952345977,3,12,4,1,1,3,0,0
290,0,72.0,6,17,3,2,1,0,0,0
16,0,88.80486058826256,11,13,4,1,2,3,0,0
36,0,139.42320282241693,8,24,4,2,1,0,3,0
23,0,91.0,2,10,4,2,0,0,0,0
110,0,120.0,10,9,3,0,1,0,2,0
69,0,149.58480589140515,8,3,4,4,2,0,3,0
164,0,99.64818295260916,7,26,4,4,1,0,0,0
26,1,139.0,8,21,4,1,1,3,0,0
116,0,94.9558032782197,7,1,3,1,1,0,0,0
16,0,222.9054482956011,5,26,4,1,1,0,5,0
180,1,104.41630255528365,7,20,4,1,0,0,0,0
5,0,149.73021678614927,3,16,4,1,0,0,3,0
8,0,85.77430012684518,3,4,4,2,1,0,0,0
349,0,94.69228163405198,10,4,3,5,1,0,0,0
130,0,135.58207176920033,8,8,4,4,0,1,1,0
39,0,121.20090655590745,4,20,4,1,0,0,0,0
172,1,137.7,8,10,4,2,0,0,3,0
101,0,132.4130216235993,8,21,4,2,1,0,3,0
6,0,138.0,4,9,4,4,2,0,3,0
127,0,140.39688588825703,7,8,4,1,0,0,0,0
50,0,66.24501533910843,2,25,3,7,1,0,0,0
17,0,108.91946913807674,3,16,4,2,0,0,0,0
39,0,114.26227846882868,4,17,4,0,1,0,3,0
22,0,84.61435996278935,2,12,4,1,2,0,0,0
162,1,105.94131425558984,8,15,4,3,1,0,0,0
131,0,94.5,7,14,3,1,1,1,0,0
122,0,142.3923459234388,6,30,4,2,1,0,2,0
172,0,95.0,6,24,3,2,0,0,0,0
153,0,107.7921526882682,7,23,4,1,1,0,0,0
195,0,158.95,7,19,4,3,1,0,5,0
230,0,162.1667807577591,8,23,4,3,1,0,5,0
7,0,123.23500190824153,5,28,4,2,0,3,0,0
18,0,113.6531242220626,5,12,4,0,1,0,0,0
169,0,137.7,8,22,4,1,0,0,0,0
89,0,106.00125865063097,7,22,4,1,1,1,0,0
23,0,166.73067201223986,5,7,4,2,0,0,3,0
10,0,66.99484116738236,7,17,2,2,0,0,0,0
18,0,110.0696569581913,3,16,4,2,0,0,0,0
230,1,137.26198502690147,9,5,4,4,0,0,0,0
156,1,102.67500160675513,9,22,4,4,2,0,0,0
119,1,88.54978771055595,4,2,4,2,1,1,0,0
75,0,131.4,7,1,4,1,0,0,3,0
186,0,122.30923075960052,9,1,4,2,1,0,2,0
22,0,105.74385925083506,9,25,4,2,1,0,0,0
153,1,138.25323623979543,8,2,4,2,0,0,0,0
60,1,123.7055591598797,9,4,4,2,1,0,3,0
298,0,96.51909655901282,9,19,4,3,2,0,0,0
9,0,94.54739142769753,2,29,2,1,0,0,0,0
89,0,48.665145653801424,7,6,4,14,4,2,0,0
185,0,90.95,7,15,4,5,1,0,0,0
20,0,90.57517053495357,2,5,4,1,0,0,0,0
29,0,77.22251963175219,11,22,4,4,0,0,0,0
134,0,94.5,5,17,4,2,0,3,0,0
26,0,142.94797745088346,4,14,4,1,0,0,3,0
3,0,133.25593128153653,9,27,3,3,0,2,0,0
57,0,105.3,4,11,4,1,0,0,0,0
152,2,111.39258466517849,7,3,4,2,1,0,0,0
23,0,166.0,6,24,4,0,1,0,3,0
21,0,217.4521695279168,5,29,4,2,0,0,5,0
183,1,105.25047221209708,8,7,4,1,0,0,0,0
157,0,105.95221389390115,8,1,2,1,0,0,3,0
22,0,82.8352591251291,2,12,4,1,2,0,1,0
167,0,90.95,7,4,4,3,1,0,0,0
175,0,180.38717769321968,8,9,4,4,0,0,3,0
185,0,106.956850141105,10,3,4,2,0,0,0,0
219,0,80.41402360212777,7,12,3,1,0,0,0,0
161,2,215.9976410399147,8,18,4,2,1,0,3,0
67,0,77.8502123818794,5,21,3,5,2,0,0,0
26,0,144.48889062296806,10,10,4,2,1,0,3,0
101,0,59.63759535341624,11,7,3,1,0,2,0,0
28,0,161.91032099597757,6,18,4,2,1,0,3,0
4,0,95.0,8,21,4,1,0,1,0,0
37,0,126.0,9,3,4,0,1,0,0,0
234,1,102.50382101382947,9,12,4,3,0,0,0,0
93,0,129.58120444613024,9,15,4,5,3,0,3,0
228,0,90.95,8,27,4,3,2,0,0,0
85,0,124.05319896513618,9,21,4,2,1,0,0,0
107,0,143.1,6,5,4,1,0,0,0,0
12,1,77.0869635450442,11,19,4,3,2,2,0,0
35,0,98.78727848353104,4,20,4,0,2,2,0,0
307,0,90.02426778462066,11,2,4,3,0,0,1,0
35,0,125.1,3,23,4,3,0,2,0,0
106,0,75.4870184345067,9,11,3,2,0,0,0,0
181,1,120.0,10,11,3,2,0,0,0,0
14,1,80.0,8,27,4,1,0,0,0,0
44,0,152.1,8,8,4,1,1,0,0,0
66,0,149.4,9,16,4,1,0,0,3,0
223,1,120.81684789422711,9,28,4,2,2,0,0,0
111,0,222.2066021016409,9,6,4,1,0,0,1,0
3,0,117.29962118853831,3,11,4,2,0,0,0,0
99,0,91.0152698706395,4,25,4,3,0,0,0,0
92,0,143.43489277306733,6,20,4,2,1,0,3,0
35,0,99.33860825294046,9,26,4,0,1,2,0,0
80,0,126.9,5,16,4,1,0,0,0,0
127,0,114.3,8,8,4,2,1,0,0,0
136,1,83.4358767503259,11,28,4,3,0,0,0,0
274,0,109.84967530740113,4,17,3,0,1,1,0,0
98,1,76.5,7,4,4,2,0,0,0,0
187,0,112.01603667031728,8,3,4,2,2,0,1,0
170,0,111.70231860986294,8,29,4,5,2,0,0,0
50,0,117.7321310087607,10,4,4,2,0,0,0,0
30,0,195.97071616512406,9,24,4,1,1,0,5,0
44,0,64.55548579055694,2,7,4,3,1,2,0,0
53,0,125.23156518061111,7,26,4,1,0,2,0,0
88,0,128.86413172814838,7,14,4,2,0,0,3,0
91,0,87.38254009096356,4,25,4,2,1,1,0,0
72,0,105.80782424520542,5,7,4,2,2,0,3,0
71,0,86.95649179009772,10,18,3,2,2,1,0,0
36,1,159.3,3,25,4,1,0,0,3,0
31,0,82.2793194980779,3,9,3,1,0,0,0,0
222,1,128.49018936069535,9,21,3,1,2,0,2,0
258,0,89.19420411099146,10,4,3,4,0,0,0,0
207,0,168.3,7,22,4,1,0,0,5,0
189,1,132.30466224229897,8,22,4,2,0,0,0,0
6,0,162.15907156612994,8,16,4,0,1,0,2,0
105,0,85.81996961216987,5,26,3,4,1,3,0,0
170,1,107.0378034887256,7,16,4,3,0,0,0,0
110,0,103.5,7,9,4,0,0,3,0,0
7,0,149.29135298636874,7,21,4,1,0,0,3,0
56,0,140.27451930288413,8,17,4,4,1,0,3,0
163,0,94.5,7,21,4,2,0,3,0,0
15,0,97.0,3,11,4,1,1,0,0,0
143,1,126.03471032380374,6,2,3,3,1,0,2,0
20,0,118.78175024990209,6,23,4,1,0,0,0,0
34,1,109.0,10,28,4,2,0,3,0,0
193,0,69.19010192878594,7,10,3,1,1,0,0,0
192,0,110.07121045303302,6,24,3,2,0,0,0,0
115,0,107.78889520340257,9,13,4,1,0,3,0,0
219,1,114.71583079895416,8,29,4,1,0,1,0,0
224,1,119.85,9,14,4,4,0,0,0,0
84,0,125.50796105126122,4,17,4,3,0,0,1,0
34,0,111.86165278797532,7,27,4,2,1,0,0,0
207,0,132.06659702171794,9,23,4,3,1,0,0,0
184,2,80.66812288182349,5,6,4,2,0,0,0,0
76,0,158.52963353468147,4,15,4,3,0,0,2,0
243,0,96.80619702826726,9,9,4,2,1,3,0,0
94,0,132.3,10,20,4,3,0,0,3,0
69,0,168.3,8,12,4,1,1,0,3,0
77,0,85.5,4,8,4,2,0,3,0,0
9,0,119.0353099975312,4,18,4,2,0,0,0,0
158,0,113.45250699554936,6,25,4,2,0,0,0,0
168,0,99.45,8,1,4,3,1,0,0,0
159,0,130.05,8,1,4,4,0,0,2,0
139,0,153.3248020258673,9,9,4,1,1,0,3,0
175,0,140.9811283766855,9,16,4,1,0,0,2,0
16,0,231.0,8,17,4,2,0,0,5,0
16,1,143.96114054206538,8,7,4,3,1,0,0,0
41,0,84.24325594693322,11,5,4,4,0,0,0,0
104,1,75.81377335752838,4,15,4,2,1,0,0,0
37,0,125.55,10,2,4,3,1,0,3,0
79,0,96.91487344639727,3,4,4,3,0,0,3,0
118,1,110.7465024214032,12,27,4,3,1,0,0,0
139,0,86.44667911198842,8,13,4,6,2,0,0,0
115,0,131.4,8,21,4,4,0,0,3,0
111,0,120.0,10,10,3,0,1,0,2,0
226,1,133.36705632352974,11,29,4,2,2,0,4,0
157,1,114.7493844070364,5,24,4,3,0,0,0,0
205,0,75.24882549882808,6,23,4,3,1,0,0,0
152,0,91.32951760533322,8,19,3,4,1,2,0,0
74,0,132.58173585597902,10,20,4,1,0,0,2,0
39,0,165.3035137516954,7,26,4,3,1,0,0,0
8,0,85.0,2,13,4,2,1,0,0,0
47,0,151.95984494959976,8,3,4,2,1,0,1,0
16,0,91.25627897304716,10,18,3,2,2,2,0,0
96,1,169.45644844316817,8,25,4,2,0,0,3,0
39,0,125.74108978708907,10,3,4,1,0,0,1,0
15,0,88.60804385985784,7,25,4,0,0,3,0,0
89,0,115.22410921657533,5,28,4,2,1,1,0,0
180,0,97.01976011633988,8,28,3,0,1,0,0,0
95,0,64.30794347750096,8,28,3,2,2,1,0,0
56,1,92.80260555021192,11,17,4,2,0,0,0,0
85,0,130.1109515708689,4,21,4,2,0,0,3,0
219,0,157.16865027271524,8,13,3,2,1,0,1,0
40,0,113.9938317302549,3,20,4,0,2,0,1,0
130,0,138.01842795546784,8,2,4,2,0,0,2,0
18,0,109.1523455872707,3,16,4,2,0,0,0,0
36,0,135.38036842289733,8,10,4,1,0,0,1,0
142,0,109.24621776794427,8,26,4,2,0,0,3,0
230,1,115.18229899980027,6,7,4,4,0,0,2,0
44,0,64.00819268352168,2,7,4,3,1,2,0,0
155,1,115.41928340776201,7,8,4,3,0,0,0,0
14,0,153.09582390936083,5,28,4,3,0,0,3,0
26,0,226.40240597518167,9,26,4,3,0,0,4,0
270,0,109.96540011697405,4,19,3,3,0,0,0,0
26,0,135.55603254846514,9,19,3,0,0,0,0,0
106,0,108.51269771997684,6,10,3,1,1,0,0,0
35,0,140.31902456891282,3,25,4,1,0,0,3,0
195,1,142.38422502550839,8,6,4,1,1,0,1,0
16,0,127.78089684386417,4,7,4,3,1,0,3,0
37,0,164.12025948681554,8,17,4,1,0,0,0,0
308,1,78.3,11,23,4,3,0,0,0,0
36,0,211.18387539360808,6,10,4,2,2,0,5,0
309,0,78.09175973046749,11,23,4,4,1,0,0,0
302,1,90.24350806666321,11,28,4,3,0,0,0,0
193,0,71.21479002925521,6,9,3,1,1,0,0,0
13,1,91.27636964770818,2,7,4,1,1,0,0,0
177,0,84.46346200134391,8,21,4,4,1,3,0,0
27,0,140.78048117934378,5,9,4,3,0,0,0,0
0,0,180.9138629332358,5,27,4,2,0,0,3,0
0,0,127.9720901748672,9,4,4,0,0,0,0,0
20,0,158.41139695753148,9,25,3,2,1,0,0,0
43,0,107.44079398071439,10,1,4,2,0,1,0,0
231,0,137.58928214252765,9,5,4,3,0,0,1,0
52,0,140.4,5,28,4,2,2,0,3,0
112,0,116.5530383197487,6,13,4,3,1,0,0,0
12,0,130.48902894582923,3,25,4,0,0,0,0,0
100,0,186.2701650880659,5,28,4,3,0,0,5,0
80,0,101.12744407835967,4,7,3,1,2,1,0,0
44,0,99.96123636121192,11,1,4,4,0,0,0,0
189,1,84.23142225738493,8,28,4,3,0,0,2,0
23,0,219.75467525422076,5,13,4,2,0,0,5,0
163,0,183.97565551738037,8,23,4,3,1,0,2,0
220,1,136.89068816709522,8,31,4,2,0,0,3,0
217,0,164.9250235970097,8,7,4,4,1,0,5,0
212,0,78.0,5,20,3,3,2,0,0,0
386,0,111.79371216902777,10,23,4,0,2,1,0,0
6,0,132.46662075133884,5,2,4,1,0,1,1,0
72,0,78.84043222305603,10,30,4,2,2,2,0,0
58,0,131.53481011655822,6,28,4,4,0,0,3,0
87,0,111.94325561535601,4,29,4,2,2,3,0,0
9,0,95.0,4,10,4,0,0,0,0,0
13,1,130.5879049417053,9,28,4,2,1,0,0,0
17,0,99.19676026197565,8,19,4,14,6,0,0,0
154,1,135.15321211191235,7,1,4,8,2,0,0,0
192,0,70.42552068988837,6,9,3,1,1,0,0,0
109,0,118.25537202287742,8,16,4,3,0,0,0,0
73,1,140.4,6,4,4,1,0,0,3,0
188,0,88.7022089590511,8,5,4,2,0,0,0,0
50,0,139.33229725704902,9,4,4,1,2,0,3,0
4,0,140.03915054427708,7,21,4,1,1,0,0,0
72,0,85.1920806753716,9,18,3,2,1,3,0,0
38,1,67.5,2,14,4,0,1,0,0,0
24,0,158.3480459887872,8,19,4,2,0,0,0,0
80,0,72.66094688900777,10,12,4,1,1,0,0,0
100,2,90.0,11,18,4,1,0,0,0,0
89,0,117.01554125745507,5,28,4,4,1,0,0,0
107,0,127.99336602658384,5,27,4,1,1,0,0,0
15,0,79.0,2,15,4,3,0,3,0,0
208,1,98.14327223344046,10,5,4,3,0,2,0,0
148,1,80.00974913256428,8,27,3,4,2,0,0,0
31,0,68.72295254673857,2,4,3,2,0,1,0,0
35,0,159.06378742480905,3,24,4,2,0,0,3,0
174,0,83.29932249199898,9,5,3,3,0,0,0,0
39,0,114.29297397495999,4,17,4,0,1,0,3,0
61,0,74.27163199428024,2,24,4,2,2,0,0,0
73,0,127.19040132375875,5,7,4,1,0,0,0,0
177,0,79.80378393041504,9,4,3,3,0,0,0,0
123,0,146.4079114884226,8,7,4,4,0,0,3,0
0,0,74.25133321763104,8,12,4,1,0,0,0,0
92,0,109.32803523919647,7,18,4,0,1,0,0,0
160,1,130.3347277737034,7,6,4,2,1,0,1,0
134,0,94.5,5,17,4,2,0,3,0,0
53,0,94.22896015155061,11,6,4,2,0,0,0,0
154,1,137.14582501255876,8,2,4,2,0,0,0,0
239,1,117.96802488612248,9,29,4,3,1,0,0,0
175,0,129.3411255887236,7,10,4,5,3,0,3,0
214,0,91.09122115788202,7,12,4,3,0,0,0,0
2,0,152.09631923924448,8,11,4,3,0,2,3,0
121,0,124.56585692741498,7,11,4,1,0,0,0,0
70,0,75.82125917360521,2,12,4,3,1,1,0,0
30,1,99.02386830362303,3,5,4,14,5,0,2,0
2,0,138.83775744535035,7,8,4,1,0,2,0,0
229,0,107.71891237973163,10,13,4,4,3,1,0,0
102,0,126.58016612658191,9,21,4,2,1,0,3,0
155,1,137.78817601383884,7,16,4,1,2,0,2,0
116,0,105.94374794701689,4,29,4,2,0,0,3,0
83,0,135.2620207995976,8,13,4,2,1,0,0,0
64,1,149.05614100996016,8,25,4,2,1,0,1,0
172,1,168.99343836677468,7,7,4,1,0,0,5,0
108,0,189.7569702050764,8,5,4,2,1,0,5,0
63,0,109.3391705042478,4,18,4,2,1,0,2,0
306,0,159.43894541073797,11,27,4,4,1,1,2,0
285,0,84.71163227653324,10,16,4,1,1,0,0,0
21,0,156.04276589396991,4,21,4,1,1,0,2,0
39,0,113.04625308136866,3,22,4,3,0,0,0,0
143,0,140.7,8,17,4,3,0,0,3,0
305,0,159.39927100788665,11,27,3,4,1,1,2,0
85,0,94.5,7,15,4,2,1,3,0,0
35,0,98.1,5,22,4,1,2,3,0,0
94,0,76.96886625031628,3,15,4,2,2,2,0,0
20,0,151.0,7,15,4,1,1,0,0,0
3,0,138.6247328518956,5,8,4,3,0,1,1,0
118,0,123.69431223040449,9,27,4,3,2,0,2,0
62,0,149.4,8,13,4,1,1,0,3,0
9,0,92.92750918541043,2,8,4,2,0,0,0,0
57,1,155.93291181257982,6,2,4,1,0,1,3,0
82,1,74.35851720010115,9,3,4,3,0,0,0,0
12,0,160.0,8,22,4,0,0,0,0,0
51,0,94.80999766237959,10,5,4,1,0,0,0,0
159,0,137.53166210372817,8,7,3,4,1,0,3,0
129,0,114.01948506883863,8,6,4,3,2,0,0,0
54,0,84.95520682268017,3,17,4,1,0,2,0,0
237,1,106.04627909537628,9,19,3,4,0,0,3,0
130,1,216.28664291619214,8,7,4,2,0,0,5,0
64,0,116.1,5,20,4,1,1,3,0,0
23,0,216.44485293313514,3,29,4,3,0,0,5,0
82,1,105.98497146770694,6,13,4,1,1,2,0,0
13,1,112.60702234444953,7,24,4,1,0,3,0,0
60,0,117.59493465650532,3,22,4,2,0,0,0,0
78,0,90.90085758403484,4,8,4,1,0,0,0,0
185,2,130.13093085359148,8,5,4,5,1,0,2,0
4,0,115.27878834387151,4,20,3,1,0,0,3,0
272,0,63.61434031760831,10,21,3,4,0,2,0,0
2,0,100.50021754754215,9,17,2,2,0,0,0,0
69,0,117.34739866988336,4,8,4,0,1,1,1,0
173,0,105.30867182533262,8,13,3,1,0,0,0,0
118,0,66.30256977081491,7,20,3,0,0,0,0,0
61,0,148.59064023354992,10,16,4,2,1,0,4,0
103,0,76.89535925445897,4,14,3,2,1,0,0,0
36,0,94.42784788879536,10,27,4,2,0,0,0,0
194,1,106.03576349910506,7,13,4,0,1,0,0,0
73,0,91.5204330805112,4,6,4,1,0,0,0,0
100,0,100.0,9,28,3,4,0,0,0,0
27,0,281.3404787115766,7,25,4,2,1,0,6,0
55,0,136.14565565917096,9,10,4,1,1,0,0,0
39,0,140.4,3,25,4,1,0,0,3,0
157,0,114.75,5,24,4,4,1,0,0,0
182,1,105.3,7,17,4,1,1,0,2,0
140,0,151.2,10,6,4,2,1,0,3,0
186,0,84.54381541238806,8,9,4,5,3,2,0,0
14,0,136.0,6,12,4,2,1,0,3,0
91,0,96.70504846073351,4,19,4,2,0,0,0,0
35,0,139.54313740155433,9,24,4,2,1,0,3,0
224,1,128.7,10,28,4,1,1,0,3,0
302,0,100.5180585460819,7,15,3,4,1,0,0,0
0,0,65.0,4,10,2,1,0,0,0,0
117,0,89.25,5,2,4,3,1,3,0,0
127,0,91.46850439927252,5,27,3,2,1,0,0,0
180,0,98.1,10,10,4,0,0,3,0,0
37,1,126.9,5,22,4,1,1,0,0,0
309,0,78.08650151105685,11,23,4,4,1,0,0,0
153,1,122.73853924395365,8,7,4,3,1,0,3,0
14,0,166.23634159315733,9,7,2,1,0,0,3,0
108,1,87.24588558515012,3,29,4,2,0,0,0,0
227,1,102.85,10,4,4,4,0,0,0,0
64,0,116.1,5,20,4,1,1,3,0,0
79,1,103.14040817957198,10,16,4,2,0,0,2,0
33,0,51.9660925296372,1,21,4,1,0,3,0,0
43,0,145.0672605239361,7,28,4,2,1,0,2,0
33,0,67.5,2,14,4,0,0,3,0,0
9,0,215.54921891443763,5,12,4,3,1,0,5,0
219,1,111.17085026014558,10,5,4,3,1,0,0,0
179,0,83.99624323313144,8,26,4,2,1,1,0,0
20,0,72.32738306685113,11,21,4,2,0,2,0,0
99,0,134.288800840969,5,21,4,3,1,0,1,0
1,0,131.91703632093962,9,28,2,3,0,1,0,0
224,0,88.71763435827278,7,24,4,2,1,0,0,0
1,0,112.20037383428537,5,28,4,2,1,0,0,0
83,0,93.6,11,12,4,0,1,0,0,0
136,0,131.43762521711466,8,23,4,4,0,0,3,0
32,0,68.18196306523089,2,12,4,2,0,1,0,0
187,0,65.10181219310448,9,25,4,3,0,0,0,0
11,1,135.87168218861572,4,27,4,3,0,0,0,0
86,0,109.83891173231858,10,29,4,2,0,0,0,0
207,0,98.1,10,4,4,1,0,3,0,0
2,0,104.03677647422316,10,8,1,1,0,0,3,0
225,1,119.67096965601799,8,14,4,3,0,0,0,0
114,1,77.87894650907772,10,17,4,2,1,1,0,0
23,0,127.22450766917268,4,10,4,4,2,0,2,0
22,0,221.0,5,15,4,2,0,0,5,0
129,0,97.66505220502869,8,21,4,2,1,0,0,0
98,0,107.28783555938367,8,28,4,1,0,2,0,0
10,0,235.75269820442196,8,15,4,2,0,0,5,0
162,0,94.5,7,22,4,2,0,3,0,0
15,0,63.1723212166961,2,13,4,2,1,3,0,0
37,0,116.1,5,15,4,1,0,3,0,0
195,0,122.27797169196025,9,8,4,1,0,0,2,0
102,0,119.12206185122085,7,3,4,3,0,0,2,0
24,0,167.32029475710502,7,27,4,1,1,0,4,0
12,0,109.04903055989823,4,25,4,1,1,3,0,0
55,0,116.1,5,20,4,1,1,3,0,0
112,0,97.64107321019546,11,6,3,3,0,0,3,0
209,0,80.42011631114973,8,29,4,2,1,3,0,0
25,0,173.87506700419456,5,28,4,2,1,0,3,0
99,0,108.49808190856609,6,7,4,2,2,3,0,0
113,0,129.55740914761708,8,14,4,2,0,0,0,0
13,1,130.58800747077413,9,28,4,2,1,0,0,0
287,2,105.545525173664,9,29,4,3,0,0,0,0
36,0,81.0,6,19,3,1,2,0,0,0
19,0,91.70216617625506,2,3,4,2,0,0,0,0
162,0,80.9364952652275,7,27,4,1,1,3,0,0
123,1,137.3941116702421,6,16,4,1,2,0,2,0
22,0,93.95164021465996,3,18,4,1,0,0,0,0
199,1,151.93178695807816,9,19,4,3,1,0,0,0
22,0,128.1768872648828,5,21,4,3,1,0,0,0
45,0,125.84612788349224,7,27,4,1,0,1,0,0
82,0,132.7416926799527,10,6,4,2,1,0,2,0
52,0,96.91151991084315,11,7,3,3,0,0,2,0
70,0,78.3,3,3,4,2,0,0,0,0
53,0,123.41544990214754,8,30,4,5,1,0,3,0
101,0,75.30882788186184,3,15,4,2,1,0,0,0
169,0,106.79703304368283,4,20,3,2,2,2,0,0
37,0,125.06991134222821,9,4,4,2,0,0,3,0
55,0,139.35409469607984,4,10,4,1,0,0,3,0
105,1,89.23741515401717,9,30,3,2,0,0,0,0
94,0,76.71463447102825,3,15,4,2,2,2,0,0
110,0,120.98109243291965,8,1,4,3,0,0,1,0
159,1,132.2092386428928,8,28,4,3,1,0,3,0
65,1,149.4,9,8,4,2,0,0,3,0
35,0,67.5,2,13,4,0,0,3,0,0
174,0,124.55263453388643,8,16,4,0,1,0,0,0
10,0,114.74405475188105,5,25,4,0,1,0,0,0
92,0,150.45797623341733,9,22,4,4,1,0,3,0
132,0,118.88014968952952,10,3,4,1,2,1,1,0
155,0,94.5,8,22,4,2,0,3,0,0
25,0,118.99934268328468,9,26,4,0,0,2,0,0
87,0,74.49509324657284,4,13,4,1,0,0,0,0
60,0,122.52599291196832,7,23,4,1,1,0,0,0
153,2,131.67595347916085,7,22,4,1,1,0,0,0
172,0,89.89396270387908,9,15,4,4,1,1,0,0
125,0,79.2,11,15,4,2,0,3,0,0
74,0,116.1,5,17,4,1,0,3,0,0
131,0,94.5,6,13,3,1,0,2,0,0
49,0,89.93385822617347,9,5,4,3,0,2,0,0
232,0,90.92852800258704,8,27,4,4,0,0,0,0
45,0,99.0,8,30,4,1,0,3,0,0
91,0,118.4953366919944,6,18,4,1,1,1,0,0
131,0,140.33271063793634,7,28,4,5,2,0,3,0
73,0,75.42138874499476,11,18,4,2,0,3,0,0
30,0,53.714481482060854,1,19,4,1,0,3,0,0
52,0,98.85397652602813,9,3,4,0,0,0,0,0
185,0,89.01368707921736,8,16,4,3,0,3,0,0
81,1,134.70441802188458,6,10,4,3,1,0,0,0
10,0,79.07102833127267,2,13,4,1,1,2,0,0
37,0,150.3,6,1,4,2,1,0,3,0
188,1,137.7,8,7,4,1,1,0,3,0
121,0,92.28334050273523,5,8,4,2,2,0,0,0
75,0,102.62465806518804,9,17,2,0,1,0,0,0
14,1,90.39219824605506,2,5,4,1,2,0,0,0
15,0,113.44679244038919,6,12,4,1,1,0,0,0
144,1,112.96981653985188,6,23,4,4,2,0,3,0
159,1,121.16748600826418,7,14,4,3,0,0,0,0
59,0,68.96881596981184,11,21,4,1,1,0,0,0
230,0,137.0,9,6,3,5,0,0,0,0
64,0,64.33184917101882,3,12,4,1,2,3,0,0
116,0,60.5766733177592,2,28,3,1,2,0,0,0
135,0,56.51849069963409,6,20,4,3,0,3,0,0
47,1,152.88518348949844,9,2,4,1,1,0,0,0
143,0,176.86853135267177,9,25,4,1,0,1,0,0
228,0,104.84737758195291,10,8,2,2,0,0,2,0
63,0,142.5358947873909,5,8,4,1,0,0,0,0
119,1,135.54772828715372,5,17,4,2,1,0,0,0
38,0,107.1,4,29,4,3,1,3,0,0
147,0,113.0873819222507,7,1,4,4,1,0,3,0
221,0,82.4213282888889,8,12,4,1,0,1,0,0
76,0,105.3,4,25,4,1,0,0,0,0
16,0,88.57078861189709,3,3,4,0,1,3,0,0
47,1,132.89463592037438,8,26,4,3,1,0,3,0
1,0,60.0,2,28,3,1,2,0,0,0
105,0,75.0,4,6,3,1,0,0,0,0
28,0,102.18902063191068,4,17,4,1,1,0,0,0
101,0,150.3,8,24,4,4,0,0,3,0
50,0,111.48389500690033,4,7,4,3,0,1,0,0
79,0,63.180912532095675,4,12,4,4,0,2,0,0
8,1,110.0,7,10,1,11,5,0,1,0
179,1,130.05,8,7,4,3,0,0,3,0
29,0,134.55750573481416,7,8,4,1,0,1,0,0
213,0,120.00154965880395,8,29,4,3,0,0,0,0
35,0,115.85669177327603,5,16,4,0,0,3,0,0
70,0,112.41123526193753,10,21,3,1,1,0,3,0
9,0,109.78783873706897,8,30,0,1,0,0,2,0
105,0,100.223101059107,7,16,4,1,0,0,0,0
12,0,84.29586180784966,7,17,3,0,0,0,0,0
42,0,104.66006222029438,3,27,4,0,1,0,0,0
57,0,109.90660649189591,3,21,4,2,1,0,1,0
116,0,101.73441205918289,4,29,4,2,0,0,3,0
377,0,90.0,10,14,3,2,0,1,0,0
50,0,109.64492497567365,7,29,4,2,0,0,0,0
87,0,85.5,4,25,4,1,1,3,0,0
6,0,139.0,7,7,4,4,1,3,0,0
15,0,234.14574949231005,8,17,4,6,2,0,5,0
212,1,128.825300307032,8,26,3,2,1,0,1,0
79,0,76.5,6,2,4,1,1,0,0,0
168,0,106.94820694520905,8,1,4,2,1,0,0,0
308,0,100.98226364293642,5,13,4,2,1,0,0,0
18,0,113.28248354477464,5,13,4,0,1,0,0,0
11,0,94.6794091980285,3,30,2,0,0,0,0,0
39,0,138.620046744082,10,4,4,1,0,0,2,0
54,0,146.24066265079225,9,23,4,4,2,0,3,0
214,0,170.8457309192209,10,4,4,4,1,0,1,0
219,0,157.5228814777799,8,12,3,3,1,0,2,0
348,0,76.483223452287,12,25,4,1,1,0,0,0
8,0,126.8889356433062,9,28,4,0,1,3,0,0
103,0,115.68318149731748,5,15,4,2,0,1,0,0
115,1,151.5751817310991,9,8,4,1,2,0,3,0
177,1,129.94530439652908,8,3,4,4,1,0,0,0
110,0,129.6,9,5,4,1,0,0,0,0
192,0,102.15186996720229,9,25,3,3,1,0,0,0
209,0,130.25590319871932,7,7,3,3,0,0,0,0
70,0,78.3,2,11,4,1,1,0,0,0
24,0,230.03541447388497,9,6,4,2,0,0,4,0
171,0,104.1857590829524,9,27,4,2,2,0,3,0
172,0,95.0,6,24,3,2,0,0,0,0
51,0,124.56973597315226,6,16,4,2,0,2,0,0
38,0,157.27605904905377,10,6,4,3,1,2,0,0
107,0,98.62098364828466,8,18,4,1,1,0,0,0
42,0,99.47758194800973,7,28,4,2,0,1,0,0
72,0,75.90225928192112,11,18,4,2,0,3,0,0
236,1,107.34738987319304,9,12,4,4,0,0,0,0
191,0,70.1774214322969,5,9,3,1,1,0,0,0
308,1,78.3,11,23,4,3,0,0,0,0
100,0,77.44651941993766,6,2,4,2,0,0,0,0
240,1,104.19528448480894,6,19,4,6,3,0,0,0
18,0,139.08123541905383,5,7,4,2,1,0,3,0
84,0,97.76897602427384,3,24,4,3,1,0,3,0
194,0,98.39300701594416,8,3,4,1,1,2,0,0
74,0,82.32861795815226,4,1,3,3,1,0,0,0
128,0,81.35603741168816,6,27,4,3,1,3,0,0
79,0,116.1,5,18,4,1,0,3,0,0
66,0,154.30767192054861,6,3,4,1,0,0,3,0
50,0,63.75,3,6,4,4,1,3,0,0
11,0,89.0,5,18,4,0,0,3,0,0
4,0,79.0,2,13,4,1,1,3,0,0
110,0,120.0,10,9,3,0,1,0,1,0
418,0,77.7039719601467,9,26,3,2,1,0,0,0
18,0,105.02900172713439,10,25,4,2,0,0,0,0
4,1,186.85826738922876,7,11,4,3,0,0,3,0
33,0,140.4,3,24,4,2,0,0,3,0
142,1,133.59197460361443,7,30,4,3,1,0,3,0
35,0,96.32346758818291,9,29,4,1,1,3,0,0
246,0,110.95464979598873,6,6,3,1,1,0,0,0
66,0,83.27164603598487,3,13,4,4,1,0,0,0
262,0,114.09566108806843,7,22,4,2,0,2,0,0
32,0,229.56883027820763,7,17,4,3,1,1,5,0
219,1,144.30755971103642,9,9,4,1,0,0,0,0
57,0,132.99616299556462,9,10,4,2,1,0,2,0
145,0,139.51492362444182,8,17,4,3,0,0,3,0
143,0,89.8870531912254,10,12,4,1,2,0,0,0
28,0,118.82036940079945,7,28,4,1,0,0,0,0
170,1,95.67078697693046,7,17,4,3,1,0,0,0
33,0,149.4,8,10,4,1,0,0,3,0
45,1,112.61497857582752,3,18,4,1,2,0,3,0
52,0,120.37337958073681,4,28,4,1,0,0,1,0
258,0,110.0,10,16,3,0,1,0,0,0
175,0,109.21135837790122,9,5,4,2,0,1,0,0
33,0,83.96824139799257,3,1,4,3,0,0,0,0
3,0,79.61276207387257,2,6,4,5,2,3,0,0
109,0,118.32301818861544,8,17,4,3,0,0,0,0
32,0,123.90088495811713,10,2,4,3,2,0,3,0
48,0,126.15396338821942,4,21,4,1,0,0,0,0
4,1,89.25310653003582,5,12,4,2,0,0,0,0
120,0,70.01722523398719,9,17,3,4,1,0,0,0
80,0,78.3,3,6,4,2,0,0,0,0
147,0,126.92568589075896,9,12,3,4,0,0,0,0
58,1,121.66777471514453,9,1,4,3,1,0,3,0
193,0,137.7,8,23,4,2,1,0,3,0
226,1,132.3770895777547,10,30,4,3,1,0,3,0
28,0,94.70459786352376,7,13,4,0,1,0,0,0
24,0,108.14691847781098,7,11,4,0,1,0,0,0
26,0,229.90167305248758,9,24,4,3,0,0,5,0
195,0,119.43449065429704,8,12,4,0,0,1,0,0
232,0,85.18329670062313,8,15,4,3,0,0,0,0
250,0,112.77823490464762,9,14,4,1,0,0,0,0
18,0,166.0,7,9,4,1,0,0,3,0
44,0,66.66716659030139,2,11,3,1,0,2,0,0
207,0,99.50506626368588,7,22,4,3,0,0,0,0
14,0,181.14160781639765,6,16,4,2,1,0,3,0
295,1,117.0,9,21,3,4,0,1,0,0
53,0,91.09990138903302,3,29,4,1,0,0,0,0
39,0,71.71284542574604,2,2,4,3,1,1,0,0
28,0,127.60524668202133,10,5,4,3,1,0,1,0
114,0,75.0,7,1,3,2,1,0,0,0
63,0,105.3,4,22,4,2,1,0,0,0
93,0,70.41791717747952,5,5,4,2,0,0,0,0
162,1,162.26476816596985,8,4,4,1,1,0,0,0
51,0,125.4323888497905,9,25,4,0,1,1,1,0
178,0,112.58881282573549,7,26,4,2,0,0,0,0
26,0,229.83386567675424,9,22,4,2,0,0,5,0
84,0,94.5,7,13,4,3,0,3,0,0
13,0,138.22913732488703,4,7,4,2,1,0,0,0
273,0,105.7384792719676,9,30,4,2,1,0,0,0
135,0,136.58635915191374,9,29,4,2,1,0,3,0
108,0,119.20616677214484,9,19,4,3,0,0,0,0
31,0,95.4,3,11,4,2,1,0,3,0
110,0,143.35880203656004,6,3,4,1,0,0,0,0
60,0,136.55780974644907,8,16,4,1,1,0,1,0
30,0,151.53189376426573,2,27,4,2,0,0,3,0
83,1,76.5,7,6,4,4,1,0,0,0
152,1,114.3,8,7,4,1,0,0,0,0
108,0,121.2192803959242,7,2,4,5,0,0,2,0
89,0,89.25,7,16,4,3,0,0,1,0
35,0,115.00357652826449,3,13,4,1,0,0,1,0
75,0,123.70368578147834,7,10,4,1,1,0,3,0
57,0,129.59732908933205,4,14,4,3,0,0,3,0
14,0,132.59425823120586,4,4,4,7,2,0,3,0
303,0,75.20942000357495,9,20,4,2,1,0,0,0
163,0,106.94578724794485,8,13,4,3,1,0,0,0
83,0,135.51562248409573,8,13,4,2,1,0,0,0
51,0,207.9,8,12,4,2,0,0,5,0
55,0,139.5,10,15,4,3,0,0,3,0
96,0,74.11448604965916,7,21,3,3,1,0,0,0
79,0,185.40306403338363,7,9,4,3,1,0,3,0
92,0,150.40010399655247,8,22,4,1,1,0,3,0
6,0,118.12655634299423,3,11,4,1,0,0,0,0
179,0,111.69666650466691,7,1,4,4,1,0,0,0
274,0,68.25782842659189,11,25,4,4,0,3,0,0
85,0,132.3,10,4,4,1,1,0,3,0
62,0,68.85,7,8,4,8,2,2,0,0
7,0,211.8916804155139,10,9,4,3,0,0,4,0
171,1,117.66478214746722,7,19,4,2,1,0,0,0
87,0,99.60112274676479,8,10,2,1,0,0,0,0
9,0,85.40197903695902,2,20,4,1,1,0,0,0
165,1,108.8738181727221,10,1,4,2,2,0,0,0
172,0,80.75,7,8,4,4,1,3,0,0
78,0,87.23386007322988,4,1,4,1,1,0,0,0
117,0,123.46704749365259,6,28,4,2,0,0,3,0
28,0,126.156226564036,6,21,4,1,0,0,2,0
25,0,157.76666501199492,5,20,4,2,0,0,3,0
384,0,90.0,10,21,3,0,1,1,0,0
28,0,104.54037531047523,5,21,4,1,1,2,0,0
62,0,164.5069843115516,10,20,4,1,1,0,4,0
17,0,65.0434877329017,10,11,2,0,0,1,0,0
46,0,123.3,6,29,4,4,1,0,3,0
103,0,115.46161922693811,4,17,4,1,0,1,0,0
196,2,112.20314233734614,8,23,4,5,2,0,0,0
51,0,67.5,2,24,4,2,0,3,0,0
64,0,141.80663592465524,5,5,4,1,0,0,1,0
211,1,67.5,11,18,4,2,0,3,0,0
232,0,103.8280082129145,7,28,4,9,3,0,2,0
1,0,149.5164263880418,3,24,4,1,1,0,0,0
62,0,125.16102608773237,4,29,4,1,1,0,0,0
298,0,75.56279553520825,5,10,3,2,0,0,0,0
245,0,110.2784824560428,6,6,3,3,1,0,0,0
132,0,122.91044747157618,7,6,4,4,0,0,0,0
46,1,124.38025645960913,3,21,4,3,1,0,2,0
84,0,94.81310604288755,7,13,4,3,0,3,0,0
23,0,136.262699443148,3,26,4,1,2,0,0,0
92,0,105.59694331715362,8,30,4,2,0,0,0,0
286,0,117.0,9,16,4,2,0,1,0,0
38,0,125.1,7,23,4,0,0,3,0,0
107,0,120.55866975650959,8,2,4,4,0,0,3,0
145,1,117.79368310775129,6,29,4,7,3,0,3,0
207,0,95.45270434016878,8,1,4,1,0,0,0,0
16,0,84.36486535125536,2,3,4,2,0,2,0,0
153,1,173.25,7,7,4,3,1,1,0,0
220,0,195.2141569531998,7,6,3,1,2,0,3,0
12,0,111.14964317210337,5,31,4,3,0,0,0,0
149,0,127.5,7,20,4,3,0,0,0,0
116,0,94.79806476154094,8,1,3,1,2,0,0,0
72,0,116.1,5,9,4,1,0,3,0,0
156,0,99.45,8,1,4,4,0,0,0,0
134,0,94.5,6,17,4,0,0,3,0,0
220,1,105.65724260277597,6,2,4,3,0,0,0,0
59,0,156.6,12,22,4,0,0,0,5,0
16,1,199.44646800003775,5,12,4,1,0,0,4,0
158,0,143.8604460378169,9,19,4,2,1,0,0,0
11,1,151.07578323775647,8,13,4,1,1,0,0,0
36,0,170.78209477683873,6,28,4,1,1,0,0,0
65,0,163.51305102014504,10,17,4,2,0,0,4,0
240,1,98.10230370610927,9,2,4,2,2,0,1,0
229,0,86.86034461951239,10,22,4,2,2,0,0,0
294,0,159.6272745719395,7,21,4,4,1,0,5,0
31,1,130.5,7,25,4,1,0,0,0,0
127,1,141.1726285606246,7,29,4,3,0,0,1,0
110,0,150.3,8,14,4,4,1,0,3,0
27,0,142.77355008177344,4,11,4,3,1,0,0,0
84,0,74.59653670573418,10,6,3,2,1,0,0,0
110,0,137.7,7,23,4,1,1,0,3,0
31,0,183.93866716828455,9,2,4,5,2,0,5,0
40,0,116.1,5,8,4,2,0,3,0,0
43,0,75.17985700733509,5,25,4,7,1,0,0,0
36,0,135.0956542727401,8,10,4,1,1,0,1,0
139,0,87.21003313908338,8,1,4,2,0,1,0,0
115,0,65.74104951737284,2,27,3,5,2,0,0,0
10,0,89.34018667971193,5,17,4,1,1,1,0,0
62,0,110.0945076747945,8,30,4,4,0,0,3,0
150,0,203.7740103926885,8,17,4,3,0,1,3,0
72,0,72.74654586860362,10,13,4,2,0,0,0,0
44,0,114.03425960577765,4,9,4,3,1,0,2,0
86,1,105.37772150357901,3,24,4,4,2,0,0,0
38,0,169.8695007507056,5,29,4,1,0,0,0,0
143,0,116.00424937803726,7,30,4,6,3,0,3,0
101,0,105.3,6,25,4,1,1,0,0,0
249,1,99.29020992156056,8,8,4,2,1,0,0,0
6,0,85.0,2,21,4,1,1,0,0,0
267,0,95.4,9,1,4,1,1,2,0,0
193,0,98.656033751783,8,6,4,2,1,3,0,0
19,0,156.0,6,7,4,1,0,0,3,0
8,0,90.78599995056389,3,12,4,6,2,0,0,0
19,0,104.68042432800182,10,25,4,2,0,0,0,0
153,1,111.98283173592532,7,10,4,1,1,0,0,0
0,0,97.9555989377373,8,6,3,1,0,0,0,0
26,0,76.78844968329939,2,19,4,1,0,3,0,0
217,1,158.05213581122726,8,10,3,3,1,0,3,0
242,1,96.35091268118084,7,19,3,2,0,0,0,0
192,0,93.5687529218794,8,27,3,2,0,0,0,0
68,0,140.81922197869307,4,29,4,1,1,0,3,0
58,0,122.59769271251089,3,28,4,0,1,0,1,0
44,0,102.15497202775299,8,14,4,1,0,0,0,0
36,0,178.3416031874408,4,21,4,3,1,0,5,0
96,0,107.90216191833467,9,17,4,4,2,3,0,0
150,0,98.55617810535111,8,19,4,3,1,0,0,0
204,0,137.7,8,19,4,1,0,0,3,0
252,1,94.76970434755414,9,15,4,1,0,2,0,0
200,0,93.76147572147434,9,1,4,7,2,0,0,0
193,0,95.48294569478132,8,24,4,2,2,0,0,0
47,0,92.44304025379047,4,10,4,1,0,1,1,0
52,0,140.26504666929063,4,10,4,2,0,0,3,0
7,0,139.3901062583307,8,5,4,5,1,3,0,0
53,0,94.5,5,19,4,2,0,3,0,0
44,0,89.93388739920812,11,19,4,1,1,0,0,0
158,0,114.3,7,7,4,1,1,0,0,0
216,1,88.58494746916,5,21,4,2,0,0,0,0
80,0,190.3841050479607,9,15,4,3,1,0,4,0
85,0,157.67445012391266,3,23,4,2,1,0,4,0
146,1,76.51772055204373,6,3,4,1,1,0,0,0
8,0,214.67892946780677,3,17,4,2,2,0,5,0
7,0,164.07301559640015,8,19,4,1,1,0,1,0
12,0,220.41688781449315,8,18,4,1,0,0,5,0
49,0,99.52321956342368,4,11,4,2,0,0,0,0
50,1,108.0,10,4,4,2,0,1,0,0
35,0,125.1,6,24,4,0,0,3,0,0
169,0,123.25891877740666,5,24,4,4,0,0,2,0
64,0,114.37010788542595,4,19,4,3,0,0,2,0
147,0,100.45580716761103,7,12,4,1,1,3,0,0
55,0,142.52233935337588,4,17,4,4,1,0,3,0
102,0,99.00998291679849,3,23,3,3,0,0,0,0
4,0,153.66385219774486,7,10,4,2,0,2,4,0
128,0,121.61457613159313,7,17,4,3,1,0,2,0
4,0,80.5638464358777,2,4,4,1,1,2,0,0
20,0,172.0,3,27,4,1,1,0,1,0
154,1,104.29269298962286,7,27,4,1,0,1,0,0
184,0,122.68355692658282,10,3,4,2,0,0,3,0
26,0,100.934795327973,6,23,4,1,0,0,0,0
151,1,133.11182554475081,7,29,4,3,1,0,0,0
55,0,168.3,8,24,4,2,0,0,3,0
25,0,141.68820528377216,4,27,4,2,0,0,3,0
157,2,160.8347099049773,8,5,4,2,0,0,0,0
212,0,129.78881598031023,6,7,3,3,0,0,0,0
98,0,71.4287372752933,8,21,3,3,1,0,0,0
187,0,129.96126030715155,6,15,3,2,0,0,0,0
67,0,138.878956721593,4,6,4,1,0,0,3,0
190,1,91.56309131258524,6,8,4,3,0,0,2,0
25,0,106.86073491134107,9,10,4,0,0,1,0,0
188,1,100.83702051708076,8,6,4,2,2,0,0,0
179,0,88.76516366318549,8,26,4,1,0,0,1,0
61,0,79.93987061195033,3,4,4,2,0,0,0,0
154,0,113.4,10,4,4,1,1,0,0,0
35,0,81.9,3,8,4,5,2,0,0,0
88,0,87.1973837561528,11,6,3,1,0,2,0,0
65,0,168.3,8,6,4,1,1,0,3,0
26,0,138.18175950825503,5,26,4,1,1,0,0,0
27,0,136.5941610398648,9,19,3,0,0,0,0,0
45,0,74.8,11,22,4,4,0,3,0,0
112,0,243.0772095704026,7,7,4,2,1,1,5,0
20,0,90.34196468253904,3,7,4,0,0,0,0,0
248,0,107.89064001842273,6,5,3,2,1,0,0,0
214,0,95.0858705608451,7,6,4,2,0,0,0,0
233,1,104.12424629060473,8,12,4,4,0,0,0,0
152,0,98.52392960728012,7,6,4,5,1,3,0,0
191,0,95.8143514790908,9,21,4,2,1,0,0,0
14,0,106.19458405434696,7,19,2,1,0,0,0,0
65,0,165.62597746914406,7,9,4,4,1,0,1,0
273,0,109.43335562021788,5,17,4,1,0,1,0,0
10,0,140.44675544581258,5,7,4,0,0,0,0,0
307,0,78.29240697613574,10,22,3,3,0,0,0,0
46,0,112.5,4,7,4,1,0,0,0,0
184,0,137.96663060146514,8,20,4,2,1,0,2,0
147,0,121.70551387136081,7,13,4,5,2,0,0,0
176,1,128.04782712456,7,11,4,2,1,0,3,0
197,0,80.5941771365562,10,29,4,2,2,1,1,0
312,0,31.878041336564053,9,22,4,2,0,0,0,0
60,0,78.30951439060749,3,17,4,3,0,2,0,0
6,0,153.37167863451953,4,15,4,1,0,0,3,0
88,0,186.60013180933933,6,20,4,2,0,0,5,0
101,0,107.82143517240549,9,2,4,1,2,3,0,0
152,0,114.05935783931604,8,6,4,1,0,0,0,0
103,0,115.67552666990869,5,15,3,2,0,1,0,0
5,0,106.0397220950306,2,11,4,7,3,0,2,0
57,0,140.4,5,1,4,2,0,0,3,0
92,0,125.60999454797577,10,21,4,2,2,0,3,0
11,0,78.3390954171128,11,18,4,2,2,3,0,0
163,0,96.3,8,28,4,1,0,0,0,0
40,0,135.78642007585805,9,25,4,0,1,0,0,0
183,1,110.77910627125219,8,8,3,3,0,0,0,0
159,1,128.8747052307305,5,25,4,2,0,0,3,0
377,1,112.91488187050778,10,14,4,2,0,1,0,0
9,0,124.47841579053254,5,10,4,1,2,0,1,0
100,0,100.7228877605453,9,27,3,4,0,0,0,0
53,1,158.4,10,16,4,2,1,0,3,0
3,1,179.87816997154758,8,11,4,4,1,0,3,0
31,0,210.16135742264055,7,17,4,2,1,0,3,0
45,0,131.471879891813,5,6,4,1,1,0,1,0
180,1,102.1982477551902,8,20,4,3,0,0,1,0
9,0,79.0,2,5,4,0,0,3,0,0
19,0,79.0,2,16,4,2,0,3,0,0
286,0,87.4025454508266,12,2,4,3,0,0,2,0
51,0,88.75646116281581,4,19,4,2,0,3,0,0
75,0,80.46887707280935,3,13,4,3,0,1,0,0
91,0,80.30525559148494,4,3,4,2,1,0,0,0
114,0,189.8614106633968,7,15,4,3,1,1,3,0
78,0,163.5601129283486,4,13,4,2,0,0,3,0
4,0,127.329954042076,2,11,4,2,1,0,0,0
192,0,102.0,9,25,3,3,2,0,0,0
71,0,109.25995231800252,5,29,4,2,1,3,0,0
92,0,71.60854941765625,3,18,3,1,0,0,1,0
44,0,67.87368792619418,2,12,4,1,0,3,0,0
162,1,123.3,10,26,4,3,0,0,3,0
117,0,97.67657233299698,4,18,4,2,0,0,3,0
30,0,153.98084385590488,9,6,4,3,0,0,4,0
35,0,72.32298266876468,3,2,4,2,0,3,0,0
69,0,137.7,6,25,4,2,0,0,3,0
79,0,83.65964868232047,3,28,4,3,1,1,0,0
94,0,107.55651554839517,9,18,4,4,2,3,0,0
186,0,64.57657604915207,10,24,4,3,0,0,0,0
292,0,80.08762002167482,12,29,4,3,0,2,0,0
89,0,127.79173917056525,4,27,3,1,0,0,0,0
57,0,67.54192837269537,11,17,4,1,1,1,0,0
28,0,104.0,12,16,4,1,0,0,0,0
62,0,113.81502542028359,4,9,4,2,1,1,1,0
61,0,206.08374295120737,5,14,4,1,1,0,3,0
185,1,112.0078650260609,8,3,3,2,1,0,0,0
81,0,133.57540965005617,8,2,4,5,2,0,0,0
149,1,162.91635703906766,8,23,4,1,1,0,3,0
35,0,99.0029716149934,9,26,4,0,1,2,0,0
313,0,71.53309940423078,12,25,4,6,3,2,0,0
85,0,140.4,5,26,4,2,0,0,3,0
33,0,114.3153656550134,3,24,4,2,1,3,0,0
37,0,115.38082023709525,4,11,4,2,1,1,1,0
194,0,101.25441834210538,8,11,4,3,1,0,0,0
94,0,168.3,9,5,4,0,1,0,3,0
165,0,128.27853254664058,8,28,4,0,1,0,3,0
85,0,149.96282076147028,8,13,4,2,0,0,3,0
185,0,64.20072628199654,6,26,4,3,2,1,0,0
32,0,79.90691237616473,11,5,4,3,0,3,0,0
285,0,68.45946388047065,10,13,4,0,1,2,0,0
111,0,120.0,10,10,3,0,1,0,2,0
159,1,130.48187386011,7,6,4,1,1,0,0,0
123,0,127.70251665732809,7,4,4,4,1,0,3,0
9,0,85.5020399464655,6,2,4,2,1,0,0,0
142,0,74.34051790593557,7,1,3,2,1,0,0,0
91,0,95.71608711225583,4,18,4,2,0,0,0,0
97,1,85.40112820963006,5,23,4,1,0,2,0,0
158,0,104.04130511701524,6,12,3,2,1,0,1,0
43,0,177.56636668315355,9,4,4,1,1,0,5,0
74,0,127.8,7,9,4,1,0,0,3,0
226,0,92.06305772759299,11,30,4,2,2,0,2,0
72,1,150.3387164521886,9,18,4,3,0,0,3,0
67,0,91.08440142668161,6,5,4,2,0,1,0,0
87,1,135.5385685950625,10,8,4,3,1,0,0,0
67,0,111.96092612748623,4,14,4,3,1,0,3,0
69,0,74.8,11,21,4,3,0,0,0,0
69,0,107.50157982615892,7,30,4,2,0,3,0,0
32,0,98.1,5,22,4,0,2,3,0,0
183,1,104.72067665419279,10,4,4,2,0,0,0,0
127,0,103.5,7,7,4,3,0,3,0,0
133,0,92.96984330729605,5,16,4,3,0,3,0,0
97,0,168.18294855971192,4,22,4,3,1,0,4,0
58,0,105.3,5,11,4,1,0,0,0,0
70,0,93.6,11,4,4,2,0,0,0,0
105,1,151.2,10,10,4,2,0,0,3,0
200,0,96.71131386919394,8,11,4,4,1,0,0,0
160,0,130.54248709602973,8,1,4,3,1,0,3,0
225,1,119.62647611473295,9,21,4,4,1,0,0,0
28,0,117.76350210812213,5,21,4,2,1,0,0,0
133,0,131.22010780186733,9,4,4,1,1,0,1,0
240,0,105.00890889382433,6,7,4,2,0,0,0,0
60,0,125.52185879553525,10,11,4,1,1,1,1,0
79,0,119.58932341504418,9,5,4,3,0,0,2,0
153,0,113.61060687940763,6,21,4,1,0,0,0,0
166,0,110.0,11,1,3,3,0,0,0,0
14,0,65.0,9,13,2,2,0,0,0,0
18,0,187.0,7,10,4,1,1,0,3,0
33,0,126.71379521470578,4,11,4,0,0,0,0,0
59,0,125.1,9,10,4,1,0,3,0,0
74,0,112.96067638151177,3,25,4,3,0,0,1,0
180,0,112.13508599897037,7,2,4,4,1,0,2,0
150,0,171.0725944218768,7,4,4,4,1,0,1,0
152,0,98.39481357341407,7,6,4,5,2,3,0,0
22,0,164.82447801024534,6,25,4,4,1,0,3,0
91,0,91.79431686033675,11,2,4,2,0,0,0,0
120,0,76.5,7,13,4,4,0,0,0,0
65,0,125.4633718247,6,28,4,2,0,0,3,0
18,0,116.170792886492,9,2,4,0,1,3,0,0
211,0,77.62331671625445,5,20,3,2,2,0,0,0
10,0,96.3416303448217,10,14,3,1,0,3,0,0
271,1,101.1792095093102,9,20,3,3,0,0,0,0
305,1,77.6106910817195,12,29,4,3,0,3,0,0
185,1,112.0085916631085,8,3,4,2,1,0,0,0
6,0,89.19977263599522,3,22,4,1,0,2,0,0
110,0,78.36289311982688,8,22,3,2,0,0,0,0
184,0,123.61234149303453,9,3,4,4,1,0,1,0
47,0,125.96732799358401,8,27,4,5,1,0,3,0
117,0,99.45,5,17,4,3,0,0,1,0
284,0,81.8157466540406,10,16,4,3,2,0,1,0
291,0,115.0,7,19,3,2,0,1,0,0
224,0,72.23415275759089,12,28,4,3,2,2,0,0
11,0,78.29511900712009,11,18,4,2,2,3,0,0
178,0,115.200086122489,8,9,3,3,0,0,0,0
10,0,112.05776746758568,5,30,4,1,0,0,1,0
191,0,94.4043636653485,9,2,4,4,0,0,0,0
60,0,100.06717337931121,6,26,4,0,1,0,0,0
175,0,122.0278709340993,8,9,3,2,0,0,0,0
81,0,99.06159563564833,3,24,4,2,1,0,3,0
150,0,80.25110081626362,9,25,3,8,3,0,2,0
115,0,108.97542988336961,5,7,4,1,0,0,0,0
228,0,90.00680420459825,8,10,4,2,0,0,0,0
103,0,101.49456551501062,3,24,4,3,0,0,1,0
155,0,87.93547442163067,8,20,3,1,0,0,0,0
157,1,123.3,7,9,4,3,0,0,0,0
290,0,72.0,6,17,3,2,1,0,0,0
280,1,94.02893086271091,8,13,4,1,0,0,1,0
138,0,100.23440971628914,7,3,4,2,2,0,0,0
56,0,155.5783951712041,6,19,4,3,1,0,4,0
81,1,85.82937071695474,11,29,4,1,1,0,0,0
95,0,94.5,7,11,4,1,1,1,0,0
145,1,114.3,5,5,4,1,0,0,3,0
104,1,108.0,10,18,4,2,1,3,0,0
207,1,105.50894224477365,8,4,4,1,0,0,2,0
14,0,88.68125563018687,7,25,4,0,0,3,0,0
194,0,103.71826992353066,8,1,4,1,1,0,0,0
253,1,97.42808202367434,9,13,4,1,0,0,0,0
68,0,89.75361526662255,10,11,4,1,1,0,0,0
197,0,140.5109393946826,9,5,4,3,0,0,3,0
9,0,100.81389874480111,8,16,4,3,0,1,0,0
122,0,72.25,7,20,3,2,0,0,0,0
113,0,121.46799070833234,8,1,4,1,1,0,0,0
100,0,185.54819462156337,5,28,4,3,0,0,5,0
27,0,115.03249918952636,4,15,4,1,0,3,0,0
27,0,172.84219983054967,7,27,4,3,1,0,4,0
7,0,159.52793712291725,5,28,4,3,0,0,3,0
99,0,92.92400541276258,3,25,4,1,1,0,0,0
91,0,60.27046930817338,9,15,4,4,0,0,0,0
207,0,150.5755797104427,9,12,4,11,4,0,2,0
8,0,124.57181258078995,3,10,4,1,1,0,3,0
182,1,95.6771347597341,8,3,4,1,0,1,0,0
41,0,102.9893182000252,3,25,4,1,1,1,0,0
47,0,118.97068447745188,4,25,4,3,1,0,0,0
153,0,120.03287484739067,7,6,4,3,1,0,3,0
219,0,92.36227656234254,9,5,4,3,1,3,0,0
185,0,96.22635817392435,8,29,4,2,0,0,0,0
231,0,91.67037733670222,8,27,4,1,1,0,0,0
144,0,93.35403233409266,8,28,3,1,1,0,0,0
226,0,70.09089920935594,10,28,4,2,1,0,0,0
122,0,100.18129060763029,4,29,4,1,1,0,0,0
61,0,94.73225738844137,4,25,4,3,0,3,0,0
99,1,84.93972816226857,5,22,4,2,0,2,0,0
256,0,90.95,7,31,4,2,1,0,0,0
96,0,91.58141831388569,4,8,4,1,0,0,0,0
174,1,126.18602093756115,9,7,3,1,0,0,0,0
252,0,140.71478394148272,10,7,4,2,1,0,3,0
225,0,72.25826867427263,11,18,4,1,0,0,0,0
107,1,150.91929886517602,9,11,4,3,0,0,3,0
32,0,67.5,2,6,4,2,0,3,0,0
122,0,105.6194959139283,7,1,4,2,1,0,0,0
112,0,105.3,7,12,4,4,1,0,0,0
62,0,63.75,3,8,4,4,0,2,0,0
158,0,75.70028059346652,9,17,4,3,2,1,0,0
174,0,81.80374312344247,8,12,4,3,1,1,0,0
1,0,99.9048689902351,3,21,2,0,0,0,1,0
272,0,90.11993835960712,7,28,4,2,2,0,0,0
178,1,109.05487887980152,9,1,4,1,2,0,0,0
119,0,89.83429966064669,4,15,4,2,0,0,0,0
233,1,106.05368231312518,8,12,4,4,0,0,0,0
115,0,60.0,2,27,3,1,2,0,0,0
187,0,84.65985856582358,8,27,4,3,1,0,1,0
86,0,136.66694932889976,6,23,4,2,1,0,1,0
31,0,217.78543835893336,7,28,4,1,1,1,3,0
26,0,114.57436067772893,4,14,4,2,0,2,0,0
68,0,135.19083499217442,5,6,4,3,1,0,0,0
43,1,108.0,10,2,4,0,1,3,0,0
337,0,79.20229804538785,10,7,4,2,1,0,0,0
185,1,118.95490879407396,8,10,4,1,0,0,2,0
221,1,127.56072207862081,9,26,4,1,0,0,1,0
94,0,105.3,6,14,4,3,0,0,0,0
36,0,140.4,4,29,4,1,1,0,3,0
43,0,139.5,10,6,4,2,1,0,3,0
195,0,121.95481896340225,8,3,4,5,1,0,2,0
184,1,119.1519193028914,8,10,4,2,0,0,2,0
155,2,173.148294457175,7,7,4,3,1,1,0,0
8,0,119.39894092984346,8,22,4,1,0,0,0,0
62,0,105.3,4,22,4,1,1,0,0,0
6,0,166.9221612034745,7,4,4,2,1,0,0,0
101,2,209.82022704851235,5,15,4,0,2,0,3,0
252,0,106.10065180688244,10,15,4,1,2,0,0,0
418,0,107.0,9,26,3,2,1,1,0,0
14,0,259.44763576287295,4,25,4,2,0,0,5,0
3,0,110.36037442733058,8,29,2,2,0,0,0,0
60,0,100.27280220709434,6,26,4,0,1,0,0,0
247,0,108.25549325475997,6,5,3,1,1,0,0,0
92,0,150.4187651433439,8,22,4,3,1,0,3,0
26,0,186.8692198496942,7,2,4,2,2,0,3,0
185,0,62.12711346979286,8,27,4,3,1,3,0,0
34,1,148.9709925254505,9,26,4,1,0,0,3,0
31,0,99.2636072322134,8,29,4,3,0,3,0,0
177,1,129.99564044294866,8,3,4,4,1,0,0,0
95,0,132.23902416406787,9,20,4,2,0,0,2,0
58,0,139.50914275623998,9,19,4,2,0,0,3,0
38,0,125.81674439492508,10,3,4,1,2,0,1,0
96,1,74.91667899493109,5,6,4,3,0,0,0,0
77,1,76.5,7,3,4,2,0,0,0,0
25,0,98.73727061811711,10,26,4,1,0,0,0,0
230,0,109.65,9,18,4,2,2,2,0,0
74,1,140.4,5,3,4,1,0,0,3,0
167,0,105.3,8,5,4,1,0,0,0,0
123,0,104.4,10,25,4,3,0,0,3,0
102,0,95.01076517855584,6,26,4,2,0,2,0,0
191,1,93.02783461898272,7,8,4,3,0,0,1,0
86,0,221.18524783246642,10,23,4,3,1,1,5,0
112,0,141.11500335241143,6,2,4,2,0,0,2,0
172,0,96.10472670949683,6,2,4,2,0,2,0,0
195,0,127.17604068420118,9,28,4,2,0,0,0,0
217,2,123.97613491359051,9,13,4,2,0,0,0,0
151,1,110.71448789721359,7,10,4,2,0,0,0,0
89,0,172.0613722647061,6,14,4,3,0,0,3,0
87,0,96.72637313368703,6,8,4,3,0,0,0,0
159,0,119.85,5,26,4,2,0,0,0,0
11,0,75.59093193088883,8,18,2,2,0,0,0,0
172,1,114.75,8,1,4,3,1,0,0,0
39,0,166.4738822626615,7,26,4,3,1,0,1,0
12,0,100.14498301370043,5,30,4,2,1,0,0,0
53,0,125.41937764047721,7,26,4,1,0,2,0,0
22,0,91.0,2,9,4,1,1,0,0,0
312,0,159.41022349058318,8,24,3,2,1,0,1,0
188,0,90.95,7,27,4,4,2,0,0,0
24,1,139.0,8,21,4,1,1,3,0,0
74,0,83.68852328862346,4,1,4,2,2,0,0,0
192,1,153.34396426604027,8,14,4,2,1,1,2,0
49,0,67.64199127882152,3,4,4,2,1,0,0,0
130,0,139.54444105164416,7,8,4,2,0,2,0,0
174,0,93.56298049020592,7,30,4,1,2,2,0,0
85,0,141.74588406950326,4,26,4,2,0,0,3,0
79,0,116.1,5,18,4,1,0,3,0,0
217,0,92.65,10,5,4,3,0,3,0,0
102,1,83.69803493194489,10,16,4,2,1,0,0,0
30,0,151.96702386127646,8,7,4,4,0,0,4,0
186,0,129.52456938566723,7,15,3,2,0,0,1,0
4,0,161.4187688689879,9,17,4,1,1,0,0,0
244,0,89.99812237768202,9,22,4,2,1,0,0,0
39,1,148.0100453492479,9,18,4,1,1,0,1,0
50,0,89.95889587281421,10,4,4,3,0,1,0,0
177,2,127.48551124760615,8,9,4,2,0,0,0,0
37,0,114.61524008503497,6,26,4,1,1,0,0,0
162,0,133.97196372778188,5,9,4,3,0,0,3,0
7,0,140.1764161192668,9,16,4,5,1,2,0,0
163,0,107.62059874218521,9,16,4,2,1,2,0,0
122,0,85.41721142292218,6,15,3,2,0,0,0,0
91,0,134.37038681184046,7,19,4,2,2,0,0,0
26,0,106.5771554380688,7,12,4,1,1,1,0,0
247,0,115.0,6,6,3,1,1,1,0,0
31,0,111.32310894926194,10,2,4,1,0,0,0,0
127,0,127.30680596351004,6,1,4,4,1,0,1,0
189,0,110.5377987769459,9,29,4,5,1,0,0,0
126,0,89.25,6,24,4,2,1,3,0,0
13,0,154.113576708438,8,29,4,1,1,0,5,0
19,0,114.29497996513119,4,5,4,1,0,3,0,0
8,1,129.0,7,18,4,1,0,3,0,0
198,1,70.63195342615444,8,2,4,3,0,0,0,0
214,0,104.662124017192,10,7,4,2,1,0,0,0
158,1,132.63409895478705,7,24,4,4,1,0,1,0
189,0,166.04767683728178,8,7,4,2,0,0,0,0
70,0,87.57717838249943,4,1,4,1,0,0,0,0
113,0,105.3,7,2,4,1,0,0,0,0
221,1,72.76322823578779,12,2,4,1,1,0,0,0
39,0,77.8804306724483,2,11,4,2,1,0,0,0
157,1,101.95203629463636,6,11,4,2,1,0,0,0
158,1,142.87980872625394,9,1,4,2,1,0,0,0
101,0,125.98737423541981,8,21,4,3,1,0,3,0
30,1,141.46655923595873,9,28,4,1,0,0,1,0
88,0,126.39207316093871,9,24,3,1,2,0,0,0
230,1,134.3656391324798,8,4,3,3,0,0,0,0
21,0,233.64784328299157,9,19,4,3,1,0,5,0
32,0,106.92775768330047,11,13,4,3,0,0,2,0
24,0,85.0,9,8,3,1,2,0,0,0
30,0,113.04757500645283,5,2,4,1,2,3,0,0
148,0,138.10953551957587,8,16,3,4,2,0,3,0
109,0,94.5,7,25,4,1,1,1,0,0
7,1,85.96,3,4,4,2,2,0,1,0
31,0,95.31358635732387,8,5,4,2,2,0,0,0
0,0,180.64363440667896,10,23,4,1,0,1,3,0
107,0,79.4964824312402,10,24,3,1,0,2,0,0
16,0,221.0,5,7,4,1,0,0,5,0
51,0,119.91123222512489,4,27,4,1,0,0,2,0
44,1,97.58365863869369,11,21,4,2,0,0,0,0
115,1,64.57764258891022,7,9,4,5,2,0,0,0
229,1,108.92993428342567,9,16,4,3,2,0,0,0
156,0,126.99009805771048,5,4,4,2,0,0,2,0
220,0,92.65,10,5,4,3,0,3,0,0
0,0,75.0,3,7,2,2,0,0,3,0
254,0,82.51325066188008,10,19,4,4,2,2,0,0
169,2,116.73974980538388,6,18,4,1,1,0,0,0
52,0,116.00493114488104,6,9,4,1,2,0,3,0
25,0,125.14962159627959,4,10,4,4,2,2,0,0
74,0,78.0,3,19,4,1,1,0,1,0
26,0,127.2,9,5,4,3,1,0,0,0
133,0,191.42364598494223,6,23,4,1,0,0,3,0
29,1,140.07270110601644,9,28,4,1,0,0,0,0
48,0,137.8017497555629,4,11,4,1,1,0,3,0
211,0,99.97135094662076,5,20,3,2,0,0,0,0
141,0,86.76069241780122,10,18,3,2,1,0,0,0
56,0,116.1,5,19,4,1,0,3,0,0
127,0,129.43483182966978,7,26,4,2,0,0,3,0
159,0,121.46231248140931,8,19,3,2,1,0,0,0
139,0,103.05,8,22,4,3,1,0,0,0
377,0,90.0,10,14,3,2,0,1,0,0
187,0,105.00407129449391,7,8,4,2,0,0,2,0
116,0,71.9636008156979,2,28,3,1,2,0,0,0
212,0,168.01923766516643,7,21,4,2,1,0,5,0
314,0,159.95910993951338,9,29,3,2,1,1,0,0
197,0,86.99940001660093,8,10,4,1,0,0,2,0
230,1,109.65,9,18,4,2,1,0,0,0
159,0,105.1033542016698,4,25,4,2,1,0,0,0
249,0,95.11410043289797,9,26,3,2,0,0,0,0
192,0,95.10414478394122,7,25,3,2,1,0,0,0
71,0,61.59324994646374,4,10,4,2,2,3,0,0
12,0,77.96722246108922,11,18,4,2,2,3,0,0
52,0,149.78819539464828,8,26,4,1,2,0,3,0
19,0,146.99393400993017,7,24,4,1,1,0,0,0
123,0,94.28937157716148,3,29,4,2,0,0,0,0
88,0,151.07840272023302,9,9,4,3,0,0,3,0
141,0,110.46058603819672,7,25,4,2,0,0,3,0
0,0,209.03850424736459,8,14,4,1,0,0,3,0
213,1,103.39029396499579,9,1,4,2,1,0,0,0
171,0,105.3,8,1,4,2,0,0,0,0
51,0,88.84674022409585,10,18,4,1,0,1,0,0
255,0,123.80022309176124,6,15,4,2,0,0,0,0
17,0,98.4894331157865,5,28,4,3,2,0,0,0
15,0,89.0,6,21,4,1,0,3,0,0
39,0,71.37793495990954,3,3,4,2,1,3,0,0
172,0,138.5221051900938,8,11,4,3,0,0,2,0
41,1,144.05846379992622,8,28,4,3,1,0,3,0
74,0,85.5,4,9,4,1,0,3,0,0
40,0,126.81847789111823,5,20,4,3,1,0,0,0
167,1,104.21574501799302,9,25,4,4,2,0,3,0
54,0,102.68007216145098,8,10,4,0,1,2,0,0
101,0,117.83928089243015,6,15,4,1,0,2,0,0
126,0,118.8,9,9,4,3,0,1,0,0
80,0,168.3,9,7,4,2,0,0,3,0
91,0,75.3537540778498,5,9,3,2,0,0,0,0
206,0,100.62147120314104,6,29,4,3,1,0,2,0
126,0,89.25,6,23,4,2,1,3,0,0
133,0,107.72101770989289,6,27,4,2,1,0,3,0
215,0,137.40800508987348,10,22,2,1,0,0,0,0
59,0,76.13459025253356,11,22,4,2,1,3,0,0
43,0,69.52460800664673,2,5,4,2,1,0,1,0
188,0,63.794958816750814,6,28,4,4,2,1,0,0
186,0,67.91440859104033,5,24,4,3,1,0,0,0
133,0,89.39324855296344,4,29,4,2,0,1,0,0
176,1,156.4040438353526,9,1,4,1,0,0,3,0
44,0,143.98792541580343,3,27,4,2,1,0,2,0
70,0,106.7696353069053,5,26,4,2,1,0,0,0
176,0,127.52964917643602,8,11,4,1,1,0,2,0
152,1,110.98755122950324,7,10,4,1,1,0,0,0
162,2,123.15074846271696,9,25,4,2,0,0,2,0
98,0,129.45740052639366,6,25,4,1,1,0,3,0
51,1,99.0,3,22,4,2,0,0,0,0
107,0,99.02513797875179,8,17,4,1,1,0,0,0
17,0,171.20791871290925,3,26,4,1,1,0,0,0
10,0,112.44857738486513,3,29,4,2,1,0,3,0
214,0,104.31570311465462,10,7,4,2,1,0,0,0
211,1,96.3,7,30,4,0,1,0,0,0
30,0,127.76967098745286,6,22,4,1,0,0,0,0
101,0,148.4747778643239,8,8,4,3,0,0,3,0
84,0,126.9,5,18,4,2,1,0,0,0
9,1,104.0799991759483,4,20,4,3,0,0,3,0
7,0,102.38897274295233,3,20,4,0,0,0,0,0
137,0,90.0,10,15,3,1,0,0,0,0
148,0,97.04040295889914,8,20,3,1,2,0,0,0
10,0,106.4820167412965,3,18,4,3,0,0,1,0
55,0,111.02270228740115,8,28,4,1,1,1,0,0
159,0,112.80568200431159,8,27,4,1,0,1,0,0
235,2,104.12481256136522,10,19,4,3,1,0,2,0
338,0,82.00127248432972,10,9,3,2,0,0,0,0
111,0,146.7,8,7,4,2,0,0,3,0
68,0,127.54006494685414,4,21,4,1,0,0,2,0
30,0,79.3462429221362,2,5,4,1,0,0,0,0
95,2,86.61540434015035,11,20,4,0,2,0,0,0
98,0,83.85659636343645,4,9,4,2,0,0,0,0
46,0,76.35997394989393,2,16,4,2,0,0,0,0
33,0,68.17260419976391,2,14,4,0,1,3,0,0
7,0,128.80816892893478,8,14,4,1,0,0,0,0
30,0,118.51315805170788,8,27,4,3,0,0,0,0
259,0,89.13203623006385,9,5,3,3,0,0,0,0
59,0,177.3,6,14,4,1,0,0,5,0
58,0,105.3,5,11,4,1,0,0,0,0
60,1,139.3507373538442,7,18,3,7,2,0,3,0
13,0,136.0,6,12,4,2,1,0,3,0
247,1,81.66352708132695,8,10,4,3,0,0,1,0
32,0,51.916353659680865,1,21,3,1,0,2,0,0
99,0,148.25182047944685,6,26,4,4,0,0,3,0
127,1,79.2,11,12,4,1,2,3,0,0
156,0,138.11287643322447,7,15,4,2,1,0,1,0
13,0,137.42215160356332,5,7,4,2,1,1,0,0
213,1,126.91108326124883,7,25,3,2,0,0,4,0
116,1,101.39528604434472,4,28,4,2,1,0,2,0
227,0,92.98032788063622,9,30,4,2,2,0,0,0
58,0,88.12084845598169,3,24,4,1,0,2,0,0
123,0,138.11337676295676,6,15,4,0,1,0,3,0
38,0,131.4,3,19,4,1,0,0,3,0
104,1,150.55849169784307,9,9,4,3,0,0,3,0
86,0,53.352965658779965,9,13,4,2,0,1,0,0
6,0,115.51619653284683,3,3,4,3,0,0,3,0
195,0,158.95,7,22,4,4,1,0,5,0
189,0,90.10147040082352,8,25,4,3,1,1,0,0
336,0,78.59821101803605,10,7,3,2,1,0,0,0
101,0,70.3029472579759,9,6,3,1,2,0,0,0
95,0,179.64072205781187,5,27,4,3,0,0,4,0
273,0,95.0,5,13,3,2,1,0,0,0
253,0,74.46074782306333,12,30,4,2,2,2,0,0
12,0,259.9443238572148,3,25,4,3,1,1,5,0
205,0,132.03116496566662,9,3,4,3,1,0,2,0
57,0,105.3,4,12,4,2,0,0,0,0
65,0,153.6160186310224,6,29,4,3,0,0,3,0
1,0,131.2361267514277,3,24,4,0,0,0,0,0
202,1,117.68857551799273,8,15,4,1,1,0,1,0
31,0,149.4,8,11,4,1,1,0,3,0
36,1,135.9,8,10,4,1,0,0,0,0
129,1,118.8,10,8,4,1,0,0,0,0
148,0,97.01537535577167,8,21,4,3,1,0,0,0
279,0,109.63547671222898,10,9,3,3,0,0,0,0
208,1,154.25035935370073,10,5,4,1,2,0,0,0
46,0,86.81619274997374,11,6,4,3,0,0,0,0
98,0,91.88750213614395,6,25,4,1,1,3,0,0
72,0,74.8,12,19,4,3,1,3,0,0
50,0,158.50452535081132,5,24,4,1,0,0,3,0
222,0,86.00567124792707,8,30,4,6,2,3,0,0
61,0,88.61584322348374,4,24,3,3,1,0,0,0
271,0,99.74428160084267,9,21,3,3,0,0,0,0
79,0,132.3,10,6,4,2,0,0,3,0
116,0,159.3,7,21,4,3,0,0,3,0
35,0,125.1,8,10,4,1,0,3,0,0
77,0,98.64163521845369,5,27,4,1,0,0,2,0
57,0,133.28470244341503,9,10,4,2,1,0,2,0
187,0,86.01247082521964,7,26,4,6,2,2,0,0
92,0,89.13399013977504,11,6,4,2,0,1,0,0
92,0,100.0,3,26,3,1,2,0,0,0
158,1,130.6657902488648,8,28,4,2,1,0,3,0
59,0,121.98278453283285,9,6,4,2,0,0,3,0
72,0,116.1,5,7,4,1,1,3,0,0
84,0,94.61176028383618,6,13,4,3,0,2,0,0
99,0,92.05627411614523,3,25,4,2,1,0,0,0
198,0,139.97706676541978,10,16,4,2,0,0,3,0
138,0,168.43492951611373,6,3,4,4,1,0,5,0
45,1,51.11161761375675,3,6,4,7,2,1,1,0
156,1,104.66605919458952,7,12,4,3,1,0,0,0
180,0,91.54041152085671,8,2,4,2,0,3,0,0
27,0,109.49628787631208,6,14,4,3,0,0,1,0
24,0,127.67,5,21,4,1,1,0,0,0
157,0,107.62011708427032,7,6,4,4,0,0,0,0
33,0,124.24129966449517,3,24,4,2,0,0,0,0
31,0,220.10487396556044,8,26,3,1,1,1,2,0
16,0,106.03565864745856,2,26,3,1,0,0,3,0
58,0,79.2,12,13,4,1,0,3,0,0
158,0,216.9828479880271,8,18,4,2,1,0,4,0
65,0,148.59314114794753,7,8,4,1,1,0,3,0
185,1,122.4,10,4,4,2,0,0,3,0
314,0,159.92496281448774,8,29,4,2,1,0,0,0
193,0,125.157445475495,8,25,4,3,2,0,2,0
101,0,78.06826338816028,3,15,4,2,0,0,0,0
73,1,112.62385305977146,4,6,4,2,0,0,0,0
160,0,129.03370985304582,4,26,3,2,0,0,1,0
1,0,88.22146386896857,2,27,4,0,0,3,0,0
230,0,87.3196745570014,7,26,4,2,0,0,0,0
156,0,132.20923292789723,6,14,4,2,0,0,2,0
254,0,99.79076850924395,9,12,4,4,0,0,0,0
122,0,76.18690023053932,12,6,4,3,1,3,0,0
194,0,116.38462794267738,9,7,4,3,1,0,0,0
37,0,138.1120161866938,9,25,4,2,1,0,1,0
173,0,89.273074871556,9,14,4,4,1,0,0,0
173,0,62.48421279873253,4,20,3,4,2,1,0,0
237,0,86.20592142476121,9,14,4,2,1,0,0,0
187,0,105.30612566445403,7,18,4,2,0,0,2,0
103,0,150.95224980352555,9,8,4,0,0,0,3,0
204,0,142.34650738327252,9,6,4,1,0,0,1,0
45,0,113.40727320827726,4,10,4,3,2,0,3,0
100,1,81.07154800696182,4,11,3,2,0,0,0,0
205,0,81.68374042782862,7,12,4,5,2,1,0,0
99,0,119.85,5,4,4,3,0,0,0,0
16,0,83.4536916444554,3,8,4,3,0,2,0,0
6,1,158.47666030142716,8,14,4,2,0,0,0,0
50,0,113.57622360849527,5,9,4,1,2,0,3,0
149,0,90.81363316511468,8,20,4,4,1,3,0,0
51,0,96.73076202071853,9,5,4,0,0,0,0,0
221,0,86.72481989791171,8,10,4,2,0,0,1,0
156,1,120.96578982087671,7,14,4,1,0,0,0,0
20,0,89.56068985344378,3,4,4,0,1,2,0,0
132,0,151.06058935114402,9,16,4,2,1,0,3,0
44,0,139.89163940800458,8,8,4,2,1,0,3,0
158,1,150.06371830146628,9,8,4,1,1,0,3,0
49,0,238.54267264739687,8,23,4,2,0,0,5,0
31,0,85.65968546844034,9,11,3,1,2,0,0,0
72,0,78.47595053452136,3,18,4,1,0,0,0,0
160,0,121.16775665061971,7,19,3,2,1,0,0,0
33,0,139.49627843020065,4,24,4,3,2,0,4,0
10,0,257.37111622824824,5,25,4,3,1,0,5,0
93,0,125.16819067029157,9,22,3,1,1,0,3,0
156,0,103.25715495239619,8,21,4,2,2,1,0,0
146,0,95.44513555458526,6,2,3,3,0,0,0,0
59,0,127.51815497142404,4,15,4,2,0,0,2,0
85,0,105.3,3,25,4,2,1,0,3,0
70,0,79.16136017499159,3,2,3,2,0,0,0,0
46,0,126.0169071955396,10,4,4,2,0,0,2,0
36,0,136.1114112339642,7,10,4,1,0,0,0,0
118,0,90.51287325943964,4,15,4,2,0,0,0,0
298,0,90.77945976956217,10,24,4,2,1,0,0,0
192,0,102.0,9,25,3,3,2,0,0,0
82,0,142.86078835314655,6,14,4,1,0,2,0,0
324,0,68.8393239875901,7,20,3,3,0,1,0,0
122,0,97.51515736374427,6,25,4,2,0,0,0,0
223,1,128.6013144641069,9,22,3,1,2,0,2,0
160,1,114.03653915508659,8,13,3,2,0,0,0,0
241,1,115.45247333375293,10,29,4,2,1,0,0,0
179,0,90.06299918432703,7,1,4,3,0,2,0,0
73,0,86.72963157222047,4,7,4,1,0,2,0,0
14,0,136.0,6,13,4,2,0,0,2,0
170,1,114.60263963306546,8,10,3,4,0,0,1,0
43,0,176.95145089962813,9,4,4,2,0,0,4,0
25,0,152.29298833150182,9,25,4,0,2,0,3,0
124,0,89.45092630814915,5,22,4,2,1,2,0,0
86,0,85.4411829178499,4,4,4,3,0,0,0,0
155,0,112.9114965822685,7,14,3,3,0,0,0,0
58,1,108.9,6,26,4,2,2,0,0,0
99,0,221.93795594018763,9,23,4,5,1,1,5,0
241,0,61.74177600786302,9,5,3,1,0,0,0,0
3,0,72.3322797884244,7,15,3,1,2,0,0,0
159,0,86.95285401804057,7,14,4,3,2,3,0,0
19,0,168.2634945669176,7,2,4,1,0,0,0,0
68,0,122.70446327499927,8,31,4,4,0,1,1,0
35,0,131.55096440639477,3,23,4,1,0,0,3,0
110,0,120.0,10,9,3,0,1,0,0,0
229,0,86.52581226189125,10,22,4,2,2,0,0,0
192,0,134.10159246016588,8,20,4,2,1,0,3,0
44,0,107.13479900566283,10,1,4,3,0,0,0,0
4,0,91.18655409847088,11,22,4,2,0,3,0,0
20,0,130.68067180374535,5,29,4,2,2,0,3,0
50,0,118.51218201408923,10,4,4,2,0,0,0,0
28,1,130.77574702625316,9,3,4,0,2,0,2,0
205,0,90.95,7,22,4,3,2,0,0,0
98,0,108.86932094015764,5,7,4,2,2,3,0,0
38,0,129.00640927901867,8,24,4,0,1,0,0,0
100,0,100.5149622513311,10,27,3,3,0,0,0,0
177,0,100.28339740043486,6,3,3,2,1,0,0,0
97,0,125.39510183240064,6,20,4,3,0,0,2,0
22,0,200.81725418826093,9,14,4,2,0,0,0,0
40,0,76.93612891836914,2,14,4,4,2,2,0,0
131,0,99.05182769521447,8,22,4,3,0,0,0,0
181,1,99.05136933984802,8,11,4,2,1,0,0,0
57,0,132.43405487850828,9,30,4,3,0,0,2,0
54,0,140.0565939507702,7,2,4,2,1,0,3,0
292,1,71.6823035995361,11,8,4,3,1,2,0,0
156,1,144.70942159994695,8,7,4,1,0,0,1,0
23,0,128.49,5,21,4,4,2,0,1,0
39,0,200.21201691330842,6,21,4,2,0,0,5,0
218,1,106.2945611703295,9,6,3,1,0,0,0,0
174,0,70.0,10,10,3,1,0,0,0,0
106,0,131.9827694664598,8,25,4,2,0,0,3,0
193,0,86.69230790250491,7,15,4,1,0,0,1,0
230,0,158.95,8,24,4,3,1,0,5,0
176,0,126.08074045841676,8,8,3,3,0,0,0,0
150,1,104.95342373748001,9,22,4,2,2,0,0,0
271,0,77.80190098304263,7,5,4,2,0,0,0,0
154,0,117.8189476792229,6,5,4,4,1,0,3,0
201,0,89.42921711635232,5,28,3,0,1,0,0,0
166,0,104.51417678616853,9,25,3,4,2,0,3,0
45,0,143.31872783001972,5,7,4,2,1,0,0,0
4,0,165.84143533398955,8,21,4,1,0,0,1,0
91,0,137.0810781560323,7,2,4,1,0,0,0,0
84,0,76.49387246102731,6,24,4,2,1,0,0,0
36,0,136.569169018733,6,10,4,1,0,0,0,0
161,0,73.5999572443644,7,24,4,4,1,0,0,0
115,0,107.50018200089721,9,14,4,1,0,3,0,0
161,0,90.1208971174306,6,30,4,1,1,3,0,0
207,1,106.89886405297258,8,4,4,1,0,0,1,0
144,0,177.73570971895597,9,22,4,1,1,0,0,0
17,0,137.9302105540771,4,7,4,3,2,0,2,0
181,1,119.76717910676604,9,10,4,2,0,0,0,0
155,1,115.43254837350177,8,9,4,3,0,0,0,0
44,0,109.00916392336751,10,2,4,0,2,2,0,0
170,1,105.3,7,13,4,2,0,0,0,0
336,0,77.96905043902218,10,8,4,2,1,0,0,0
1,0,136.94022737203963,8,14,2,3,1,0,0,0
46,0,149.70750387936917,7,1,4,1,0,0,3,0
55,0,168.3,9,20,4,2,0,0,3,0
40,0,173.91540000478557,3,23,4,6,2,0,5,0
197,0,88.88218657257644,8,9,3,1,0,0,1,0
27,0,149.81707008580824,7,24,4,1,0,0,3,0
43,0,99.49059469523337,11,1,4,2,0,0,0,0
70,0,209.97359779093765,7,8,4,4,1,0,5,0
149,0,96.51641328811125,6,14,3,2,0,1,0,0
26,0,157.70949411011276,5,19,4,1,0,0,3,0
30,0,95.8175528436101,4,24,4,0,0,3,0,0
56,0,107.81796633896222,8,9,4,0,1,1,0,0
101,0,151.5049972482005,8,22,4,2,0,0,1,0
45,0,151.98845062925605,7,3,4,1,0,0,0,0
247,0,75.82680085598697,11,25,4,3,1,0,0,0
19,1,233.04417009708098,8,19,4,4,1,0,5,0
91,0,136.3821326687169,8,27,4,1,0,0,0,0
46,0,168.3,7,17,4,2,1,0,3,0
196,0,79.14627687180901,8,24,4,2,1,3,0,0
125,0,159.3,6,2,4,3,0,0,1,0
23,0,100.57330588438072,2,25,4,3,0,0,0,0
148,0,91.06336399508523,7,25,4,8,3,3,0,0
14,0,181.2045254907871,6,16,4,2,1,0,3,0
63,0,136.31336420506162,9,9,4,1,1,0,1,0
62,0,63.75,3,8,4,4,0,1,0,0
100,0,75.97991232725512,8,21,4,5,1,0,0,0
71,0,153.3775947164337,7,17,4,1,0,0,3,0
212,0,74.61387172659015,9,9,4,2,1,0,0,0
183,0,100.56590815469825,6,5,4,3,1,0,0,0
35,0,89.28244552927424,6,21,4,0,0,3,0,0
158,0,94.40931995253077,8,26,4,2,0,1,0,0
158,1,130.14553415278547,8,2,4,3,0,0,0,0
108,0,152.1,8,24,4,4,0,0,3,0
158,1,130.76724324295293,7,7,4,1,1,0,0,0
42,0,171.0879227823291,3,24,4,9,3,0,5,0
205,0,134.11940773239067,8,21,4,2,1,0,0,0
145,1,132.00663160067674,9,21,4,3,0,0,3,0
35,0,81.0,6,19,3,1,2,0,0,0
125,0,94.5,6,2,4,3,0,3,0,0
51,0,125.31856416429154,6,18,4,2,0,2,0,0
166,0,107.39421507694384,6,23,3,2,2,1,2,0
273,0,95.0,5,13,3,2,1,0,0,0
220,0,113.62102241751971,8,15,3,2,1,0,3,0
148,0,129.47283673533153,8,12,4,2,1,0,0,0
29,0,89.68942455579646,9,27,4,1,1,3,0,0
21,0,156.8854492021594,5,15,4,0,1,0,2,0
30,0,68.5286280890608,2,12,4,2,0,0,0,0
118,0,67.12883524138154,7,20,3,0,0,0,0,0
50,0,66.7147790143004,3,26,3,2,0,2,0,0
32,0,123.87475195092938,5,8,4,1,2,0,0,0
118,0,103.87329659122837,4,28,4,3,2,0,3,0
160,0,137.96236706833758,7,14,4,3,0,0,3,0
8,0,56.23490956654576,4,6,2,2,0,2,0,0
161,0,95.54207148325146,7,25,4,2,0,1,0,0
44,0,110.68970426157357,10,2,4,3,0,0,2,0
313,0,76.04379429333868,10,16,4,4,1,0,0,0
162,0,115.0,10,14,3,1,1,0,0,0
140,1,115.36584186679164,5,22,4,2,1,0,3,0
172,0,105.3,8,12,4,1,1,0,0,0
45,0,208.1836317446253,8,20,4,3,1,0,5,0
8,0,94.45901999991753,3,5,4,1,0,0,0,0
161,0,130.0,3,25,3,2,1,1,0,0
160,0,90.85969101442541,5,29,4,2,2,1,0,0
33,0,143.07099015997608,5,1,4,2,2,0,0,0
214,0,109.3679514765356,8,13,4,4,2,0,3,0
253,0,68.86780044803646,10,29,4,1,2,3,0,0
83,0,76.5,7,6,4,4,1,0,0,0
32,0,96.45980116283023,4,24,4,0,0,3,0,0
89,1,121.60012967814357,10,7,4,1,0,0,0,0
203,1,120.14955483736966,10,27,4,4,0,0,1,0
19,0,114.99638706746576,3,3,4,1,0,3,0,0
221,1,118.65591087214162,9,23,4,4,1,2,0,0
5,0,93.02443459117501,3,17,2,0,0,0,0,0
101,0,80.46401551228398,6,13,3,2,0,0,0,0
239,0,80.71786047631433,10,27,4,3,1,2,0,0
28,1,138.60775630448444,8,28,4,1,0,0,0,0
107,0,118.11530414647089,10,20,4,3,0,0,0,0
73,0,158.40617517840892,4,13,4,2,0,0,2,0
319,0,163.73818314365332,8,30,3,2,0,0,1,0
142,0,106.07277315765053,8,3,4,4,1,1,0,0
151,0,114.3,8,6,4,0,0,0,0,0
52,0,107.94176970254641,9,10,4,1,0,3,0,0
287,1,100.66693504360641,9,29,4,3,0,0,0,0
149,0,105.70686519447962,7,20,4,2,0,0,0,0
140,0,118.31675563596212,8,4,3,1,2,0,1,0
205,0,90.95,7,25,4,2,1,0,0,0
190,0,92.05861379945982,10,2,4,3,0,0,0,0
16,0,177.0,6,16,4,2,0,0,3,0
2,0,207.7509080589278,8,13,4,1,0,0,0,0
69,1,88.21084956871108,11,24,4,2,0,1,0,0
71,0,87.3,4,1,4,1,0,0,0,0
71,0,75.54135776676434,10,30,4,0,1,0,0,0
99,0,96.1367188461109,4,14,3,2,0,0,0,0
36,0,94.60767939792275,10,28,4,2,0,1,0,0
159,0,111.15967079901904,8,25,4,1,0,0,1,0
137,0,90.0,10,15,3,1,0,0,0,0
85,0,104.26072779880118,5,30,4,3,0,3,0,0
43,0,110.8159698545202,7,18,4,1,1,1,1,0
75,0,106.61526458351965,4,26,4,3,0,0,0,0
0,0,217.03279204313935,8,7,4,1,0,0,5,0
28,0,118.0212543582143,8,29,4,3,1,0,0,0
260,0,106.24912821002927,10,15,4,3,0,0,0,0
199,0,128.7,8,27,4,0,1,0,3,0
16,0,223.31855782213609,7,16,4,2,0,0,5,0
271,0,94.42234218079209,9,15,3,3,1,0,0,0
35,0,125.4874909919214,7,9,4,2,0,2,0,0
72,0,105.80298330656441,4,10,4,3,0,0,0,0
211,0,167.95,8,3,4,4,0,0,5,0
121,0,121.64181603449637,6,10,3,1,0,0,0,0
221,2,115.26992553660867,9,29,4,3,0,0,0,0
156,0,121.5,7,24,4,2,0,0,0,0
193,0,86.58460885795665,7,15,4,1,0,0,1,0
49,0,74.8,11,18,4,4,1,3,0,0
147,0,130.06420963737276,8,12,3,1,0,0,0,0
30,0,98.0086825235569,3,10,4,2,0,0,0,0
74,0,113.95558821365115,4,7,4,2,0,1,0,0
109,0,132.75440168615822,8,24,4,3,0,0,3,0
178,0,103.98806410590564,7,30,4,1,0,0,0,0
164,0,114.3,7,9,4,0,2,0,0,0
33,0,98.36748507616379,6,25,4,0,0,3,0,0
148,1,111.82001138353765,8,1,4,3,1,0,2,0
174,1,126.01019833755188,9,7,4,1,0,0,0,0
180,0,85.5,8,25,4,1,0,3,0,0
296,0,74.07575945898544,7,10,3,2,0,1,0,0
258,0,89.60972473265963,10,3,4,4,1,1,0,0
33,0,225.9793334166081,7,20,3,3,0,1,1,0
153,0,88.3641873943249,5,2,4,2,1,0,2,0
17,0,114.93817016483871,5,24,4,0,1,2,0,0
145,0,93.34638025065087,8,28,4,1,1,0,0,0
159,0,130.85772599496627,8,6,4,1,1,0,0,0
77,0,125.1,8,10,4,1,0,3,0,0
60,0,129.94777249795857,11,22,4,2,1,0,3,0
34,0,113.72879281455347,3,24,4,3,0,2,0,0
302,1,90.60991812102147,12,28,4,3,0,0,0,0
164,1,117.47387028995236,9,6,4,2,0,1,0,0
64,0,74.26667798005661,3,11,4,1,2,0,0,0
15,0,63.57524733223868,2,12,4,3,1,3,0,0
247,0,108.8866124563267,6,5,4,1,1,0,0,0
101,0,107.9764216679547,9,8,4,0,1,3,0,0
228,0,106.33498057662804,5,21,4,0,2,0,0,0
125,0,93.24155728978155,7,6,4,1,1,3,0,0
104,0,113.99426115041068,9,5,4,2,0,0,0,0
93,0,76.5,4,15,4,2,2,2,0,0
178,0,110.98661999692202,9,1,4,3,2,0,0,0
24,0,98.5427063352987,10,26,4,1,0,0,0,0
191,0,89.45782999778486,8,24,4,3,0,2,0,0
166,0,99.45,6,29,4,3,0,0,2,0
174,0,70.0,10,10,3,1,0,0,0,0
70,0,169.575843877825,6,7,4,3,1,0,4,0
109,1,76.5,4,17,4,2,0,2,0,0
93,0,109.35,7,16,4,1,1,0,0,0
43,0,148.4146090060046,3,25,4,2,1,0,0,0
68,0,82.25870574456577,3,29,4,4,0,0,0,0
259,0,90.08564590597463,5,4,3,2,0,0,0,0
155,0,112.43019817604905,7,13,3,2,0,0,0,0
279,1,142.40112953830683,7,23,4,1,2,0,0,0
64,0,125.802761987149,6,15,4,1,0,1,0,0
41,0,140.4,5,13,4,1,0,0,3,0
100,0,146.7,7,4,4,2,1,0,3,0
46,0,95.96506320294064,3,12,4,4,2,0,3,0
75,0,116.1,5,20,4,0,0,3,0,0
199,0,74.73815655886699,11,23,4,2,1,2,0,0
30,0,95.6041954748281,3,11,4,2,1,0,2,0
187,0,122.26112848711637,8,2,4,3,0,0,0,0
219,0,95.69709659798886,8,11,4,1,0,0,0,0
66,0,137.44556161332352,5,8,4,1,0,0,3,0
22,1,148.1783281666952,10,21,4,4,0,0,5,0
234,1,103.7,10,24,4,4,0,0,3,0
236,1,107.08252194973846,9,12,4,4,0,0,0,0
104,0,73.7293233310794,4,16,4,2,1,1,0,0
13,0,160.0,9,22,4,0,0,0,0,0
133,0,105.3,5,4,4,2,0,0,0,0
157,0,75.35964077009687,7,19,4,2,1,0,0,0
17,0,143.2063419103186,9,6,4,4,0,0,0,0
115,0,151.2,10,14,4,3,2,0,3,0
142,0,130.42914808098632,8,9,3,2,0,0,0,0
438,0,67.0087560356041,6,20,3,1,0,0,0,0
1,0,138.6191315508701,7,9,4,2,0,1,0,0
88,0,98.22268427114007,4,25,4,4,0,0,0,0
132,0,119.42812120441855,5,28,4,3,2,0,3,0
188,0,68.38041772254536,11,24,4,1,0,1,0,0
80,1,77.20763940049032,8,17,4,1,0,0,0,0
123,0,102.23120625440067,9,25,4,2,0,0,2,0
108,0,159.17414476046724,10,27,4,2,1,0,2,0
56,0,67.73072832560572,3,14,4,3,0,2,0,0
65,0,105.32766296166135,6,24,4,2,1,0,0,0
92,0,150.3,8,21,4,0,1,0,3,0
116,0,106.06773798523791,4,29,4,2,0,0,3,0
86,0,117.79167273738098,7,13,4,1,1,0,0,0
61,0,123.67471985725433,8,24,4,1,2,1,0,0
30,0,85.66629500879084,11,23,4,1,2,0,0,0
155,0,130.32551935292844,8,1,4,2,1,0,0,0
116,0,61.0,2,28,3,1,2,0,0,0
35,0,213.37076400142666,6,11,4,2,1,0,5,0
158,0,135.30494879026298,9,7,3,2,0,0,3,0
35,0,125.83360226626367,6,9,4,2,0,1,0,0
138,1,123.8432351642417,5,21,4,1,2,0,3,0
115,0,131.40579381315115,7,22,4,4,1,0,3,0
14,1,87.80083292234166,8,3,4,0,0,1,0,0
160,0,129.40311412590503,3,25,4,2,0,0,1,0
280,1,94.55140723764931,11,6,4,2,0,0,0,0
278,0,64.78945589557323,8,7,4,0,1,1,0,0
215,0,123.16643584384032,10,16,4,1,1,0,3,0
152,0,119.32000931695525,7,5,4,4,1,0,3,0
157,0,126.63075259930629,9,15,4,3,1,0,0,0
14,0,179.48895826939565,7,17,4,2,2,0,1,0
28,0,80.74505535929073,2,4,4,0,0,0,0,0
206,0,132.5480177968442,9,3,4,3,1,0,2,0
62,0,105.3,7,23,4,4,1,0,0,0
52,0,94.5,6,18,4,2,1,2,0,0
141,0,75.26761263882364,6,3,3,1,1,0,0,0
179,0,98.2787878158211,8,24,4,3,0,2,0,0
9,0,146.0,4,22,4,1,0,0,3,0
60,0,140.4,5,27,4,2,0,0,3,0
43,0,69.5289468744091,2,5,4,2,1,0,1,0
182,1,112.06331677354126,8,3,4,4,1,0,0,0
6,0,127.78797985250571,3,10,4,2,0,1,0,0
164,0,99.647634359663,6,6,3,2,2,0,0,0
124,0,114.3,8,8,4,4,1,0,0,0
291,0,115.0,7,19,3,2,0,1,0,0
28,0,230.72654940947916,6,17,4,3,1,0,5,0
71,0,87.3,4,2,4,1,1,0,0,0
44,0,107.1,4,2,4,1,1,3,0,0
31,0,70.30367601614803,2,4,2,2,0,0,0,0
65,0,149.16915823692946,8,8,4,2,1,0,3,0
146,0,85.5,6,26,4,1,1,3,0,0
259,0,106.22897374953469,10,15,4,3,0,0,0,0
40,0,149.4,9,17,4,1,1,0,3,0
47,0,127.66994199517576,11,14,4,2,0,0,2,0
68,0,111.66006982080955,6,27,4,1,1,0,0,0
211,1,108.93508714218117,8,2,4,3,0,0,0,0
52,0,94.5,6,18,4,2,0,3,0,0
80,0,63.30335162259114,11,17,4,2,0,3,0,0
82,0,134.09967009485283,8,6,4,1,1,0,0,0
22,0,84.4803513958464,8,25,4,3,0,1,0,0
284,0,101.52630898828234,10,3,4,3,1,0,0,0
15,0,154.34628272057162,4,14,4,1,0,0,3,0
79,0,134.77441120171557,8,1,4,4,2,0,0,0
245,1,96.16712662529322,8,20,3,2,0,0,0,0
182,1,102.2827733693475,8,21,4,4,0,0,3,0
89,0,127.39622282989437,8,25,3,1,1,0,0,0
101,1,122.69121396371047,11,21,4,4,2,0,0,0
213,0,105.64676614581576,9,25,2,2,0,0,1,0
24,0,128.5092618210741,4,10,4,5,2,0,3,0
28,0,100.92202772126414,4,17,4,1,2,0,0,0
8,0,100.53013768507479,8,16,4,0,0,0,0,0
212,0,90.9,8,16,4,2,0,0,0,0
30,1,96.85649498623972,11,14,4,3,0,0,2,0
31,0,168.58785081468105,9,18,4,1,0,0,4,0
54,0,146.2413116539109,9,23,4,4,2,0,3,0
59,0,262.2250415602151,8,11,4,1,1,0,6,0
170,0,89.29807816911068,8,2,4,4,0,2,0,0
4,1,98.0,8,12,4,2,0,0,0,0
100,1,81.22170876370379,4,11,3,2,0,0,0,0
38,0,150.52458552193048,8,12,4,1,2,0,3,0
18,0,121.0,5,7,4,1,0,0,0,0
162,2,122.03096901767373,7,25,4,0,1,0,0,0
92,0,122.91171856503183,8,27,4,2,0,0,3,0
52,0,140.79944812088394,5,28,4,1,2,0,3,0
24,0,189.4260412309698,4,14,4,1,2,0,6,0
198,0,73.21713794506563,6,2,4,2,0,2,0,0
38,0,124.41154786040501,9,17,4,5,2,0,1,0
37,0,136.78696876319836,4,8,4,1,1,0,0,0
89,0,70.26895501264525,5,6,4,4,1,0,0,0
10,0,140.62946364860454,5,7,4,0,0,0,0,0
199,0,96.50107681053589,10,1,4,1,0,3,0,0
156,1,122.67615266894724,5,26,4,4,0,0,3,0
128,0,79.2,11,12,4,1,1,3,0,0
132,0,132.72828722028885,7,23,4,4,0,0,2,0
252,0,106.21741132116804,10,15,4,1,2,0,0,0
12,0,126.80826286396814,2,26,4,2,0,0,2,0
292,0,114.23810265964649,7,21,3,2,0,1,0,0
89,0,140.0778801001756,6,16,4,2,1,0,3,0
64,1,88.4,11,26,4,4,0,0,0,0
59,1,138.51587349362904,8,16,4,1,0,0,3,0
74,0,148.3062678838272,8,4,4,3,1,0,3,0
98,0,77.66189383078098,7,20,4,5,2,0,0,0
31,0,69.4419740331012,2,25,4,3,0,3,0,0
160,0,90.0,4,27,3,4,2,0,0,0
71,0,107.47527183837703,5,26,4,2,2,0,0,0
49,0,114.44354380668351,9,5,4,2,0,0,2,0
205,2,127.06222143358004,8,5,4,1,1,0,0,0
192,0,102.0,9,25,3,3,2,0,0,0
2,0,176.84231112811673,5,26,4,1,0,0,2,0
7,0,196.5185314333167,5,11,4,1,0,0,3,0
19,0,115.38447338095766,5,12,4,0,1,1,0,0
33,0,73.1,3,2,4,3,0,3,0,0
176,0,50.4053710218705,8,25,4,4,0,3,0,0
56,0,139.5,10,17,4,3,0,0,3,0
106,0,121.37,7,18,4,5,2,0,3,0
84,0,96.2961055133248,4,14,4,2,0,0,0,0
45,0,86.4,11,20,4,0,1,0,0,0
31,1,130.5,7,25,4,1,0,0,0,0
99,0,77.0630113261744,7,21,3,6,2,0,0,0
205,0,121.83016030508013,7,27,3,2,0,0,0,0
3,0,110.12854595760452,4,1,0,5,3,0,2,0
62,0,95.35879235048911,5,22,3,1,2,1,0,0
188,1,134.18177214438296,8,27,4,3,1,0,2,0
60,1,120.98768900390337,9,5,4,2,0,0,3,0
38,1,80.03455680749111,2,11,4,2,2,0,0,0
29,0,147.02187768971373,3,29,4,2,0,0,2,0
26,0,161.63918274777197,6,17,4,3,1,0,3,0
213,0,90.5541111594844,6,25,4,3,0,0,0,0
157,1,114.36025267957066,5,22,4,2,1,0,2,0
5,0,127.0,3,11,4,2,0,0,0,0
35,0,152.47413978675795,10,12,4,2,0,0,3,0
17,0,95.00127892172107,5,12,3,2,0,0,0,0
23,0,72.8,2,10,4,3,0,0,0,0
212,0,97.91731494663499,8,19,4,4,1,0,1,0
48,0,126.51676656434938,4,20,4,1,0,0,0,0
150,1,130.25183652354713,7,12,4,3,1,0,1,0
74,0,86.15440132896181,4,1,4,2,0,1,0,0
143,1,101.52902133734756,4,23,4,4,2,0,2,0
54,0,88.4,11,15,4,3,1,0,0,0
191,0,169.47590281725374,8,28,4,2,2,0,5,0
237,0,137.5419561818893,10,9,4,3,0,0,3,0
7,0,91.76327480996478,2,4,3,2,0,0,0,0
18,0,114.34067636897016,5,12,4,0,1,1,0,0
182,1,82.2014664985041,9,28,4,1,2,3,0,0
53,0,118.14085807021115,9,9,4,1,1,0,0,0
79,0,88.67516097507304,4,17,4,1,1,2,0,0
1,0,176.53932336742696,5,21,4,1,0,0,2,0
22,0,108.75241218024289,9,26,4,1,0,3,0,0
20,0,89.8374140489887,3,5,4,0,1,1,0,0
36,0,71.04421951662975,4,8,4,6,2,3,0,0
99,0,91.5,4,26,4,2,0,3,0,0
129,0,140.16965983747338,9,25,4,4,2,0,3,0
32,0,137.9563724417389,9,8,4,1,1,0,0,0
32,0,229.8137415326253,8,17,4,2,1,1,5,0
215,0,106.38873779692813,9,9,4,2,2,0,0,0
106,0,94.49983070662095,6,11,4,5,2,3,0,0
257,0,95.73417238855008,9,29,4,1,2,0,0,0
70,0,68.2643885217886,7,7,4,3,0,0,0,0
130,0,140.35950559478542,8,26,4,5,2,0,3,0
39,0,167.5609920781454,7,26,4,3,0,0,2,0
173,1,159.1890451345972,8,1,4,1,0,0,3,0
39,0,159.3,3,25,4,2,0,0,3,0
170,1,95.13410837441698,7,17,4,2,1,0,0,0
149,1,129.38794982714808,8,23,4,4,1,0,0,0
124,1,76.77597055028568,7,25,4,1,1,0,0,0
67,0,149.14285752865993,7,7,4,3,0,0,3,0
29,0,210.6,6,17,4,2,1,1,3,0
170,0,128.79334602175086,8,11,4,3,1,0,1,0
94,0,131.60312601280714,7,23,4,3,0,0,3,0
21,0,129.0,7,20,4,1,0,3,0,0
79,0,150.0124985475839,6,17,4,2,0,0,1,0
38,0,98.95616768925241,9,2,4,1,0,2,0,0
13,0,100.62705442990155,9,14,3,1,0,3,0,0
24,0,127.97234276388717,5,21,4,2,2,0,0,0
94,0,174.5103045478001,5,19,4,2,0,1,3,0
200,1,106.2,5,1,4,1,1,0,0,0
169,1,110.28688515421469,7,18,4,2,0,0,1,0
52,0,119.25012269223812,4,25,4,1,0,0,3,0
141,0,107.28829323800035,9,4,4,3,0,2,0,0
66,0,135.02039219720584,9,6,4,3,0,0,0,0
9,0,128.1507251872193,4,17,4,2,0,1,0,0
212,0,106.03388525327271,8,25,2,2,1,0,3,0
204,1,127.13701535517929,7,8,4,3,0,0,1,0
53,0,191.11241789929167,9,6,4,3,0,0,5,0
19,0,116.10178406887644,7,24,4,1,2,1,0,0
97,0,80.03557260650591,10,26,4,1,0,3,0,0
75,0,116.1,6,17,4,2,0,3,0,0
186,2,131.45774975063847,7,7,4,5,2,0,3,0
47,0,121.61091827324869,4,28,4,0,1,0,0,0
142,0,115.65972304881451,5,4,3,2,0,0,3,0
149,0,97.77397967564131,8,20,3,1,2,0,0,0
89,0,92.14112242048853,8,2,3,2,0,0,1,0
242,0,159.57197580915954,9,28,4,1,0,0,2,0
12,1,130.6095465504713,3,1,4,4,0,0,0,0
171,2,117.60945017132791,6,20,4,2,1,0,0,0
41,0,207.9,8,9,4,2,1,0,5,0
181,1,120.0,10,11,3,1,0,0,0,0
148,0,104.83752671045134,9,27,4,3,0,0,2,0
47,0,107.1,6,28,4,2,0,3,0,0
286,0,99.58529024335516,8,27,4,3,0,0,0,0
132,0,114.32032235564554,7,9,4,4,0,0,0,0
244,0,128.7,10,28,4,2,0,0,0,0
132,0,199.15867446062458,5,25,4,2,0,0,5,0
296,0,117.49494254190196,9,21,3,3,0,0,0,0
17,0,108.5174536451434,3,18,4,1,1,0,0,0
83,0,106.95354718817138,4,18,3,4,2,0,0,0
185,1,121.82803533021266,7,30,4,1,2,0,2,0
50,0,139.69347952078994,9,2,4,2,1,0,3,0
192,0,130.76010005169397,6,4,3,1,1,0,0,0
9,0,214.9949989802104,3,16,4,2,2,0,5,0
180,1,129.74869545675585,8,3,4,5,2,0,3,0
31,0,77.4808414710285,9,16,4,2,0,0,0,0
257,0,100.3322175212988,9,1,3,4,1,0,0,0
144,0,95.37964627111009,6,1,3,2,0,0,0,0
155,1,128.29931315217578,8,1,4,1,1,0,0,0
196,0,128.7,9,28,4,1,2,0,3,0
101,0,104.8793982109596,7,25,4,1,1,0,0,0
69,0,149.4,9,15,4,1,0,0,3,0
10,1,156.0,6,19,4,1,1,0,3,0
54,0,125.6974469844888,9,10,4,1,1,3,0,0
81,0,139.80429719213373,6,23,4,1,1,0,3,0
123,0,143.1,9,20,4,4,1,0,3,0
176,0,124.28249308418319,9,7,3,3,0,0,0,0
192,0,101.4711332695357,8,24,3,3,1,0,0,0
33,0,100.72156275818824,4,14,4,2,0,3,0,0
113,0,99.96764705291352,4,30,2,2,0,0,0,0
17,1,141.4508910277474,8,27,4,4,2,0,3,0
91,0,72.25,11,19,4,1,0,0,0,0
9,0,169.46292380597717,6,10,4,5,3,0,2,0
56,0,148.00335982935857,9,22,4,4,1,0,3,0
88,0,116.1,5,17,4,1,0,3,0,0
174,0,126.9,9,11,4,1,1,0,0,0
131,0,114.33172930975464,5,13,4,1,0,0,2,0
6,0,153.26981246531216,8,8,4,1,2,0,0,0
2,0,139.15573350900718,7,8,4,2,0,2,0,0
151,0,110.81106059134734,7,11,3,3,1,0,0,0
385,0,90.0,10,22,3,0,1,1,0,0
60,0,82.97745201240895,3,6,4,4,1,0,0,0
27,0,166.6655355236663,3,27,4,0,1,0,0,0
188,1,99.45,8,6,4,5,2,0,0,0
39,0,71.1,3,3,4,2,1,3,0,0
43,0,151.62748264635732,7,4,4,1,0,0,0,0
19,0,149.98233735289142,5,16,4,1,0,0,0,0
12,0,77.1826546591948,11,19,4,2,2,3,0,0
135,0,107.65852019473311,5,25,4,2,0,0,1,0
88,0,221.32792137487598,10,23,4,3,1,1,5,0
180,1,117.96712992583333,5,22,4,1,1,0,0,0
93,0,105.3,7,13,4,2,0,0,0,0
122,0,98.59505559513083,5,3,4,3,2,0,0,0
7,0,83.44406759359825,2,20,3,0,0,0,0,0
3,0,67.66927344491947,6,15,2,1,1,0,0,0
156,0,105.3,7,25,4,1,0,0,0,0
191,0,89.96288419538168,8,22,4,3,0,1,0,0
61,0,119.17464516585477,6,9,4,3,0,0,1,0
60,0,140.1542650504024,7,17,4,2,0,0,3,0
24,0,216.152813571353,3,29,4,3,0,0,5,0
57,0,107.62927890673728,4,12,4,2,1,1,0,0
134,0,117.6905835341963,6,9,4,3,0,1,0,0
273,0,77.67709384140495,9,3,4,2,0,0,0,0
9,0,201.5095777974864,4,22,4,2,2,0,5,0
141,1,113.91667722347302,5,23,4,2,1,0,3,0
24,0,127.57016777160119,4,10,4,4,2,0,2,0
61,0,200.5450968002841,5,14,4,1,1,0,5,0
22,0,191.4792937548256,8,20,4,2,1,0,2,0
209,0,74.15122047480705,11,29,4,4,0,0,0,0
69,0,150.4473270339323,8,17,4,1,0,0,3,0
129,0,76.68727231858335,11,26,4,1,1,1,0,0
33,0,81.2566341475607,5,18,3,1,2,0,0,0
11,0,139.2118589028641,5,30,4,3,0,2,0,0
227,1,118.95605994671186,8,15,4,3,0,0,0,0
128,0,130.33927759674117,7,25,4,3,0,0,1,0
88,0,109.60127529454839,5,25,4,5,3,0,0,0
64,0,152.1,8,20,4,0,1,0,0,0
54,0,133.80715581227525,9,11,4,0,0,2,0,0
126,0,94.4901534000023,8,1,4,2,1,3,0,0
85,0,98.7504600793916,4,6,4,2,0,0,2,0
44,0,144.2538115295805,5,28,4,2,1,0,3,0
56,0,141.80336494888076,8,28,4,1,2,0,1,0
170,0,130.21411601977184,7,24,4,4,1,0,3,0
76,0,61.333641217309044,4,25,3,1,1,1,0,0
19,0,130.94565384597666,9,25,4,2,1,0,2,0
16,0,154.0504112390636,8,17,4,2,1,0,0,0
201,1,127.05404031617954,5,24,4,2,0,0,0,0
232,1,104.76593303624465,7,12,4,4,0,0,0,0
264,0,96.26346781129706,9,28,4,2,1,0,0,0
106,0,150.31834749981095,8,16,4,3,0,0,3,0
75,0,123.23529201389029,7,10,4,0,1,0,2,0
50,0,113.67475121564074,5,9,4,1,2,0,3,0
78,1,89.22830473212646,10,30,4,5,2,0,0,0
33,0,89.1,6,22,4,0,0,3,0,0
233,0,87.35171777809705,8,11,4,2,0,0,0,0
57,0,120.18752053517372,4,28,4,2,0,0,0,0
275,0,62.556174493163375,5,5,3,1,1,0,0,0
133,1,138.15688432077923,8,29,4,3,1,0,3,0
86,0,93.26029714091126,10,13,4,0,1,0,0,0
9,0,165.5815096733483,7,21,4,0,0,0,3,0
0,0,100.59851010166093,3,21,3,0,0,0,0,0
196,0,83.96502585151035,5,20,4,2,0,0,0,0
249,1,81.6077725450162,8,11,4,3,1,0,1,0
195,0,104.90728098913897,8,1,4,0,1,0,0,0
68,0,149.4,9,16,4,1,0,0,3,0
4,0,62.04639693943899,2,14,3,0,1,2,0,0
4,0,95.0,11,8,0,1,0,0,3,0
148,0,130.25540244358876,8,12,3,2,0,0,0,0
52,0,99.91857054806525,4,7,3,1,0,0,0,0
383,1,115.0,10,20,4,0,1,1,0,0
301,0,52.0,11,18,4,2,0,0,0,0
293,0,91.79167098277176,12,29,4,3,1,0,0,0
164,0,100.00959183877076,9,24,4,2,1,0,0,0
220,1,127.4963341847472,9,28,4,1,0,0,0,0
184,0,105.3,7,8,4,1,0,0,1,0
52,0,67.5,2,24,4,3,0,3,0,0
25,0,179.09085744501743,1,1,4,1,1,0,1,0
150,1,217.40931988598194,8,19,4,3,1,1,4,0
96,0,141.6359924454003,5,21,4,3,1,0,3,0
10,0,97.15412604401797,5,24,4,0,1,0,0,0
62,0,118.8,4,22,4,1,1,0,3,0
152,0,90.53256342250657,7,16,4,4,2,1,0,0
39,0,119.74953631552957,4,20,4,3,0,0,3,0
87,0,103.01220256626546,10,19,4,2,0,0,3,0
28,0,117.77217251004701,5,21,4,2,1,0,0,0
21,0,81.1895623098829,2,11,4,1,1,0,2,0
154,0,94.97514012612406,8,22,4,2,1,2,0,0
228,0,69.01727706294938,12,8,4,2,0,2,0,0
81,0,133.3566847870194,8,3,4,4,2,0,1,0
3,0,139.86056167285003,9,2,4,0,0,3,0,0
44,0,84.77672689784563,12,6,4,4,0,0,0,0
256,1,142.51029990127657,10,5,4,2,0,0,3,0
50,0,98.39070243578297,4,11,4,3,0,0,0,0
55,0,139.5,10,13,4,3,0,0,3,0
220,1,114.8607269730602,11,29,4,2,1,0,2,0
185,1,121.42343165014968,9,23,4,3,0,0,1,0
61,0,105.3,7,23,4,1,1,0,0,0
175,0,104.10533939901627,9,29,4,2,1,2,0,0
41,0,125.80194131177679,10,7,4,0,0,0,1,0
194,0,162.12491789855505,7,23,4,2,1,0,5,0
71,0,78.46914332435765,3,16,4,4,0,0,0,0
68,0,120.75545012439622,4,10,4,2,0,0,0,0
142,0,175.86965217842766,8,30,4,2,0,1,0,0
49,0,112.42820475406171,4,8,4,2,0,0,0,0
112,0,99.55275998228083,4,27,4,3,0,0,3,0
39,0,69.76215716271203,2,11,4,2,2,3,0,0
9,0,214.89079065929914,4,14,4,3,2,0,5,0
209,1,96.3,10,20,4,3,0,0,0,0
16,0,131.56817401562802,4,7,4,3,1,0,3,0
